ticker,company_name,market_cap,total_revenue,ebitda,net_income,gross_profit,total_debt,total_cash,total_assets,roa,roe,debt_to_equity,current_ratio,quick_ratio,free_cashflow,operating_cashflow,trailing_pe,forward_pe,price_to_book,price_to_sales,enterprise_to_revenue,enterprise_to_ebitda,dividend_yield,payout_ratio,revenue_growth,earnings_growth,earnings_quarterly_growth,profit_margins,gross_margins,operating_margins,currency,sector,industry,country,price,beta,employees,52_week_high,52_week_low,50d_avg,200d_avg,avg_volume,avg_volume_10d,avg_daily_volume,avg_daily_volume_30d,avg_daily_volume_90d,price_volatility,price_volatility_30d,price_momentum_1m,price_momentum_3m,price_momentum_6m,price_momentum_12m,price_latest,max_drawdown_1y,sharpe_ratio_1y,sortino_ratio_1y,avg_daily_return,return_skewness,return_kurtosis,amihud_illiquidity,sec_revenue,scope1_emissions,renewable_energy_pct,waste_recycling_pct,carbon_reduction_target,gender_diversity_pct,safety_training_hours,employee_satisfaction,community_investment_pct,supply_chain_audit_pct,human_rights_policy,board_independence_pct,board_diversity_pct,board_size,exec_comp_esg_linked,shareholder_rights_score,ethics_compliance_score,data_privacy_score,tax_transparency_score,esg_controversy_score,esg_risk_rating,esg_data_quality_score,esg_data_source,revenue_per_employee,net_margin,operating_margin,market_share,gross_margin,debt_to_ebitda,cash_flow_to_debt,fcf_margin,pct_from_52w_high,price_log,avg_daily_volume_90d_log,total_cash_log,52_week_high_log,total_revenue_log,52_week_low_log,50d_avg_log,gross_profit_log,employees_log,avg_daily_volume_log,avg_daily_volume_30d_log,revenue_per_employee_log,200d_avg_log,total_debt_log,market_cap_log,esg_risk_rating_rank,board_size_rank,asset_turnover,cash_conversion,ebitda_margin,cash_to_assets,log_dollar_volume,sustainable_growth_rate,scope1_emissions_norm,renewable_energy_pct_norm,waste_recycling_pct_norm,carbon_reduction_target_norm,gender_diversity_pct_norm,safety_training_hours_norm,employee_satisfaction_norm,community_investment_pct_norm,supply_chain_audit_pct_norm,human_rights_policy_norm,revenue_per_employee_norm,board_independence_pct_norm,board_diversity_pct_norm,board_size_norm,exec_comp_esg_linked_norm,shareholder_rights_score_norm,ethics_compliance_score_norm,data_privacy_score_norm,tax_transparency_score_norm,esg_controversy_score_norm,esg_risk_rating_norm,E_score,E_coverage,E_confidence,S_score,S_coverage,S_confidence,G_score,G_coverage,G_confidence,ESG_confidence,materiality_E_weight,materiality_S_weight,materiality_G_weight,ESG_composite,roa_norm,roe_norm,net_margin_norm,operating_margin_norm,gross_margins_norm,ebitda_margin_norm,cash_to_assets_norm,operating_margins_norm,asset_turnover_norm,cash_conversion_norm,total_cash_norm,market_cap_norm,payout_ratio_norm,dividend_yield_norm,profitability_score,scale_score,efficiency_score,stability_score,valuation_score,financial_score,avg_daily_volume_norm,log_dollar_volume_norm,price_volatility_norm,beta_norm,price_momentum_1m_norm,price_momentum_3m_norm,price_momentum_6m_norm,market_liquidity_score,market_volatility_score,market_momentum_score,market_score,operational_score,risk_adjusted_score,value_score,growth_score,similarity_rank,sector_position,financial_score_sector_adj,operational_score_sector_adj,growth_score_sector_adj,value_score_sector_adj,stability_score_sector_adj,forward_quality_proxy,pref_esg_first_with_market,pref_balanced_with_market,pref_financial_first_with_market,pref_esg_first,pref_balanced,pref_financial_first,is_large_cap_benchmark
ZS,"Zscaler, Inc.",22279159808.0,3001123072.0,-68018000.0,-67630000.0,2299827968.0,1866436992.0,3512751104.0,,-0.014090001,-0.03556,84.995,1.901,1.746,1020966656.0,1114038016.0,28.42446,30.196573,10.131618,7.4236073,6.875,-94.4455,1.265,0.0,0.259,0.168,0.159,0.0,0.76632005,0.0,USD,Technology,Software - Infrastructure,US,138.56,1.115,7923.0,336.99,128.0,165.4546,250.97252,2727304.0,2851290.0,2050204.1832669324,3274893.333333333,2531182.222222222,43.43205853869513,69.64019304642343,-14.448016908651995,-37.180943483887816,-54.9515561455299,-33.0757331666344,138.55999755859375,-60.40086596705023,-0.5750930851436781,-0.6835192781408763,-0.0209410839497225,-0.9274608444543544,7.818860868518289,4.476964034081269e-05,2673115000.0,38.96504745902777,40.759560012995095,59.28675798192722,1.0,29.18006128241252,37.56823844323435,38.77238098465122,66.23499472692092,47.70725925134466,0.0,20.0,39.47831515835203,40.0,40.0,20.0,90.0,60.0,55.0,90.0,40.0,48.90625,real_sec,378786.2011864193,-2.253489722929963,-2.266418216386962,0.2150413752601797,76.63224442399675,-16.31077890121734,0.5968795200561477,34.01948642244819,-58.88305290958189,4.938494616318573,14.744197428144686,21.979665358019037,5.823016309246534,21.82225241322684,4.859812404361672,5.114722599565874,21.556100160997197,8.977651407818442,14.533450435504484,15.001796161899932,12.844729851936597,5.529320033946251,21.347297098985145,23.82691754074686,30.095541401273884,14.331210191082802,,0.3712070412552544,-2.266418216386962,0.6530262636869131,19.46475339608261,-0.03556,-0.6247273151807781,-0.4795623163015583,0.4607929783575798,1.553397398691291,-1.0757608167646964,-0.8040912751181486,-0.6094469929085597,0.8363762154391642,-0.11970633176093394,-0.4709457328275546,-0.18856281175842854,-1.011736139214893,-0.5220144899963868,-3.0,-0.6744907594765952,-1.2244988904314889,1.011736139214893,1.164231339289771,-1.886866554991489,1.2526256961708195,-0.6744907594765952,0.4391030201839014,0.3,0.3,-0.40488038284876204,0.44000000000000006,0.44000000000000006,-0.8541036368347775,0.9183333333333332,0.9183333333333332,1.0,0.2,0.45,0.35,42.5313815940528,-2.1725054759444453,-1.6161671183498625,-1.2088230710850039,-1.699377043240725,1.301196079350901,-1.6365548521670148,0.9632772320388232,-1.3011041184863514,,0.567213261328432,3.0,1.6170471207741504,-0.6744907594765952,0.0,-1.3986885635036328,-0.46663041427438773,-0.3786383320624326,50.516942774241706,-0.3709699177121274,37.473147706261244,0.5549546517429922,0.6862075193693573,-0.838160955732275,-0.43795059729903923,-1.368559809887343,-1.7743790258984122,-2.1659875594270503,0.6205810855561747,-0.6380557765156571,-1.770115821153683,45.317888292648774,61.254428174984255,42.32076222545294,49.44686623009653,50.84095268238418,51.750855734907866,36.70944839049824,28.888888888888886,73.33333333333333,53.333333333333336,51.11111111111111,53.333333333333336,33.9171974522293,29.77547770700637,32.974522292993626,35.37420382165605,29.66820486156246,32.86624203821656,35.41224345364473,False
OKTA,"Okta, Inc.",14212091904.0,2919000064.0,249000000.0,235000000.0,2257999872.0,451000000.0,2552999936.0,,0.00999,0.03506,6.444,1.427,1.278,836124992.0,884000000.0,61.213745,18.956596,2.03203,4.868822,4.139,48.525,1.265,0.0,0.116,1.708,1.739,0.08051,0.77355003,0.0657,USD,Technology,Software - Infrastructure,US,80.19,0.762,6366.0,127.567,68.77,80.8154,88.35632,3314165.0,3966990.0,2901759.760956175,4005893.3333333335,3200943.333333333,44.20858276678329,63.6216581522374,0.6779672381448609,-4.124817041389372,-15.518327024534472,-23.90396229697632,80.19000244140625,-45.39670033788688,-0.3819185124726939,-0.4762392978920882,-0.0096706855921996,0.4622057184684625,17.140905297826176,7.745801790331173e-05,2919000000.0,52.06905360143228,48.8652091244029,62.760607601102,0.0,43.07545975911162,44.11722446518838,47.06281696644884,55.81310082233545,34.96981064770382,0.0,20.0,49.19063962756554,40.0,60.0,0.0,90.0,30.0,40.0,90.0,20.0,48.90625,real_sec,458529.699026076,8.050702118792415,8.530318415231115,0.2091569632726853,77.35525256912088,1.8112449799196788,1.960088691796009,28.64422657306252,-37.13891523669914,4.396792086874355,14.978956428401952,21.660534950528906,4.85645016923133,21.794506951086287,4.245204117951145,4.404465489947927,21.537745246429417,8.758883680017025,14.880828269660686,15.203277417759004,13.035782523783103,4.492631972176159,19.92697789968425,23.377358981802548,13.694267515923569,14.331210191082802,,0.3028434328941488,8.530318415231115,0.8498668410091471,19.26522674815874,0.03506,0.129616646658148,-0.05996976148497558,0.6336698349483715,-0.6437502733315259,-0.35871979034055373,-0.38050025810269794,-0.1605635603719395,0.29857764023754824,-0.7769939393163983,-0.4709457328275546,0.026226129143438085,-1.011736139214893,0.0,-3.0,0.0,-1.8574954404008501,1.011736139214893,-0.6440224473729895,-2.74065232648085,1.2526256961708195,-1.3489815189531904,-0.25278721401721704,0.3,0.3,-0.21270938837576842,0.44000000000000006,0.44000000000000006,-0.9028294482106709,0.9183333333333332,0.9183333333333332,1.0,0.2,0.45,0.35,41.083821294232216,-1.4325629965483315,-0.895989682096558,-0.24194840364429354,-0.8812306104341482,1.3319746371721617,-0.8178151776638913,1.55159570580832,-0.7482842220590522,,0.24610187276447792,3.0,0.6955661242840556,-0.6744907594765952,0.0,-0.6735765087596948,0.24841971989860379,-0.23778822063250143,40.58541226836192,-0.3709699177121274,46.102081233222265,1.192545678542062,0.5827126860431522,-0.9081058633101485,0.11319578718067862,0.7337467902270172,0.06543762740933659,-0.4888530162051726,0.8876291822926071,-0.397455038064735,0.09964318317028803,53.65780288095112,63.12343974843763,45.78853763210707,44.86771896276568,63.79911308641988,50.536035445088004,42.85955719460037,44.44444444444444,75.55555555555556,80.0,40.0,28.888888888888886,45.723384895359416,31.035031847133762,41.28662420382167,47.59554140127389,30.24502794748473,39.78880321823667,45.13446567586695,False
CRWD,"CrowdStrike Holdings, Inc.",101222457344.0,4812004864.0,-46664000.0,-162502000.0,3599789056.0,820076992.0,5230125056.0,,-0.015700001,-0.04137,18.336,1.773,1.592,1604615040.0,1612349056.0,28.42446,57.555233225000016,22.835564,12.902124324999992,15.355,-94.4455,1.265,0.0,0.233,0.168,0.159,0.0,0.74808997,0.0100300005,USD,Technology,Software - Infrastructure,US,399.12,1.072,10698.0,566.9,298.0,413.469,463.91104,3936745.0,3943780.0,4097508.167330677,4794710.0,3426318.888888889,46.98682640499676,58.13813995359392,-6.345036679312866,-12.00670070710922,-19.66183475763035,7.4376175964743,399.1199951171875,-37.17827173511796,0.4369848832773566,0.6388779867645852,0.0878635540660607,0.0284634061145089,4.157207247829451,1.4969895436337642e-05,,41.26399590506366,26.864161536296,56.97085823581071,1.0,33.81186077464555,41.49763005640677,44.694120971649525,63.91901830367971,43.07545975911162,1.0,10.0,49.19063962756554,40.0,0.0,0.0,0.0,30.0,90.0,90.0,0.0,48.90625,real_sec,449804.1562908955,-3.3770123803432632,-0.9697413306687797,0.3447976370471334,74.80850825673646,-16.31077890121734,1.9660947346758388,33.34608100678761,-29.596048685835243,5.99176450211698,15.046997324461548,22.377701026209643,6.341945346883387,22.294379646072464,5.700443573390687,6.026998182876229,22.004141085413927,9.277905558138606,15.225889826896138,15.383023993367551,13.016569781960756,6.141846075456957,20.52490878771725,25.340586479704992,2.388535031847134,14.331210191082802,,0.3350680436884944,-0.9697413306687797,0.8644546106900528,21.215151707009657,-0.04137,-0.4923862692441239,-1.1988638388442716,0.34554174063038623,1.553397398691291,-0.8367471412899822,-0.549936664908878,-0.28881596966811657,0.7168654209499165,-0.35872000723564873,2.1233869006435357,0.0027238984455594116,-1.3489815189531904,0.0,-3.0,-2.023472278429786,-1.8574954404008501,-2.023472278429786,-0.6440224473729895,0.10530024515035424,1.2526256961708195,-2.023472278429786,0.28534963480587494,0.3,0.3,-0.07312402098484018,0.44000000000000006,0.44000000000000006,-1.524153578293281,0.9183333333333332,0.9183333333333332,1.0,0.2,0.45,0.35,40.09668468559753,-2.22197837222164,-1.6754170603582412,-1.3142467289938233,-1.6011185041330536,1.2235892849522698,-1.5382250653460943,1.595195732343103,-1.2167086262858073,,0.3974644144174499,3.0,3.0,-0.6744907594765952,0.0,-1.435062976275119,-0.1281857063859555,-0.38731734690996045,65.16721491613374,-0.3709699177121274,41.11328991727195,2.0878465540086912,1.5941422906335212,-1.1583543262358864,-0.3708137855918783,-0.2423554815333946,-0.3732471910569396,-0.6650805305170071,1.8409944223211063,-0.7645840559138823,-0.42152968003789637,58.17783793129122,64.00599363353471,57.300830007245146,31.34965359355782,47.10912682106991,26.188720027584893,40.553266393062074,35.55555555555556,77.77777777777779,44.44444444444444,13.333333333333334,84.44444444444444,39.42220200181985,32.191082802547776,43.869426751592364,50.42038216560509,31.19719225269726,41.92088501508549,47.034677990092014,False
FTNT,"Fortinet, Inc.",61373280256.0,6799600128.0,2226299904.0,1853400064.0,5470700032.0,1061800000.0,3582500096.0,,0.12866001,1.3126597870000016,85.802,1.172,1.048,1746974976.0,2590599936.0,34.103306,24.943481,31.54903395,9.026013,8.61,26.297,1.265,0.0,0.148,-0.011,-0.038,0.27257,0.80456,0.32766,USD,Technology,Software - Infrastructure,US,82.53,0.998,15109.0,109.33,70.12,81.6516,85.1846,6775583.0,6920090.0,5543724.302788844,6295820.0,6378827.777777778,40.51729401978549,33.747773592014866,-2.238805295714508,5.970726360901124,-4.357401896323165,-15.85440738321262,82.52999877929688,-31.557643096243947,-0.151754917217848,-0.1616406716196143,0.0616125786794688,0.6640047189326332,31.618385439112405,3.3108041080215024e-05,6799600000.0,74.82864321718745,37.28571039382032,68.55035696639328,1.0,67.39240709333504,63.10928392885508,45.87846896904918,46.54919512937059,30.338011155470788,0.0,30.0,48.38127925513108,40.0,30.0,50.0,90.0,80.0,90.0,90.0,50.0,48.90625,real_sec,450036.410616189,27.25748616257453,32.74162983250065,0.4872160613426566,80.45620226213397,0.4769348451627117,2.4398191147108683,25.6923192998681,-24.51294246775816,4.425205848767815,15.668495061317806,21.999326744742664,4.703475874772215,22.64012964284059,4.264368591205649,4.414634182821337,22.422672421974426,9.623112055266786,15.528177270065296,15.655396637925532,13.017085992993646,4.456491507416725,20.78323141905564,24.840240402415976,40.92356687898089,14.331210191082802,,0.3809929830038382,32.74162983250065,0.7713756695191817,19.941338955471437,1.3571601,1.4397930014310178,-0.6593876969372369,0.9217979292663561,1.553397398691291,0.8961020059016961,0.8479136912421098,-0.22468976502002821,-0.1794655377194439,-1.0160076147911123,-0.4709457328275546,0.0033494749740681255,-0.6744907594765952,-0.04350120749969867,-3.0,-1.011736139214893,-0.27500406547744677,1.011736139214893,2.369733863731611,0.10530024515035424,1.2526256961708195,-0.3372453797382976,1.438500025141072,0.3,0.3,0.09457987449769376,0.44000000000000006,0.44000000000000006,-0.5057015077166671,0.9183333333333332,0.9183333333333332,1.0,0.2,0.45,0.35,54.00556063297397,2.2139892369570413,3.0,1.560284437144242,0.9534346912644802,1.4639863653761915,1.0181804481827526,1.3170007516400957,1.4559273467095224,,0.6131789061887102,3.0,3.0,-0.6744907594765952,0.0,1.9526397714586243,1.152649584738557,0.7356656652309865,49.04562914061729,-0.3709699177121274,75.57050040919823,3.0,0.9334133114169553,-0.5756154645396235,-0.25527601660746135,0.3283549764147988,0.6273288976413418,-0.014167744821449562,1.9667066557084776,-0.41544574057354244,0.3451877285345415,63.200924764242195,67.68467738122848,48.00636718152285,33.61009119790826,52.3991311208849,60.7566692947202,59.00359280536846,91.11111111111111,82.22222222222221,57.77777777777777,17.77777777777778,48.888888888888886,61.10100090991811,65.5859872611465,65.41082802547771,66.21019108280255,65.12413882750553,64.21052631578948,63.76503892427459,False
QLYS,"Qualys, Inc.",3168440064.0,669124992.0,236443008.0,198320000.0,554356992.0,52274000.0,445939008.0,,0.13412,0.38202,9.315,1.407,1.32,259132000.0,309400000.0,16.242647,11.070684,5.6262336,4.735199,4.123,11.667,1.265,0.0,0.101,0.236,0.209,0.29639,0.82848,0.33566,USD,Technology,Software - Infrastructure,US,88.36,0.612,2625.0,155.47,82.06,104.1826,128.389,684522.0,810490.0,415275.2988047809,757543.3333333334,592863.3333333334,39.80429845648888,52.93785834814692,-11.151328987634168,-32.55476351787722,-32.43615121952471,-31.5357180521906,88.36000061035156,-44.32380002970404,-0.7175730989355721,-0.986360797140244,-0.0952415700623794,2.287753835710815,28.285713880441097,0.0002931773187385,94801000.0,77.35748650782693,51.18110887051942,69.70830683945154,0.0,69.70830683945155,50.666210487142415,29.29759700545393,69.70895936178273,33.81186077464557,0.0,70.0,43.52511702052432,40.0,70.0,20.0,90.0,30.0,90.0,67.5,60.0,51.25,real_sec,254904.75885714285,29.638707621310907,35.336149572485255,0.0479452375156165,82.84804761858304,0.2210849897494114,5.918812411523893,38.72699467187141,-43.16588409339423,4.492673154760945,13.292720871592074,19.915692749511976,5.052864298313966,20.321481436216395,4.419563238202607,4.655697887384103,20.13331942887713,7.873217054862741,12.93669935793197,13.537837340505677,12.448649182722349,4.862823370725463,17.772009692622905,21.876505210658134,55.891719745222936,14.331210191082802,,0.46239492426551,35.336149572485255,0.8950770069014337,17.41811635569827,0.38202,1.585368151961338,0.05991382560547653,0.979423548129953,-0.6437502733315259,1.0156088436390531,0.04309075891275314,-1.122456630093269,1.0156424071730359,-0.8367473581850764,-0.4709457328275546,-0.5222372117553211,0.6744907594765952,-0.3045084524978926,-3.0,0.3372453797382976,-1.2244988904314889,1.011736139214893,-0.6440224473729895,0.10530024515035424,0.385423291129483,0.0,0.6697330982509407,0.3,0.3,-0.15918411479977584,0.44000000000000006,0.44000000000000006,-0.39363856492726296,0.9183333333333332,0.9183333333333332,1.0,0.2,0.45,0.35,49.203982684095266,2.3817665779163706,2.642282242038907,1.7837219217508538,1.1500401233075632,1.5658155686498605,1.214928439718096,1.6867201611337792,1.523241793763075,,0.995532778621346,0.14132115452091598,-0.5659226128278404,-0.6744907594765952,0.0,1.999346170865489,1.4272347143551536,0.8581799121605664,56.27443104809463,-0.3709699177121274,67.74751049015427,-0.6691768242275505,-0.37538681691515025,-0.5113928595334685,0.3473939675544965,-0.9103649111216495,-1.5168980727846066,-1.208384943618799,-0.5222818205713504,-0.081999445989486,-1.2423841855359772,40.33514768355173,53.993754261171404,44.472660391856735,64.86384128257922,61.40117253702047,49.65009099999407,56.69730200383017,80.0,62.22222222222222,75.55555555555556,80.0,66.66666666666666,69.19927206551411,55.703821656050955,58.93630573248408,59.40127388535032,56.522163005329524,61.21689574254107,64.26751592356688,False
VRNS,"Varonis Systems, Inc.",2656226560.0,623532032.0,-134205000.0,-129324000.0,491558016.0,521747008.0,920966016.0,,-0.052989997,-0.24531999,87.153,1.971,1.837,215746880.0,147431008.0,28.42446,54.311405,4.423719,4.2599683,3.603,-16.742,1.265,0.0,0.094,0.168,0.159,0.0,0.78834,0.0,USD,Technology,Software - Infrastructure,US,22.53,0.675,2658.0,63.9,20.06,25.1147,41.927925,3156909.0,2425390.0,1794326.892430279,2319123.333333333,2800155.5555555555,52.00712914736816,53.47447245654288,-5.455305250619446,-29.681647806299104,-54.993349027034874,-45.78922054337406,22.530000686645508,-66.70352319309978,-0.5061126881729204,-0.424991260986265,-0.0785502635557185,-3.449688002543397,57.90690551505416,0.0002348591205547,270288000.0,41.03410106046007,52.33905874357768,67.39240709333502,0.0,25.70621166323774,27.089860808107893,25.744553013254954,67.39298293854152,50.02315899746117,0.0,40.0,41.09703590322094,40.0,60.0,20.0,90.0,30.0,84.2,72.5,50.0,48.90625,real_sec,234586.9194883371,-20.74055435214594,-21.52335294941191,0.0446783362305424,78.83444486778187,-3.887686807495995,0.2825718322087627,34.60076931540864,-64.66541496383309,3.158276202739271,14.845185886280788,20.64093369560181,4.1728476237100445,20.250910697867305,3.047375506705829,3.262498374171503,20.013090531277,7.88570539124302,14.400141076600432,14.656700229864397,12.365585719793536,3.7595225465703,20.072693371274585,21.70017236650395,40.92356687898089,14.331210191082802,,0.236444962622225,-21.52335294941191,0.6383570402979879,17.514988298469135,-0.24531999,-0.5056203738377896,0.11985561915070295,0.8641723104027591,-0.6437502733315259,-1.2550210733707323,-1.4818369023428704,-1.3148352440375346,0.896131612683788,-0.00019949402357728575,-0.4709457328275546,-0.576963268646066,-0.3372453797382976,-0.4350120749969894,-3.0,0.0,-1.2244988904314889,1.011736139214893,-0.6440224473729895,-0.22483025315886532,0.5781349366942244,-0.3372453797382976,-0.7140473701512957,0.3,0.3,-0.7157711524038851,0.44000000000000006,0.44000000000000006,-0.6173753146289848,0.9183333333333332,0.9183333333333332,1.0,0.2,0.45,0.35,36.492260884508774,-3.0,-3.0,-2.9435223798607133,-3.0,1.394936629711521,-3.0,0.9194337561002802,-1.3011041184863514,,-0.06577904602667074,1.130948606527466,-0.6244314806963713,-0.6744907594765952,0.0,-2.549210813000991,-1.236254809754874,-0.5368864089012083,58.028293097241715,-0.3709699177121274,19.568995749264708,0.36336989923416363,-0.3251391649078778,-1.6105547838991952,0.24903073179749288,-0.11869488287625149,-1.356988043936047,-2.1677650523383636,0.01911536716314291,-0.6807620260508511,-1.2287331981388032,41.392779637278515,45.867559861774346,26.47771401227136,51.54345304190568,33.560546994243026,43.80819310009394,32.8656303879344,2.2222222222222223,46.666666666666664,20.0,55.55555555555556,71.11111111111111,28.025477707006377,13.996815286624203,15.7515923566879,17.337579617834393,13.886000259976603,15.558162923231643,17.10544939844303,False
ESTC,Elastic N.V.,5339239424.0,1677081984.0,-16481000.0,-84515000.0,1275694976.0,591676032.0,1248045952.0,,-0.0071799997,-0.10244001,74.802,1.818,1.633,387170752.0,261163008.0,28.42446,17.905098,6.6714945,3.1836483,2.736,-94.4455,1.265,0.0,0.177,0.168,0.159,0.0,0.76066,0.00233,USD,Technology,Software - Application,US,50.67,1.029,3921.0,96.07,47.49,57.6878,76.0265,2149272.0,2142590.0,1628797.609561753,2556340.0,2066857.7777777773,52.61584331546722,70.17158253621801,-4.432293980627932,-30.168136888334097,-42.14432848872308,-44.556298821154606,50.66999816894531,-48.639780003379,-0.8847505145241302,-1.0596445710840463,-0.0742499654756362,-0.977934737416892,11.707618888038208,0.0001590567556424,1483296000.0,41.03410106046007,60.44470785498548,58.12880810886896,0.0,32.653910901587295,33.63884683006192,43.509772974249856,44.23321870612937,45.39135950522814,0.0,50.0,36.240873668614185,40.0,30.0,80.0,90.0,80.0,55.0,80.0,70.0,48.90625,real_sec,427717.9250191278,-5.039407781271592,-0.9827188030898316,0.1201690192675413,76.06634548403807,-16.31077890121734,0.4413952803144813,23.08597645754688,-47.25720828562506,3.9448773422990935,14.541540514016225,20.94484492752986,4.575432367724135,21.24032120648756,3.881357591117261,4.072231868776503,20.96675694705466,8.274357006756292,14.303353251679916,14.754087497161624,12.96622154158568,4.344149518489801,20.19846980150292,22.39834904999915,72.92993630573248,14.331210191082802,,0.1557246518009223,-0.9827188030898316,0.678388345007677,18.22868666933474,-0.10244001,-0.5056203738377896,0.5394481739672853,0.40316735949398286,-0.6437502733315259,-0.8965005601586608,-1.0582458853274197,-0.35294217431620567,-0.298976332208692,-0.23921316949829133,-0.4709457328275546,-0.05676531825415656,0.0,-0.696019319995183,-3.0,-1.011736139214893,0.6744907594765952,1.011736139214893,2.369733863731611,-1.886866554991489,0.8672024050413367,0.3372453797382976,-0.5602939847732694,0.3,0.3,-0.4339012510340877,0.44000000000000006,0.44000000000000006,-0.3709570544449227,0.9183333333333332,0.9183333333333332,1.0,0.2,0.45,0.35,41.61111062953445,-1.9601714525965073,-2.2982044185253843,-1.4702345080566472,-1.6021019006101924,1.277100829267743,-1.5392091748884877,1.039079595439859,-1.2814987857820044,,-0.44493122530059825,1.812356775357617,-0.31795762960996016,-0.6744907594765952,0.0,-1.5513511665870667,-0.37897922824073177,-0.6238323206379514,45.65751544849467,-0.3709699177121274,29.90457406243346,0.23943202812556558,0.04505747151385132,-1.6653843110265794,-0.3036769738847169,0.023489805671764164,-1.3840647407879099,-1.6212834003983643,0.14224474981970844,-0.9845306424556481,-1.032963974733144,41.135166374752124,52.10697785978138,39.44005313540046,60.8483911948548,41.04971585139363,53.460017547952795,37.47821199101101,15.555555555555555,57.77777777777777,33.33333333333333,71.11111111111111,40.0,31.346678798908105,24.72611464968153,24.61464968152866,25.621019108280255,24.860262576368132,24.954743546765002,26.450813871196036,False
DOCN,"DigitalOcean Holdings, Inc.",9356012544.0,901427008.0,284300000.0,259262000.0,539592000.0,1701208064.0,254475008.0,,0.05644,0.127944998,28.275,0.689,0.603,112400376.0,309604000.0,35.718254,51.589645,-0.9948549107227488,10.379113,10.791,34.215,1.265,0.0,0.183,0.901,0.405,0.28761,0.59860003,0.16006,USD,Technology,Software - Infrastructure,US,90.01,1.434,1462.0,91.53,25.45,66.8374,45.61065,3755550.0,5407730.0,1924998.605577689,4491413.333333333,3059567.777777778,62.64154506090054,85.24304838032525,23.078822230485585,59.030220558458744,101.91755645141417,155.78290891979023,90.01000213623047,-26.854217744749587,1.707635219985752,3.074381639899107,0.2544040284492582,1.0422175209141205,7.150509941087005,0.0004562130930017,901427000.0,49.7701051553964,31.495961028529035,46.54930937828639,0.0,52.33905874357768,36.91333984103894,50.61586095864782,32.6533365899233,24.983187178737047,0.0,10.0,29.765990689138512,40.0,30.0,20.0,10.0,80.0,90.0,50.0,20.0,48.90625,real_sec,616571.1409028728,28.76128601640478,31.538881959037106,0.0645905212303765,59.85975516722037,5.983848272951108,0.18199067271762,12.469160009902875,-1.6606577078553395,4.510969390589264,14.93378454170324,19.35471319266961,4.527532916260939,20.61948963116221,3.2752561583043085,4.21711366527751,20.106323858244338,7.288244401020124,14.470436320809291,15.317678206405567,13.33193061161468,3.841829055792669,21.254604462103732,22.959285026518238,13.694267515923569,14.331210191082802,,0.3434598666917244,31.538881959037106,0.1301207806333152,18.970356582368897,0.127944998,-0.0027243992785057373,-0.959096664663367,-0.17308882914198698,-0.6437502733315259,0.11930756060887472,-0.846450376819694,0.031815053572326266,-0.8965303046549319,-1.292331355131223,-0.4709457328275546,0.4519104148713693,-1.3489815189531904,-1.0440289799927742,-3.0,-1.011736139214893,-1.2244988904314889,-1.6862268986914881,2.369733863731611,0.10530024515035424,-0.2890674683471122,-1.3489815189531904,-1.0984308335963613,0.3,0.3,-0.17095135936623138,0.44000000000000006,0.44000000000000006,-1.1043683977521148,0.9183333333333332,0.9183333333333332,1.0,0.2,0.45,0.35,36.44701377188498,-0.005223846190759576,0.05124452529558758,1.701390698159514,0.862293829371249,0.5871995906534141,0.926973499636367,-0.5995862786294393,0.04568968093759887,,0.43688173017580334,-0.25755728245204473,0.1408683207030307,-0.6744907594765952,0.0,0.5829620343477011,0.24002159941675422,0.1274963049189904,18.470820689801794,-0.3709699177121274,50.21707591214402,0.4612086239658273,0.42976299747356334,-2.5684427818667803,-0.936012060894025,3.0,3.0,3.0,0.4454858107196953,-1.7522274213804025,3.0,49.302206994443424,34.72205193784489,61.32351559320241,39.38261076642135,67.1635851970743,43.20233657493281,52.08472040075357,53.333333333333336,24.444444444444443,84.44444444444444,31.11111111111111,2.2222222222222223,71.24658780709737,27.213375796178344,45.00955414012739,52.79936305732485,26.676849083582482,44.56252095206169,52.72116065109696,False
PAYC,"Paycom Software, Inc.",6784200192.0,2051699968.0,634499968.0,453400000.0,1788700032.0,90300000.0,370000000.0,,0.05268,0.27417,5.215,1.088,0.1591,260975008.0,678899968.0,15.292079,10.730799,3.8178225,3.306624,3.065,9.912,1.21,0.1856,0.102,0.021,0.002,0.22099,0.87181,0.28863,USD,Technology,Software - Application,US,123.56,0.796,5770.0,267.76,104.9,128.0706,181.22185,1891831.0,2420110.0,847394.2231075697,2198133.333333333,1533640.0,38.82464013034219,45.15136143833496,-9.339491395588851,-18.70297886250625,-38.33356509443288,-42.98589367626921,123.55999755859376,-56.76509728406995,-1.3031786859054744,-1.809630541834669,-0.0622210452182158,1.06217019943037,14.876879770445896,0.0001151436803491,150332000.0,75.51832775099822,59.28675798192722,74.34010633168457,1.0,63.91855747416027,53.94070349811943,36.4036849898519,61.60304188043848,52.339058743577695,0.0,20.0,42.71575664808986,40.0,60.0,50.0,90.0,80.0,90.0,62.5,50.0,48.90625,real_sec,355580.5837088388,22.09874772489152,30.9255728369734,0.1470117593164759,87.18136471696822,0.1423167920474977,7.518272070874861,12.719940150625376,-53.85419778906484,4.824787527525743,14.243155204837173,19.729013566305248,5.593818788051949,21.441934539627013,4.662495252607361,4.860359541476564,21.304754954412623,8.660600654710967,13.649922480042315,14.6031195282444,12.781509991935549,5.205224900797012,18.31864802946141,22.63786224458198,40.92356687898089,14.331210191082802,,0.3308963194368973,30.9255728369734,0.8038235933087117,18.466648177555832,0.223284048,1.4794953152120147,0.4795063804220589,1.209926023584341,1.553397398691291,0.7168417492956606,0.2548862674204787,-0.7376994022047372,0.597354626460668,0.11930734371378048,-0.4709457328275546,-0.25106709280972506,-1.011736139214893,-0.34800965999759165,-3.0,0.0,-0.27500406547744677,1.011736139214893,2.369733863731611,0.10530024515035424,0.1927116455647415,-0.3372453797382976,1.5922534105190982,0.3,0.3,0.01744747666347193,0.44000000000000006,0.44000000000000006,-0.33894707092717064,0.9183333333333332,0.9183333333333332,1.0,0.2,0.45,0.35,55.147676278435,-0.12076303252756194,1.542436072399727,1.0762238152182984,0.8158189835410091,1.7502745727404996,0.8804649546842078,1.4139813298345745,1.1275169881470033,,0.3778693667122382,-0.01688317013707279,-0.15290337393355563,-0.07637569990525858,-0.05888411392255984,0.9088542769939528,1.1205473235018728,0.5454741369368609,47.36380165276941,-0.06850448621304416,60.385495482121186,-0.3456334691441927,0.16848853642499606,-0.42315078207900264,0.06011086629594654,-0.6585440648794699,-0.7459443395540878,-1.459207834509526,-0.08857246635959831,-0.18151995789152806,-0.9337033056383339,44.15733747572412,54.78209308374994,41.322002818403035,69.33712268374688,40.09978498675717,57.434864447858565,55.159774802804634,71.11111111111111,64.44444444444444,31.11111111111111,86.66666666666667,44.44444444444444,47.17925386715196,60.92675159235669,52.541401273885356,49.46496815286624,61.5592096711296,53.73114314448542,51.6348195329087,False
MANH,"Manhattan Associates, Inc.",8108349952.0,1081392000.0,289054016.0,219948000.0,609052992.0,61063000.0,328747008.0,,0.19839560260000003,0.71656996,19.4,1.279,1.207,312002624.0,389470016.0,37.27424,22.873928,25.581747,7.4980674,7.199,26.934,1.265,0.0,0.057,0.101,0.082,0.20339,0.56321,0.24784,USD,Technology,Software - Application,US,134.56,1.047,4370.0,247.22,126.0,143.4982,181.8606,798573.0,556430.0,611224.3027888446,651316.6666666666,706392.2222222222,41.16094246653468,49.33890918534347,-8.462586694834185,-19.560020002076094,-33.17441539991918,-24.780592533011024,134.55999755859375,-44.10809855166688,-0.4509560837628212,-0.6205654504816882,-0.0819990525550764,-1.6723980953873947,19.94008103285379,0.0001409715214601,131300000.0,55.74737111508968,39.60161013993684,44.233409632169874,0.0,61.60265772804374,51.32110908933782,28.113249008054275,56.971089033956055,31.495961028529045,0.0,50.0,37.85959441348311,40.0,60.0,50.0,90.0,30.0,90.0,47.5,60.0,48.90625,real_sec,247458.1235697941,20.33934040569932,26.72980898693536,0.0774856669641291,56.32120378179236,0.2112511732063255,6.3781670733504745,28.851944900646576,-45.57074670334115,4.909414346738851,13.467927333410204,19.610799043316,5.514315449701376,20.801514937991904,4.844187086458591,4.973267050727496,20.227415838308826,8.382747094863314,13.32322091451951,13.386752769403316,12.419000690057151,5.2087241139296285,17.92741669244191,22.816160226050226,55.891719745222936,14.331210191082802,,0.3601561838815156,26.729808986935357,0.8433518925968674,18.22522948684348,0.71656996,0.34136232015679346,-0.5395041098467844,-0.28834006686918096,-0.6437502733315259,0.5973349115583028,0.08544986061429816,-1.1865828347413574,0.3583330374821721,-0.9562541959224339,-0.4709457328275546,-0.5422947079773729,0.0,-0.6090169049957849,-3.0,0.0,-0.27500406547744677,1.011736139214893,-0.6440224473729895,0.10530024515035424,-0.385423291129483,0.0,-0.867800755529322,0.3,0.3,-0.29887426175334286,0.44000000000000006,0.44000000000000006,-0.4075902351930324,0.9183333333333332,0.9183333333333332,1.0,0.2,0.45,0.35,41.32643120161076,3.0,3.0,0.9111331033248403,0.49787576199806083,0.43654162415127157,0.5622911910664051,1.5321237831044718,0.7842974512327029,,0.515306168634326,-0.10282584849654534,-0.0016490576358208966,-0.6744907594765952,0.0,1.8254559354797077,0.9987158574835352,0.4425455226516627,53.79357295249358,-0.3709699177121274,63.92915629132341,-0.5224625874545673,0.043264224699784574,-0.6335916737705387,-0.3317807555295751,-0.5366662074008056,-0.7936449848155134,-1.2397840551438482,-0.23959918137739136,-0.4826862146500569,-0.8503930726896015,41.33787659024552,44.55394887158336,38.890968741499705,34.94832955670775,44.68836535746723,39.20086520710377,53.6222476017791,75.55555555555556,44.44444444444444,40.0,20.0,62.22222222222222,59.986351228389445,31.917197452229303,39.80573248407644,42.43312101910828,32.1786039256467,40.895072075092195,45.02476999292287,False
WK,Workiva Inc.,3410078464.0,884568000.0,-31451000.0,-26169000.0,694137984.0,797347968.0,891620992.0,,-0.01854,0.127944998,28.275,1.567,1.444,137754752.0,140070000.0,28.42446,17.868683,-0.9948549107227488,3.8550777,3.749,-94.4455,1.265,0.0,0.195,0.168,0.159,0.0,0.78472,0.032899998,USD,Technology,Software - Application,US,60.0,0.679,2860.0,97.095,56.065,65.0158,77.22845,956121.0,685030.0,614648.6055776892,1002906.6666666666,847226.6666666666,44.23012055850404,35.336646517296785,-6.861220575253046,-27.684706379119017,-31.397209435081976,-22.199172895310603,60.0,-38.28099704276124,-0.2146721815805424,-0.3780810657027303,-0.0236042911259467,2.871625516873807,36.55172610233773,0.0004173753659477,884568000.0,49.54021031079281,58.12880810886896,66.23445722027677,0.0,37.28571039382032,34.293745432257325,31.66629300025325,36.12730122478512,36.12776052076208,0.0,30.0,41.9063962756554,40.0,70.0,0.0,90.0,30.0,89.7,47.5,20.0,48.90625,real_sec,309289.5104895105,-2.958393249586239,-3.555520887031862,0.0633825120355299,78.47197547277315,-16.31077890121734,0.1756698525881237,15.57311049009234,-38.20485091920284,4.110873864173311,13.64972472933039,20.6085517045106,4.585936396872792,20.600609949332515,4.044190969005563,4.189894107315663,20.35818132435629,7.95892649305011,13.328807637392996,13.818414005544703,12.64203627759956,4.359633392129872,20.49680173996745,21.950001138241035,13.694267515923569,14.331210191082802,,0.1583484819708603,-3.555520887031862,0.5279084536876273,17.42315059978633,0.127944998,-0.01595850387217136,0.41956458687683285,0.8065466915391621,-0.6437502733315259,-0.657486884683947,-1.0158867836258747,-0.9942042207970918,-0.7172641129210598,-0.7172405204477195,-0.4709457328275546,-0.37575199953381533,-0.6744907594765952,-0.39151086749729036,-3.0,0.3372453797382976,-1.8574954404008501,1.011736139214893,-0.6440224473729895,0.08822452972056719,-0.385423291129483,-1.3489815189531904,-0.17591052132820378,0.3,0.3,-0.6414985378221983,0.44000000000000006,0.44000000000000006,-0.7644366569741817,0.9183333333333332,0.9183333333333332,1.0,0.2,0.45,0.35,38.37276469679097,-2.3092473013858243,0.05124452529558758,-1.2749663818251935,-1.7970616295647959,1.3795260228615758,-1.734310270028563,0.5893242594275849,-1.0242734718072288,,-0.43260680636743765,1.0698138903089915,-0.5383208625671458,-0.6744907594765952,0.0,-1.0409536940143995,-0.6886747317732966,-0.5178610903147509,61.39760217542562,-0.3709699177121274,30.95536109396267,-0.5198986858274592,-0.372775545397093,-0.9100458656910768,0.2427854469875244,-0.31409804061425856,-1.2458435606343798,-1.16419771386546,-0.4463371156122761,-0.33363020935177623,-0.9418261505976675,40.25120066784114,36.96013635755857,44.948451402067576,66.86110851368619,54.61597246588413,44.709013855015755,38.24697559152377,17.77777777777778,28.888888888888886,60.0,82.22222222222221,77.77777777777779,41.19654231119199,22.37579617834395,29.681528662420376,32.439490445859875,22.53347198752112,30.47267851156554,34.416135881104026,False
GLOB,Globant S.A.,2107969920.0,2454876928.0,393580000.0,102918000.0,859291008.0,523775008.0,250336000.0,,0.04736,0.04956,24.23,1.644,1.552,291899008.0,301176000.0,20.895197,7.1568522,1.0018845,0.8586866,0.981,6.117,1.265,0.0,-0.047,0.095,0.082,0.04192,0.35002998,0.19084999,USD,Technology,Information Technology Services,US,47.85,1.218,28773.0,142.245,40.76,51.8638,65.05345,1441565.0,1062440.0,974856.7729083664,1466676.6666666667,1328618.888888889,53.108418698288176,54.23626376404784,-10.056395135515327,-24.13191896995068,-19.512198721534222,-56.513908578084525,47.84999847412109,-70.30162104427026,-1.198127132661965,-1.4257181413124456,-0.2099715808241932,-2.010917276901607,15.031071942359231,0.0002228090571313,,44.4825237295139,73.18215645862631,31.495961028529035,0.0,56.97085823581071,60.48968952007346,24.638025319410037,31.49534837830269,38.4436602668786,0.0,30.0,25.71918882696621,40.0,40.0,60.0,90.0,30.0,100.0,75.0,40.0,48.90625,real_yahoo,85318.7685677545,4.192389395416567,16.03257562572196,0.1759008537893127,35.00342514930345,1.330796808780934,0.5750102532574445,11.890576047647796,-64.66541496383309,3.888754378488792,14.099651283910722,19.33831457746157,4.964556450971728,21.621342466182742,3.731938943574383,3.967718794598378,20.571618199061017,10.26722748059698,13.790046865399209,14.198510310192257,11.35416146006115,4.19046426276093,20.0765727779413,21.46899119854839,30.095541401273884,14.331210191082802,,0.1226847654009969,16.03257562572196,0.3233851442660275,17.658116978944637,0.04956,-0.30710880493280807,1.198807902964772,-0.9222218743687483,-0.6437502733315259,0.35832123608358873,0.6784772844359294,-1.3747478892229616,-0.956285701899556,-0.597733682710362,-0.4709457328275546,-0.9790167139448727,-0.6744907594765952,-1.2615350174912692,-3.0,-0.6744907594765952,0.041494209507233884,1.011736139214893,-0.6440224473729895,0.6744907594765952,0.6744907594765952,-0.6744907594765952,-0.6371706774622827,0.3,0.3,-0.4873101583748559,0.44000000000000006,0.44000000000000006,-0.6099481887106823,0.9183333333333332,0.9183333333333332,1.0,0.2,0.45,0.35,39.02781733907996,-0.2842386897913355,-0.7481197751909658,-0.6039859984987697,-0.3127305919391497,-0.47098143565077183,-0.24890293722189738,-0.021956416975973548,0.3047660748918999,,-0.6001232061544269,-0.2661801099374132,-0.6870574658711096,-0.6744907594765952,0.0,-0.48853107789823647,-0.14677700311123168,-0.028124371581846774,43.47615295138671,-0.3709699177121274,36.50842089268953,-0.2501975632148971,-0.25089805935057063,-1.709752713685918,-0.5987666811557274,-0.7581839593463209,-1.0481048010002079,-0.658716360738327,-0.25054781128273385,-1.1542596974208228,-0.8443120164254775,37.326719812962594,31.766711776343023,29.727114920572472,79.23717049684925,24.79494679254511,43.6669309328098,50.547193199728035,26.666666666666668,17.77777777777778,4.444444444444445,97.77777777777777,35.55555555555556,30.686988171064606,18.227707006369428,19.359872611464965,20.523885350318473,18.456713895749385,20.010056989607776,22.025831564048126,False
HUBS,"HubSpot, Inc.",12904027136.0,3131266048.0,30810000.0,45911000.0,2622778880.0,262304992.0,1703794048.0,,0.0020299999,0.0231,12.695,1.669,1.447,651586880.0,760716992.0,90.11539274999996,16.018976,6.223166,4.1210256,3.661,60.639199999999946,1.265,0.0,0.204,8.893199999999984,8.523859999999997,0.01466,0.83761,0.05687,USD,Technology,Software - Application,US,244.67,1.439,8882.0,682.565,207.2,259.4478,406.1626,1698463.0,1104600.0,831352.9880478088,1455670.0,1381101.111111111,47.79366485932906,65.08080832260794,-16.056541961695924,-35.988804872337234,-45.03774010329607,-56.513908578084525,244.6699981689453,-68.86082279067149,-1.2733694675535323,-1.585464100046428,-0.1416558781718551,-0.5293684839162666,3.5282335785352976,5.390892348962402e-05,144022000.0,56.666950493504025,54.65495848969419,72.02420658556805,1.0,41.91750988605335,45.42702166957919,35.219336992452234,41.91724228288816,40.75956001299511,1.0,80.0,30.57535106157297,40.0,70.0,80.0,90.0,30.0,83.0,90.0,90.0,48.90625,real_sec,352540.6494032876,1.4662120463805444,0.9839470529717186,0.2243665924765607,83.76097207310823,8.513631678026615,2.900123959516561,20.80905518763508,-64.15432962428487,5.503989171950207,14.138392369637083,21.256123394786076,6.527321750398805,21.864703248213456,5.338499156180869,5.562402457236731,21.68750023423957,9.0918946167697,13.630810961531427,14.190977520667152,12.772924048590356,6.009212614259791,19.38501848011152,23.28080528075843,95.22292993630572,14.331210191082802,,0.2429423052333367,0.9839470529717186,0.8665860739141605,19.13072012742171,0.0231,0.3942987385314547,0.2397392062411547,1.094674785857147,1.553397398691291,-0.41847320920923264,-0.29578205469960744,-0.8018256068528259,-0.4184871266979398,-0.4782268449730054,2.1233869006435357,-0.2592551493609123,1.011736139214893,-1.0005277724930755,-3.0,0.3372453797382976,0.6744907594765952,1.011736139214893,-0.6440224473729895,-0.2931331148780144,1.2526256961708195,1.011736139214893,1.2847466397630456,0.3,0.3,-0.20503137285394607,0.44000000000000006,0.44000000000000006,0.04947700848468971,0.9183333333333332,0.9183333333333332,1.0,0.2,0.45,0.35,54.608824890240086,-1.6771619153767532,-1.017956860482136,-0.8597917771781588,-1.4530734756741561,1.604682651671959,-1.3900726887642612,1.601566264313501,-0.8225825429944106,,-0.03526031306557042,2.7618203203889697,0.5461491564049881,-0.6744907594765952,0.0,-0.9758844793679895,-0.04383515987926834,-0.33784809546415684,51.40854869670471,-0.3709699177121274,40.397309970718375,-0.35764413268847006,0.5129438584740087,-1.2310297677446351,-0.9438186669064857,-1.5921229713084564,-1.7080277407774154,-1.7443430806408848,0.07764986289276932,-1.0874242173255604,-1.6841509118957685,38.35649751816453,58.862387813883075,43.370264000984015,40.18387567358734,72.16501401177236,46.383603312190544,41.32202999357484,33.33333333333333,71.11111111111111,93.33333333333333,33.33333333333333,55.55555555555556,46.26933575978161,56.89331210191082,48.54140127388535,41.896496815286625,57.85941765241128,50.593362386858864,45.490092002830856,False
CDNS,"Cadence Design Systems, Inc.",76952379392.0,5296758784.0,1908109056.0,1108888064.0,4574510080.0,2666328064.0,3155529984.0,,0.10981,0.21855,48.707,2.856,2.507,1510117504.0,1728781056.0,68.48157,29.606054,13.838439,12.902124324999992,14.255,39.57,1.265,0.0,0.062,0.146,0.141,0.20934999,0.86364,0.32824,USD,Technology,Software - Application,US,278.72,1.041,13800.0,376.45,221.56,292.8576,321.7707,2520726.0,2382930.0,1956849.003984064,2452013.333333333,2222975.5555555555,38.25489005621059,32.45178146678774,-7.04375512778066,-10.206183408091896,-19.732747074270808,5.20117711644712,278.7200012207031,-28.08741904508758,0.3832248916895137,0.5539597067290658,0.0072991897808545,0.3065537421113745,5.703556711700511,2.791157546223536e-05,5296759000.0,78.50696073084487,29.18006128241252,73.18215645862631,1.0,68.5503569663933,63.10928392885508,39.95672898205088,54.65511261071484,60.444707854985495,1.0,50.0,49.19063962756554,40.0,10.0,90.0,70.0,30.0,89.9,87.5,60.0,48.90625,real_sec,383823.1002898551,20.935219239162542,36.02408819831203,0.3795320171837316,86.36432706390733,1.39736670480956,0.6483752240924544,28.510218523857173,-25.960950989507225,5.633789102835666,14.61435764658193,21.87242230139945,5.933438109585634,22.39036092043151,5.405196728175133,5.683095296260022,22.243765443819548,9.53249633228804,14.486846597546062,14.712420421589398,12.857939654460925,5.776942163998533,21.70396810627105,25.0664526180398,55.891719745222936,14.331210191082802,,0.3263847055339116,36.02408819831203,0.5420142432163952,20.11705378201817,0.21855,1.6515386749296646,-1.078980251753819,1.152300404720744,1.553397398691291,0.9558554247703747,0.8479136912421098,-0.545320788260471,0.23882224299292398,0.5375812757945301,2.1233869006435357,-0.17499593479459263,0.0,0.0,-3.0,-1.6862268986914881,0.9909890344612758,0.3372453797382976,-0.6440224473729895,0.09960834000709216,1.1562698733884489,0.0,1.5153767178300854,0.3,0.3,0.3925866073189395,0.44000000000000006,0.44000000000000006,-0.4940779004902172,0.9183333333333332,0.9183333333333332,1.0,0.2,0.45,0.35,57.22893206747578,1.6347565726377362,0.9752275053591039,0.9670462848522726,1.2021701837057932,1.715494280485237,1.267096299860029,0.631483740362724,1.4608076441209046,,0.3566778199261207,3.0,3.0,-0.6744907594765952,0.0,1.2578887412593471,0.9810706480862419,0.6734925126298921,71.41726362529515,-0.3709699177121274,69.87144290405946,0.48505619041473264,1.0245569099067968,-0.3718309200114189,-0.32241282831462237,-0.3394678671857737,-0.2730351557156812,-0.6680965020321139,0.7548065501607647,-0.34712187416302065,-0.4114833730516388,51.557521174508544,68.42127478050425,58.18642551380641,24.795955009471076,42.59245423785926,42.830466637003816,58.2348292048557,82.22222222222221,84.44444444444444,35.55555555555556,2.2222222222222223,91.11111111111111,63.55777979981802,73.70063694267516,70.94585987261146,68.79617834394905,73.8788509034187,71.26047603084143,69.2215145081387,False
NET,"Cloudflare, Inc.",74510704640.0,2167937024.0,-42443000.0,-102267000.0,1615411968.0,3518327040.0,4101251072.0,,-0.026919998,-0.08164,241.126,1.976,1.918,388025120.0,603113984.0,28.42446,57.555233225000016,31.54903395,12.902124324999992,15.355,-94.4455,1.265,0.0,0.336,0.168,0.159,0.0,0.74514,0.0,USD,Technology,Software - Infrastructure,US,211.69,1.875,5156.0,260.0,89.42,192.1248,201.68166,4674863.0,3469060.0,3226570.3187251,3889310.0,3835261.111111111,50.85165917325993,62.03376560673971,10.07748173721843,7.994081128150854,-5.73120558296647,77.07235218535082,211.69000244140625,-36.758783848623175,1.41127770892711,2.0806771255929166,0.2118172632155869,0.2076898040405802,5.06781233551111,5.715428106131043e-05,2167937000.0,35.976414479181145,24.600393791149223,55.81290836275245,1.0,28.02211140935426,33.63884683006192,42.3254249768502,37.285289436405726,51.18110887051943,0.0,20.0,34.62215292374527,40.0,20.0,0.0,90.0,30.0,83.3,90.0,10.0,48.90625,real_sec,420468.7788983708,-4.717249572651793,-1.9577598209790064,0.155340566825785,74.51378661449532,-16.31077890121734,0.171420671570088,17.89835754933811,-18.580769230769235,5.359835706526454,15.159748337543403,22.134557903867105,5.564520407322694,21.4970418725927,4.504465481866459,5.263336612052768,21.20285585025541,8.548110294050959,14.98693062016615,15.173742579084262,12.94912788636739,5.3116365708248106,21.981251441135488,25.034208638466392,7.643312101910828,14.331210191082802,,0.2781971880747768,-1.9577598209790064,0.5382517262394068,20.342053252073136,-0.08164,-0.796770674898427,-1.31604878956718,0.28791612176678927,1.553397398691291,-1.1355142356333752,-1.0582458853274197,-0.417068378964294,-0.657508715676436,0.059553924845101594,-0.4709457328275546,-0.07629087782831845,-1.011736139214893,-0.7830217349945807,-3.0,-1.3489815189531904,-1.8574954404008501,1.011736139214893,-0.6440224473729895,-0.2760573994482273,1.2526256961708195,-1.6862268986914881,-0.09903382863919072,0.3,0.3,-0.48378380108668056,0.44000000000000006,0.44000000000000006,-1.2536697479432006,0.9183333333333332,0.9183333333333332,1.0,0.2,0.45,0.35,36.59080027778313,-2.5667521286262582,-2.08608748457122,-1.4400053920224007,-1.675987775374424,1.2110310452038908,-1.6131486246362898,0.6202383036974474,-1.3011041184863514,,0.13033574972673675,3.0,3.0,-0.6744907594765952,0.0,-1.6653054322583458,-0.6081245068861081,-0.4878577099628564,49.7894946851621,-0.3709699177121274,35.57949856804467,1.4357433070574408,1.1412645421660617,-1.50647658823621,-1.6245547111930494,2.0401517935310562,0.739943477659094,-0.07259698507984633,1.2885039246117511,-1.5655156497146296,0.8862438335990006,52.144597534333535,49.53471987318555,57.58243424304489,28.4045928537059,51.73042581518003,42.80907112330889,39.015739192036534,24.444444444444443,53.333333333333336,55.55555555555556,6.666666666666667,51.11111111111111,44.335759781619664,24.093949044585994,36.47133757961784,42.62261146496815,23.240283374496293,34.92122024807241,40.03361641896674,False
BILL,"BILL Holdings, Inc.",3869052672.0,1551979008.0,-2262000.0,-24211000.0,1296822016.0,1887090048.0,2241499904.0,,-0.00509,-0.00636,49.571,1.654,0.687,122548376.0,385518016.0,28.42446,14.362037,1.0144166,2.49298,2.235,-94.4455,1.265,0.0,0.144,0.168,0.159,0.0,0.83559,0.0,USD,Technology,Software - Application,US,38.63,1.325,2364.0,57.21,35.458,42.823,47.32785,2841222.0,2294420.0,2481886.852589641,2009890.0,2636064.4444444445,61.87906996080099,44.39836976224111,-14.402835909951506,-23.59572781079464,-29.01506363857361,-17.333615564879278,38.630001068115234,-36.636477650487976,0.028672247769291,0.0550957885693594,-0.0203540965304904,0.6948387017229386,31.468418170447112,0.0001895628870576,1462570000.0,46.781472175549766,67.39240709333502,70.8662567125098,0.0,30.338011155470777,27.744759410303296,52.98455695344715,30.33736016668208,39.60161013993685,0.0,30.0,26.528549199400672,40.0,10.0,20.0,90.0,80.0,100.0,75.0,30.0,48.90625,real_yahoo,656505.502538071,-1.5600082137193445,-0.1457493940536597,0.1112049363683174,83.55924979108997,-16.31077890121734,0.2042923263829326,7.896265050512848,-32.47683971333682,3.679586407202344,14.784798001475574,21.530411079177437,4.064057161283644,21.162796733487102,3.59616091311073,3.780158793713461,20.98318250618733,7.768533300926033,14.72453005943481,14.5135910497091,13.394687877532098,3.87800799904086,21.358301822914942,22.076275526684288,20.063694267515924,14.331210191082802,,0.2484041433632587,-0.1457493940536597,0.5429214162850339,18.37855884362404,-0.00636,-0.17476775899615513,0.8990989352386416,1.03704916699355,-0.6437502733315259,-1.016007397896018,-1.4394778006413251,0.1600674628685037,-1.0160410991441802,-0.5379802638416838,-0.4709457328275546,0.5594735325372558,-0.6744907594765952,-1.21803380999157,-3.0,-1.6862268986914881,-1.2244988904314889,1.011736139214893,2.369733863731611,0.6744907594765952,0.6744907594765952,-1.011736139214893,0.05471955673883558,0.3,0.3,-0.3272303206431068,0.44000000000000006,0.44000000000000006,-1.0402726274032514,0.9183333333333332,0.9183333333333332,1.0,0.2,0.45,0.35,40.28319471494402,-1.8959488821757198,-1.3183877196158424,-1.1437515240977516,-1.5386787052748674,1.5960833627667417,-1.4757399911059943,0.6341951054808652,-1.3011041184863514,,-0.00960545855954892,3.0,-0.4858933863658631,-0.6744907594765952,0.0,-1.1804618600457404,-0.5262691976419076,-0.5228430120344278,39.650644547773396,-0.3709699177121274,34.26724043346607,0.8781713666539609,0.1227964395148852,-2.499763340224377,-0.7658280498223841,-1.362280263985008,-1.018261817864005,-1.0628826785165586,0.500483903084423,-1.6327956950233804,-1.134853609896072,40.07958847014591,50.50124417948459,47.26668944894309,71.14446618160005,43.77532087496566,49.3903469625246,39.784502792549304,22.22222222222222,55.55555555555556,37.77777777777778,91.11111111111111,26.666666666666668,33.78070973612375,24.36305732484076,28.292993630573253,31.480891719745223,24.56778889899909,29.027824337914854,33.3864118895966,False
FROG,JFrog Ltd.,6054419968.0,531840000.0,-61012000.0,-71819000.0,408387008.0,12456000.0,704414016.0,,-0.04325,-0.08648,1.404,2.142,2.023,174897120.0,145728992.0,28.42446,46.20736,6.821674,11.383912,10.083,-87.892,1.265,0.0,0.252,0.168,0.159,0.0,0.76788,0.0,USD,Technology,Software - Application,US,50.61,1.136,1800.0,70.43,27.0,46.7436,50.044327,3373921.0,3828870.0,1484767.7290836654,4045266.6666666665,2891265.5555555555,57.599484062198215,85.91876559488796,23.078822230485585,-15.041126624768395,5.262060488655718,52.53164600621434,50.61000061035156,-49.62308160498652,1.016692294603624,1.4193241344085414,0.0990558629500949,-0.7770742705697257,17.886104200258117,0.0004934732318839,,38.5052577698206,30.338011155470777,61.60265772804374,0.0,26.864161536296,24.47026639932628,30.4819450028536,62.76103009205909,54.65495848969421,0.0,20.0,31.38471143400743,40.0,0.0,70.0,90.0,80.0,86.679,70.0,30.0,48.90625,real_yahoo,295466.6666666667,-13.50387334536703,-11.471871239470516,0.0381082688962027,76.78756919374248,-0.2041565593653707,11.699501605651896,32.88528880866426,-28.141417009796964,3.943715452160636,14.877205218600643,20.37287683359333,4.268717949166882,20.09185325207157,3.332204510175204,3.8658450265301134,19.82772583424836,7.496097345175956,14.210769580099718,15.213058278514533,12.596314690777854,3.9326944120889658,16.337713072778563,22.52405441563876,20.063694267515924,14.331210191082802,,0.2740090854392298,-11.471871239470516,0.982624465074572,18.13491810512768,-0.08648,-0.6511955243681085,-1.019038458208593,0.5760442160847742,-0.6437502733315259,-1.1952676545020537,-1.6512733091490506,-1.05833042544518,0.6571100237052918,0.2388141814511375,-0.4709457328275546,-0.4129837998108786,-1.011736139214893,-0.9570265649933765,-3.0,-2.023472278429786,0.35799248449191456,1.011736139214893,2.369733863731611,-0.08372792465739025,0.4817791139118537,-1.011736139214893,-1.329060911663401,0.3,0.3,-0.6397657593964416,0.44000000000000006,0.44000000000000006,-0.8362828205921647,0.9183333333333332,0.9183333333333332,1.0,0.2,0.45,0.35,33.01967826758428,-3.0,-2.1354454397038456,-2.264481883596593,-2.3969404654278246,1.307836901493324,-2.3346240807616643,1.9483826073401986,-1.3011041184863514,,0.11066377095046763,0.6798041444700109,-0.23626434424308293,-0.6744907594765952,0.0,-2.085362139581513,-0.40727107111582594,-0.49277570465692366,69.24566470720497,-0.3709699177121274,24.42532935862024,0.13159155148519838,-0.0035804524167389056,-2.1142824636182205,-0.4707383425513736,3.0,-0.5421353197446529,0.39495757949752264,0.06400554953422974,-1.2925104030847971,0.8016331459513955,43.28254415826618,38.76493671230552,39.876862442569504,42.09426642497135,46.34012064520653,36.569418182481684,34.40315758895994,6.666666666666667,33.33333333333333,42.22222222222222,35.55555555555556,88.88888888888889,41.606005459508644,14.536624203821656,21.235668789808923,23.488853503184718,14.300337969582737,20.97888032182367,23.19709837225761,False
CFLT,"Confluent, Inc.",11133729792.0,1166748032.0,-338046016.0,-295275008.0,866838976.0,1105371008.0,2053971968.0,,-0.0809,-0.27721,94.546,3.83,3.592,210338752.0,64274000.0,28.42446,47.630024,9.439537,9.542531,8.686,-29.981,1.265,0.0,0.205,0.168,0.159,0.0,0.74294996,0.0,USD,Technology,Software - Infrastructure,US,30.99,0.949,3241.0,31.0,15.64,30.5918,24.972,11663133.0,6891380.0,6841930.244897959,14076985.3,12477758.522222225,62.35779416830464,4.69119578224633,0.9446221530026612,3.0595280533118885,58.67894870228516,13.933819492176848,30.989999771118164,-41.828154934171366,0.5873262864527011,0.6459273675010825,0.0881460327478022,-0.0260985934651782,20.968075206174863,0.0003418708575542,2436000.0,32.527991810127325,34.96981064770381,54.65495848969419,0.0,24.60039379114924,28.399658012498698,37.58803298725155,38.44327764802633,66.23445722027678,0.0,20.0,43.52511702052432,40.0,30.0,0.0,80.0,30.0,40.0,40.0,10.0,48.90625,real_sec,359996.3073125579,-25.30752141007253,-28.041650293848154,0.0836017368711855,74.29530217540577,-3.2698832575503567,0.0581469927606424,18.02777859753013,-0.3857332041674491,3.4654233539614268,16.33945837932597,21.443041301329476,3.4657359027997265,20.8774862569132,2.8118094353930627,3.452897593247672,20.580363793159123,8.08394570229562,15.73858059549199,16.460051844590904,12.79385183071698,3.25701903464624,20.82344687031425,23.13324505777663,7.643312101910828,14.331210191082802,,0.0550881580574202,-28.97335214875254,0.6501263027164291,19.172245025850355,-0.27721,-0.9952822438034077,-0.7792712840276886,0.23029050290319192,-0.6437502733315259,-1.3120843366783752,-1.3971186989397801,-0.6735731975566489,-0.5977533184318121,0.8363483701379226,-0.4709457328275546,-0.23917335072600965,-1.011736139214893,-0.3045084524978926,-3.0,-1.011736139214893,-1.8574954404008501,0.6744907594765952,-0.6440224473729895,-2.74065232648085,-0.6744907594765952,-1.6862268986914881,-1.5596909897304403,0.3,0.3,-0.5579938322634965,0.44000000000000006,0.44000000000000006,-1.3212340719177438,0.9183333333333332,0.9183333333333332,1.0,0.2,0.45,0.35,29.26067685303787,-3.0,-3.0,-3.0,-3.0,1.201707883484097,-3.0,0.9546098087089612,-1.3011041184863514,,-0.9176319065678709,3.0,0.34393251709493317,-0.6744907594765952,0.0,-2.579829211651591,-1.2204255860809676,-0.7498496240365082,75.54902352444016,-0.3709699177121274,22.347416676557938,3.0,0.5344828984292124,-2.542884107404525,-0.17877127768534748,0.7708082060012231,0.4652992921247679,2.6668310834302895,1.7672414492146062,-1.3608276925449363,1.217411503679361,58.18251543511093,35.98993401044645,44.17148586793049,43.101171335287,38.21249872771919,31.64573727017014,35.17192118947271,4.444444444444445,26.666666666666668,26.666666666666668,37.77777777777778,95.55555555555556,37.87534121929026,14.222929936305732,22.96815286624204,28.36942675159236,12.85584297413233,19.902782433791486,22.49823071479123,False
SMCI,"Super Micro Computer, Inc.",13943189504.0,28057104384.0,1096866048.0,872780032.0,2250259968.0,5263713792.0,4106275072.0,,0.03418,0.13193,75.28,1.697,0.981,103480000.0,548956032.0,16.948904,7.716516,1.9890355,0.49695754,0.559,13.736,1.265,0.0,1.234,0.192,0.249,0.03111,0.0802,0.0374,USD,Technology,Computer Hardware,US,23.22,1.629,6238.0,62.36,19.48,29.638,39.8813,37477539.0,71733740.0,52154530.716294885,40310816.66666666,32420056.666666668,72.71077264765017,85.91876559488796,-27.702474462228327,-25.0,-54.993349027034874,-33.827303469982986,23.21999931335449,-66.18349366456124,-0.1033309127772752,-0.1347699624266659,-0.099110419511385,-0.1256109248273469,5.7444433716627135,1.9987461221682388e-05,,26.32083100583046,74.34010633168457,25.706211663237745,0.0,38.44366026687858,40.84273145421136,64.82803692744375,28.021383743440868,41.91750988605337,0.0,0.0,28.956630316704054,40.0,10.0,10.0,0.0,80.0,56.293000000000006,57.5,0.0,48.90625,real_yahoo,4497772.42449503,3.110727393870753,3.9094057354881744,2.0103934986354925,8.020285832786243,4.798866554031582,0.1042906308535097,0.3688192430114459,-62.764592687620265,3.1871787381249463,17.294287853007628,22.13578214623639,4.14883274750617,24.0575077126038,3.019448800171307,3.4222410685905045,21.53431158826608,8.738575192110787,17.785165161659595,17.512130419349706,15.319093037732667,3.710672745781217,22.38410265886059,23.35825701847481,2.388535031847134,14.331210191082802,,0.0195656695176659,3.9094057354881744,0.4382369212600165,20.93017911986248,0.13193,-1.3526030678323724,1.258749696509998,-1.2103499686867334,-0.6437502733315259,-0.5977334658152682,-0.5922957666104235,0.8013295093493897,-1.135551893633428,-0.41847342610432686,-0.4709457328275546,3.0,-1.6862268986914881,-1.087530187492473,-3.0,-1.6862268986914881,-1.5409971654161694,-2.023472278429786,2.369733863731611,-1.8132702214891057,0.0,-2.023472278429786,-1.405937604352414,0.3,0.3,0.7605672612574438,0.44000000000000006,0.44000000000000006,-1.5090445255227085,0.9183333333333332,0.9183333333333332,1.0,0.2,0.45,0.35,40.98240802947575,-0.6892404121102331,0.09188327527893907,-0.7054817396585196,-1.2313904183682405,-1.6196675511503587,-1.1682288880660403,0.32131336545412487,-0.9864090785109939,,-1.0844849427621583,3.0,0.6648500754718578,-0.6744907594765952,0.0,-0.6986804709282116,-0.497934873981966,-0.6656848670949371,23.990177505780796,-0.3709699177121274,39.19983092520823,3.0,1.4463264940157807,-3.0,-1.2404696953799883,-3.0,-1.0964198973949255,-2.1677650523383636,2.22316324700789,-2.120234847689994,-1.9888974746594794,49.49809188525667,48.70040566151418,48.088698357179396,77.67113565869471,73.73298762109854,45.98203104183727,63.61617440844506,31.11111111111111,51.11111111111111,95.55555555555556,95.55555555555556,6.666666666666667,53.04822565969063,33.80254777070064,44.53184713375796,49.24203821656051,33.35499805017549,43.94233992624874,48.52087756546355,False
MARA,"MARA Holdings, Inc.",3311843584.0,907092992.0,-352031008.0,-1304228651.52,435808992.0,3645352960.0,547132032.0,,-0.08999,-0.34464002,104.839,1.273,1.084,-401107008.0,-802724992.0,14.6751425,-1.0128824839999988,0.9520166,3.651052,7.073,-18.224,2.27,0.0,-0.056,0.177,0.14,0.0,0.48044997,0.0,USD,Financial Services,Capital Markets,US,8.71,2.0946,266.0,23.45,6.66,8.6316,13.6266,47644450.0,50050980.0,46722373.70517928,48834466.96666668,45165224.44444445,72.71077264765017,82.59018002274676,-0.6841552620853508,-12.108979089222728,-53.64555820245139,-29.87117564699737,8.710000038146973,-70.30162104427026,0.0289055312028478,0.0484942354664947,-0.0042899606218477,0.7514095332451654,2.60911245054086,6.102195438971489e-05,,33.18665531239516,54.500092761957696,54.62019811938063,0.0,24.698153941045803,16.881743799574647,66.42086829032246,24.7299491039018,30.6530859933878,0.0,30.0,23.314910414719485,70.0,0.0,60.0,20.0,30.0,69.391996,47.5,10.0,48.90625,real_yahoo,3410124.030075188,-55.926876094528744,-28.041650293848154,0.0927165907016347,48.04457710990672,-10.35520416428771,-0.0586627255992777,-43.69865726800156,-62.85714285714285,2.2731562823032334,17.62583800012773,20.120200707859244,3.196630215920881,20.625755530938427,2.0360119837525,2.265049359464941,19.89271461587455,5.58724865840025,17.65973372364242,17.70394693229565,15.042259514298728,2.6828417888433918,22.01671903201245,21.920770845603,7.643312101910828,87.10191082802548,,-0.2845607706902544,-38.80870110393268,0.1305030389003238,19.824205495561102,-0.34464002,-0.9573656837514715,0.23172251251788073,0.2285606457670137,-0.6437502733315259,-1.3070396423255826,-2.1421019648978734,0.8875729362561067,-1.3053990323319449,-0.9997488809693167,-0.4709457328275546,3.0,-0.6744907594765952,-1.3907593008393655,0.6744907594765952,-2.023472278429786,0.041494209507233884,-1.3489815189531904,-0.6440224473729895,-1.0676877944493683,-0.385423291129483,-1.6862268986914881,-1.2961137576538238,0.3,0.3,0.3651517876180242,0.44000000000000006,0.44000000000000006,-0.9008260603441541,0.9183333333333332,0.9183333333333332,1.0,0.15,0.35,0.5,39.934256510500234,-3.0,-3.0,-3.0,-3.0,0.08422607574805392,-3.0,-0.5984437824871722,-1.3011041184863514,,-2.5130002867494556,0.352137366684494,-0.5495419872917314,-0.6744907594765952,1.0759733544031402,-2.691577392425195,-1.9192997021192277,-1.1486917190819046,26.34685275127306,0.11321809176928571,16.257969727183095,3.0,0.8726559738057548,-3.0,-1.9532940130201697,0.5444302409957623,-0.37893973555434574,-2.110442165034089,1.9363279869028773,-2.4766470065100847,-0.6213794714332362,48.44288982869804,37.22797633053806,51.0294210726029,72.3327434998553,25.183401365442858,36.9033505746743,59.77235640588123,2.857142857142857,22.857142857142858,5.714285714285714,97.14285714285714,8.571428571428571,23.157415832575065,23.45063694267516,26.140127388535035,28.571656050955415,22.908813206811388,24.884344619510557,26.190728945506013,False
RBLX,Roblox Corporation,42600321024.0,4890550784.0,-914549616.0,-1065057024.0,1161692032.0,1802704000.0,3055141888.0,,-0.09206,-0.7025134,480.747,0.955,0.779,1018041600.0,1796358016.0,25.9156085,-1.0128824839999988,31.54903395,8.710741,8.451,-41.061,1.55,0.0,0.432,0.184,0.185,0.0,0.23753999,0.0,USD,Communication Services,Electronic Gaming & Multimedia,US,60.11,1.673,3065.0,150.59,50.1,63.642,99.48225,11986114.0,8658820.0,8440907.17131474,9316820.0,10394541.111111112,52.63085429246115,59.89942619054212,-9.034505228929168,-25.74428304329066,-54.9737823143434,-2.434669672358314,60.11000061035156,-63.33003620890443,0.2566212938737378,0.3474450421890211,0.1556067963528796,-0.4569471975163389,8.203810948788346,4.428895998641446e-05,,25.43542877947808,34.73988606593307,30.354795854994297,0.0,25.96970564405552,29.26715778604736,52.28024690968816,43.51006648781062,30.354795854994297,0.0,30.0,30.846728057928164,65.0,40.0,0.0,50.0,30.0,82.67999999999999,90.0,10.0,48.90625,real_yahoo,1595612.0013050572,-21.777854295766783,-20.580953525581467,0.6108788523892617,23.75380776743203,-1.7910229768016672,0.996479741543814,20.816501963963656,-60.0836708944817,4.1126755189068245,16.156791429348907,21.84009187333596,5.021179507971927,22.31057076905968,3.933784497209659,4.168864354328249,20.87314342840733,8.028129059431759,15.94860046401967,16.04733203405524,14.282768547203467,4.609981094985104,21.312553597418407,24.475127625991465,7.643312101910828,51.7515923566879,,0.367312005403766,-18.70033982659079,0.628908771179198,20.044776564570967,-0.82361503,-1.4035720475466251,-0.7911734329307963,-0.9790121991319817,-0.6437502733315259,-1.2414240545605855,-1.3410084690345239,0.12193278446236279,-0.33629298849269035,-1.0151414778325545,-0.4709457328275546,3.0,-0.6744907594765952,-0.9859419002028573,0.0,-0.6744907594765952,-1.8574954404008501,-0.3372453797382976,-0.6440224473729895,-0.31134721133645454,1.2526256961708195,-1.6862268986914881,-1.5020334702136804,0.3,0.3,0.47727963209390445,0.44000000000000006,0.44000000000000006,-0.8250674094778534,0.9183333333333332,0.9183333333333332,1.0,0.2,0.45,0.35,42.928300333044646,-3.0,-3.0,-3.0,-3.0,-0.9498596153315003,-2.882774343207026,0.8911947042576798,-1.3011041184863514,,0.5489178494746393,3.0,3.0,-0.6744907594765952,0.3051267721441742,-2.7949859615331505,-1.1844882718479084,-0.3832121850258807,37.12916734250626,-0.233662870247249,25.84240185438483,3.0,0.9870665864296319,-1.66673641487668,-1.3091678282896415,-0.6161551250994419,-1.1378447249591206,-2.166932860542671,1.993533293214816,-1.4879521215831608,-1.290064285676282,53.035436644384575,51.917714996816116,43.832204402469756,54.754740092274616,61.7221577727217,48.01350142142345,46.51118429703601,8.333333333333332,58.333333333333336,75.0,66.66666666666666,33.33333333333333,40.1501364877161,31.460191082802545,34.71656050955414,36.861464968152866,30.691862732354092,32.90646999664767,33.27848549186128,False
TENB,"Tenable Holdings, Inc.",2098072192.0,999404992.0,32656000.0,-36118000.0,780467968.0,417180000.0,402180992.0,,0.00598,-0.09945,127.822,0.952,0.838,273022240.0,266750000.0,28.42446,8.458185,6.381125,2.0993214,2.036,60.639199999999946,1.265,0.0,0.105,0.168,0.159,0.0,0.78093004,0.05108,USD,Technology,Software - Infrastructure,US,17.58,0.746,1995.0,35.69,15.85,20.3534,26.80305,2803118.0,3303370.0,1363070.717131474,2994640.0,2347534.4444444445,35.26087109886924,63.1895107821798,-16.99716869498812,-22.657279904298587,-40.44715565347301,-50.0,17.579999923706055,-53.35589017888629,-1.5862119951212197,-1.9258726903450705,-0.1746708912431642,-0.552232072381764,4.545325771340213,0.0003940083122066,2919000000.0,50.68968453381076,68.55035696639328,65.07650734721851,0.0,39.60161013993684,32.32904962567112,49.43151296124816,52.33913618747363,26.864161536296013,0.0,30.0,37.85959441348311,40.0,30.0,20.0,90.0,30.0,40.0,70.0,40.0,48.90625,real_sec,500954.88320802007,-3.61395032935757,3.267544214948248,0.0716109998709073,78.09326291618123,10.110675872502972,0.63941224411525,27.31847871338229,-50.74250490333427,2.922085733385692,14.668876588755444,19.81241277660286,3.6025042383671906,20.7226706528595,2.8243506567983707,3.0612109775810854,20.47540425800012,7.59890045687141,14.125251326412174,14.912334915903058,13.124273318720691,3.3251457269088607,19.8490283437003,21.46428475671934,30.095541401273884,14.331210191082802,,0.2669088128789335,3.267544214948248,0.4908471307845712,16.9920125267632,-0.09945,0.050212019096156336,0.9590407287838677,0.7489210726755651,-0.6437502733315259,-0.5379800469465896,-1.1429640887305097,-0.03231115107576245,0.11931144850367623,-1.195267871397148,-0.4709457328275546,0.14049827201242987,-0.6744907594765952,-0.6090169049957849,-3.0,-1.011736139214893,-1.2244988904314889,1.011736139214893,-0.6440224473729895,-2.74065232648085,0.4817791139118537,-0.6744907594765952,0.20847294211686168,0.3,0.3,-0.3511835870335622,0.44000000000000006,0.44000000000000006,-1.07106619319828,0.9183333333333332,0.9183333333333332,1.0,0.2,0.45,0.35,40.476201524682324,-1.5557843096362511,-2.267712521949744,-1.3364793605457412,-1.2800288849070733,1.3633918837629524,-1.216902622578001,0.4785551221754071,-0.8713013740494192,,0.07731300969491557,0.05015974022309598,-0.688188058593145,-0.6744907594765952,0.0,-1.342836668610767,-0.45394663743896746,-0.3291922971960388,24.75036832863632,-0.3709699177121274,27.6880241440215,0.04047251610816483,-0.5964076440285232,-0.10214663756058531,0.13817692642055254,-1.7228573268685838,-0.9660302870572536,-1.549100947901716,-0.2779675639601792,0.018015144429983615,-1.3679995972539913,42.65064469612961,53.289136861858346,37.515001059013166,58.39103887749934,36.34087742476397,52.3087924755701,42.0907935940876,11.11111111111111,60.0,22.22222222222222,66.66666666666666,8.88888888888889,29.20837124658781,19.92993630573249,19.67197452229299,21.200636942675157,19.842714155725986,19.433456252095205,20.866949752300073,False
CWAN,"Clearwater Analytics Holdings, ",7112855552.0,731368000.0,86555000.0,-38807000.0,492148000.0,860336000.0,91245000.0,,0.00029999999,-0.026300002,42.358,1.832,1.631,175079744.0,175896000.0,28.42446,26.802103,3.430878,9.725412,10.643,60.639199999999946,1.265,0.0,0.72,0.168,0.159,0.0,0.67291,0.0,USD,Technology,Software - Application,US,23.8,0.638,3000.0,25.069,15.735,23.541,21.3383,9807301.0,4683150.0,4319535.258964144,5232803.333333333,10432623.333333334,38.46374277987417,8.20329275343719,1.104495800430083,-1.2857792013406977,35.30414457420583,-10.961467846439954,23.799999237060547,-40.55368269567378,-0.0813081312554472,-0.1028011481912187,0.0938740210459022,1.7692223880653597,14.104904720355364,0.0002730562203995,,35.28672994537038,33.81186077464555,50.02315899746116,0.0,31.495961028529035,31.67415102347572,26.928901010654613,45.39120691774998,46.5493093782864,0.0,40.0,47.57191888269662,40.0,50.0,20.0,30.0,30.0,100.0,37.5,40.0,48.90625,real_yahoo,243789.3333333333,-5.306083941326391,11.834671464980694,0.0524051752521021,67.29143194670809,9.939760845705043,0.2044503542801882,23.93866617079227,-5.062028800510587,3.210843653170937,16.160448409261644,18.32905876536456,3.260746868943507,20.41042731238067,2.8175023346632897,3.200345188248766,20.01429004426146,8.006700845440367,15.27865860699614,15.470457893738669,12.4040638452569,3.106302694057999,20.57283356974612,22.685169625026383,30.095541401273884,14.331210191082802,,0.2405027291322562,11.834671464980694,0.0958877909500084,18.448343965894367,-0.026300002,-0.8364729886794231,-0.8392130775729146,-0.00021197255119602258,-0.6437502733315259,-0.9562539790273394,-1.1853231904320545,-1.2507090393894462,-0.23922093496406777,-0.17945975062961245,-0.4709457328275546,-0.5521765866336743,-0.3372453797382976,-0.08700241499939773,-3.0,-0.3372453797382976,-1.2244988904314889,-1.011736139214893,-0.6440224473729895,0.6744907594765952,-0.770846582258966,-0.6744907594765952,-1.482814297041427,0.3,0.3,-0.7115975911411596,0.44000000000000006,0.44000000000000006,-0.7977008400165227,0.9183333333333332,0.9183333333333332,1.0,0.2,0.45,0.35,31.979038444875027,-1.7303222297289185,-1.5217343568184163,-1.4952575693047239,-0.630836000226731,0.9035426107366195,-0.5672390051866784,-0.7019020740666796,-1.3011041184863514,,-0.04671927036910396,-0.5976156247938107,-0.11536189390157958,-0.6744907594765952,0.0,-1.1478785994694631,-0.6278373861826789,-0.5321214649868166,64.40608822047543,-0.3709699177121274,26.536428547096794,2.2540864155523535,0.15899410871429862,-0.3906431913168513,0.3067996162897013,0.7930284741774396,0.22345097197281488,1.672677362872454,1.206540262133326,-0.041921787513575004,0.829092139904094,60.24186539447361,39.63646820482778,49.746414716330094,38.634457135450816,56.94678175772198,35.71131954439963,33.63439398844717,8.88888888888889,35.55555555555556,66.66666666666666,28.888888888888886,82.22222222222221,37.87534121929026,18.23248407643312,30.977707006369428,37.62420382165605,16.888730014298716,28.18303721086155,32.46284501061571,False
RPD,"Rapid7, Inc.",468692855.5019124,859793984.0,57537000.0,23381000.0,604753984.0,968368000.0,474670016.0,,0.00448,0.27118,588.2596750000002,1.281,1.12,123466624.0,153827008.0,14.916666,3.3698347,2.2851064,0.4929727359999999,0.986,14.73,1.265,0.0,0.005,0.39,0.441,0.027190002,0.70337,0.010140001,USD,Technology,Software - Infrastructure,US,5.37,0.905,2613.0,27.1,5.24,7.8678,15.927725,1883495.0,2751900.0,1023724.1035856572,2248670.0,1632411.111111111,50.66145212768329,66.29707205991447,-23.721592121349644,-41.14454539421677,-54.993349027034874,-56.513908578084525,5.369999885559082,-70.30162104427026,-1.990153461204878,-2.523220203510213,-0.2099715808241932,-2.185851046434303,16.755780050364294,0.0009876182870975,685083000.0,39.42483714823496,74.4108938637906,52.33905874357768,0.0,34.96981064770381,31.01925242128032,34.03498899505257,34.96931301316451,32.6539109015873,0.0,70.0,33.81279255131081,40.0,50.0,60.0,40.0,30.0,90.0,75.0,60.0,48.90625,real_sec,329044.769996173,2.719372365368865,6.691951917635191,0.0616073637515219,70.33708019059598,10.110675872502972,0.1588518084034169,14.36002417993192,-64.66541496383309,1.851599469584072,14.305569301691795,19.97813041952969,3.3357695763397,20.572203366189004,1.8309801823813363,2.1824267385001934,20.220332296932494,7.868636894184167,13.83895859501186,14.62584993300166,12.703952138600824,2.828952810269831,20.69112273931826,19.95506665430483,55.891719745222936,14.331210191082802,,0.1789114728209124,6.691951917635191,0.3289379841258458,15.519785708611632,0.27118,-0.5982591059934468,1.2624140447981236,0.1150392651759983,-0.6437502733315259,-0.7769937224213037,-1.2276822921335993,-0.8659518115009146,-0.7770195101656842,-0.8965007770537553,-0.4709457328275546,-0.322541250298692,0.6744907594765952,-0.8265229424942797,-3.0,-0.3372453797382976,0.041494209507233884,-0.6744907594765952,-0.6440224473729895,0.10530024515035424,0.6744907594765952,0.0,-0.4065405993952431,0.3,0.3,-0.6822406616742226,0.44000000000000006,0.44000000000000006,-0.4132411890414439,0.9183333333333332,0.9183333333333332,1.0,0.2,0.45,0.35,39.59997022000215,-1.6018770701429543,1.511944277803332,-0.7422038105250461,-1.0205368696786896,1.0332130761093608,-0.9572224485100972,-0.005360050942831826,-1.2157830484316678,,-0.33602017638719806,0.2011766864417869,-0.8743079862451917,-0.6744907594765952,0.0,-0.2717100265147167,-0.5288843696048279,-0.5703182634694667,21.426237810702442,-0.3709699177121274,33.45094207380539,-0.21360879278136735,-1.3600543586322846,-1.489343814084045,-0.11007314477569438,-2.657460960854087,-1.9949826351685627,-2.1677650523383636,-0.786831575706826,-0.7997084794298697,-2.2455608580251605,31.396749392704148,32.7743840022911,16.304572490037792,80.07831225180252,56.024795425688595,49.375767316919934,35.940684789985475,20.0,20.0,64.44444444444444,100.0,4.444444444444445,41.58325750682439,16.496815286624205,19.84713375796179,22.264331210191084,16.813986741193297,20.841434797184043,24.63198867657466,False
ILMN,"Illumina, Inc.",19476402176.0,4343000064.0,1139000064.0,850000000.0,2964000000.0,2552999936.0,1632999936.0,,0.083900005,0.33359,93.757,2.075,1.582,786000000.0,1079000064.0,23.372477,21.825247,7.1573853,4.4845505,4.696,17.907,0.65,0.0,0.05,0.864,0.786,0.19572,0.68248004,0.19672,USD,Healthcare,Diagnostics & Research,US,127.38,1.493,8600.0,155.53,68.7,127.6084,114.7693,2028111.0,1339600.0,2102184.338645418,1723836.6666666667,1883825.5555555555,44.79801644484096,40.206371965165175,-0.670623988543062,-5.187948294343448,28.277938911063384,55.5691274135951,127.37999725341795,-25.66417362133443,1.226813973808573,2.218408661444928,0.0438980929821011,1.3009693282970205,11.906568631979589,9.135956849901612e-05,4343000000.0,56.76791256763753,44.233409632169874,57.78213415944701,1.0,54.45643580070897,54.6470522524379,47.06281696644884,60.00042861414448,41.153642365756816,0.0,80.0,36.48279394853541,65.0,30.0,80.0,60.0,30.0,90.0,65.0,70.0,51.25,real_sec,505000.0074418605,19.57172432590597,26.22611207034972,0.4687709395642219,68.24775400233565,2.241439677390572,0.4226400669992026,18.098088611955408,-18.099402044621616,4.854994615883632,14.448815668073468,21.21368461235544,5.053247684900132,22.191831205465707,4.244200317766478,4.8567721284883785,21.809805544717637,9.05963375455148,14.558487999056052,14.36006356490616,13.132315703189883,4.751599417727905,21.660534950528906,23.69246942493043,72.92993630573248,51.7515923566879,,0.2484457858852106,26.22611207034972,0.3901098867496573,19.405662272038168,0.33359,0.40011071161584527,-0.2997369356658798,0.38591505752121685,1.553397398691291,0.22857007804716648,0.30057318539623024,-0.1605635603719395,0.5146553455907191,-0.45789110467784677,-0.4709457328275546,0.1513938054858936,1.011736139214893,-0.6830166766070664,0.0,-1.011736139214893,0.6744907594765952,0.0,-0.6440224473729895,0.10530024515035424,0.2890674683471122,0.3372453797382976,1.1538926947604702,0.3,0.3,0.07153709156308591,0.44000000000000006,0.44000000000000006,-0.09270068315374938,0.9183333333333332,0.9183333333333332,1.0,0.25,0.4,0.35,56.76353712509375,0.8385811097944866,2.148396752974229,0.8391052768564736,0.4597070217961937,0.9442829764764664,0.5240947745375576,0.17747095310519378,0.3541581345605029,,-0.00940985905320558,2.614334397492505,1.296895124238337,-0.6744907594765952,-0.6584314556795334,1.1009352230703593,0.36811405489299387,0.13931078906089978,31.869965184054106,-0.6672640727679174,64.01916881567735,0.5938741086865746,0.6555568464007466,-0.9611987130162487,-1.0281300118410603,0.5463109044553978,0.006266550990589511,1.3738458320008604,0.6247154775436606,-0.9946643624286545,0.5785536413331133,49.16066814742425,67.01612765014845,54.639955732612975,47.18440857975237,68.60021609285238,41.042247869165074,55.65047497334469,80.85106382978722,82.97872340425532,85.1063829787234,42.5531914893617,17.02127659574468,76.06915377616015,70.28025477707007,68.63694267515923,67.69108280254777,70.64214220720136,69.48374120013409,69.37367303609342,False
ALGN,"Align Technology, Inc.",12240550912.0,4034963968.0,851347008.0,410351008.0,2816613120.0,114446000.0,1094908032.0,,0.06938,0.103870004,2.826,1.363,1.173,483692384.0,593222976.0,30.19469,13.881318,3.0067503,3.0336208,2.771,13.132,0.65,0.0,0.053,0.356,0.308,0.1017,0.69805,0.22384001,USD,Healthcare,Medical Instruments & Supplies,US,170.6,1.811,20290.0,208.31,122.0,176.8918,159.42125,1254777.0,1103070.0,1075115.737051793,1318640.0,1319018.888888889,46.66441656882175,42.40667633260716,-2.84738031105336,9.33795259771033,32.556340441969,4.037084125173429,170.60000610351562,-39.726822828367744,0.4507114597084484,0.4419407887857058,-0.0717406126104242,-3.449688002543397,48.29177994857548,9.579712691377604e-05,387126000.0,62.0724926882183,60.44470785498549,61.10783251818505,0.0,59.9992663986057,64.60502136480483,28.113249008054275,51.13086886767487,30.067981169963364,0.0,50.0,30.95302783657262,70.0,10.0,50.0,90.0,55.0,87.1,52.5,30.0,48.90625,real_sec,198864.66081813705,10.169880357157131,21.09924685206012,0.4355224090522005,69.80516164054133,0.1344293207406209,5.18343127763312,11.987526724798748,-18.10282751668188,5.145166187053862,14.09239951034914,20.81393620855982,5.343816406619255,22.118263209012596,4.812184355372417,5.181175500298611,21.75880097917083,9.917932716967623,13.887939806254469,14.092112218762043,12.20038480447778,5.0778031679543005,18.55561366273012,23.22802012224973,20.063694267515924,87.10191082802548,,0.1470206377813186,21.09924685206012,0.9053660078259036,19.027260516632182,0.103870004,0.705473662500166,0.5394481739672857,0.5514191354911675,-0.6437502733315259,0.5145954804762992,0.9446585826738668,-1.1865828347413574,0.056961510095212525,-1.0299419095361118,-0.4709457328275546,-0.6731810959831948,0.0,-0.980228538287107,0.6744907594765952,-1.6862268986914881,-0.27500406547744677,1.011736139214893,0.8628557081793109,-0.05976500400425594,-0.1927116455647415,-1.011736139214893,0.4178392541209829,0.3,0.3,-0.27022974802866356,0.44000000000000006,0.44000000000000006,-0.5221294967644285,0.9183333333333332,0.9183333333333332,1.0,0.25,0.4,0.35,46.87551166035944,0.3924030344470657,-0.19427044860321857,-0.043099257011559484,0.07120754895176562,1.0105654439431428,0.13531359895980935,1.717471997989997,0.5823541942151045,,-0.48581493660430425,1.4933233582615035,0.4703619262347974,-0.6744907594765952,-0.6584314556795334,0.15621134924331734,0.8472848785233938,0.11148794353496573,46.01818426149973,-0.6672640727679174,54.1909407160847,-0.1751299838708907,0.45927917114491723,-1.1293134729337555,-1.5246301542335536,0.24377130509827824,0.8147398127318555,1.55581051400137,0.14207459363701325,-1.3269718135836546,0.8657704708226367,43.8951271635899,58.1008504000737,33.98278620169864,62.57395405306089,58.02220376012261,46.93794040787816,51.97022369429422,61.702127659574465,70.2127659574468,68.08510638297872,74.46808510638297,42.5531914893617,60.69153776160146,44.63694267515924,46.15605095541401,46.968152866242036,44.949954504094634,47.04324505531344,48.931351733899504,False
INCY,Incyte Corporation,19091460096.0,5141241856.0,1439769984.0,1286649984.0,2718960128.0,54920000.0,3580603904.0,,0.13571,0.2987,1.1622750000000002,3.316,3.039,609552000.0,1413497984.0,14.965679,11.091802,3.6842308,3.7133946,3.028,10.811,0.65,0.0,0.278,0.436,0.487,0.25026,0.52884996,0.25572002,USD,Healthcare,Biotechnology,US,95.93,0.857,2844.0,112.29,53.56,98.186,90.72375,1849365.0,1717140.0,2152195.6175298803,1671026.6666666667,1916765.5555555555,33.34188138489325,23.944884280804864,-1.438406965520278,-5.413131495648715,11.184517457590015,53.90662199111402,95.93000030517578,-18.332275209380544,1.5060052478070254,2.329270387251152,0.1319002130951158,0.3073340987801383,5.309880737295487,9.619271687236334e-05,3394635000.0,56.21916289999124,54.6549584896942,38.93651012659814,0.0,67.75922923566111,48.67227078501774,60.09064493784511,50.02217389936617,51.13073744197093,0.0,70.0,45.391861573364345,70.0,20.0,40.0,20.0,30.0,90.0,75.0,40.0,48.90625,real_sec,1807750.3009845288,25.026054405482533,28.00432316405696,0.5549308634235434,52.88527955219385,0.0381449819139999,12.125590063430916,11.856123813522458,-14.569418470032948,4.573989068504517,14.466150238689464,21.998797311680192,4.729950902885397,22.360560493651587,3.999301013535207,4.59699687529893,21.723515338642223,7.953318346560431,14.58199956111346,14.328949364392392,14.40759425570754,4.518781342457019,17.82138815707235,23.67250695667281,30.095541401273884,87.10191082802548,,0.2749331822136321,28.00432316405696,0.984598535476002,19.1456178601452,0.2987,0.3685214408347084,0.2397392062411554,-0.5519413843085029,-0.6437502733315259,0.9150310438770843,-0.0858780529703524,0.5448246907570357,-0.00025021934172557377,0.05695461969459193,-0.4709457328275546,3.0,0.6744907594765952,-0.2041753439003346,0.6744907594765952,-1.3489815189531904,-0.5915023404621275,-1.3489815189531904,-0.6440224473729895,0.10530024515035424,0.6744907594765952,-0.6744907594765952,-0.24460884245455605,0.3,0.3,1.1937291946304132,0.44000000000000006,0.44000000000000006,-0.46677761635599,0.9183333333333332,0.9183333333333332,1.0,0.25,0.4,0.35,56.09858079462015,2.430624904053476,1.7925911631855322,1.350902190462941,0.5944548731824348,0.29026840100530954,0.6589403322032091,1.9542827225577108,0.8506023498665696,,0.11500435515176352,3.0,1.2529241529151025,-0.6744907594765952,-0.6584314556795334,1.4739022696393584,1.241844407862735,0.3689920287345687,78.74193579461031,-0.6672640727679174,70.90562262653606,0.6313193952784443,0.5206713393954757,0.07070509498278399,-0.03512972705607261,0.43959948625677003,-0.006266550990589511,0.6468455781411931,0.57599536733696,0.01778768396335569,0.3234268989231531,54.04425945645757,65.1548513532324,58.56591381741113,68.58883478593789,74.90869372702865,53.21181207066703,62.274927275635555,89.36170212765957,80.85106382978722,95.74468085106383,87.2340425531915,97.87234042553192,86.89717925386715,79.64968152866243,84.21974522292994,85.61146496815286,79.8258156765891,84.9145155883339,87.23283793347487,False
BMRN,BioMarin Pharmaceutical Inc.,10673946624.0,3221253120.0,722888000.0,348900992.0,1701089024.0,642873024.0,1560609024.0,,0.05578,0.05941,10.561,5.209,3.253,402657984.0,827993984.0,30.833334,8.241758,1.753333,3.3136008,3.029,13.496,0.65,0.0,0.17,0.184,0.176,0.10831001,0.52808,0.22485,USD,Healthcare,Biotechnology,US,55.5,0.291,3221.0,66.28,50.76,58.3736,56.5309,2186611.0,2022650.0,2095428.486055777,2219146.6666666665,2546208.888888889,34.070566529375505,27.795934260071668,-8.370479974193323,-6.644240054243777,-0.1259667000335418,-18.76463663947504,55.5,-24.677986952082552,-0.3941253264708071,-0.6647168141314679,-0.0659792398557313,-0.2450011238578196,19.834001598711023,0.0001084453340227,1313646000.0,51.28041589117467,59.28675798192722,37.82794400701879,0.0,61.10783251818505,47.34454157003548,55.353252948246464,52.23956383598357,66.65066311608177,0.0,90.0,49.38558154311525,70.0,60.0,70.0,70.0,30.0,89.3,77.5,80.0,48.90625,real_sec,1000078.5842905928,10.831219373409564,22.44120449621792,0.347692799766116,52.808300392115726,0.889312070472881,1.287958824042989,12.500041722893233,-16.264333132166563,4.034240638152395,14.75011649338538,21.16834198266238,4.208863015664693,21.89303628880892,3.946617650192645,4.083849683129449,21.25453448585128,8.07775756373692,14.555269095604883,14.612633746193024,13.815590139088206,4.052322194764656,20.28145778991775,23.091071714377232,84.39490445859873,87.10191082802548,,0.2570409567814404,22.44120449621792,0.7082467612642879,18.571651647726757,0.05941,0.08421800380447918,0.4795063804220589,-0.6071094102984863,-0.6437502733315259,0.571800560962126,-0.1717561059407039,0.28831987216468075,0.11417323953215062,0.8578257464961634,-0.4709457328275546,1.4848868935162087,1.3489815189531904,0.010477667313028155,0.6744907594765952,0.0,0.35799248449191456,0.3372453797382976,-0.6440224473729895,0.06545690914751721,0.770846582258966,0.6744907594765952,-0.4654248746464022,0.3,0.3,0.6711230830699678,0.44000000000000006,0.44000000000000006,0.32851329272569035,0.9183333333333332,0.9183333333333332,1.0,0.25,0.4,0.35,56.394691702420346,-0.025504660813708745,-0.647670217741305,0.018956258959672068,0.1728973369873455,0.28699062452735846,0.23707712272282955,1.1283206356777524,0.5908525590125565,,0.030962604127118567,2.4635218487647697,0.29141263541550255,-0.6744907594765952,-0.6584314556795334,-0.10122393799661407,0.6381367035525448,0.24408167463680228,70.79143242089046,-0.6672640727679174,53.36297479998862,0.5888157530109285,0.22295402640886702,0.005069261301629986,0.8485780735544667,-0.5238646227343838,-0.0747868003934624,0.16579941214981875,0.4058848897098978,0.42682366742804834,-0.1373342833327545,53.86000354646481,59.90421196143026,39.52135302010593,66.39447971231316,51.627696686895206,44.79325565192464,60.066776508205265,59.57446808510638,72.3404255319149,57.446808510638306,82.97872340425532,89.36170212765957,51.478616924476796,68.52866242038218,60.907643312101904,57.219745222929944,68.49733523982843,60.42574589339591,55.7926397735315,False
ALKS,Alkermes plc,5806083584.0,1475899008.0,281120992.0,241664000.0,1279442048.0,69999000.0,588214976.0,,0.06988,0.14716,3.848,3.55,1.697,-363090624.0,520753984.0,24.363638,17.473118,3.171309,3.9339302,3.583,18.81,0.65,0.0,-0.106,-0.67,-0.663,0.16374001,0.86689,0.1511,USD,Healthcare,Drug Manufacturers - Specialty & Generic,US,34.84,0.39,2050.0,36.48,25.17,31.4148,29.7287,2406450.0,3891770.0,1920404.1832669324,2800830.0,2172750.0,36.174089717406126,62.861882732637056,22.89241511037224,23.28379288893729,11.452334924804042,6.707499308914744,34.84000015258789,-22.196792118852706,0.3687048362678388,0.5586528472343745,0.0815475446218052,0.8108505768664723,7.12538875283426,0.0003046290272531,,56.76791256763753,53.49700861663593,74.45298628219015,0.0,41.15364236575682,32.07565559773953,51.80020895604748,24.7299491039018,55.56500192028831,0.0,50.0,43.24139697426771,70.0,80.0,80.0,70.0,30.0,100.0,62.5,70.0,48.90625,real_yahoo,719950.7356097561,16.374020084713006,19.04744094793781,0.1593042952996979,86.6889970834644,0.2489995482087655,7.439448906412949,-24.60131906261164,-4.495614035087703,3.57906458810673,14.591504664545832,20.192603046187752,3.6238074573702215,21.112533138697074,3.2646137165420543,3.478615108624892,20.969689920627506,7.62608275807238,14.468046754691173,14.84542671682755,13.48693945487003,3.425197071310036,18.063991528483225,22.48217209875938,72.92993630573248,87.10191082802548,,0.3528384944886418,19.04744094793781,0.893653124132387,18.01881240089804,0.14716,0.40011071161584527,0.17979741269592864,1.215543518051521,-0.6437502733315259,-0.45789088778275144,-1.159353715099747,0.0959412582204146,-1.3053990323319449,0.2857749416378979,-0.4709457328275546,0.7303631321399761,0.0,-0.3197577345536835,0.6744907594765952,0.6744907594765952,0.6744907594765952,0.3372453797382976,-0.6440224473729895,0.6744907594765952,0.1927116455647415,0.3372453797382976,0.19702322192913668,0.3,0.3,-0.07932396714262373,0.44000000000000006,0.44000000000000006,0.40416323280282324,0.9183333333333332,0.9183333333333332,1.0,0.25,0.4,0.35,54.1255958934304,0.40776728794930006,0.2471976671528819,0.5390546496681901,-0.08427255013235552,1.7293297700604644,-0.02027923945074693,1.6824644505028308,-0.029702499762379823,,0.48093417660000404,0.4377257827259831,-0.26463118846905004,-0.6744907594765952,-0.6584314556795334,0.427630635688759,0.7459554210283631,0.10835254424504909,53.294790724416785,-0.6672640727679174,50.70405294094112,0.4577686107530516,-0.06380469129661687,-0.18440420218187145,0.6940072745077468,3.0,1.5909284341301186,0.6582361219935526,0.19698195972821736,0.25480153616293766,1.7338422102501132,55.8021505627423,51.7378601882734,48.42445088221406,56.9400651300176,25.96780163602539,44.70585798479689,54.17837446172451,53.191489361702125,57.446808510638306,8.51063829787234,63.829787234042556,59.57446808510638,33.803457688808,59.019108280254784,50.060509554140125,47.54777070063695,58.715715585597295,48.80657056654374,44.62137296532202,False
IONS,"Ionis Pharmaceuticals, Inc.",12354710528.0,943710976.0,-369236992.0,-381387008.0,18484912.175540503,2615865088.0,2680448000.0,,-0.07309,-0.7025134,534.844,3.826,3.514,-154724496.0,-268583008.0,31.390041,-1.0128824839999988,24.97162,12.902124324999992,13.023,-33.285,0.65,0.0,-0.103,0.184,0.176,0.0,0.01291,0.0,USD,Healthcare,Biotechnology,US,74.79,0.4,1402.0,86.74,23.95,78.5818,66.27495,2356780.0,2314420.0,1839689.442231076,2462446.6666666665,2201793.333333333,45.267279451697,35.814533025729936,-0.4922867596513502,-6.125263418570215,9.34210416242578,160.50157889408055,74.79000091552734,-19.445086352397944,2.2621389008400743,4.0241803933493605,0.1454294065906695,3.071666749175387,43.96621024106201,0.0002574257892272,4769507000.0,22.174429497363672,24.600393791149223,26.742282811225337,0.0,24.60039379114924,22.117686485372595,49.43151296124816,25.63088459657477,58.89070027902635,0.0,70.0,47.54232617246099,70.0,70.0,50.0,40.0,30.0,90.0,75.0,60.0,48.90625,real_sec,673117.6718972896,-40.4135394945327,-28.041650293848154,0.1018614493155551,1.961718021168944,-7.084515215636899,-0.0586627255992777,-16.395326528447626,-13.776804242563967,4.327966357823938,14.604783191963268,21.70924978205098,4.474377895738068,20.665330508798448,3.2168738221975275,4.376785423491412,16.732465453319413,7.246368080102461,14.425107877513687,14.716666399687492,13.419676925767508,4.208787953394559,21.68486069772833,23.237303246650757,55.891719745222936,87.10191082802548,,-0.2845607706902544,-39.08480973256265,0.5060969688655989,18.73979152741536,-0.70795,-1.5912944197198036,-1.31604878956718,-1.1587896701983216,-0.6437502733315259,-1.3120843366783752,-1.803439112377384,-0.03231115107576245,-1.2589082669543672,0.45739018309537743,-0.4709457328275546,0.6042183751816496,0.6744907594765952,-0.08859295324698531,0.6744907594765952,0.3372453797382976,-0.27500406547744677,-0.6744907594765952,-0.6440224473729895,0.10530024515035424,0.6744907594765952,0.0,-1.716715723733531,0.3,0.3,-0.3478900324279626,0.44000000000000006,0.44000000000000006,0.13121204950334084,0.9183333333333332,0.9183333333333332,1.0,0.25,0.4,0.35,39.82123642649436,-3.0,-3.0,-3.0,-3.0,-1.9061260414632855,-3.0,0.524133943306251,-1.3011041184863514,,-2.5130002867494556,3.0,0.48340209373586007,-0.6744907594765952,-0.6584314556795334,-2.8906126041463294,-1.4141397255121873,-1.1486917190819046,49.45963988056387,-0.6672640727679174,18.707376146742128,0.39733451113207185,0.3101684862563539,-1.0034672687895456,0.6783940624828255,0.5710973599816351,-0.04590193214821373,0.5684859041025792,0.35375149869421285,-0.16253660315336005,0.3235142063659788,51.127750428277885,21.595113629448417,56.65576864421276,45.15359237945461,23.527260163337964,50.37059289283497,39.457369345522594,2.127659574468085,2.127659574468085,4.25531914893617,38.297872340425535,51.06382978723404,33.962693357597814,20.828025477707005,25.041401273885352,28.19426751592357,19.97270245677889,23.05732484076433,24.355980184005656,False
EXAS,Exact Sciences Corporation,20026083328.0,3246990080.0,71456000.0,-207948992.0,2262839040.0,2534827008.0,964710976.0,,-0.01592,-0.08659001,105.572,2.427,1.97,281868512.0,491438016.0,31.390041,55.215794,8.336778,6.167584,6.651,60.639199999999946,0.65,0.0,0.231,0.184,0.176,0.0,0.6969,0.0,USD,Healthcare,Diagnostics & Research,US,104.91,1.442,7100.0,104.98,38.8118,103.1134,75.67735,2473639.0,3743537.0,3031371.139676113,2463000.533333333,4394429.855555556,51.85339632102104,4.69119578224633,1.4603502069122865,3.0347711417664014,95.87378822291306,129.964941074967,104.91000366210938,-29.5626746596657,2.1585489932363666,4.0241803933493605,0.1261959757010103,1.4603295541668917,20.919344212803573,0.0001535469397728,1036000.0,38.842090091192176,37.28571039382033,59.9992663986057,0.0,25.633716691645983,36.05884324268629,43.509772974249856,45.58739402613137,44.47934072449485,0.0,80.0,39.55488623295918,70.0,70.0,60.0,90.0,30.0,40.0,45.0,80.0,48.90625,real_sec,457322.5464788733,-6.404361789734818,2.200684271878034,0.3504707732275336,69.69035889385901,10.110675872502972,0.1938743805589119,8.680916943238707,-0.3857332041674491,4.6625896768555775,15.295848582548691,20.68733910874299,4.663250397064616,21.90099427524262,3.684163350760227,4.645480689719233,21.5398860746873,8.867990898182093,14.924525926357568,14.716891299649513,13.033146398543344,4.339606358373167,21.653391230635396,23.72030142726401,84.39490445859873,87.10191082802548,,0.1513518686204301,2.200684271878034,0.2756680968775563,19.57762843936173,-0.08659001,-0.6318054672346178,-0.6593876969372361,0.49625110950118373,-0.6437502733315259,-1.2587620145843226,-0.9017195561886929,-0.35294217431620567,-0.2290971370894787,-0.2862758632203676,-0.4709457328275546,0.022974666339009672,1.011736139214893,-0.5178989756737108,0.6744907594765952,0.3372453797382976,0.041494209507233884,1.011736139214893,-0.6440224473729895,-2.74065232648085,-0.4817791139118537,0.6744907594765952,-1.0542676271579923,0.3,0.3,-0.44677347608123563,0.44000000000000006,0.44000000000000006,0.11967500828636268,0.9183333333333332,0.9183333333333332,1.0,0.25,0.4,0.35,42.38279039522298,-2.2287386130341162,-2.136567313390651,-1.59831242753608,-1.3608725404030315,1.0056698091703704,-1.2978048981759585,-0.16457345699011697,-1.3011041184863514,,-0.46547066891159145,1.2220828211591708,1.3596838278571115,-0.6744907594765952,-0.6584314556795334,-1.5825964942769775,-0.7878507496423299,-0.6368093146224384,52.30695401230318,-0.6672640727679174,29.26700481745224,1.2895904918320358,0.7447560085682441,-1.5967074009823623,-0.948502630513962,0.8424874092237082,0.4639213878435423,3.0,1.0171732502001398,-1.272605015748162,1.3383147779045292,52.72487872270646,54.86884084536834,54.34400118738873,30.40872727648243,50.64721370175775,53.216790393271225,37.24921857809231,17.02127659574468,63.829787234042556,55.319148936170215,12.76595744680851,57.446808510638306,46.2238398544131,31.168789808917197,36.81847133757962,39.87579617834395,30.414012738853504,35.16929265839758,36.73389950460013,False
TECH,Bio-Techne Corp,8312364032.0,1215577984.0,330536992.0,81060000.0,809633984.0,350895008.0,179544992.0,,0.06518,0.03966,17.449,4.539,2.593,260637504.0,249316992.0,90.11539274999996,24.439274,4.1182857,6.8381987,6.979,25.666,0.6,0.6038,-0.004,0.091,0.089,0.06672,0.66605,0.1967,USD,Healthcare,Biotechnology,US,53.13,1.486,3100.0,72.16,46.01,58.0788,57.709,2435201.0,2004020.0,1696641.8326693226,2347136.6666666665,2197138.888888889,41.15527267268602,40.22811298209709,-4.9382686557058575,-10.81059152606193,-14.199945012407934,-8.462028962037238,53.130001068115234,-31.527494212995165,0.0610325540762287,0.0928355689001537,-0.0134998593409677,0.4789144225778316,4.159930744744539,0.0001927975550998,134332000.0,53.29249800587771,33.81186077464555,52.23930356155028,0.0,53.34786968112963,42.03362471010645,38.77238098465122,66.65259842399668,72.1934937139785,0.0,90.0,30.338609379687863,70.0,0.0,90.0,30.0,30.0,100.0,47.5,20.0,51.25,real_sec,392121.9303225806,6.668432718175982,27.19175539131844,0.1312059924651345,66.60485749633321,1.0615907341469362,0.7105173522445779,21.44144657361613,-26.37195121951219,3.991388560808887,14.602667022024702,19.00593639186491,4.292648823522665,20.91848550844476,3.850360345036039,4.0788721460147865,20.512092833136208,8.03947991910045,14.344162052217287,14.668707129553786,12.879330667372784,4.072593037057588,19.67599761702681,22.84100988586228,13.694267515923569,99.68152866242038,,0.2051016021033826,27.19175539131844,0.3384831309855968,18.31690321437426,0.015713292,0.20004533000197963,-0.8392130775729146,0.11007492757129911,-0.6437502733315259,0.17136499756134044,-0.5152683178221104,-0.6094469929085597,0.8579257222123484,1.1438511489252958,-0.4709457328275546,-0.15264305384826327,1.3489815189531904,-1.0132520784737784,0.6744907594765952,-2.023472278429786,0.9909890344612758,-1.011736139214893,-0.6440224473729895,0.6744907594765952,-0.385423291129483,-1.3489815189531904,-0.7598462509021973,0.3,0.3,-0.009852603758424219,0.44000000000000006,0.44000000000000006,-0.3549240475332077,0.9183333333333332,0.9183333333333332,1.0,0.25,0.4,0.35,44.10974136673682,0.26334330502829717,-0.8490792288713357,-0.37165108072596237,0.5328807654346596,0.8743390850486024,0.5973215767900785,0.023168549759458975,0.35398984844286907,,-0.21300225819685012,-0.41365956624659067,0.02165496062379904,1.2713167457452426,-0.7119624683364061,-0.026754135514159953,0.3389527146262997,0.08834537482793509,60.529016767628214,0.3788410994085007,46.674341846957205,0.29022949690725225,0.09081555305573386,-0.6330809708299407,-1.0172007634236153,-0.0468338102056396,-0.30667491452922524,-0.43278091501063654,0.19052252498149305,-0.825140867126778,-0.26655438337657295,44.39760082057094,52.64389002491315,46.243626634785976,31.388353070872576,32.11415957713989,42.31350067208793,52.70627395010431,44.680851063829785,59.57446808510638,17.02127659574468,14.893617021276595,76.59574468085107,40.17288444040037,35.939490445859875,37.117834394904456,36.56369426751593,36.02300792928637,37.39523969158565,37.08775654635527,False
DXCM,"DexCom, Inc.",24266811392.0,4662000128.0,1163600000.0,836300032.0,2801900032.0,1396400000.0,1998700032.0,,0.088870004,0.34497002,50.852,1.883,1.535,719537472.0,1440700032.0,29.770336,20.801365,8.719171,5.205236,5.007,20.062,0.65,0.0,0.131,0.78,0.762,0.17939,0.60101,0.25643,USD,Healthcare,Medical Devices,US,62.22,1.556,11000.0,89.98,54.11,69.3988,71.64195,5040203.0,3887100.0,4476829.083665338,4000936.6666666665,4901730.0,49.79242025770369,27.99363002418706,-11.98189408427842,-6.492334889367479,-6.351597028348643,-8.687992694412404,62.220001220703125,-38.74678778028843,0.0376285161235872,0.0472653999117649,-0.1038833940817125,-3.449688002543397,57.90690551505416,5.033540067794973e-05,221000000.0,60.24332712939733,41.91750988605336,45.58790684407421,1.0,68.86779535524047,64.60502136480483,42.3254249768502,55.56564874090967,40.04507624617747,0.0,40.0,38.32604931918967,70.0,70.0,40.0,80.0,30.0,90.0,80.0,60.0,48.90625,real_sec,423818.1934545455,17.938653132529474,24.959244273963265,0.5032028892576785,60.10081413708619,1.2000687521485047,1.0317244571755944,15.434093784735309,-30.85130028895311,4.146620706787472,15.40509896600348,21.415762822675504,4.510639702141858,22.262710405230504,4.009331187895144,4.254176217564176,21.75356360720837,9.305741456739437,15.314425783334524,15.202039308279538,12.957062212735009,4.285542578646381,21.057163333911284,23.91237546746041,55.891719745222936,87.10191082802548,,0.3090304574097172,24.959244273963265,0.5887013676067144,19.44510205502169,0.34497002,0.6001760932297098,-0.4196205227563319,-0.22093322836860171,1.553397398691291,0.9722361243629118,0.9446585826738668,-0.417068378964294,0.2858084278429657,-0.5150961851636732,-0.4709457328275546,-0.06726923688389158,-0.3372453797382976,-0.583946056047053,0.6744907594765952,0.3372453797382976,-0.5915023404621275,0.6744907594765952,-0.6440224473729895,0.10530024515035424,0.8672024050413367,0.0,1.0066820066325726,0.3,0.3,0.162596524902975,0.44000000000000006,0.44000000000000006,-0.01735349140023002,0.9183333333333332,0.9183333333333332,1.0,0.25,0.4,0.35,57.309194579503874,0.9913017588781893,2.2644493390420757,0.6858690802428271,0.36370733190695603,0.5974590105954481,0.4280254748369045,0.7710225394236264,0.8565763387564548,,0.27516300749538997,3.0,1.8440915914660678,-0.6744907594765952,-0.6584314556795334,1.083598957969568,0.5823741539009294,0.4114212873764294,46.728780119069874,-0.6672640727679174,67.19255491705869,2.371858095790218,0.6760143332015004,-1.4110663416893923,-1.1264932475980636,-1.0258021922634253,-0.06633216029674603,-0.09898285168430884,1.5239362144958593,-1.268779794643728,-0.3639683773030187,52.714463604886895,62.193208495203635,30.952584744841968,42.437388276512365,72.73702713907359,42.85060053608024,57.12257548496489,85.1063829787234,74.46808510638297,91.48936170212765,31.914893617021278,44.680851063829785,75.95541401273886,68.40445859872612,63.85031847133759,61.11783439490446,68.41609255167036,63.64063023801543,60.3715498938429,False
VEEV,Veeva Systems Inc.,28599154688.0,3195311104.0,984968000.0,908905984.0,2413292032.0,95859000.0,6560814080.0,,0.07254,0.13933,1.329,4.885,4.600999999999992,1048066496.0,1415224960.0,31.922935,17.59624,3.9494236,8.950351,6.87,22.286,0.65,0.0,0.16,0.232,0.248,0.28445,0.75526,0.29413,USD,Healthcare,Health Information Services,US,173.98,1.103,7928.0,310.5,168.14,187.5056,249.31935,2181549.0,1924360.0,1312465.3386454184,2099416.6666666665,2028940.0,34.13186419348096,33.96002823870432,-11.261859688872,-20.734433744885205,-42.158984412690096,-23.201200280873813,173.97999572753906,-43.83449650331461,-0.5585319785287086,-0.8367305913839016,-0.021455863126356,1.212893642163092,14.767831216799763,4.932301216278637e-05,,71.58415359408724,30.33801115547078,65.54209699650242,1.0,71.08492759439915,63.94115675731369,39.95672898205088,67.76129339230538,65.54209699650241,1.0,60.0,43.85581543115246,70.0,0.0,70.0,90.0,55.0,88.889,90.0,30.0,48.90625,real_yahoo,403041.25933400606,28.44499187769856,30.825417868294053,0.344892693149652,75.52604279999397,0.0973219434540005,12.125590063430916,32.800139388242805,-43.96779388083736,5.164671681678119,14.523024540021442,22.60438052991634,5.741399338227508,21.884950292492483,5.130726774354076,5.239127714669596,21.6042576411317,8.978282203272398,14.087418626372685,14.557170562651155,12.90679669730218,5.522737502681001,18.37838893019351,24.07664299800675,20.063694267515924,87.10191082802548,,0.4429067824501886,30.825417868294053,0.984598535476002,19.246358218906867,0.13933,1.253021022706533,-1.0190384582085927,0.7720912394511011,1.553397398691291,1.086646285334564,0.9017195561886907,-0.545320788260471,0.9151374516492866,0.8006206660103359,2.1233869006435357,-0.12323186450666977,0.3372453797382976,-0.2867341943670126,0.6744907594765952,-2.023472278429786,0.35799248449191456,1.011736139214893,0.8628557081793109,0.04206317900870864,1.2526256961708195,-1.011736139214893,1.3747087269523164,0.3,0.3,0.5167213660083498,0.44000000000000006,0.44000000000000006,-0.3082980688166783,0.9183333333333332,0.9183333333333332,1.0,0.25,0.4,0.35,60.07658977997681,0.4895051165811867,0.16734791742386212,1.6717118262137538,0.8082295208034539,1.2541126312042894,0.8728699887927308,1.9542827225577108,1.1737956704963206,,0.903994832792123,3.0,2.3389643339597526,-0.6744907594765952,-0.6584314556795334,0.7856127910251328,1.359505718986972,0.695516976396559,77.5499671264749,-0.6672640727679174,69.64359126425697,0.0025824052618068903,0.5729255457771653,-0.0004520853550627365,-0.4192147428691338,-0.9257271791547529,-0.8590097505769302,-1.6219067314543245,0.28775397551948606,-0.20983341411209827,-1.1078940734134952,46.703931880301326,71.36611788331656,42.65595820692358,38.27220147009002,62.33303777684469,50.43079255790304,58.59467599658508,87.2340425531915,89.36170212765957,74.46808510638297,23.404255319148938,95.74468085106383,64.71792538671521,75.47770700636943,69.671974522293,64.68471337579618,76.16664500194985,71.14314448541738,67.23637650389243,False
TFX,Teleflex Incorporated,5207267840.0,1992712960.0,469188000.0,58530000.0,1123453952.0,2822424064.0,404824000.0,,0.025940001,0.01581,90.324,2.544,0.985,12825875.0,340676992.0,89.9313,11.619489,1.6662422,2.613155,3.826,16.251,1.15,1.0382,0.103,0.184,0.176,0.0,0.56378,0.40557,USD,Healthcare,Medical Instruments & Supplies,US,117.81,0.835,15500.0,138.93,100.18,110.2804,117.71505,985240.0,828050.0,648997.0119521912,901310.0,885087.7777777778,37.479464767286935,36.72284567133432,0.4947554825496247,-3.4708527658438126,-5.561846026636886,-15.710352550956408,117.80999755859376,-28.41724619832292,-0.2206563232360956,-0.2884530337937612,-0.0869360272430503,-2.3439248439370104,19.98506203523877,0.0001681216417951,,61.70665957645409,63.91855747416026,41.15364236575683,0.0,74.41062595313718,69.25207361724273,25.74455301325496,63.32651351907057,73.30205983355785,0.0,50.0,38.32604931918967,70.0,60.0,90.0,60.0,30.0,100.0,42.5,80.0,48.90625,real_yahoo,128562.1264516129,2.9372017533323014,23.545187361053745,0.215087707293435,56.37811238001884,6.015550406233748,0.120703687424343,0.6436388610630605,-15.201900237529696,4.777525578470196,13.69344323283216,19.818962965187797,4.941142297567622,21.412762844222136,4.61690110886379,4.712053142145032,20.839673663435985,9.648659816955297,13.383184932433757,13.71160564906339,11.76417531912326,4.776726083805885,21.7608619501718,22.373321148444543,84.39490445859873,87.10191082802548,,0.1709613972701818,23.545187361053745,0.1254393811606296,18.152256561932845,0.0,0.6844141486460741,0.7192735546029638,-0.4416053323285357,-0.6437502733315259,1.2582615267920434,1.2452317680700975,-1.3148352440375344,0.6862905339015334,1.2010562294111224,-0.4709457328275546,-0.8625408219594162,0.0,-0.583946056047053,0.6744907594765952,0.0,0.9909890344612758,0.0,-0.6440224473729895,0.6744907594765952,-0.5781349366942244,0.6744907594765952,0.12341787786518785,0.3,0.3,0.09450238108275565,0.44000000000000006,0.44000000000000006,0.2301664170417459,0.9183333333333332,0.9183333333333332,1.0,0.25,0.4,0.35,53.92050305295501,-0.9424432790985484,-1.0922997309194993,-0.7217641952421501,0.25655406341891834,0.43896815616908036,0.3207945090269213,-0.6135780776291296,2.111485917952306,,-0.3733625557683288,0.05566593929940814,-0.3330324136801918,2.6712153550005695,-0.12312132911080707,-0.5578309632522502,-0.09967315496830159,0.7512537282388402,30.43848740226343,1.4137638471504501,48.68450746076397,-0.49418076880240924,0.005413036502438563,-0.3019849986538259,-0.0007806606012459733,0.7082828416159135,0.10183555101088122,-0.06539395432440039,-0.24438386614998533,-0.15138282962753594,0.23360088659180642,45.96088706577525,33.789439363033665,34.56701006111476,53.80516166801206,45.84756852655135,56.49925177967458,59.33072625239517,48.93617021276596,23.404255319148938,46.808510638297875,57.446808510638306,12.76595744680851,48.93084622383986,52.72611464968152,42.09235668789809,36.25796178343949,53.02222799948005,42.296345960442515,36.040339702760086,False
STE,STERIS plc (Ireland),21465733120.0,5828015104.0,1574845952.0,708524032.0,2583096064.0,2053699968.0,423700000.0,,0.06606,0.10468,28.651,2.479,1.533,870695744.0,1266786944.0,30.503487,19.741398,2.998862,3.683198,3.962,14.664,1.12,0.33470002,0.092,0.121,0.112,0.12144,0.44322,0.18494,USD,Healthcare,Medical Devices,US,218.71,1.07,17787.0,269.44,204.9,239.5204,244.47415,833173.0,813090.0,603273.3067729083,917320.0,758273.3333333334,23.220299239594176,23.61481702026074,-8.301533792707062,-12.30754039157903,-9.543635632491188,-3.170470186035057,218.7100067138672,-20.755610655621947,0.0320465529111333,0.0491243321357234,0.0159615933581535,0.799660754881399,7.254523339971106,7.747033108168213e-05,5459515000.0,42.50042120883409,55.81290836275245,33.39367952870141,1.0,51.13073744197093,57.96637528989354,31.66629300025325,69.97868332892277,63.324964757343736,1.0,60.0,43.85581543115246,70.0,40.0,20.0,20.0,30.0,90.0,37.5,30.0,48.90625,real_sec,327655.8781132288,12.157209948095565,27.021995034280543,0.6290591931468497,44.32205507201101,1.3040640358454565,0.616831554627555,14.93983334741886,-18.82793942992874,5.392308494968279,13.538800516474527,19.86453621795695,5.600050262222477,22.485942317074223,5.327390614033744,5.482804909233348,21.672254541619026,9.786279351630586,13.31012727570978,13.729212744509438,12.69972223650499,5.503191646374952,21.44290886621561,23.7897236922908,20.063694267515924,87.10191082802548,,0.2173616439549982,27.021995034280543,0.171026077933654,18.697872277041224,0.0696436019064,-0.4212103286937067,0.29968099978638113,-0.8277815142584203,1.553397398691291,0.05695483658968691,0.5152683178221089,-0.9942042207970918,1.0295609105231627,0.6862105050386837,2.1233869006435357,-0.3262822276152955,0.3372453797382976,-0.2867341943670126,0.6744907594765952,-0.6744907594765952,-1.2244988904314889,-1.3489815189531904,-0.6440224473729895,0.10530024515035424,-0.770846582258966,-1.011736139214893,0.7858659744407264,0.3,0.3,0.1701283280114729,0.44000000000000006,0.44000000000000006,-0.5395497598730021,0.9183333333333332,0.9183333333333332,1.0,0.25,0.4,0.35,52.37673018000115,0.2903843911922294,-0.1860101704574323,0.14337811713372778,0.5200168015091348,-0.07426465096610198,0.5844482851458501,-0.4773282442129523,0.2550376112741468,,-0.15541549299818513,0.09499045657838281,1.5241314240241313,0.4041144258726913,-0.15523993670493044,0.15134607381566162,0.10664884693438909,0.06316117126011245,56.43039059221273,0.15240496271276152,49.823865321246956,-0.528415791034811,0.2884248952334348,0.9823999295893168,-0.367691143186894,-0.5142820388188808,-0.38999113298329346,-0.2347434354772008,-0.11999544790068808,0.3073543932012114,-0.3807040954821419,48.147260004530274,53.903318609038706,49.36495563081632,55.78872506154408,42.966259233050735,41.46138797675812,51.23417343848412,51.06382978723404,61.702127659574465,40.42553191489361,61.702127659574465,68.08510638297872,47.952684258416745,56.64331210191082,51.535031847133766,49.29936305732484,56.81788639022488,51.71639289306068,49.433828733191795,False
BIO,"Bio-Rad Laboratories, Inc.",7560398336.0,2583200000.0,431600000.0,759900032.0,1343600000.0,1384800000.0,1540700032.0,,0.01669,0.108380005,18.579,5.621,3.894,256550000.0,532200000.0,10.22557575,24.698751,1.0138761,2.9267569,2.865,17.148,0.65,0.0,0.039,0.184,0.176,0.29417,0.52013,0.088719994,USD,Healthcare,Medical Devices,US,279.99,1.158,7450.0,343.12,211.43,279.6512,288.27505,291413.0,361250.0,272949.80079681275,302036.6666666667,251496.66666666663,39.29910697512053,27.38371490481546,0.3440459661247619,-8.281193595537061,-4.842985478843054,14.039583480807403,279.989990234375,-24.48565193271707,0.5691852495279797,0.9050857322446544,-0.0013603254767426,0.6800351807439221,8.055469713241706,0.0002380786059771,2583200000.0,33.903343082375606,62.760607601102,36.71937788743945,1.0,35.61081176786009,42.03362471010645,34.03498899505258,46.69608899444008,67.75922923566111,1.0,10.0,32.79628320722688,70.0,40.0,0.0,60.0,80.0,90.0,30.0,10.0,48.90625,real_sec,346738.25503355707,29.41700340662744,16.707959120470733,0.2788231805750896,52.01300712294829,3.2085264133456906,0.3843154246100519,9.931480334468876,-18.39881091163441,5.638319081511895,12.435188990811564,21.15550271697084,5.840990433753148,21.672294777795457,5.358612522331792,5.637112617167416,21.01861841644668,8.916103530553727,12.517046841064596,12.618307012641418,12.756328350050396,5.667377965608294,21.0488215625484,22.746189715829143,7.643312101910828,87.10191082802548,,0.2060235366986683,16.707959120470733,0.5266450231233496,18.15179707872476,0.108380005,-0.916108904264847,0.6593317610577378,-0.6622774362884697,1.553397398691291,-0.7439162902118841,-0.5152683178221104,-0.8659518115009143,-0.17188540765253987,0.9150308269819893,2.1233869006435357,-0.27488388618752285,-1.3489815189531904,-0.8811579177270937,0.6744907594765952,-0.6744907594765952,-1.8574954404008501,0.0,2.369733863731611,0.10530024515035424,-1.0599140506060782,-1.6862268986914881,0.49144459818493136,0.3,0.3,-0.1416137489647514,0.44000000000000006,0.44000000000000006,-0.7514811432840237,0.9183333333333332,0.9183333333333332,1.0,0.25,0.4,0.35,46.65665472398895,-1.2266819996183913,-0.14827779839534772,1.7629187193129563,-0.2615519241751352,0.2531468884894959,-0.19768715957330243,0.5855481094517961,-0.5545869511482904,,-0.20867182998870765,2.4220452912361106,-0.06424020068169425,-0.6744907594765952,-0.6584314556795334,-0.018151901626920947,0.15476871148799193,-0.27400273795649305,65.06291735384441,-0.6672640727679174,45.87464410135492,-0.7757411669341461,0.00517470173095874,-0.4658880701202184,-0.5050874090062002,0.6873362633301543,-0.16589530916569736,-0.03482009863621567,-0.3852832326015937,-0.4854877395632093,0.12939672574190264,42.56235049955754,41.54077244028443,48.752674622668806,69.67587612691896,47.610149179685216,43.10328264604568,41.66552011295288,42.5531914893617,38.297872340425535,48.93617021276596,89.36170212765957,82.97872340425532,42.675159235668794,42.92993630573248,43.89808917197452,44.39808917197452,43.31860132588068,44.95139121689575,46.67728237791933,False
HOLX,"Hologic, Inc.",16888477696.0,4126500096.0,1350700032.0,543800000.0,2491500032.0,2520300032.0,2366599936.0,,0.07434,0.108559996,48.051,4.04,3.102,848612480.0,1097699968.0,31.390041,15.590063,3.2172325,4.092688,4.13,12.617,0.65,0.0,0.025,-0.092,-0.109,0.13178,0.60378,0.22990999,USD,Healthcare,Medical Instruments & Supplies,US,75.65,0.703,7070.0,75.78,51.9,75.2674,71.2183,2812201.0,2785520.0,2379972.310756972,3041866.6666666665,2816687.777777778,23.05935302080297,4.69119578224633,-0.1320111869585361,1.4619152400435098,11.397434025008144,24.91743693923212,75.6500015258789,-14.524232912842672,0.9602722074858197,1.4786451802694405,0.0055251736557012,1.3156396908405972,26.27499474450696,6.0714325770705966e-05,4100500000.0,56.40207945587333,48.8652091244029,46.69647296365356,1.0,62.21639863776439,56.638646074911286,48.2471649638485,64.43520848737927,61.10783251818504,0.0,50.0,47.54232617246099,70.0,40.0,30.0,30.0,30.0,90.0,42.5,40.0,48.90625,real_sec,583663.3799151344,13.178237909824103,32.73233976922219,0.4454025555164652,60.37804371833462,1.8659213535874115,0.4355433694649891,20.56494511711263,-0.3857332041674491,4.339249605317823,14.851072560733057,21.584720136294266,4.340944189572651,22.140695450503618,3.968403338864253,4.334245586175921,21.636150788930767,8.863757191604241,14.682599831617122,14.92798224877317,13.277081404685523,4.27969347638644,21.647643792096865,23.54989743327192,30.095541401273884,87.10191082802548,,0.2660123451987919,32.73233976922219,0.4842742743859659,19.008716857232788,0.108559996,0.3790511977617535,-0.05996976148497558,-0.16576520237861797,1.553397398691291,0.6290056414479523,0.42939026485175746,-0.09643735572385116,0.7435022633384716,0.5718003440670306,-0.4709457328275546,0.3632734310232261,0.0,-0.08859295324698531,0.6744907594765952,-0.6744907594765952,-0.9080006154468081,-1.011736139214893,-0.6440224473729895,0.10530024515035424,-0.5781349366942244,-0.6744907594765952,1.0802873506965214,0.3,0.3,0.3583619894778038,0.44000000000000006,0.44000000000000006,-0.44639659239573665,0.9183333333333332,0.9183333333333332,1.0,0.25,0.4,0.35,56.186971433263686,0.5448164291892307,-0.14644226374611702,0.23918437599496928,0.9527307163143497,0.6092511047872565,1.0174759627771863,0.45891012368303186,0.6334288626308697,,0.07310220238860109,3.0,1.001282981505652,-0.6744907594765952,-0.6584314556795334,0.3989016703013679,0.7661213351848168,0.2716470956494981,72.34895014484337,-0.6672640727679174,61.70195322782426,0.8018641953132768,0.44966054145926976,0.99689705407193,0.2053137381277137,0.6211707771544592,0.3763803843240617,0.6559011319977006,0.6257623683862733,0.6011053960998218,0.5336737264752727,58.406438015403594,64.50845537021605,55.26234384766934,55.065848940091,35.24171748743588,48.92445984770173,57.85862574077498,76.59574468085107,78.72340425531915,21.27659574468085,59.57446808510638,91.48936170212765,46.97452229299363,71.46815286624202,67.56369426751593,66.95541401273884,71.25633692967635,66.81193429433456,65.30077848549186,False
NTRA,"Natera, Inc.",29477263360.0,2306113024.0,-271427008.0,-208160000.0,1493180032.0,214376992.0,1076140032.0,,-0.0950006,-0.14317,12.519,3.393,3.111,141016496.0,215300992.0,31.390041,-1.0128824839999988,16.966877,12.782228,12.409,-94.4455,0.65,0.0,0.398,0.184,0.176,0.0,0.64749,0.0,USD,Healthcare,Diagnostics & Research,US,207.98,1.68,6135.0,256.36,125.38,208.6651,192.67418,1207434.0,1136640.0,1331458.565737052,1257146.6666666667,1215547.7777777778,43.61083044425036,48.65543940550432,5.4986285743388486,-9.115539653982086,29.81710692952433,45.23743027921348,207.97999572753903,-28.203617028856986,1.1487406771051842,1.7470725130120492,0.1987891374640834,0.7680479156990155,6.232999401757681,0.0001047680624868,53765000.0,35.915425197078655,26.86416153629601,51.130737441970936,0.0,27.85084893080468,34.06724942021291,37.58803298725156,40.04391918458787,54.45643580070897,0.0,20.0,38.94046777607443,70.0,50.0,20.0,90.0,30.0,90.0,67.5,40.0,48.90625,real_sec,375894.5434392828,-9.026443970163363,-11.769891812553244,0.2489152090884632,64.74877928619685,-0.7898145198579501,1.0043101640310357,6.114899596525587,-18.87189889218288,5.342238553605965,14.010706201737973,20.796646432411556,5.550475882930771,21.55882927103535,4.83929324134531,5.345511495826353,21.12417393296245,8.721928343047091,14.101786316322563,14.04435595614338,12.837066573773775,5.266177262612011,19.183246672634265,24.106885069598977,30.095541401273884,87.10191082802548,,0.0933609887110199,-11.769891812553244,0.8338828639892472,19.439227490110085,-0.14317,-0.8002815780673462,-1.198863838844271,0.05490690158131569,-0.6437502733315259,-1.1443518536126693,-1.0305366356442198,-0.6735731975566485,-0.51515578427417,0.2285698611520715,-0.4709457328275546,-0.19635148571661115,-1.011736139214893,-0.5509225158603818,0.6744907594765952,-0.3372453797382976,-1.2244988904314889,1.011736139214893,-0.6440224473729895,0.10530024515035424,0.385423291129483,-0.6744907594765952,-1.4958996915416847,0.3,0.3,-0.5208744533206979,0.44000000000000006,0.44000000000000006,-0.4369817948496715,0.9183333333333332,0.9183333333333332,1.0,0.25,0.4,0.35,35.352762435765214,-3.0,-2.7135657860816393,-1.8443506297693462,-2.419523628941934,0.7953277968897685,-2.3572236194302683,1.5038226851586185,-1.3011041184863514,,-0.7378602109234003,1.4542238382206156,2.439268492016974,-0.6744907594765952,-0.6584314556795334,-2.2016335185736895,-0.6197527823652693,-0.7049067001253906,62.57477310652551,-0.6672640727679174,26.400914436611902,0.016803333972583018,0.67296718575169,-0.8542637171906868,-1.320097076707086,1.4037533197620133,-0.21233280617911984,1.4393081821336018,0.34488525986213653,-1.0871803969488865,0.7679853280970366,46.75207838201909,43.79322754707441,53.98369316748955,50.72717076521326,54.73822350669129,45.22190031377114,36.51316832228221,10.638297872340425,42.5531914893617,61.702127659574465,51.06382978723404,78.72340425531915,44.881710646041846,22.675159235668787,33.97770700636942,38.96496815286624,22.279994800467957,33.55346966141468,38.62349610757254,False
MEDP,"Medpace Holdings, Inc.",14143528960.0,2530234112.0,563059008.0,451123008.0,1798105984.0,136852000.0,497048992.0,,0.16404,0.70235,29.811,0.736,0.687,472381376.0,713222976.0,32.656616,25.944857,30.79785,5.5898104,5.447,24.479,0.65,0.0,0.32,0.269,0.155,0.17829001,0.71065,0.21634,USD,Healthcare,Diagnostics & Research,US,498.34,1.391,6200.0,628.916,250.05,487.4052,496.3466,343696.0,296290.0,349383.06772908365,319216.6666666667,314274.44444444444,56.05628513122692,33.65510185064305,6.169839182286507,-12.728104218311351,-7.055595758445254,60.11951892382961,498.3399963378906,-32.960571304537766,1.043995939967301,2.166715145330181,0.1011944587995563,3.071666749175387,57.90690551505416,0.0001382300065648,2530234000.0,62.438325799982486,40.759560012995095,63.324964757343736,0.0,58.89070027902635,53.31932303745564,41.14107697945054,62.21781855076188,24.983187178737047,0.0,10.0,37.097212405420166,70.0,60.0,30.0,40.0,80.0,89.8,50.0,30.0,48.90625,real_sec,408102.27612903225,17.82929910953631,22.253237569188222,0.2731061949161612,71.06480682843628,0.2430509024020445,5.211637213924532,18.669473064158897,-20.762073154443527,6.213287226454776,12.658025091971655,20.02419915666725,6.445586477162566,21.65157767018737,5.5256521224807145,6.191145389190518,21.30999971730976,8.732465848349879,12.763927076698764,12.673628489726305,12.919275549122109,6.209287167343026,18.734410615192804,23.37252303919042,20.063694267515924,87.10191082802548,,0.2818802310100228,22.253237569188222,0.7841113963740256,18.97520679525199,0.70235,0.726533176354257,-0.4795623163015583,0.6617551874711343,-0.6437502733315259,0.45739039999047243,0.21469513242587826,-0.4811945836123827,0.6290788044645957,-1.292331355131223,-0.4709457328275546,-0.10960002659211016,-1.3489815189531904,-0.6499931364203951,0.6744907594765952,0.0,-0.9080006154468081,-0.6744907594765952,2.369733863731611,0.09391643486382927,-0.2890674683471122,-1.011736139214893,-0.09739815432665852,0.3,0.3,-0.09982581468008365,0.44000000000000006,0.44000000000000006,-0.305481247264473,0.9183333333333332,0.9183333333333332,1.0,0.25,0.4,0.35,47.19416342525171,3.0,3.0,0.6756080489810932,0.15865373023078105,1.0642045727578686,0.22282318786227495,1.3550653798154197,0.5192468159593402,,0.147635407533424,0.24779898080488075,0.6877343506196629,-0.6744907594765952,-0.6584314556795334,1.7732728131181619,0.7323321742411901,0.2446075782670921,35.431276684649134,-0.6672640727679174,65.20489886832283,-0.7185127646762514,0.4322788116725957,-1.9752798379476586,-0.868875249186864,1.4970424887483467,-0.4133986043198678,-0.12892461945094405,-0.14311697650182784,-1.4220775435672612,0.24507591906127366,39.392243422927415,63.59121400619267,48.216252949787595,34.06966685007418,70.95972022609983,44.85531436379161,54.9144247175346,82.97872340425532,76.59574468085107,89.36170212765957,19.148936170212767,21.27659574468085,80.5732484076433,48.85987261146498,55.038216560509554,56.04777070063695,49.61653451189394,57.31478377472344,60.96602972399151,False
HRMY,"Harmony Biosciences Holdings, I",1604498688.0,868452992.0,233804000.0,158687008.0,670110976.0,169248000.0,775340032.0,,0.114750005,0.20752001,19.449,3.597,3.459,211456496.0,348199008.0,10.236162,4.78953,1.8401327,1.8475366,1.15,4.27,0.65,0.0,0.211,-0.55,-0.546,0.18271999,0.77161,0.15817,USD,Healthcare,Biotechnology,US,27.74,0.891,293.0,40.87,25.52,31.515,33.2636,874785.0,740800.0,667273.3067729083,1107163.3333333333,819058.8888888889,44.60876276048094,57.70451204430928,-2.7008083184216547,-25.789194814175364,3.662180619784228,-14.724866854981922,27.739999771118164,-34.485307294076264,-0.1567919645174047,-0.1782347858869979,0.0135986373062031,-0.8415443271413046,10.325732376419683,0.0009663950006119,,56.95082912351962,69.70830683945155,69.97636147481981,0.0,45.587906844074205,32.07565559773953,61.27499293524477,65.54390345568797,56.67356803986766,0.0,10.0,34.63953857788115,70.0,0.0,20.0,10.0,80.0,91.136,47.5,0.0,48.90625,real_yahoo,2964003.385665529,18.272377372384017,26.92189469709375,0.0937383189104184,77.16145631057944,0.7238883851431114,2.0573301191151447,24.34864039250152,-32.12625397602154,3.358289880650879,13.615912484568206,20.46881224335206,3.734569580031052,20.582224017828327,3.277899165317662,3.4817015213211158,20.322953893946373,5.683579767338681,13.41095649488789,13.917312649935544,14.90205174504126,3.534083566184689,18.946875658756333,21.19607720143688,2.388535031847134,87.10191082802548,,0.4009416873538735,26.92189469709375,0.820823476196658,16.733830465163777,0.20752001,0.4106404685428904,1.0189825223290945,0.9927633434110354,-0.6437502733315259,-0.22907056583944546,-1.159353715099747,0.6089508954051239,0.8007139927754097,0.34298002212372464,-0.4709457328275546,3.0,-1.3489815189531904,-0.7820872971670799,0.6744907594765952,-2.023472278429786,-1.2244988904314889,-1.6862268986914881,2.369733863731611,0.16996028757781498,-0.385423291129483,-2.023472278429786,0.7122606303767779,0.3,0.3,0.947301919075364,0.44000000000000006,0.44000000000000006,-1.0271518643606459,0.9183333333333332,0.9183333333333332,1.0,0.25,0.4,0.35,54.933806001013686,1.7865555508823467,0.8627444988439583,0.7171834732959296,0.5124314785929236,1.3237157864519689,0.5768574620775204,1.4647906969424764,0.02978664282119708,,0.7068801649060026,0.8275648639932592,-0.7445677258674851,-0.6744907594765952,-0.6584314556795334,1.040619581454544,0.9764274177667507,0.18863469835497948,51.61126541424762,-0.6672640727679174,59.44738859340285,-0.48049663369000206,-0.7303271465665675,-0.9441518122467459,-0.08821464794080469,0.26414282370566755,-1.1403443954558121,0.3269130938466876,-0.6054118901282848,-0.5161832300937753,-0.27882098291661833,39.51496579706805,69.51722917230646,34.538903145482564,79.0395190546588,49.84425762456266,59.447863033282395,63.01097753144565,72.3404255319149,85.1063829787234,53.191489361702125,100.0,55.319148936170215,48.680618744313016,64.12738853503184,56.79299363057324,52.738853503184714,65.16963473287404,59.09487093530003,57.14791224345364,False
PEN,"Penumbra, Inc.",12964334592.0,1403665024.0,206520000.0,177687008.0,942436992.0,219699008.0,544816000.0,,0.07041,0.13781999,15.389,5.95814999999999,4.013,92686248.0,238663008.0,72.92715,51.76677,9.078069,9.23606,9.004,60.639199999999946,0.65,0.0,0.221,0.383,0.406,0.12659,0.67140996,0.1537,USD,Healthcare,Medical Devices,US,330.36,0.839,4700.0,362.41,221.26,341.4166,287.1683,1052626.0,734090.0,510739.8406374502,668423.3333333334,862007.7777777778,37.89587951213604,9.038108366992812,-3.012157217046263,6.76749111728634,30.32465903689108,19.11302616963415,330.3599853515625,-24.76482947343689,0.7107203605833003,1.354403547082624,0.1135198611641148,1.6590656106513946,9.39474002720281,0.0001520340255303,,47.80500132941485,29.18006128241252,54.456435800708974,0.0,43.37077460491552,40.04203088763307,30.4819450028536,41.152614152896575,68.86779535524046,0.0,50.0,44.470233888037214,70.0,30.0,60.0,30.0,30.0,95.267,55.0,50.0,48.90625,real_yahoo,298652.13276595745,12.65879002197037,14.71291201739027,0.1515075667597125,67.14116088141554,1.0638146813867906,1.0863180957102911,6.603160042833696,-8.843574956540934,5.803205397647274,13.66702073263085,20.11595868277944,5.895531673470087,21.062352527901485,5.4038478677575,5.836028124400817,20.663979624123435,8.45553053102413,13.143617579356953,13.412678480386818,12.607038087862533,5.663544684455367,19.20776902664826,23.285467931287904,40.92356687898089,87.10191082802548,,0.1700284639991143,14.71291201739027,0.7126295681562342,18.943798596284097,0.13781999,-0.11584737780938649,-1.078980251753819,0.2204109795512663,-0.6437502733315259,-0.34348072681109826,-0.6440853972776376,-1.05833042544518,-0.45794405483723144,0.9722359074678162,-0.4709457328275546,-0.4044037536844695,0.0,-0.25371065418034133,0.6744907594765952,-1.011736139214893,0.041494209507233884,-1.011736139214893,-0.6440224473729895,0.4050928890459851,-0.09635582278237075,-0.3372453797382976,-0.9070569390300948,0.3,0.3,-0.3616588927460181,0.44000000000000006,0.44000000000000006,-0.2987688851033911,0.9183333333333332,0.9183333333333332,1.0,0.25,0.4,0.35,40.79559188223057,0.4240533966616686,0.15194894927720598,0.19044295002619516,-0.4127310004421605,0.8971568298804891,-0.34897585647557194,1.1414199991147702,-0.007825304469975355,,-0.377744645966488,0.34731235924633663,0.5530379263164334,-0.6744907594765952,-0.6584314556795334,0.1892586593895745,0.32170227854008204,-0.09756628327961214,79.92976371607351,-0.6672640727679174,44.374731650544426,-0.5976990054630229,0.4159873220340864,-0.33949328209044766,-0.007025945411214454,0.22086955049815454,0.6716747186835067,1.4608948792092573,-0.09085584171446826,-0.17325961375083104,0.7731992163856263,48.472695279190056,39.05094356807985,52.70462122754878,23.648362258914087,67.74872832947581,54.59942743015693,49.02602267105384,38.297872340425535,34.04255319148936,82.97872340425532,4.25531914893617,100.0,70.38216560509554,34.27707006369426,46.98407643312102,49.815286624203814,33.94969452749253,46.808581964465304,49.759377211606505,False
RVMD,"Revolution Medicines, Inc.",19642947584.0,2306113024.0,-914549616.0,-1131300992.0,18484912.175540503,427148000.0,2025678976.0,,-0.0950006,-0.58068,26.185,5.95814999999999,4.600999999999992,-523279008.0,-897740992.0,31.390041,-1.0128824839999988,11.969569,4.0461817,3.962,-15.362,0.65,0.0,0.103,0.184,0.176,0.0,0.0,0.0,USD,Healthcare,Biotechnology,US,99.12,1.012,883.0,124.49,29.17,99.115,67.0402,3290373.0,2007740.0,1937946.4143426293,2215516.6666666665,2948385.5555555555,49.22568031101899,30.103926300819182,-0.5218753976833357,25.4366071341504,101.91755645141417,173.62632196893574,99.12000274658205,-24.953350648579008,2.245752429787492,3.905153151942802,0.2544040284492582,1.6910880031189095,17.0525713502271,0.0002789364433725,310943000.0,24.84897356621189,50.02315899746116,25.07943363185632,0.0,30.62226422975304,25.10507721908268,50.023686959948,28.40262201734652,69.9763614748198,0.0,30.0,43.85581543115246,70.0,20.0,20.0,50.0,30.0,40.0,70.0,30.0,46.71875,real_sec,362913.9820795663,12.157209948095565,23.545187361053745,0.2489152090884632,64.74877928619685,-0.3636481251289269,-0.0586627255992777,11.500362417405686,-20.379146919431268,4.6063694665635735,14.896768648374907,21.42917077858929,4.832226074122216,,3.40684805317097,4.606319525244613,16.732465453319413,6.784457062637643,14.477139937082583,14.610996643711609,,4.220098706970725,19.872641117696094,23.700984209314395,20.063694267515924,87.10191082802548,,-0.2845607706902544,-39.08480973256265,0.825854818061166,19.073470663599377,-0.58068,-1.437331872153601,-2.7967939749526672e-05,-1.2415417091832968,-0.6437502733315259,-1.0013391523981032,-1.6102134931940926,-0.0002480487517175159,-1.1158789433620215,1.0294409879536421,-0.4709457328275546,-0.2313145999804387,-0.6744907594765952,-0.2867341943670126,0.6744907594765952,-1.3489815189531904,-1.2244988904314889,-0.3372453797382976,-0.6440224473729895,-2.74065232648085,0.4817791139118537,-1.011736139214893,-1.6063077076376078,0.3,0.3,-0.4810648993878267,0.44000000000000006,0.44000000000000006,-0.8470421332473163,0.9183333333333332,0.9183333333333332,1.0,0.25,0.4,0.35,32.094696853878204,-3.0,-3.0,0.14337811713372778,0.25655406341891834,-1.9610848631298017,-3.0,1.479828406174015,-1.3011041184863514,,-2.5130002867494556,3.0,1.315919189778754,-0.6744907594765952,-0.6584314556795334,-1.6161220502024511,-0.9840772172216934,-1.1486917190819046,67.8986862395433,-0.6672640727679174,29.973124743018438,0.4709031253014159,0.48324845799513266,-1.3600176148658296,-0.27713451344235107,0.5669849406891548,1.7107483866194422,3.0,0.4770757916482743,-0.8185760641540903,1.7543948368545232,51.909188076737166,28.650704149792354,54.224252730630745,61.40634482545681,35.98547655574986,37.78984532523536,35.04106781066202,19.148936170212767,12.76595744680851,23.404255319148938,72.3404255319149,87.2340425531915,41.17379435850773,18.433121019108277,29.337579617834393,36.28662420382165,17.470427661510463,27.428762990278244,33.02901627742392,False
PCVX,"Vaxcyte, Inc.",8477141504.0,2306113024.0,-907278976.0,-766627968.0,1267551559.957836,117481000.0,1560958976.0,,-0.0950006,-0.25591,4.375,5.95814999999999,4.600999999999992,-430852864.0,-655577024.0,31.390041,-1.0128824839999988,2.8490558,4.0461817,3.962,-7.67,0.65,0.0,0.103,0.184,0.176,0.0,0.0,0.0,USD,Healthcare,Biotechnology,US,58.38,1.386,507.0,65.0,27.66,56.4196,43.548176,1419740.0,1647560.0,1385415.737051793,1387823.3333333333,1403406.6666666667,64.67668968436841,39.85575613066126,0.223177799339469,25.656483466497427,45.477197892477264,73.28585172999189,58.380001068115234,-20.60476070557509,1.3466465814730002,2.151403979857146,0.0683776087811858,-1.3827516841452676,44.03559526362222,0.000352050450744,,24.84897356621189,50.02315899746116,25.07943363185632,0.0,30.62226422975304,24.441212611591546,50.023686959948,28.40262201734652,74.41062595313718,0.0,50.0,33.410701664111635,70.0,0.0,20.0,80.0,30.0,100.0,42.5,10.0,46.71875,real_yahoo,362913.9820795663,12.157209948095565,23.545187361053745,0.2489152090884632,64.74877928619685,-0.1294871843255409,-0.0586627255992777,11.500362417405686,-10.18461538461538,4.083957469335614,14.15441388470878,21.16856619818563,4.189654742026425,,3.3555024224000256,4.050385708454791,,6.230481447578482,14.141511545522492,14.143247851040329,,3.7965712103176976,18.58178718485765,22.86063914324921,7.643312101910828,87.10191082802548,,-0.2842779244457361,-39.08480973256265,0.9300058377541884,18.208484201507638,-0.25591,-1.437331872153601,-2.7967939749526672e-05,-1.2415417091832968,-0.6437502733315259,-1.0013391523981032,-1.6531525196792687,-0.0002480487517175159,-1.1158789433620215,1.2582613098969486,-0.4709457328275546,-0.2313145999804387,0.0,-0.8481343775404224,0.6744907594765952,-2.023472278429786,-1.2244988904314889,0.6744907594765952,-0.6440224473729895,0.6744907594765952,-0.5781349366942244,-1.6862268986914881,-1.6063077076376078,0.3,0.3,-0.4635181428006943,0.44000000000000006,0.44000000000000006,-0.9023688731706068,0.9183333333333332,0.9183333333333332,1.0,0.25,0.4,0.35,31.83552714260404,-3.0,-3.0,0.14337811713372778,0.25655406341891834,-1.9610848631298017,-3.0,1.7911156914527429,-1.3011041184863514,,-2.5116717268254733,2.4642509064820195,0.04047707925532689,-0.6744907594765952,-0.6584314556795334,-1.6161220502024511,-0.8439979388462658,-1.148359579100909,66.43801036009722,-0.6672640727679174,25.632952707069773,0.05720305556808121,0.03457841489510041,-2.7517570912561147,-0.8610686431744032,0.6705372278220909,1.7229861222967902,2.1053474614271495,0.04589073523159081,-1.806412867215259,1.5219598556934881,41.92869642353686,26.951983145147484,41.34855262557256,65.68331422143748,39.67381547899402,34.87462550157811,34.30501755485193,8.51063829787234,8.51063829787234,31.914893617021278,80.85106382978722,85.1063829787234,39.808917197452224,13.2484076433121,19.780254777070066,23.146496815286625,13.07682308592227,19.681528662420384,23.312101910828023,False
AZTA,"Azenta, Inc.",1042372352.0,595027008.0,37328000.0,26341000.0,265156992.0,54462000.0,409656000.0,,-0.00592,0.01534,3.176,2.919,2.229,108520128.0,63230000.0,39.017242,21.349056,0.60728854,1.7518067,1.155,18.409,0.65,0.0,0.008,0.184,0.176,0.0,0.44562,0.0,USD,Healthcare,Medical Instruments & Supplies,US,22.63,1.465,3000.0,41.73,19.87,27.4364,31.0629,876245.0,1001290.0,694850.0,958243.3333333334,852655.5555555555,51.77918508023258,54.04074200225498,-8.713197559455566,-32.225218405417664,-28.1359183066039,-36.09150167104425,22.6299991607666,-51.47524888319408,-0.369162789375577,-0.465145061589501,-0.1369979907544113,-0.5555075269748292,7.777365299281799,0.0009415529730221,,26.952513958855985,70.86625671250981,34.50224564828076,0.0,26.74228281122533,26.10087413031937,26.928901010654616,61.10912358245318,48.91360520281224,0.0,80.0,26.037680181494583,70.0,80.0,40.0,0.0,30.0,100.0,35.0,50.0,48.90625,real_yahoo,198342.336,4.426857881382083,6.273328688972719,0.0642255043738925,44.56217758774405,1.4590120017145307,1.1609929859351475,18.237849129698663,-45.77042894799904,3.1625170911988163,13.656112114159937,19.830828343535487,3.7549012496559335,20.20411735575697,3.038312721089109,3.347670014644346,19.395832634950334,8.006700845440367,13.451452713073223,13.772858069667617,12.19775482820137,3.4676995984866963,17.813013787098246,20.764765060974987,40.92356687898089,87.10191082802548,,0.106264084066584,6.273328688972719,0.8826548420875726,16.570727797155378,0.01534,-1.3162396674925774,1.0789243158743205,-0.7726134882684366,-0.6437502733315259,-1.2015569340984962,-1.5458049534663292,-1.250709039389446,0.5718670750276572,-0.057455541277060866,-0.4709457328275546,-0.6745879767638697,1.011736139214893,-1.2444168597804766,0.6744907594765952,0.6744907594765952,-0.5915023404621275,-2.023472278429786,-0.6440224473729895,0.6744907594765952,-0.8672024050413367,-0.3372453797382976,-1.3486890034137873,0.3,0.3,-0.7719107415646294,0.44000000000000006,0.44000000000000006,-0.041442898134811765,0.9183333333333332,0.9183333333333332,1.0,0.25,0.4,0.35,36.923584755501224,-1.9214535429894288,-1.097092755488163,-0.5819850844168614,-1.0522589643176552,-0.06404767404901136,-0.9889675449840485,1.6495927093470464,-1.3011041184863514,,-0.6772529526799108,0.06573248239603909,-0.808778011737741,-0.6744907594765952,-0.6584314556795334,-1.0878901517712025,0.1983845694649442,-0.6897548855645182,50.891230509577774,-0.6672640727679174,31.74253813259272,-0.4598489477244,-0.8149287956005814,-1.590022872424937,-0.9844130181712809,-0.5714977178427536,-1.4985564625849381,-1.0254917511787407,-0.6373888716624907,-1.287217945298109,-1.0785194257404236,32.72172020322981,32.46348737700556,33.69599542926288,64.21281425988857,37.22391814864145,44.65332692516569,32.83291704323173,21.27659574468085,19.148936170212767,25.53191489361702,78.72340425531915,53.191489361702125,28.139217470427663,14.423566878980894,16.926751592356688,18.812101910828027,14.68542831145197,17.733825008380826,20.725406935598016,False
NEOG,Neogen Corporation,2046919424.0,880318976.0,90364000.0,-602739008.0,404774016.0,795070976.0,145340000.0,,-0.00459,-0.25253,37.78,3.907,1.886,-924000.0,66202000.0,31.390041,29.103394,0.97260976,2.325202,3.063,29.842,0.65,0.0,-0.028,0.184,0.176,0.0,0.4598,0.0,USD,Healthcare,Medical Devices,US,9.41,1.967,2974.0,11.43,3.87,10.0958,7.03625,3393847.0,2317070.0,3722193.027888446,2555283.333333333,3462191.111111111,60.98300337482952,49.0250747172773,-11.973805268618133,34.428569248744424,62.241371344159504,9.54597997972304,9.40999984741211,-48.894065325912365,0.5234688902838788,0.6555397813988169,-0.0089239420055766,0.3512815172882034,16.53075288357492,0.0008607837873837,,28.96459607355904,67.39240709333502,35.6108117678601,0.0,28.95941505038402,26.764738737810497,29.29759700545393,26.73957956488347,59.99926639860569,0.0,70.0,24.194424810840324,70.0,20.0,50.0,0.0,30.0,100.0,27.5,40.0,48.90625,real_yahoo,296005.0356422327,-55.926876094528744,10.264915611679374,0.0950190991053445,45.9803806387561,8.798536762427515,0.0832655221965994,-0.1049619541542178,-17.672790901137358,2.342766882626877,15.057412504545288,18.79458639003318,2.52011290552262,20.59579487362238,1.5830939370944983,2.406566658336749,19.81883948662448,7.99799931797973,15.129823844833254,14.753674060490187,12.598135123781528,2.083962556473759,20.49394194787873,21.43960178036916,30.095541401273884,87.10191082802548,,0.0752022866765966,10.264915611679374,0.1545494509413297,17.371596558322107,-0.25253,-1.200412341295076,0.8990989352386416,-0.7174454622784535,-0.6437502733315259,-1.0871467731268432,-1.5028659269811533,-1.122456630093269,-1.2016965375174289,0.5145952635812039,-0.4709457328275546,-0.41153370412647866,0.6744907594765952,-1.3434874803404897,0.6744907594765952,-1.3489815189531904,-0.27500406547744677,-2.023472278429786,-0.6440224473729895,0.6744907594765952,-1.1562698733884489,-0.6744907594765952,-1.2750836593498385,0.3,0.3,-0.7162560329582025,0.44000000000000006,0.44000000000000006,-0.5931455886424319,0.9183333333333332,0.9183333333333332,1.0,0.25,0.4,0.35,33.72359736530418,-1.8805846286734855,-3.0,-3.0,-0.7497876979086672,-0.0036823687638680765,-0.6862769552851873,-0.5265737004946871,-1.3011041184863514,,-0.8231536318615231,-0.4849190915131297,-0.6940311113839236,-0.6744907594765952,-0.6584314556795334,-1.970471933626492,-0.6144104906294623,-0.7262300553599214,33.30360754096594,-0.6672640727679174,20.964113117486676,1.8068342849333603,-0.3995167199928175,-2.4190507336213547,-1.7681962618223244,-1.0246779566180158,2.2112172383804065,2.818344469562345,0.7036587824702714,-2.0936234977218398,1.4225868492354614,45.501955451596714,22.944983681091518,39.43660149921869,53.041385689609726,30.287938104598243,41.70134799989797,33.56896729904183,4.25531914893617,4.25531914893617,14.893617021276595,55.319148936170215,19.148936170212767,30.686988171064602,7.939490445859872,10.53503184713376,13.761146496815288,7.367086962173404,9.195440831377807,11.291578202406228,False
AVTR,"Avantor, Inc.",5388241920.0,6552200192.0,975500032.0,-530200000.0,2139399936.0,4131800064.0,365400000.0,,0.02955,-0.09204,74.246,1.778,1.044,507962496.0,623800000.0,31.390041,9.282105,0.9587379,0.8223561,1.397,9.385,0.65,0.0,-0.014,-0.8836,-0.89023,0.0,0.32652,0.10170999,USD,Healthcare,Medical Instruments & Supplies,US,7.9,0.997,13500.0,16.17,7.265,9.1638,11.7472,11637836.0,8119240.0,9211681.075697212,9442193.333333334,10993362.222222222,46.11842777024224,32.78479450668089,-7.276999167661757,-31.06457182311821,-42.62890462786203,-51.50399231815088,7.900000095367432,-54.51197402727567,-0.959723956358102,-1.0804701057455504,-0.188269492281508,-1.4659624598668104,12.951535593874535,0.0001387077606944,,32.07417752355465,73.18215645862632,30.06798116996337,0.0,37.82794400701879,46.68067696254436,44.694120971649525,43.37000408951398,38.93651012659813,0.0,70.0,35.253957034765904,70.0,70.0,90.0,80.0,30.0,100.0,52.5,90.0,48.90625,real_yahoo,485348.1623703704,-8.091938348394102,14.88812923010274,0.7072256493102173,32.651626527103524,4.235571428458959,0.1509753594892243,7.752548474025624,-51.14409400123686,2.186051276738094,16.212802305243407,19.71650320464491,2.843163674909384,22.60306673751758,2.112029731272988,2.318832387971913,21.4837912233888,9.510519035757246,16.035983027353346,16.06069896167421,13.092623833312924,2.5453116396439643,22.14197900005345,22.40748499444944,95.22292993630572,87.10191082802548,,0.0952046612924979,14.88812923010274,0.0812505547451668,18.102845692010003,-0.09204,-1.0214064735353026,1.1988079029647727,-0.9932855922283711,-0.6437502733315259,-0.6295061292402306,-0.21469513242587918,-0.28881596966811657,-0.3435205959633549,-0.5723012656494996,-0.4709457328275546,0.09846160281075828,0.6744907594765952,-0.7490637569804086,0.6744907594765952,0.3372453797382976,0.9909890344612758,0.6744907594765952,-0.6440224473729895,0.6744907594765952,-0.1927116455647415,1.011736139214893,-0.9806622830940435,0.3,0.3,-0.25124058748171274,0.44000000000000006,0.44000000000000006,0.4324440711811836,0.9183333333333332,0.9183333333333332,1.0,0.25,0.4,0.35,46.709060469167035,-0.8315133995409234,-2.192145900558679,-1.7566630336775213,-0.39945353129215727,-0.5710651535596307,-0.3356887597723478,-0.7456499464890358,-0.44528515140230807,,-0.7292002780016542,-0.0264663858333688,-0.31236019701339157,-0.6744907594765952,-0.6584314556795334,-1.2442446533747997,-0.5201712937948575,-0.3604141300613368,31.18471788403256,-0.6672640727679174,28.600524064334785,3.0,-0.02021647113665331,-1.0801338920863923,-0.25371469540496927,-0.37188562458393987,-1.4339579406004046,-1.6418929066418768,1.4898917644316734,-0.6669242937456807,-1.1777167356079068,53.91247193285053,50.022834899210906,30.52795846373482,73.23039524136793,19.68207884223669,53.16840083584206,46.81787190362355,14.893617021276595,55.319148936170215,2.127659574468085,93.61702127659575,14.893617021276595,12.875341219290263,33.73566878980892,25.359872611464972,24.96815286624204,32.98778109970104,22.990278243379144,19.922151450813875,False
ENSG,"The Ensign Group, Inc.",11426134016.0,5057841152.0,528672992.0,343971008.0,826281024.0,2205785088.0,572387008.0,,0.052470002,0.16895,98.701,1.423,1.352,281247744.0,564270016.0,33.667805,23.865442,5.079045,2.259093,2.566,24.546,0.1313,0.0432,0.202,0.184,0.198,0.06801,0.16337,0.091000006,USD,Healthcare,Medical Care Facilities,US,196.62,0.816,46000.0,218.0,118.73,200.3584,177.06744,389111.0,423480.0,408834.0637450199,365296.6666666667,377777.77777777775,25.95485899407918,18.58784764166532,-5.121186946049782,13.088647199373373,13.123762816058026,48.89175448326864,196.6199951171875,-12.755155244453444,1.6348202146195367,3.0050589237163905,0.1102542705501813,1.069832149749881,13.345765308835578,0.0002058678812089,3880084000.0,30.245011964733703,68.5503569663933,27.850848930804684,0.0,36.71937788743944,51.99159382247338,24.638025319410037,42.26130912120527,35.61081176786009,0.0,50.0,43.2413969742677,70.0,30.0,80.0,30.0,30.0,90.0,32.5,60.0,48.90625,real_sec,109953.06852173911,6.800747545501405,10.452542421008006,0.5459288312342117,16.336634527821563,4.172305227197988,0.2558136869587904,5.560628251221125,-9.807339449541283,5.286345994766816,12.84206405930549,20.165325909721656,5.389071729816501,22.344205579600203,4.785239207728752,5.305086404828069,20.532445497593145,10.736418414365376,12.921067086563792,12.808467825318864,11.607817998679282,5.182162354941038,21.51434933190777,23.15916902630645,55.891719745222936,87.10191082802548,,0.111563411946394,10.452542421008006,0.2060300759712187,18.20233758496556,0.16165136,-1.1267040428057575,0.9590407287838685,-1.103621644208338,-0.6437502733315259,-0.6867112097260574,0.1288170794555263,-1.3747478892229616,-0.40073232540029335,-0.7439165071069791,-0.4709457328275546,-0.9126642796985793,0.0,-0.3197577345536839,0.6744907594765952,-1.011736139214893,0.6744907594765952,-1.011736139214893,-0.6440224473729895,0.10530024515035424,-0.9635582278237074,0.0,-1.4222943474777359,0.3,0.3,-0.6916895287367317,0.44000000000000006,0.44000000000000006,-0.20348564138496544,0.9183333333333332,0.9183333333333332,1.0,0.25,0.4,0.35,36.020311162437075,-0.12721595754148624,0.46941044449583696,-0.3592355651151467,-0.7355698643179542,-1.265606730236016,-0.6720488122787238,-0.3727080536941126,-0.5354022327663573,,-0.6523614266950184,0.4047512541655329,0.3773331205007667,-0.5352743231970599,-1.2137621809819303,-0.25997313717163417,-0.5373454709156489,-0.37725124978029756,41.998872275820084,-0.8405938592002516,35.225858908975546,-0.6739996141701067,0.031390153772279,0.7360862636724926,0.028884442246104307,-0.07225697112790606,1.0234935637684388,0.7293236163584014,-0.3213047301989138,0.3824853529592985,0.6065174190765241,49.38141828655164,29.290307099644867,56.98467384702859,50.022207465958886,60.99497105290776,41.36750138764695,37.98526883390241,23.404255319148938,14.893617021276595,72.3404255319149,48.93617021276596,36.17021276595745,62.96633303002729,21.968152866242036,35.18471337579617,41.67197452229299,21.30508254257117,34.17029835735836,40.25123849964614,False
GMED,"Globus Medical, Inc.",11891448832.0,2938930944.0,877110976.0,537868032.0,2000583936.0,119440000.0,557243008.0,,0.071090005,0.122930005,2.612,4.264,2.61,327532128.0,753446976.0,22.42857,17.73961,2.5964208,4.0461817,3.897,13.058,0.65,0.0,0.257,4.37,4.304,0.18301001,0.68072,0.24381,USD,Healthcare,Medical Devices,US,87.92,1.092,6000.0,101.4,51.79,89.026,73.5915,1248998.0,1065500.0,1247296.215139442,1114660.0,1333125.5555555555,44.35315224909552,30.504851032840136,-1.5343294126272,0.7101891128456383,51.42954889661888,16.45032870058982,87.91999816894531,-31.27152398722062,0.5902358589907483,0.8948846597843745,0.1405605678334877,3.071666749175387,57.90690551505416,0.0001663880107689,,62.98707546762876,50.02315899746116,55.56500192028832,0.0,65.54209699650242,55.31091685992902,45.87846896904918,48.91347893105748,64.43353087692307,0.0,10.0,37.097212405420166,70.0,40.0,0.0,30.0,30.0,100.0,50.0,0.0,48.90625,real_yahoo,489821.824,18.30148588887701,29.844558879162285,0.3172197558441587,68.07182523578206,0.1361743305786655,6.308162893503014,11.144601021288915,-13.293885601577916,4.487737089095996,14.10303753505606,20.13851198461544,4.628886712605407,21.80131172802005,3.9663217788355247,4.5000985174987935,21.41670494339185,8.699681400989514,14.036489540400206,13.92406088077364,13.1017990210262,4.312026559699177,18.59832471956761,23.199085393295427,2.388535031847134,87.10191082802548,,0.2563677032079322,29.844558879162285,0.8234919473550605,18.512916057880624,0.122930005,0.758122447135393,-2.7967939749526672e-05,0.2755790055412497,-0.6437502733315259,0.8006208829054315,0.3435122118814055,-0.22468976502002821,-0.057461948778663306,0.7434155855245098,-0.4709457328275546,0.11051140084336486,-1.3489815189531904,-0.6499931364203951,0.6744907594765952,-0.6744907594765952,-1.8574954404008501,-1.011736139214893,-0.6440224473729895,0.6744907594765952,-0.2890674683471122,-2.023472278429786,0.04981253380123899,0.3,0.3,0.23500777574499096,0.44000000000000006,0.44000000000000006,-0.8606262872765511,0.9183333333333332,0.9183333333333332,1.0,0.25,0.4,0.35,46.69947566842574,0.4449489350672422,0.00010200474095327016,0.7199148167759584,0.7339027764894033,0.9367903564543182,0.7984893498185954,1.4727662419269807,0.7503877985294758,,0.027800258033522547,0.3732016414471184,0.43048486850039347,-0.6744907594765952,-0.6584314556795334,0.4957052892505531,1.101913951267369,0.307105183920171,73.28597070779274,-0.6672640727679174,56.52153353139782,-0.046212117914852066,0.19248776967226683,-0.9211278640580277,-0.40204020964172066,0.4262675673750021,0.33454129437651453,2.358506883187822,0.07313782587870737,-0.6615840368498742,0.9692488529194531,47.47650087014843,57.17418371642232,45.49785951959943,59.94755624081965,77.68687825166549,46.89807339104196,56.38652522915479,65.95744680851064,68.08510638297872,97.87234042553192,70.2127659574468,93.61702127659575,78.00272975432212,52.334394904458605,60.331210191082796,62.42993630573248,52.47952684258417,61.12638283607107,64.34182590233546,False
OMCL,"Omnicell, Inc.",1551636736.0,1184845056.0,45560000.0,2052000.0,508043008.0,204344992.0,196520000.0,,0.00356,0.00166,16.589,1.427,0.898,94530872.0,127300000.0,90.11539274999996,16.359282,1.2483094,1.3095694,1.316,34.229,0.65,0.0,0.023,0.184,0.176,0.0017299999,0.42878,0.02204,USD,Healthcare,Health Information Services,US,34.15,0.857,3580.0,55.0,22.66,39.588,35.9438,659062.0,535350.0,548201.7928286853,617570.0,638410.0,54.35279718646706,43.86022030230726,-19.17159402158839,-24.34647322190654,13.90927967749902,-3.694296650919471,34.150001525878906,-37.05001195108517,0.1707253943177664,0.2181381733792694,0.098062255171978,3.071666749175387,33.64068109993463,0.0009917970868888,,30.245011964733703,72.02420658556807,32.28511340912206,0.0,33.3936795287014,32.07565559773953,32.85064099765292,44.478699057822666,31.17654728954271,0.0,60.0,34.94674780632352,70.0,80.0,30.0,90.0,30.0,100.0,37.5,60.0,48.90625,real_yahoo,330962.3061452514,0.1731872019559661,3.8452285190613145,0.1278887685826069,42.8784342245675,4.48518419666374,0.6229660866854031,7.978331978624553,-37.909090909090914,3.5596246182566738,13.366737555545733,19.09627477035326,4.02535169073515,20.89287784939801,3.1637858585502405,3.703472456416837,20.04607666534484,8.183397369998433,13.214400557381234,13.333549320631688,12.70976279064683,3.609397838998525,19.13532026559461,21.1625761700995,55.891719745222936,87.10191082802548,,0.1074402086208308,3.8452285190613145,0.4902398660943682,16.745161372669582,0.00166,-1.1267040428057575,1.1388661094195467,-0.8829495402484041,-0.6437502733315259,-0.8583264511835373,-1.159353715099747,-0.930078016149003,-0.2863088665264172,-0.9727368290502851,-0.4709457328275546,-0.317376370781747,0.3372453797382976,-0.7655755270737444,0.6744907594765952,0.6744907594765952,-0.9080006154468081,1.011736139214893,-0.6440224473729895,0.6744907594765952,-0.770846582258966,0.0,-1.1278729712219409,0.3,0.3,-0.6631354656249641,0.44000000000000006,0.44000000000000006,0.02166379027866192,0.9183333333333332,0.9183333333333332,1.0,0.25,0.4,0.35,39.459543840067646,-1.6301472965870654,-1.2366003642101289,-0.9811203573957237,-1.2362535879053511,-0.13573679541726355,-1.1730955839094832,0.4767401252851598,-1.1156528168538145,,-0.6717285662732796,-0.37829540035303627,-0.7506060144730909,-0.6744907594765952,-0.6584314556795334,-1.17373538380124,-0.43066951477189397,-0.6141932683098457,29.676865137213507,-0.6672640727679174,27.13439445113102,-0.5696498620021557,-0.7244497843397669,-1.8218392851015426,-0.03512972705607261,-2.025072949416067,-1.0600463237455613,0.7627324315118248,-0.6470498231709614,-0.9284845060788076,-0.8027206848694972,35.435233091505175,30.03845968647337,38.76492536029998,52.23542690464709,37.94634024644712,40.913223080669134,35.77711806647212,12.76595744680851,17.02127659574468,27.659574468085108,53.191489361702125,10.638297872340425,32.34758871701547,13.261146496815288,13.748407643312103,14.410828025477707,13.434290913817758,14.220583305397252,15.481245576786977,False
GNRC,Generac Holdlings Inc.,11389990912.0,4209146880.0,484025984.0,159554000.0,1611736960.0,1384946944.0,341412992.0,,0.03384,0.06283,52.479,2.026,0.777,91862752.0,437977984.0,71.885185,18.562654,4.326282,2.7060094,2.955,25.698,0.87,0.0,-0.116,0.147,0.146,0.03791,0.38291,0.0,USD,Industrials,Specialty Industrial Machinery,US,194.09,1.786,9400.0,241.09,99.5,201.944,174.2985,1198247.0,1246020.0,980462.3505976096,1057713.3333333333,1116725.5555555555,44.274794033502616,43.33860843130504,-11.297473377140143,37.55491703912457,14.177298703420371,51.41988409128895,194.08999633789065,-32.77298939414523,1.0798056871155053,1.7312460723260192,0.120872358756353,1.0760888465753482,8.831663070144067,0.0001320085433314,4209147000.0,37.11134861552352,57.2961080016424,57.2961080016424,1.0,24.60039379114924,34.394246640190175,44.44064067714415,26.996656167579296,39.11643690120454,0.0,10.0,33.28239145972373,40.0,20.0,10.0,50.0,30.0,90.0,62.5,10.0,51.25,real_sec,447781.5829787234,3.790649377386421,11.499384502353124,0.8593618507529193,38.29129764176821,2.861307016112589,0.3162417057905721,2.182455367297613,-19.49479447509229,5.27346099054917,13.9259122455358,19.648603425596917,5.489309557845162,22.160525823013582,4.61015772749913,5.312930078915882,21.20057829215796,9.148571345578551,13.795780545641126,13.87162084864092,13.01206308774706,5.166490235130739,21.048927668992786,23.15600081660009,7.643312101910828,14.331210191082802,,0.1040538609096957,11.499384502353124,0.1977646636025733,19.064101499982225,0.06283,-0.7314371651662918,0.37645949306078064,0.36172786360286857,1.553397398691291,-1.3120843366783752,-1.0093863255798738,-0.30254059222449187,-1.1884306731828613,-0.5630165460093031,-0.4709457328275546,-0.0027238984455594116,-1.3489815189531904,-0.8550307478292444,-3.0,-1.3489815189531904,-1.5409971654161694,-0.3372453797382976,-0.6440224473729895,0.10530024515035424,0.1927116455647415,-1.6862268986914881,1.1864159863236103,0.3,0.3,-0.5733133953826449,0.44000000000000006,0.44000000000000006,-1.3129155487943385,0.9183333333333332,0.9183333333333332,1.0,0.4,0.3,0.3,48.871403246711374,-0.6996881044917526,-0.6127933155608136,-0.6416825255333046,-0.6562431062625469,-0.33100876674515706,-0.5926645340305451,-0.3974117751317743,-1.3011041184863514,,-0.6876346139754312,-0.07643870574049444,0.37320458409987056,-0.6744907594765952,-0.4228949999892938,-0.6208063580468276,-0.5048007925260982,-0.6923503008883984,30.911491591017167,-0.5612726677073097,27.622302558979936,-0.24600046072584403,0.47838865587319757,-0.9140697994808195,-1.485597124171251,-0.9306769986953469,2.3852214956178295,0.774131547856929,0.11619409757367677,-1.1998334618260351,0.9071249629956064,44.52725801337105,49.55990121958037,49.62516693251847,50.7039624972795,27.35195179162183,73.31071287366433,33.70590688151813,4.651162790697675,51.162790697674424,9.30232558139535,51.162790697674424,11.627906976744185,33.98544131028208,37.426751592356695,27.640127388535035,25.022292993630575,37.521123098921095,27.36842105263158,24.15782024062279,False
MTZ,"MasTec, Inc.",26530437120.0,14299170816.0,1083725056.0,399041984.0,1792733952.0,2799171072.0,396030016.0,,0.04343,0.13351,83.945,1.323,1.205,96627248.0,545713984.0,66.321495,31.360842,8.032345,1.8553829,2.004,26.443,0.87,0.0,0.158,0.928,0.909,0.02791,0.12537,0.053850003,USD,Industrials,Engineering & Construction,US,336.25,1.8,36000.0,341.4,99.7,283.5274,219.21754,994655.0,1097820.0,921769.7211155378,1092430.0,914437.7777777778,42.36386084975924,44.83773304432484,13.86725834737954,47.70481397548272,56.104925500412506,173.62632196893574,336.25,-14.130827020712475,2.429454161429486,3.754767535946606,0.2544040284492582,-0.4670296650765193,6.382480959266802,0.0001497938926601,,25.003827617985007,68.20391066190511,25.784678094216776,0.0,29.420612314304343,47.07392124503566,38.235998575742514,25.784678094216773,24.983187178737047,0.0,30.0,37.4617935947928,40.0,30.0,40.0,20.0,80.0,76.805,65.0,40.0,48.90625,real_yahoo,397199.1893333333,2.79066520104434,7.578936358934675,2.9193948909356884,12.537328038588278,2.582916263218704,0.1949555671887138,0.6757542045156866,-1.5084944346807183,5.820824495087865,13.726065798457006,19.797000566851093,5.835979644267587,23.383467387705917,4.612145799724517,5.650829558243529,21.307007639634044,10.491301994830229,13.734051796034157,13.9039160460626,12.892195687823063,5.394615875975519,21.75258916494035,24.00155848143978,30.095541401273884,14.331210191082802,,0.0381640300002134,7.578936358934675,0.1239452557422263,19.551905645307517,0.13351,-1.4284175586488677,0.9411067807423262,-1.2064450702533995,-0.6437502733315259,-1.0633477176294441,-0.18925993604622637,-0.6384892745680334,-1.250972096747266,-1.292331355131223,-0.4709457328275546,-0.13896746756037792,-0.6744907594765952,-0.6303977589970085,-3.0,-1.011736139214893,-0.5915023404621275,-1.3489815189531904,2.369733863731611,-0.6457466385031202,0.2890674683471122,-0.6744907594765952,-1.548964009355229,0.3,0.3,-0.5790933020833792,0.44000000000000006,0.44000000000000006,-0.8239922702945066,0.9183333333333332,0.9183333333333332,1.0,0.4,0.3,0.3,28.944862908230725,-0.4050017223188975,0.1079959961693415,-0.7355141799510575,-0.9533236754178464,-1.4273755314232834,-0.8899605176566407,-0.6180437299744601,-0.847993721514209,,-0.9971263977301562,0.037345364190326406,2.102659898605739,-0.6744907594765952,-0.4228949999892938,-0.5547565557534982,-0.7675979631996594,-0.5884790880382227,32.037618756810765,-0.5612726677073097,30.230219657045765,-0.28994579427478107,0.7314135487463311,-0.7419437535833209,-1.5074556210061405,2.5668793309381286,2.9501379399372385,2.5573553107597546,0.22073387723577503,-1.1246996872947306,2.7173255684842603,50.38793288810824,33.48011486470794,58.15037704163806,44.88329691415193,68.99682011044098,29.450328016210776,40.946587304952324,9.30232558139535,18.6046511627907,88.37209302325581,39.53488372093023,13.953488372093023,65.76433121019109,18.273885350318473,34.3343949044586,41.76433121019109,17.444430001299885,33.04056319141804,39.85845718329794,False
AWI,Armstrong World Industries Inc,7117420544.0,1620800000.0,440900000.0,308700000.0,658800000.0,496500000.0,112700000.0,,0.10634,0.37242,55.124,1.464,0.909,228287504.0,355500000.0,23.309322,17.750887,7.8634396,4.391301,4.598,16.903,0.78,0.1784,0.056,0.068,0.053,0.19046,0.40647,0.17435,USD,Industrials,Building Products & Equipment,US,165.03,1.322,3800.0,206.08,122.37,178.8086,185.06966,574208.0,526270.0,332123.9043824701,690693.3333333334,496968.8888888889,24.94919736302345,35.58566874776098,-3.8958784031266847,-15.99700971454424,-15.552050231799551,16.1792085372346,165.02999877929688,-21.2934663306096,0.7348083189822404,0.9910302403211072,0.0749792582668947,0.1354938826416447,6.41555062521727,0.000259065217162,,62.30280359427301,42.7523711212921,60.93204222172997,0.0,60.93204222172996,48.049280830023775,41.95878383658349,60.93204222172996,41.540393047929584,0.0,50.0,35.37209252725827,40.0,80.0,60.0,50.0,30.0,100.0,45.0,70.0,48.90625,real_yahoo,426526.3157894737,19.04615004935834,27.202615992102665,0.3309111626202818,40.64659427443238,1.1261056929008846,0.716012084592145,14.084865745310957,-19.91944875776398,5.112168494919695,13.116284717506732,18.54023998788312,5.333105192033701,21.20618569207567,4.8151879700833735,5.1918929518169055,20.305930557785672,8.24301946898925,12.71326639516586,13.445452650806162,12.963431690262691,5.226121119728574,20.0230940434636,22.68581121372433,72.92993630573248,14.331210191082802,,0.2193361303060217,27.202615992102665,0.1849967170059094,17.81939067804608,0.305980272,0.7187317180474556,-0.3764035571812812,0.5426708944324379,-0.6437502733315259,0.5627292950450721,-0.1261732906974844,-0.43692006516190873,0.5627291866204638,-0.4379336988804942,-0.4709457328275546,-0.05997491516600666,0.0,-0.7427142534131265,-3.0,0.6744907594765952,0.041494209507233884,-0.3372453797382976,-0.6440224473729895,0.6744907594765952,-0.4817791139118537,0.3372453797382976,0.060083046926441,0.3,0.3,-0.024425897095473277,0.44000000000000006,0.44000000000000006,-0.19153818230044475,0.9183333333333332,0.9183333333333332,1.0,0.4,0.3,0.3,49.93251052097674,1.5281286533322298,2.5443821657427903,0.7897889926045841,0.5337037513139046,-0.23071211000905123,0.5981451594201246,-0.4355727018934501,0.16593011198700688,,-0.14614111341118766,-0.5529182568016301,-0.11484044627932223,-0.09957843928518108,-0.5192508227716645,1.259755042551548,0.132972121829016,0.029836766442005842,53.1635402694862,-0.28843101185409864,56.02482004993935,-0.7314353359894722,-0.16724509979815652,0.8266705716624565,-0.7611440862149079,0.09804429403038363,-0.5953372467836258,-0.49028729782687175,-0.44934021789381434,0.03276324272377429,-0.35580779985239674,43.84428937631219,54.79094794503432,47.72934527181766,58.29365597033028,51.71060633964039,52.034854216879666,51.405347916579494,67.44186046511628,60.46511627906976,53.48837209302325,67.44186046511628,60.46511627906976,59.690627843494084,52.91082802547771,52.51273885350318,52.0859872611465,53.399194072533476,53.751257123700974,54.653220099079974,False
GFF,Griffon Corporation,3326684416.0,2536643072.0,519503008.0,44646000.0,1060494016.0,1547897984.0,95280000.0,,0.13024999,0.26521,588.2596750000002,2.555,1.08,228638880.0,319537984.0,70.71287,12.360378,30.547476,1.3114516,1.884,9.2,1.23,0.7525,0.026,-0.054,-0.091,0.0176,0.41807,0.17485,USD,Industrials,Building Products & Equipment,US,71.42,1.304,5100.0,97.58,63.92,80.8172,77.07755,325181.0,301740.0,386443.8247011952,320550.0,320463.3333333333,40.52752295772201,32.77137800555715,-10.512466666207809,-4.579435098829576,-7.384872464715886,-3.736325390886386,71.41999816894531,-27.85169506493833,0.150178621026536,0.2155270904654286,0.0317051930055534,-0.192052804222721,14.20275591260641,0.0006501891648822,,64.45091215835242,71.83984488199268,62.1440202950925,0.0,63.35599836845501,53.90143833995247,50.64528277854577,63.35599836845501,74.26380102871772,0.0,60.0,31.1926903921892,40.0,90.0,30.0,20.0,80.0,78.818,37.5,60.0,48.90625,real_yahoo,497380.994509804,1.7600426521496837,20.47994113694526,0.5178945632454363,41.80698607959299,2.979574632222341,0.206433490645337,9.01344310217563,-26.80877228940356,4.282482504337495,12.67752626469891,18.372330493506706,4.590868401277231,21.654107419057397,4.17315574264639,4.404487490453939,20.782000690274643,8.537191877922927,12.864744380547805,12.67779666904866,13.117113610479915,4.357702563538765,21.160163708779574,21.925241974358983,55.891719745222936,14.331210191082802,,0.1259688394978101,20.47994113694526,0.0579851975426662,17.13331977125135,0.065639475,0.8423895297943643,1.129322543302841,0.6029852380422946,-0.6437502733315259,0.6878121421738814,0.2523465813949688,0.03340809011904856,0.687812033749273,1.2506847373584264,-0.4709457328275546,0.13087201044644634,0.3372453797382976,-0.9673472422453624,-3.0,1.011736139214893,-0.9080006154468081,-1.3489815189531904,2.369733863731611,-0.5311685879692485,-0.770846582258966,0.0,1.105963633509527,0.3,0.3,0.34361327075033726,0.44000000000000006,0.44000000000000006,-0.2881405216032496,0.9183333333333332,0.9183333333333332,1.0,0.4,0.3,0.3,60.42435361592623,2.262846948524007,1.4510626678566851,-0.8322207290454359,0.024278298111828026,-0.1813300549097802,0.08835031950681474,-0.8151856063985806,0.17013726492785392,,-0.5846975488689848,-0.589209477981951,-0.5478467561590765,1.7505177659944762,-0.037471708859810764,0.7487559124174735,-0.3182408471506132,-0.07811948124610464,38.956857549234385,0.945922502310047,51.23844287616396,-0.6907640108533711,-0.5231113206137864,-0.5765368293763029,-0.7330403045700498,-0.8215717151309323,0.04013478757334255,-0.14292908600554255,-0.6069376657335788,-0.6547885669731763,-0.2732963253116054,38.703971272019515,57.73276983357307,31.332905232339684,62.80480068774966,32.06608909708605,73.85118128671262,54.62342810477247,55.81395348837209,67.44186046511628,16.27906976744186,76.74418604651163,27.906976744186046,49.36305732484077,62.869426751592364,44.729299363057336,36.3343949044586,63.94449499545042,46.5471002346631,39.239207360226466,False
WWD,"Woodward, Inc.",22305605632.0,3790792960.0,676028032.0,488739008.0,1065355008.0,938115968.0,454244992.0,,0.077870004,0.20381,36.256,2.051,1.297,252776256.0,551214976.0,46.706028,36.141674,8.590309,5.884153,5.974,33.501,0.34,0.14109999,0.29,0.528,0.535,0.12893,0.28104,0.16055,USD,Industrials,Aerospace & Defense,US,371.78,0.984,10200.0,403.31,146.82,369.3726,292.02335,648049.0,619290.0,517508.764940239,596940.0,645114.4444444445,34.47450781060565,43.1809177523353,-3.8309313999034256,19.694863986894017,46.434524375469465,96.388194384944,371.7799987792969,-17.276746927849405,2.0307872669206097,3.149804603109052,0.1979886374457435,-0.2201299252314556,14.458708836521918,0.0001389054789853,,50.00000000000001,31.844568461029382,40.32841497456707,0.0,57.2961080016424,60.72895543486927,34.51321331490154,45.176327268017154,48.81226148810472,0.0,60.0,54.87596915758056,40.0,90.0,80.0,80.0,30.0,91.265,42.5,80.0,48.90625,real_yahoo,371646.36862745095,12.892790852919598,17.833420055734198,0.7739484857146961,28.103750831066225,1.3876879709035497,0.5875765841350651,6.668163064226014,-7.817807641764407,5.920988433303657,13.377184563397048,19.93414724261514,6.002181910449178,22.055841058694604,4.995995317356741,5.914509525953734,20.78657392234581,9.23024103368252,13.156783673393372,13.299573560020296,12.825700749884732,5.680252298674526,20.659384133656765,23.828103857500544,84.39490445859873,14.331210191082802,,0.1454088845833458,17.833420055734198,0.3262408276658374,19.075084027737336,0.1750524110381,0.010509705315160702,-0.9410508448628272,-0.4826729469351218,-0.6437502733315259,0.3751050243518595,0.6939530988361635,-0.8400584839741577,-0.2503093197167942,-0.06268515749406782,-0.4709457328275546,-0.20779393548767675,0.3372453797382976,0.30557302780397344,-3.0,1.011736139214893,0.6744907594765952,0.6744907594765952,-0.6440224473729895,0.17730284521262374,-0.5781349366942244,0.6744907594765952,-1.066249892470728,0.3,0.3,-0.05787109236444026,0.44000000000000006,0.44000000000000006,0.20598236070156142,0.9183333333333332,0.9183333333333332,1.0,0.4,0.3,0.3,42.767451019017074,0.6532881818290334,0.8249100965461088,0.21239998256986198,-0.1762676497812935,-0.7646768661384967,-0.11234104516451798,-0.013421330754423018,0.04981269081962887,,-0.49338551867027214,0.1586250754430863,1.6200679611268687,-0.21978155190997337,-0.9903237341521437,0.3003083495376496,-0.06782717367997525,-0.10342130333971648,59.10456082025705,-0.5665255339189501,48.42896339694602,-0.5926308625142661,0.4840853128929121,-0.031315483128163665,-0.2334175197725717,0.1070710464194386,1.3911781344994993,2.1460635110522226,-0.054272774810676994,-0.13236650145036769,1.2324116210412983,50.17158641563723,44.87470322111857,48.11591803226361,30.590244780373176,73.51778317479162,37.07940375939334,49.79630782248301,51.162790697674424,41.86046511627907,95.34883720930233,11.627906976744185,72.09302325581395,81.57415832575069,37.783439490445865,48.18471337579618,50.971337579617845,37.36513713765761,47.653369091518606,50.15923566878981,False
FIX,"Comfort Systems USA, Inc.",49987055616.0,9101640704.0,1454573952.0,1022558016.0,2195898880.0,303920992.0,70540000.0,,0.14712,0.49238998,45.489,1.211,1.156,774215744.0,1186355968.0,49.020752,31.992275,20.324839,5.4920926,5.693,35.62,0.16,0.0675,0.01,0.388,0.382,0.112349994,0.24125999,0.07885,USD,Industrials,Engineering & Construction,US,926.1498000000004,1.598,22700.0,1056.3706000000004,281.52,973.7663220000004,886.3304928000005,440793.0,479600.0,439918.5258964144,469193.3333333333,544983.3333333334,55.55926400951638,64.56893798374622,5.17024231527774,41.27836155545144,70.3283321772341,173.62632196893574,1417.18994140625,-13.769863769166657,2.429454161429486,4.0241803933493605,0.2544040284492582,-0.1834621203992278,10.733222338719475,0.0001195429822153,,32.815131487364695,33.056546534391906,35.48050268111697,0.0,34.26852460775444,50.00000000000001,39.47692699602284,42.75237112129211,26.996656167579296,0.0,80.0,40.24806168483884,40.0,50.0,10.0,10.0,30.0,96.893,30.0,30.0,48.90625,real_yahoo,400953.3349779736,11.234875658743649,15.981447733492072,1.858239454042892,24.126407000827264,0.2089415884163997,3.903501236268668,8.506331651388379,-5.520666666666663,6.832115149058544,13.208512327054832,18.07169049694853,6.963540539367147,22.931720531470365,5.643749344540722,6.882197772528875,21.509857312630043,10.030164255362632,12.99434709347702,13.05877231839384,12.901602821943715,6.78821750907972,19.53227833414549,24.63502992119736,20.063694267515924,14.331210191082802,,0.130345286809511,15.981447733492072,0.1883774318474272,19.825380815406792,0.45915365635,-0.9787527886601088,-0.8783122573426555,-0.7239303213745478,-0.6437502733315259,-0.813182023371826,0.0,-0.5712995380993252,-0.3753921668456031,-1.1884307816533481,-0.4709457328275546,-0.12885568429467512,1.011736139214893,-0.48064243310885163,-3.0,-0.3372453797382976,-1.5409971654161694,-1.6862268986914881,-0.6440224473729895,0.4976432666754321,-1.0599140506060782,-1.011736139214893,-1.7098687149833962,0.3,0.3,-0.42502466028485486,0.44000000000000006,0.44000000000000006,-0.837942991610468,0.9183333333333332,0.9183333333333332,1.0,0.4,0.3,0.3,28.476167361973573,2.781237168974464,3.0,0.05683259537088436,-0.316604920272982,-0.93402330111001,-0.25278007484881165,-0.42546839808135706,-0.6376360997147753,,-0.5641408944306449,-0.6407505119659431,3.0,-0.4569650777898214,-1.1830353797168853,1.2999524971521959,-0.3304898203034571,-0.39608966349357133,33.889573105392415,-0.7836967136570001,53.20544194653344,-0.650725532407428,0.8732656143364823,-1.9305109882906613,-1.1920687381027326,1.3581120845794927,2.5924585789077317,3.0,0.11127004096452714,-1.561289863196697,2.3444170569369405,45.97732451499261,56.86096737828808,58.4780272007353,28.835119383695837,67.4361149636153,26.095286284791083,44.1646674931453,60.46511627906976,65.11627906976744,86.04651162790698,9.30232558139535,18.6046511627907,71.3375796178344,23.722929936305736,44.14012738853503,53.63375796178344,23.41414272715456,44.41837076768354,55.276008492569005,False
ROAD,"Construction Partners, Inc.",5984413184.0,3060244992.0,459412992.0,122037000.0,484022016.0,1838279936.0,104093000.0,,0.0627,0.1371,189.68,1.592,1.179,86515376.0,333207008.0,47.914024,29.090658,6.1761446,1.955534,2.523,16.804,0.87,0.0,0.441,0.147,0.146,0.03988,0.15816,0.07617,USD,Industrials,Engineering & Construction,US,105.89,0.921,1639.0,141.9,64.793,121.1643,114.977974,567770.0,628130.0,473666.9322709164,547376.6666666666,545958.8888888889,46.91975274944704,58.25096323007543,-15.712806093556186,-5.590231872093909,-16.385028506006215,38.59947287275958,105.88999938964844,-26.554046898735496,1.0226294099499549,1.7806583621651535,0.1638605687949159,0.4612693077497773,2.785679739183371,0.0006225785229508,,27.15193618206441,63.35599836845501,26.996656167579296,0.0,31.8445684610294,16.881743799574647,64.29549540162934,29.420612314304343,29.420612314304343,0.0,0.0,43.03432977488489,40.0,50.0,0.0,20.0,30.0,100.0,35.0,0.0,48.90625,real_yahoo,1867141.544844417,3.987817979247591,15.012294545076736,0.6247959206599302,15.816446633041334,4.001366892123068,0.1812602104144382,2.827073526013959,-25.37702607470049,4.671800268285854,13.210300788454996,18.460795297895533,4.9621450849358215,21.84176081277772,4.186513449693478,4.805366860028929,19.997640953315702,7.402451520818244,13.068261790337711,13.21289427582815,14.43991976928501,4.753400293766662,21.332096154505717,22.51242412353032,2.388535031847134,14.331210191082802,,0.1088824616561941,15.012294545076736,0.0535906354906089,17.730660518531742,0.1371,-1.3047597469019596,0.6901524306616389,-1.1461307266435432,-0.6437502733315259,-0.9382648705006347,-2.1421019648978734,0.772495191274838,-1.0633478260540525,-1.0633479345245391,-0.4709457328275546,3.0,-1.6862268986914881,-0.3308871072206941,-3.0,-0.3372453797382976,-1.8574954404008501,-1.3489815189531904,-0.6440224473729895,0.6744907594765952,-0.8672024050413367,-2.023472278429786,-1.6294163621693127,0.3,0.3,0.4276161425197525,0.44000000000000006,0.44000000000000006,-1.168345833322137,0.9183333333333332,0.9183333333333332,1.0,0.4,0.3,0.3,32.440703742764036,0.18713660765721488,0.14460654553424337,-0.6231815766687498,-0.39004463182648086,-1.2877860842935338,-0.32627303787090944,-0.8283201037391331,-0.6601864394777154,,-0.6649541451163419,-0.5708492866925039,-0.24426104414062563,-0.6744907594765952,-0.4228949999892938,-0.24848806183053498,-0.5521942175116101,-0.43031311207017164,24.4219570821048,-0.5612726677073097,29.188418341941702,-0.6254568574824857,-0.21326959409752325,-1.1523127109602294,-0.1350542840155683,-1.5443483486939509,-0.016123489989710575,-0.525714694176757,-0.41936322579000446,-0.6436834974878989,-0.6274683088570966,39.449715009657936,43.00991875402456,49.89536689719525,53.718780600468456,66.61222488191706,32.73809511648589,62.668628575254914,6.976744186046512,37.2093023255814,83.72093023255815,58.139534883720934,4.651162790697675,59.87261146496816,21.340764331210192,33.09554140127389,35.69108280254777,21.529312361887428,34.200469326181704,38.31210191082803,False
DY,"Dycom Industries, Inc.",10434078720.0,5545911808.0,713433024.0,281188992.0,1140116992.0,2992005888.0,720185984.0,,0.06217,0.18152,160.935,2.738,2.582,276473888.0,642502976.0,36.37931,20.265102,5.6122446,1.8814,2.291,17.81,0.87,0.0,0.344,-0.507,-0.501,0.0507,0.20558001,0.04658,USD,Industrials,Engineering & Construction,US,348.15,1.382,19556.0,445.53,131.37,379.9236,313.6157,410326.0,439090.0,394058.9641434263,449800.0,444423.3333333333,40.164766997958296,44.18925563479249,-5.90032338007862,0.1697538099997064,19.401196902860264,120.4178541456812,348.1499938964844,-24.43394627221896,2.226913337565452,3.601239745878274,0.2119747116803778,0.2666579245063678,5.115516087397706,0.0002387667101793,,26.37080579512645,66.9919325885426,31.8445684610294,0.0,26.996656167579296,43.1724829050832,27.0676427932196,33.05654653439191,47.6002834147422,0.0,80.0,37.4617935947928,40.0,60.0,70.0,40.0,30.0,94.303,47.5,80.0,48.90625,real_yahoo,283591.31765187153,5.070203092562412,12.864124939218652,1.1322828999104326,20.557791603454216,4.193814678250723,0.2147398768755364,4.985183637453183,-21.857113999057297,5.8555016292920445,13.004535090724133,20.395020049117445,6.101506587309177,22.436326882282582,4.885601031725679,5.942598830084505,20.85439671952578,9.88108855759265,12.88425836995728,13.016560541715195,12.555292984598562,5.751351894019796,21.819209865305368,23.068343086179837,84.39490445859873,14.331210191082802,,0.1158516395939053,12.864124939218652,0.1940055926074717,18.73688926094684,0.18152,-1.349726223900835,0.8783681932221549,-0.904873352204117,-0.6437502733315259,-1.1884305647582531,-0.44160651744119517,-1.2431969027864063,-0.8757235553608391,-0.1252265810584719,-0.4709457328275546,-0.44497002698712634,1.011736139214893,-0.6303977589970085,-3.0,0.0,0.35799248449191456,-0.6744907594765952,-0.6440224473729895,0.35022292346493555,-0.385423291129483,0.6744907594765952,-1.4685116565411456,0.3,0.3,-0.6539090820239817,0.44000000000000006,0.44000000000000006,-0.20667348399911314,0.9183333333333332,0.9183333333333332,1.0,0.4,0.3,0.3,33.037025211504854,0.17085049894484639,0.5975983568960641,-0.5216179836617205,-0.5528269020681611,-1.0859156061359485,-0.4891733422765163,-0.40864691242264406,-0.9091657505170424,,-0.6322191497236626,0.7126620077958976,0.26401312448609626,-0.6744907594765952,-0.4228949999892938,-0.1313683237993436,-0.4529364488422738,-0.5217210876377326,51.69405877044272,-0.5612726677073097,35.545805549311005,-0.6850622754606377,0.3086630753874137,-0.5438618256079524,-0.8548233583644348,-0.1805463658378205,0.30446209341686903,0.9963091456811582,-0.18819960003661199,-0.6993425919861935,0.36651367131974893,43.55437478460416,36.15961181026489,55.40029040403514,63.706772272644045,45.15279805318339,35.816010385704374,35.31494697561462,20.930232558139537,23.25581395348837,39.53488372093023,79.06976744186046,55.81395348837209,49.09008189262966,19.512738853503187,31.082802547770704,37.51910828025478,19.358507734303913,31.293999329534024,38.68011323425336,False
EME,"EMCOR Group, Inc.",33856421888.0,16986422272.0,1764573056.0,1272817024.0,3282988032.0,474556992.0,1111968000.0,,0.11599,0.3849,12.913,1.22,1.173,991140096.0,1302062976.0,26.809643,24.174131,9.164718,1.9931462,1.945,18.726,0.21,0.0355,0.197,0.53,0.488,0.07493,0.19327,0.09503999,USD,Industrials,Engineering & Construction,US,756.3,1.112,44000.0,835.0,324.8,745.4246,653.53503,380636.0,380100.0,462595.6175298805,402936.6666666667,374458.8888888889,40.008661725891656,41.240695399332765,5.186294699777427,18.492349914892813,14.653198939816692,96.87431209007916,756.2999877929688,-25.15057643875464,1.9494940614355656,2.3637492509744096,0.1804181352148071,-1.4736209469357875,11.26039229217747,8.355082916463468e-05,16986422000.0,33.79154447103716,60.93204222172996,29.420612314304343,1.0,40.32841497456706,56.827517094916814,35.75414173518187,41.540393047929584,25.784678094216773,0.0,50.0,52.08970106753452,40.0,50.0,50.0,70.0,30.0,90.0,35.0,60.0,48.90625,real_sec,386055.0516363636,7.493143662736326,10.388138406924446,3.4680384642069155,19.327130689619064,0.2689358711368649,2.74374416129138,5.834896131328201,-9.425149700598812,6.629759476119777,12.83323997043252,20.829397256281627,6.728628613084702,23.555680172056448,5.786283696167945,6.615294607189382,21.912019830317583,10.691967639914864,13.04461071688478,12.906537155681969,12.86373784939797,6.483925105690061,19.977892280497947,24.245394534381777,55.891719745222936,14.331210191082802,,0.0766531618695414,10.388138406924446,0.7008827504180911,19.67304668089213,0.37123605,-0.9225446924115136,0.5646752556212952,-1.0255020394238303,1.553397398691291,-0.5004749055498037,0.44160651744119517,-0.7728687475054495,-0.43793359041000757,-1.2509722052177525,-0.4709457328275546,-0.16898417861573772,0.0,0.15581770191581626,-3.0,-0.3372453797382976,-0.27500406547744677,0.3372453797382976,-0.6440224473729895,0.10530024515035424,-0.8672024050413367,0.0,0.6232495166250258,0.3,0.3,-0.35681426031792973,0.44000000000000006,0.44000000000000006,-0.47526929148670116,0.9183333333333332,0.9183333333333332,1.0,0.4,0.3,0.3,50.78126448924946,1.8246587459253527,2.671652264927742,-0.29426586386423803,-0.7404502199456521,-1.1383202261439296,-0.6769327066744665,1.1063110293212122,-0.5014085716332074,,-0.8163387114819757,1.528864521982353,2.9394888214093493,-0.5600883639228105,-1.1295043670600127,0.8033025133369028,0.1255269745235889,-0.4046481065237769,58.3614403675366,-0.8163255653345515,59.601189150427075,-0.6337463586245107,0.7942496231115815,-0.5298007462080185,-0.43326663369156304,1.3603431482612838,1.3242493786649874,0.7943720593082919,0.08025163224353543,-0.4815336899497908,1.1761143137368677,49.110412754124056,46.44671309602076,44.08444390676686,61.4871268245132,76.3557216906328,63.17994604023065,48.187267728386516,76.74418604651163,44.18604651162791,100.0,74.4186046511628,69.76744186046511,79.84531392174704,56.76751592356689,59.46496815286624,60.30891719745223,56.86013258806708,59.84579282601408,61.206652512385,False
WSC,WillScot Holdings Corporation,3164035584.0,2281445888.0,600880000.0,-52990000.0,1204585984.0,3905441024.0,14611000.0,,0.05325,-0.05653,456.108,0.859,0.67,378834752.0,761985024.0,38.618813,13.32618,3.6796446,1.3868554,3.084,11.709,1.61,0.1736,-0.061,0.147,0.146,0.0,0.52799,0.27708,USD,Industrials,Rental & Leasing Services,US,17.39,1.164,4700.0,31.88,14.91,20.0478,22.32025,2001131.0,2238350.0,2523181.274900398,2304560.0,2308376.6666666665,47.48302180078349,55.48578773429805,-13.353265301079787,-10.383381855279085,-18.37112698180628,-39.27085066534267,17.389999389648438,-52.53015550746397,-0.5830499100539919,-0.9021423054718514,-0.1398700282221666,-0.0070797185579685,4.201318697565027,0.0003333160526204,,77.5348461395634,70.62786680863016,73.05182295535522,0.0,74.42006141457945,62.19199481235144,46.92249751770479,70.62786680863016,33.05654653439191,0.0,40.0,33.97895848223524,40.0,90.0,80.0,70.0,30.0,100.0,42.5,80.0,48.90625,real_yahoo,485414.01872340427,-2.322649872114784,26.337683622501068,0.4657921466271848,52.79923535929159,6.4995357209426174,0.1951085727110957,16.605029029730815,-45.45169385194478,2.91180703861623,14.65205552696131,16.497285296095804,3.492864570187979,21.548075240759218,2.766947842349696,3.0467960416023865,20.90940176393872,8.45553053102413,14.741031470316996,14.650400760742476,13.0927595127177,3.1493220818364924,22.085636552401315,21.875114133628017,84.39490445859873,14.331210191082802,,0.3339921529622534,26.337683622501068,0.0037272464524822,17.596926425148595,-0.0467163919999999,1.5955780195255354,1.0665839557826697,1.145814330531003,-0.6437502733315259,1.2587484227215624,0.7885830668592765,-0.16816111928707617,1.0630605751357,-0.8757236638313258,-0.4709457328275546,0.09863898675682299,-0.3372453797382976,-0.8175919163572052,-3.0,1.011736139214893,0.6744907594765952,0.3372453797382976,-0.6440224473729895,0.6744907594765952,-0.5781349366942244,0.6744907594765952,1.5886777503940277,0.3,0.3,0.2926951837815543,0.44000000000000006,0.44000000000000006,0.03785973166354985,0.9183333333333332,0.9183333333333332,1.0,0.4,0.3,0.3,66.21018136358657,-0.10324778353501475,-1.830017597509191,-1.2153125849906423,0.468161601222351,0.2866074878929674,0.5325554844176792,-0.9773521444644667,1.030331755213437,,0.39241083732682197,-0.7572678316785821,-0.5664257255656677,-0.11504693220512943,0.36936398733242143,-0.6040857932254131,-0.14690294857928649,0.5102354114170803,14.907218845299713,0.10293798158676846,38.15331880455114,0.9090900216566508,-0.28263771033030255,-1.2030487991750216,-0.5144553362211529,-1.2164041876317002,-0.28289755307316855,-0.6101854421792611,0.31322615566317413,-0.8587520676980873,-0.6611359101725558,44.23690647947337,69.88492331109659,36.315518077182446,69.95788534323502,26.185635313598432,77.15021400515415,60.25506843411018,27.906976744186046,88.37209302325581,6.976744186046512,88.37209302325581,2.3255813953488373,37.67060964513194,67.35668789808918,43.93312101910827,33.76433121019109,68.10737033666972,44.63627220918538,34.118895966029726,False
GGG,Graco Inc.,14029153280.0,2236603904.0,723169024.0,521839008.0,1173182976.0,51596000.0,624083008.0,,0.12001,0.19925,1.944,3.15,2.178,517793888.0,683590976.0,27.474028,24.405369,5.2657127,6.272525,5.999,18.555,1.39,0.35709998,0.081,0.238,0.219,0.23332001,0.52454,0.27471,USD,Industrials,Specialty Industrial Machinery,US,84.62,1.089,4400.0,95.69,72.06,89.2402,85.407,1041319.0,1022440.0,819853.5856573705,1015080.0,957045.5555555556,20.81459628219417,19.781477550435227,-7.275914129101624,2.7421305509846228,0.3897630493731485,1.320120707399286,84.62000274658203,-12.547262661734448,0.1829801967121286,0.2654552738228991,-0.003247294713967,-0.1555614283330028,3.740760238140575,0.0001525755104542,3580000000.0,76.16786796242195,30.632590387666863,71.83984488199269,1.0,74.26380102871772,59.75359584988115,51.886211198826096,73.0518229553552,71.83984488199268,0.0,90.0,48.60686595497697,40.0,10.0,80.0,40.0,30.0,90.0,40.0,60.0,48.90625,real_sec,508319.0690909091,23.331757897173016,32.33335248618076,0.4566369682833793,52.4537659038263,0.0713470824768069,12.125590063430916,23.15089797858101,-11.568606959974916,4.4499189007168,13.77160731664532,20.251793944729958,4.5715099844954565,21.52822443851052,4.291281021367136,4.50247500405935,20.88298638507481,8.38958706681109,13.61688226895062,13.830478970229604,13.13886658542344,4.4590686910467054,17.75895472744851,23.364403378633764,55.891719745222936,14.331210191082802,,0.3056379248813115,32.33335248618076,0.9236382966037032,18.055051708927508,0.128097828985,1.5168866847775024,-1.0037894323829988,1.0854999869211461,1.553397398691291,1.2506849542535214,0.6308664534874211,0.10059782658775679,1.188143422264509,1.1256018902296177,-0.4709457328275546,0.1603336909398851,1.3489815189531904,-0.031376455444380114,-3.0,-1.6862268986914881,0.6744907594765952,-0.6744907594765952,-0.6440224473729895,0.10530024515035424,-0.6744907594765952,0.0,1.6691301032081114,0.3,0.3,0.5322530104152841,0.44000000000000006,0.44000000000000006,-0.5582369532361382,0.9183333333333332,0.9183333333333332,1.0,0.4,0.3,0.3,64.64032585041647,1.9481873440833173,0.7784075603054539,1.1919210303505439,0.9224965785842885,0.27192058357464993,0.987219902136456,1.77208434058861,1.0103898502738222,,0.25922790902617976,0.5124499321298196,0.6746695026681075,0.47630059726167595,0.1338275316421816,1.1317243062416245,1.3404088994399252,0.4689629173660739,86.21250407544633,0.3221877177329035,72.04003172861535,-0.36625415882157447,-0.045007296645863795,1.1990920364530544,-0.39735624603424413,-0.3717348189435128,0.4476337858073298,0.18773391249325116,-0.20563072773371913,0.40086789520940513,0.12385324238785345,49.245341991159165,73.72888232394027,54.97334043867784,48.77930938492789,55.630076212393305,60.773271957090884,61.05958848115842,100.0,95.34883720930233,62.7906976744186,46.51162790697674,100.0,68.69881710646042,84.89490445859873,79.81528662420382,75.99044585987261,85.54855063044327,81.23365739188736,78.55980184005662,False
RBC,RBC Bearings Incorporated,17330667520.0,1790599936.0,537299968.0,268600000.0,796499968.0,1055600000.0,107600000.0,,0.05249,0.08663999,32.369,1.86,0.631,220350000.0,399700000.0,64.48353,39.30287,5.314336,9.678693,10.208,34.019,0.87,0.0,0.17,0.17,0.164,0.15001,0.44482,0.22444001,USD,Industrials,Tools & Accessories,US,548.11,1.491,5334.0,589.17,297.28,543.6372,444.5657,203009.0,189430.0,174578.08764940238,185543.3333333333,196536.66666666663,26.609262649668896,28.7102586672553,-3.1710441091844177,19.468596774791138,46.166564341886726,62.64874365269857,548.1099853515625,-10.345536468424076,2.012974982132424,3.4649307674000136,0.1614649769064548,1.250745361857499,5.749605070704808,0.0002208541891971,,69.72354227018371,26.99665616757929,63.35599836845502,0.0,70.62786680863016,60.72895543486926,29.549499633780243,43.96434919465463,35.48050268111696,0.0,20.0,38.15836061730431,40.0,30.0,50.0,50.0,30.0,100.0,35.0,40.0,48.90625,real_yahoo,335695.5260592426,15.000559008173672,30.00670094964194,0.3655784221431158,44.48229623973359,1.96463812184705,0.3786472148541114,12.305931412699437,-6.969126058692732,6.30829878573801,12.188609379792757,18.49393121498564,6.380410630989897,21.305816560980592,5.698032642675594,6.300119884921164,20.4957376483941,8.582044163735853,12.07013314230136,12.131049126185872,12.723962834565588,6.099344710785007,20.77737516354077,23.575743458166396,30.095541401273884,14.331210191082802,,0.2232212745929641,30.00670094964194,0.092503438789546,18.376603421404127,0.08663999,1.1459132495367765,-1.1920051949435142,0.6632995816521507,-0.6437502733315259,1.0630606835603085,0.6939530988361631,-1.1088174298489903,-0.31285074328119866,-0.7506408167025168,-0.4709457328275546,-0.30462745306527056,-1.011736139214893,-0.5929589275249693,-3.0,-1.011736139214893,-0.27500406547744677,-0.3372453797382976,-0.6440224473729895,0.6744907594765952,-0.8672024050413367,-0.6744907594765952,-0.02036930588764227,0.3,0.3,-0.0760826984794317,0.44000000000000006,0.44000000000000006,-0.864324554554561,0.9183333333333332,0.9183333333333332,1.0,0.4,0.3,0.3,44.69451896411234,-0.12660144885841088,-0.36998083247646335,0.4101784852857774,0.7461894480177538,-0.06745333302137498,0.8107849304683087,-0.712017249122696,0.5874027777441208,,-0.12789216332415324,-0.5635431263779582,1.0517932194888056,-0.6744907594765952,-0.4228949999892938,0.10038268302485018,0.12552394965235658,0.20298807026661,47.65192572961301,-0.5612726677073097,44.94510725973585,-0.8493956919433517,0.12178215847103362,0.6771412861003973,-1.025007369436076,0.19878642792100729,1.378584699341616,2.1346669037100856,-0.3638067667361591,-0.17393304166783935,1.2514698792259742,47.38507795897056,47.277953606767255,66.16656077467042,26.975038784646802,53.583299722722785,45.93204997536751,57.0369882459172,41.86046511627907,46.51162790697674,58.139534883720934,6.976744186046512,46.51162790697674,61.53321201091902,42.697452229299365,50.53503184713375,51.9140127388535,42.658910698037175,50.84813945692256,52.72823779193205,False
ITT,ITT Inc.,17357053952.0,3938500096.0,861200000.0,488100000.0,1392400000.0,867200000.0,1742899968.0,,0.08128,0.14291,21.196,2.584,1.958,444987488.0,668300032.0,31.620293,22.028088,4.0632625,4.4070215,3.998,18.284,0.8,0.2298,0.135,0.061,0.037,0.123909995,0.35354,0.18852,USD,Industrials,Specialty Industrial Machinery,US,193.2,1.324,11600.0,209.7,105.64,192.844,177.93745,979024.0,1187080.0,541995.6175298805,1003650.0,1020397.7777777778,30.08406194864932,34.50290645320225,1.516442120525463,11.125558390011236,6.836430224887535,45.99555471612655,193.1999969482422,-15.565054478711138,1.3654365629867713,2.009446416550406,0.0971002729724061,0.5637166001879259,7.531622611099282,0.0001934775270709,3580000000.0,60.1546950301936,41.54039304792958,50.02423956146726,1.0,65.77995451518005,69.5071916997623,30.79042805406057,58.50808607500492,57.2961080016424,0.0,90.0,42.33776275237337,40.0,60.0,80.0,70.0,30.0,90.0,50.0,90.0,48.90625,real_sec,339525.8703448276,12.393042734611628,21.86619217997856,0.8041051614927514,35.353560138646245,1.0069670227589411,0.7706411808118081,11.2983998261657,-7.868383404864088,5.268888555857225,13.835704067461716,21.27881621170546,5.350435320810143,22.09406580173632,4.6694586758704535,5.2670537118710925,21.054294714619743,9.358846580275406,13.203015039682532,13.81915490924185,12.735308369667289,5.18703630343112,20.58078018980279,23.5772648286092,95.22292993630572,14.331210191082802,,0.1696838937946797,21.86619217997856,0.6677521893291714,18.466739125979142,0.110069282,0.5950739063005472,-0.43914214470145296,-0.00015819805626999205,1.553397398691291,0.81289498930269,1.2617329069748426,-1.0416276933802822,0.4376463394916552,0.3751048074567645,-0.4709457328275546,-0.294310428923132,1.3489815189531904,-0.36832593869273367,-3.0,0.0,0.6744907594765952,0.3372453797382976,-0.6440224473729895,0.10530024515035424,-0.2890674683471122,1.011736139214893,1.5082253975799444,0.3,0.3,0.13965630483578975,0.44000000000000006,0.44000000000000006,-0.027085278332053434,0.9183333333333332,0.9183333333333332,1.0,0.4,0.3,0.3,64.16178709479286,0.7580722678002437,0.20385648754262212,0.16550704781910797,0.12932451573565448,-0.4560390217680526,0.19347270662042948,1.0072901800628173,0.2851608263306115,,-0.37936313011991823,2.8432899869894253,1.0548072756418625,0.06606333906593266,-0.4978384177089154,0.25384459936986375,0.559690569669504,0.019223548002265056,71.45937203160406,-0.187692451482749,62.95721925306986,-0.5742966540436072,0.16853571153674016,0.3641510315435838,-0.7642667286198922,0.850283424283462,0.9142332277254611,0.46191709377761614,-0.2028804712534335,-0.2000578485381542,0.759353446508508,47.34326105790402,53.32681144996233,54.68567607645893,59.029973681578156,45.866092436018825,68.95246917000372,53.01438801067598,83.72093023255815,58.139534883720934,41.86046511627907,69.76744186046511,88.37209302325581,60.96451319381255,78.5031847133758,69.80573248407644,65.21656050955414,79.20187183153517,71.14984914515588,67.5442321302194,False
WTS,"Watts Water Technologies, Inc.",9632571392.0,2438500096.0,528600000.0,340800000.0,1206000000.0,291900000.0,406200000.0,,0.11173,0.18246001,14.396,2.51,1.367,217324992.0,402000000.0,28.409048,22.644266,4.7508802,3.9502034,3.903,18.007,0.72,0.19569999,0.157,0.238,0.238,0.13976,0.49457002,0.18365,USD,Industrials,Specialty Industrial Machinery,US,288.92,1.266,5700.0,345.17,177.59,308.4632,280.9339,193972.0,209870.0,175962.1513944223,180866.66666666663,188325.5555555556,26.39326519149556,20.401474521687263,-7.743397822344766,3.8753464813470417,3.289165403190597,39.60699358364095,288.9200134277344,-15.450706367752009,1.3656910203898822,2.37550734252458,0.0828520462439218,0.988675877072805,6.519741895717617,0.0003173288883346,,68.74712928651124,46.38830534137968,69.41588873526764,0.0,64.56797644181754,58.77823626489304,43.19971225686382,52.44819570819229,54.87215185491734,0.0,40.0,40.24806168483884,40.0,60.0,0.0,90.0,30.0,100.0,42.5,30.0,48.90625,real_yahoo,427807.0343859649,13.975804247825629,21.677259757630942,0.4978571704201806,49.45663122910125,0.5522133938706016,1.3771839671120247,8.912240452911592,-16.296317756467825,5.669605022854615,12.145932732612287,19.8223562095724,5.846929983874686,21.614648972892933,5.185092675833409,5.734839183601355,20.910574936080597,8.648396877031582,12.078029885022795,12.105520919458332,12.966429856159944,5.641672646299685,19.49192183925017,22.98841604611633,20.063694267515924,14.331210191082802,,0.1648554374303375,21.677259757630942,0.5818650623119896,17.74417405485122,0.1467525878676001,1.089705153288181,-0.18818779462076568,0.9648712997014333,-0.6437502733315259,0.7503535657382858,0.5677798081386791,-0.3697303286932005,0.1249392216696322,0.2500219603279548,-0.4709457328275546,-0.05652530236513864,-0.3372453797382976,-0.48064243310885163,-3.0,0.0,-1.8574954404008501,1.011736139214893,-0.6440224473729895,0.6744907594765952,-0.5781349366942244,-1.011736139214893,0.7841542222531928,0.3,0.3,0.14825550539739288,0.44000000000000006,0.44000000000000006,-0.8002482113631108,0.9183333333333332,0.9183333333333332,1.0,0.4,0.3,0.3,53.2665821876448,1.693755306086316,0.6071845080126385,0.31402252921089685,0.1150077464507076,0.1443361694639558,0.1791455561810106,0.7505901430553167,0.2441831566867616,,-0.4020429208001378,0.05853257077725669,0.1724589464267624,-0.0438274449455608,-0.5834880379599118,0.6754746256034552,0.43629562027444835,-0.0028374675253298037,77.32987673962128,-0.28667471180201876,54.05166631761597,-0.8483593924375259,-0.20626009835555228,0.6965971146534692,-0.6737100988753492,-0.4367087105073894,0.5107055901852909,0.31104838484766006,-0.5273097453965391,0.011443507889060012,0.16658413837619757,44.378503221533606,61.04733116941719,56.20566156767955,59.73175286081319,59.76077707358425,64.85451578184248,53.81890805772423,62.7906976744186,74.4186046511628,69.76744186046511,72.09302325581395,95.34883720930233,73.61237488626024,66.78025477707007,66.76114649681527,65.02866242038216,67.49967502924738,68.61548776399597,68.75088464260439,False
ALLE,Allegion plc,12151682048.0,4067300096.0,1006300032.0,643800000.0,1838300032.0,2150299904.0,356200000.0,,0.11238,0.36084,104.0,1.842,1.091,505562496.0,783800000.0,18.985195,14.87311,5.8718724,2.9876533,3.429,13.858,1.47,0.2742,0.093,0.033,0.024,0.15829,0.45196998,0.21409,USD,Industrials,Security & Protection Services,US,141.06,1.03,13300.0,183.11,116.57,158.0116,162.60345,915906.0,866980.0,844598.6055776892,871756.6666666666,885007.7777777778,23.90612660837741,21.37352344070221,-7.005153063883062,-12.004257526273287,-20.33647801966885,7.541910132057317,141.05999755859375,-21.23605230954234,0.4406233655484286,0.6671294576949568,0.0298121042642564,0.2729844568875069,7.900823674527523,9.327903545310466e-05,2408200000.0,70.11410746365269,54.87215185491734,65.77995451518007,0.0,69.41588873526763,75.35934920969098,28.30857121349992,66.9919325885426,52.44819570819229,0.0,70.0,49.30343297748848,40.0,90.0,30.0,30.0,30.0,89.2,47.5,60.0,48.90625,real_sec,305812.0372932331,15.828682044709394,24.741229027817475,0.8304016556595162,45.197059194326044,2.1368377577473834,0.3645072943276288,12.429928553764624,-22.964338375839667,4.956249503569664,13.693352842333848,19.69100293162725,5.215533405069116,22.12624524944532,4.76703390087965,5.068977155533917,21.332107086404463,9.495594499353295,13.646617954488844,13.678266759069537,12.630729204966729,5.097445511965858,21.488873160055736,23.220733437397914,55.891719745222936,14.331210191082802,,0.1927076885157382,24.741229027817475,0.142110518109958,18.595802110668757,0.2618976719999999,1.1683964880362139,0.25098231802043647,0.7839282688718636,-0.6437502733315259,1.0005192599959036,1.6402527790672945,-1.1760071663176983,0.8754363044424872,0.12493911319914555,-0.4709457328275546,-0.3851185661515089,0.6744907594765952,0.00606237602765909,-3.0,1.011736139214893,-0.9080006154468081,-1.011736139214893,-0.6440224473729895,0.059765004004255134,-0.385423291129483,0.0,1.0255112806954434,0.3,0.3,0.18530501706398764,0.44000000000000006,0.44000000000000006,-0.23453836600442116,0.9183333333333332,0.9183333333333332,1.0,0.4,0.3,0.3,59.089364245460004,1.7137288356392206,2.4262901987106003,0.4878838694487948,0.34718674776959024,-0.037015341097350316,0.4114929115489019,-0.5637512686476905,0.5003146277255286,,-0.2712178336657192,-0.04563281722596082,0.460210658099933,0.209146898575455,0.2194771518931779,1.1983173479213975,-0.02736696953956466,0.13232139267378162,56.670108895819084,0.21379551256843032,61.70213827227599,-0.34772665096122785,0.23548091523770473,0.9206244817813014,-0.30523829508720923,-0.3341027039724339,-0.3731112100672489,-0.693773780964362,-0.05612286786176156,0.3076930933470461,-0.45760742950793837,48.49075686107821,60.15327363097573,49.261152074210386,67.39072003301385,50.979277296369254,59.102675790009386,55.427948151820715,81.3953488372093,72.09302325581395,51.162790697674424,83.72093023255815,67.44186046511628,60.14558689717925,71.98726114649682,65.43630573248407,62.8375796178344,72.42298193162617,66.21521957760645,64.19320594479831,False
SITE,"SiteOne Landscape Supply, Inc.",5634773504.0,4704799744.0,374100000.0,151800000.0,1635200000.0,980000000.0,190600000.0,,0.04725,0.09612001,58.222,2.474,1.106,209050000.0,300500000.0,37.60831,23.533562,3.3907647,1.1976649,1.371,17.236,0.87,0.0,0.032,0.147,0.146,0.03226,0.34756002,0.0,USD,Industrials,Industrial Distribution,US,126.74,1.573,7750.0,168.56,101.25,141.1268,133.68706,681573.0,672250.0,493181.6733067729,622893.3333333334,625003.3333333334,38.938528777564166,41.08368621796832,-6.444233615020767,1.343355459757345,-1.4693360392583732,3.334689186308437,126.73999786376952,-23.52095382742536,0.3303360126880496,0.6769300457582235,-0.0255646937026759,0.4989822183568814,2.08098310486649,0.0003041680632015,,33.79154447103715,74.26380102871772,48.81226148810473,0.0,25.784678094216773,33.418887055202056,55.60899645966707,31.8445684610294,43.96434919465463,0.0,50.0,25.62015421209712,40.0,90.0,50.0,80.0,30.0,100.0,45.0,70.0,48.90625,real_yahoo,607070.9347096775,3.2264922687429904,7.951454267040531,0.9605569799991636,34.75599576975321,2.619620422346966,0.3066326530612245,4.443334708700409,-24.81015662078785,4.849996948133443,13.345513862027836,19.06568755443097,5.133206846484437,22.27184904691005,4.627420794922911,4.956719616898153,21.215030958585206,8.955577146281511,13.10863491848484,13.342132173967489,13.316402571602712,4.902954013471385,20.7030631306493,22.45222278930913,72.92993630573248,14.331210191082802,,0.0638709437916514,7.951454267040531,0.1628224841961387,17.950770650730405,0.09612001,-0.9225446924115144,1.2547997183431845,-0.060472541666126776,-0.6437502733315259,-1.2509719883226575,-1.0724729709286163,0.3021670359938811,-0.9382649789252431,-0.3128508517516853,-0.4709457328275546,0.42632162980592403,0.0,-1.2668578940216764,-3.0,1.011736139214893,-0.27500406547744677,0.6744907594765952,-0.6440224473729895,0.6744907594765952,-0.4817791139118537,0.3372453797382976,-0.5835357755862269,0.3,0.3,-0.31932534715930644,0.44000000000000006,0.44000000000000006,-0.17564047039890532,0.9183333333333332,0.9183333333333332,1.0,0.4,0.3,0.3,42.770862787144765,-0.287618825561827,-0.27330430317555626,-0.6946191580400178,-0.9250953127123186,-0.4814962374449956,-0.8617116864370296,-0.5018472016999503,-1.3011041184863514,,-0.8763781958555614,-0.3906285822926172,-0.284199510578862,-0.6744907594765952,-0.4228949999892938,-0.5123233000793128,-0.6997726683053439,-0.7395361963584309,43.0982338654255,-0.5612726677073097,25.931069506655483,-0.6108454520724793,-0.09909807023169215,-0.43340922684604194,-1.1530357080404294,-0.2561425099095947,0.36978166022484116,0.10866457502537077,-0.35497176115208573,-0.7932224674432357,0.1036692836246693,40.94842315322959,52.29720089002312,52.70393804986435,70.92049276855819,40.46877046020093,54.72332888698819,36.9239870697111,2.3255813953488373,55.81395348837209,30.23255813953488,90.69767441860465,37.2093023255814,36.30573248407644,29.94267515923567,31.050955414012737,32.93630573248408,30.20278174964253,31.780087160576596,34.68506723283793,False
TTC,Toro Company (The),9036454912.0,4551699968.0,643000000.0,331200000.0,1512000000.0,1195299968.0,189000000.0,,0.084300004,0.22945999,84.224,1.688,0.656,579837504.0,736700032.0,27.75449,18.24085,6.3315344,1.9852923,2.195,15.54,1.68,0.45810002,0.042,0.327,0.286,0.07276,0.33218,0.09814,USD,Industrials,Tools & Accessories,US,92.7,0.806,9227.0,105.19,62.34,96.0938,81.01175,941504.0,754850.0,913349.6015936256,975360.0,998162.2222222222,30.21784481280276,19.588954525654284,-5.880753578377195,16.11993223774284,22.946666669365,28.03073401711935,92.6999969482422,-17.21715082607783,1.0431869698894554,1.714513441834337,0.0380231262815567,0.9119509890888684,10.856620603208386,0.0001893550600257,,43.36039171102726,62.14402029509249,47.60028341474221,0.0,41.540393047929584,47.073921245035656,49.40435435826544,68.20391066190511,58.50808607500492,0.0,60.0,50.69656702251151,40.0,60.0,30.0,80.0,30.0,93.556,30.0,50.0,48.90625,real_yahoo,493302.26162349625,7.276402274500708,14.126590164565082,0.9292993141100564,33.21835820967715,1.858942407465008,0.6163306715657839,12.738921898992794,-11.87375225781918,4.540098189244376,13.813672091241733,19.05725757831492,4.665229942415754,22.2387666196913,4.148517041110494,4.575677521559394,21.13669911536513,9.129997619293643,13.724875096371743,13.790562937862251,13.108879399045696,4.4068625296817645,20.901663010913296,22.92453277879577,40.92356687898089,14.331210191082802,,0.1618516240479935,14.126590164565082,0.1365311019063752,18.254242485884053,0.1243443639918001,-0.37170534917528497,0.6274138431414672,-0.1207868852759832,-0.6437502733315259,-0.4379334819853992,-0.18925993604622685,-0.03378164634966007,0.9379777280068913,0.43764623102116856,-0.4709457328275546,0.11988595213943305,0.3372453797382976,0.08094003897173825,-3.0,0.0,-0.9080006154468081,0.6744907594765952,-0.6440224473729895,0.30770439204476535,-1.0599140506060782,-0.3372453797382976,-0.5030834227721435,0.3,0.3,0.016215299233597102,0.44000000000000006,0.44000000000000006,-0.4953414479338461,0.9183333333333332,0.9183333333333332,1.0,0.4,0.3,0.3,43.546186000358354,0.850872481867767,1.0864867609205482,-0.3146033887172227,-0.4571608266695304,-0.5469701163301588,-0.39343789897185355,-0.5804270662401916,-0.475324139256897,,-0.4161521626806505,-0.3939618747087202,0.1043660513933394,0.8017835980230305,0.44430740505204297,0.2752899559867123,-0.4775830242426057,-0.2941676963729214,62.66383136517559,0.6409193111860861,43.90477232369294,-0.2962502479034156,0.05831331980182281,0.35210062831050765,0.04449765427102533,-0.17782642888161607,1.1922068794140588,1.1471015091244035,-0.11896846405079639,0.19829914129076648,0.7676652758384598,50.40047754985973,66.31539324988809,49.48295960823846,65.47482739178324,52.67561532666987,55.82887866135317,43.36014744609706,39.53488372093023,83.72093023255815,55.81395348837209,81.3953488372093,79.06976744186046,65.92356687898089,39.9203821656051,46.78662420382165,51.55095541401274,39.52619264266216,46.13141133087496,50.69709837225761,False
AAON,"AAON, Inc.",6641746944.0,1442076032.0,226930000.0,107593000.0,385724000.0,417111008.0,3576672.041819942,,0.06453,0.12514,46.605,2.627,1.78,-235688880.0,534000.0,63.06977,27.467928,7.426068,4.6056843,4.887,31.058,0.49,0.3101,0.425,0.261,0.297,0.07461,0.26748,0.105299994,USD,Industrials,Building Products & Equipment,US,81.36,1.201,5897.0,116.04,62.0,91.9102,87.5779,917678.0,739870.0,866034.06374502,868326.6666666666,937610.0,52.69706208121507,52.62286353503238,-11.837156293426675,2.869637456523577,-17.08277091121714,-1.1900903390126727,81.36000061035156,-32.763399031061724,0.330468492869632,0.5067040052188693,0.0460243593373145,-0.6432073314742194,8.559836115902407,0.000316880870671,,39.45473977633743,39.11643690120453,37.904458827842014,0.0,42.75237112129211,43.1724829050832,24.638025319410037,24.7299491039018,63.35599836845501,0.0,70.0,38.15836061730431,40.0,90.0,40.0,70.0,80.0,89.4,30.0,70.0,48.90625,real_sec,244544.0108529761,7.4609796995780036,15.73634086999374,0.2944219251826028,26.74782684412579,1.8380602300268805,0.0012802347331001,-16.34372077269224,-29.886246122026893,4.411099882159589,13.751090429817976,15.026593511995594,4.762515756711869,21.089349601880983,4.143134726391533,4.53163343527172,19.770632648361957,8.682368589375221,13.67168067603786,13.674324418568492,12.407154664422146,4.483882390830871,19.84886295296894,22.616640859958068,72.92993630573248,14.331210191082802,,0.0003702994766922,15.73634086999374,0.0079842373001215,18.07056328728218,0.0863340859999999,-0.5965377341696635,-0.5646193197417965,-0.603301634154835,-0.6437502733315259,-0.37539205842099477,-0.44160651744119517,-1.3747478892229616,-1.3053990323319449,0.6878119252787864,-0.4709457328275546,-0.5501438643483734,0.6744907594765952,-0.5929589275249693,-3.0,1.011736139214893,-0.5915023404621275,0.3372453797382976,2.369733863731611,0.07114881429078011,-1.0599140506060782,0.3372453797382976,-1.388059303727062,0.3,0.3,-0.5132174961942588,0.44000000000000006,0.44000000000000006,-0.04811849916464787,0.9183333333333332,0.9183333333333332,1.0,0.4,0.3,0.3,35.597198486185846,0.2433697754753926,0.022639367148665338,-0.29728390949653677,-0.33517843122075397,-0.8224027857200584,-0.2713670535337804,-0.9646288208875704,-0.4150777596298029,,-1.1746477073619686,-0.7802557327409536,-0.1691754522750807,0.3248383352059021,-0.8297306961815258,-0.14223046105944953,-0.5833348488429859,-0.4596930306924133,42.33430678430667,-0.19471772891844047,31.301710821034366,-0.331677133888128,-0.03696141288473461,-1.6727000377719112,-0.5722242207133615,-1.0056856028210102,0.454730483257056,-0.5553903742094354,-0.18431927338643128,-1.1224621292426364,-0.28643059980631125,39.468214747012695,19.607402286295503,36.31523525284911,35.29775890214826,65.02141656824378,39.6488588825693,38.53302716380759,11.627906976744185,2.3255813953488373,81.3953488372093,20.930232558139537,34.883720930232556,63.21656050955414,14.563694267515924,21.777070063694268,22.85031847133758,14.600935915767582,22.252765672142143,23.973814578910122,False
ESAB,ESAB Corporation,5988915200.0,2842554880.0,550912000.0,251419008.0,1048342016.0,1345174016.0,185863008.0,,0.06632,0.12891,60.826,1.898,0.958,165628496.0,260567008.0,24.654137,15.124237,2.757625,2.1068776,2.525,13.031,0.41,0.092700005,0.075,-0.316,-0.299,0.079780005,0.3688,0.16799,USD,Industrials,Metal Fabrication,US,98.37,1.31,10300.0,137.42,89.41,114.5966,116.3672,545808.0,895730.0,354883.46613545815,627083.3333333334,520670.0,36.59982302042716,46.19332570754337,-13.16799706159043,-12.527762577436372,-12.33364385460588,-19.799299715505924,98.37000274658205,-32.25041736454005,-0.2970616409846525,-0.3693788634655492,0.0019563005302065,-0.2841787335851011,9.494055379249842,0.0004487458578207,,57.42073867591071,59.72006414836744,52.4481957081923,0.0,59.72006414836744,63.655034189833614,25.826714372939268,46.38830534137968,42.75237112129211,0.0,80.0,33.28239145972373,40.0,70.0,70.0,40.0,55.0,97.783,42.5,80.0,48.90625,real_yahoo,275976.2019417476,8.844825117325438,19.380874715073222,0.5803511476756883,36.88027356572972,2.441722118959108,0.193705055926385,5.826747520878119,-28.416533255712405,4.598850257243272,13.162873643342278,19.04052044956749,4.930292541413717,21.767969090702493,4.504354880749275,4.750106544041037,20.770475721703235,9.239996256883693,12.779547567982268,13.348836313494328,12.528073539627249,4.765307481646162,21.019789222300403,22.513176131003437,84.39490445859873,14.331210191082802,,0.0916664827945204,19.380874715073222,0.1213968082329013,17.368280658329684,0.11696004235545,0.43769123680448174,0.5019366681011238,0.12047048916344251,-0.6437502733315259,0.500187871480668,0.8832130348823899,-1.310386639255115,-0.18776789615238973,-0.37539227531608976,-0.4709457328275546,-0.4654813248676323,1.011736139214893,-0.8550307478292444,-3.0,0.3372453797382976,0.35799248449191456,-0.6744907594765952,0.8628557081793109,0.5483012224504676,-0.5781349366942244,0.6744907594765952,0.14053539974052465,0.3,0.3,-0.1740535690311448,0.44000000000000006,0.44000000000000006,-0.07087424871399124,0.9183333333333332,0.9183333333333332,1.0,0.4,0.3,0.3,50.42566924349503,0.2983738030133916,0.06108554294411924,-0.16743334978003113,-0.059005874055418406,-0.39107607687021845,0.0050057576078395855,-0.625660547449616,0.11241512657943266,,-0.745819491611202,-0.40049719448557997,-0.24374679010938866,-0.375755473847079,-0.9153803164325222,0.0054693840352659515,-0.27879407966801545,-0.14148882227102744,27.93653490198859,-0.6185866530105284,36.39415396079958,-0.7143944137904046,-0.40123668331908496,-0.22275184859844707,-0.7424082317850025,-1.190654415657192,-0.40224811795317394,-0.3534052663616071,-0.5578155485547448,-0.4825800401917248,-0.6241171517869094,39.24318706230391,34.57524328744561,32.61892766547253,72.46685405552533,32.771352005049316,53.08886450024045,45.77370758724179,23.25581395348837,20.930232558139537,18.6046511627907,93.02325581395348,6.976744186046512,37.71610555050046,39.70700636942676,27.490445859872615,22.55095541401274,40.28337449629534,28.333892054978207,23.78273177636235,False
MWA,MUELLER WATER PRODUCTS,4324054016.0,1443600000.0,327000000.0,199600000.0,534300000.0,452300000.0,459600000.0,,0.10145,0.21552,44.422,4.019,2.331,150775008.0,226400000.0,21.771654,17.815722,4.2460074,2.995327,2.99,13.201,0.99,0.2134,0.046,0.227,0.224,0.13826999,0.37012002,0.18856001,USD,Industrials,Specialty Industrial Machinery,US,27.65,1.156,3500.0,31.0,22.01,28.3548,25.8954,1139970.0,1268150.0,1435803.984063745,993326.6666666666,1199468.888888889,32.1788388852786,22.238442805860632,-4.391426190917292,15.770202517313136,7.281866087296041,7.113339629642823,27.64999961853028,-16.11083470318023,0.4279497846680962,0.5794249096361076,0.1390790346820715,1.315513424154714,10.823408227437358,0.0004595477635302,,63.27921657794547,53.66017378155482,54.87215185491735,0.0,66.9919325885426,51.95071916997623,40.717855416303166,59.72006414836744,73.0518229553552,0.0,90.0,36.06865954976978,40.0,90.0,80.0,20.0,30.0,100.0,32.5,80.0,48.90625,real_yahoo,412457.1428571429,13.826544749238016,22.65170407315046,0.294733066608242,37.01163757273483,1.3831804281345563,0.5005527304886137,10.444375727348296,-10.806451612903237,3.3551534431607486,13.9973902578946,19.94586710611468,3.4657359027997265,21.09040583142562,3.135928904047274,3.379456076343561,20.096468038799607,8.160803920954665,14.17723621439844,13.80881586509922,12.929890007746785,3.2919552682675186,19.929856236658992,22.187459229013523,84.39490445859873,14.331210191082802,,0.1568301468550845,22.65170407315046,0.5040026318675294,17.496861271082057,0.169528032,0.7749398142960504,0.18824373050026472,0.24109917638315537,-0.6437502733315259,0.8754364128670955,0.12617329069748395,-0.5041098016306169,0.5001877630560597,1.1881433137940225,-0.4709457328275546,-0.09787020237270531,1.3489815189531904,-0.7052754219410873,-3.0,1.011736139214893,0.6744907594765952,-1.3489815189531904,-0.6440224473729895,0.6744907594765952,-0.9635582278237074,0.6744907594765952,0.5427971638109422,0.3,0.3,0.20518061836535242,0.44000000000000006,0.44000000000000006,0.1228002474670675,0.9183333333333332,0.9183333333333332,1.0,0.4,0.3,0.3,57.411591836005,1.3778662540803777,0.9443277937781421,0.30001704190281675,0.18884840478224818,-0.3854566544243444,0.253039756709481,0.5178743744560428,0.28549748270893816,,-0.4397385934252074,0.16978120516469297,-0.4339197204859022,0.013212654922775752,-0.29442056961279944,0.6397759358592087,0.3722153346954338,0.004264344727273425,78.38229663399096,-0.1252222961182331,52.368049167186776,0.09493059208206293,-0.3345416868148309,0.17546538088522218,-0.501964766601216,0.029169874036701543,1.1727418472687314,0.48086192503510444,-0.11980554736638396,-0.16324969285799693,0.6221062786290343,47.90963477493638,43.99123741243828,47.15462373954807,68.54924916981824,56.377300408143114,62.11714886873834,52.20986796362774,58.139534883720934,39.53488372093023,65.11627906976744,86.04651162790698,97.67441860465115,65.0363967242948,68.40127388535032,61.0031847133758,56.420382165605105,68.84180423761863,61.749916191753265,57.487615003538565,False
ZWS,Zurn Elkay Water Solutions Corp,7542754816.0,1695900032.0,375300000.0,192400000.0,764800000.0,553200000.0,300500000.0,,0.06724,0.120620005,34.504,3.129,1.922,283049984.0,346500000.0,40.19643,24.715622,4.6886063,4.4476414,4.577,20.682,0.98,0.3393,0.098,0.147,0.157,0.11675,0.45097,0.15938,USD,Industrials,Pollution & Treatment Controls,US,45.02,0.811,2600.0,53.17,27.74,48.0048,45.4788,1023557.0,1065320.0,1022907.3705179284,898346.6666666666,948964.4444444444,27.45300422196464,24.051881962890743,-7.060277179817232,-3.698003494109703,-3.58783871162488,35.64143341949138,45.02000045776367,-17.024199147258834,1.1912991895721583,2.103799936336064,0.0843090553161179,1.142500032790177,8.253979352197176,0.0003637681678065,,60.1546950301936,40.32841497456705,64.56797644181755,0.0,54.87215185491734,37.32032539515452,59.33178172050805,65.77995451518005,70.62786680863016,0.0,60.0,49.30343297748848,40.0,10.0,40.0,90.0,80.0,91.993,42.5,40.0,48.90625,real_yahoo,652269.2430769231,11.34500833596305,22.129842143902973,0.346243985239939,45.09699779285104,1.4740207833733014,0.6263557483731019,16.690251704647647,-15.328192589806278,3.82907608460722,13.763127664331051,19.52095831526732,3.992127249669808,21.251479429772324,3.358289880650879,3.891918252496613,20.455124921009,7.8636512654486515,13.838160471535998,13.708312429002936,13.388214238281153,3.838996294654439,20.13123015956254,22.743853312583266,30.095541401273884,14.331210191082802,,0.2043162883789603,22.129842143902973,0.351997188707977,17.645266351124352,0.0796936373035,0.5950739063005472,-0.5018807322216247,0.7236139252620075,-0.6437502733315259,0.2500221772230498,-0.8201263895336475,0.5037362454000058,0.8128948808780816,1.0630604666652135,-0.4709457328275546,0.5480631767377767,0.3372453797382976,0.00606237602765909,-3.0,-1.6862268986914881,-0.5915023404621275,1.011736139214893,2.369733863731611,0.21873991465557377,-0.5781349366942244,-0.6744907594765952,-0.10082165870172592,0.3,0.3,0.3031198995112577,0.44000000000000006,0.44000000000000006,-0.7443704382069969,0.9183333333333332,0.9183333333333332,1.0,0.4,0.3,0.3,47.162558281398226,0.32664402945750254,-0.023455201117799605,0.0671666902030186,0.1493031708472975,-0.04127232967133046,0.2134658483456882,0.06355945859452249,0.039967952938046794,,-0.2166909631460618,-0.16167305946154512,-0.06625557585699574,0.41893833380225465,-0.305126772144174,0.11496394632785592,0.14600797295766366,-0.03818555961129673,74.79790591366644,0.09310903612636179,47.36467938633868,-0.21422031091232369,-0.25756370325446126,0.6011418205857996,0.036691048258564736,-0.34176420828376924,0.089192941677887,0.01856254455680847,-0.23589200708339247,0.31891643442218215,-0.061283322446933436,48.04701243402466,65.2635142826091,52.593138758699695,47.618606078395516,47.19625912758375,54.91280008835225,57.84150829296544,48.837209302325576,81.3953488372093,44.18604651162791,44.18604651162791,93.02325581395348,57.597816196542304,51.14331210191084,54.181528662420384,54.29936305732485,51.22513973742364,54.55246396245391,55.09554140127389,False
SPXC,"SPX Technologies, Inc.",9840210944.0,2265100032.0,467400000.0,245500000.0,919200000.0,577400000.0,364000000.0,,0.06834,0.13555999,25.806,2.48,1.705,165024992.0,333300000.0,39.067326,22.416592,4.3970222,4.344272,4.438,21.51,0.87,0.0,0.194,0.271,0.364,0.10772,0.40581,0.11486,USD,Industrials,Building Products & Equipment,US,197.29,1.342,4700.0,246.68,115.0,215.3214,199.2103,439203.0,685490.0,331409.561752988,451096.6666666667,500886.6666666667,37.7540538610537,47.935929464429314,-6.894762166670343,-2.937125544644425,5.0924187802510845,45.47264443982397,197.2899932861328,-23.152563597804576,1.2623253509231345,2.008752413274545,0.1252871568034539,0.3105628453968596,4.2964411534497255,0.0003710243347366,,51.56226077387594,45.176327268017154,59.72006414836745,0.0,45.176327268017154,38.78336477263669,45.68156909742447,37.904458827842014,45.176327268017154,0.0,90.0,37.4617935947928,40.0,90.0,60.0,60.0,30.0,96.410006,50.0,80.0,48.90625,real_yahoo,481936.1770212766,10.83837342862216,20.634850266957216,0.4624548895856105,40.58098922847042,1.235344458707745,0.5772428126082438,7.285549850718469,-20.021890708610343,5.289730605610714,13.124137136696133,19.71266442834827,5.5121375904013625,21.54088475958609,4.7535901911063645,5.376765264727148,20.63901428558672,8.45553053102413,12.711113253572336,13.019439150841912,13.085569046407851,5.299368314109137,20.17404582692501,23.009742985280795,84.39490445859873,14.331210191082802,,0.1471458192977501,20.634850266957216,0.3866581686849373,17.995784978963627,0.13555999,0.10044265931291228,-0.2509263821409374,0.48235655082258144,-0.6437502733315259,-0.25030921129218586,-0.7254964215105345,-0.23535085575578402,-0.625557861103221,-0.2503094281872808,-0.4709457328275546,0.08927142756940976,1.3489815189531904,-0.6303977589970085,-3.0,1.011736139214893,0.041494209507233884,0.0,-0.6440224473729895,0.470151706347783,-0.2890674683471122,0.6744907594765952,-0.2617263643298929,0.3,0.3,-0.24182577632346058,0.44000000000000006,0.44000000000000006,0.07147183728358093,0.9183333333333332,0.9183333333333332,1.0,0.4,0.3,0.3,47.517485350093054,0.36044538716241825,0.12890163964916185,0.019627546418289107,0.03601687768941074,-0.23352177866125112,0.10009741078179588,0.1671544343703684,-0.3346369449149724,,-0.4852269452514848,-0.02938301669745889,0.1961770932881325,-0.6744907594765952,-0.4228949999892938,0.11011346365830989,0.1302730713966535,-0.25516151427886014,60.048279231389515,-0.5612726677073097,41.07272922205542,-0.7319701906279137,-0.07574905672264984,-0.32671843013051627,-0.7923705102647504,-0.318759866802266,0.13154139787090077,0.3877425485330637,-0.4038596236752818,-0.5595444701976333,0.07331136366759963,41.832130597567414,48.06062421591439,51.422823427719884,52.10455825515321,63.58012164521156,59.51611209042522,44.969187540193545,32.55813953488372,48.837209302325576,76.74418604651163,55.81395348837209,74.4186046511628,68.67606915377617,47.06687898089172,48.652866242038215,47.3312101910828,47.59196672299494,50.09051290647,50.219391365888185,False
KMX,CarMax Inc,6054420992.0,27834193920.0,1057622016.0,457840000.0,3447569920.0,18043396096.0,204938000.0,,0.01721,0.07459,297.523,1.993,0.169,648438528.0,2484491008.0,13.518033,15.6470585,0.97261214,0.4929727359999999,0.851,22.394,1.03,0.0,-0.067,-0.472,-0.504,0.016449999,0.123859994,0.01832,USD,Consumer Cyclical,Auto & Truck Dealerships,US,41.23,1.299,28000.0,81.79,30.26,43.3418,48.6737,3371109.0,3240870.0,3011261.354581673,3095683.333333333,3622174.444444445,44.02441410787541,34.8312108519143,-1.9500587626682164,4.93763955587565,-10.50575251714544,-50.18726445038446,41.22999954223633,-62.69179604545339,-0.9308161117212752,-0.9561792230705514,-0.1004922672548901,-2.471220959750247,19.27911084850973,0.0001077732523766,26353420000.0,22.174429497363672,74.22292276387194,25.826714372939275,1.0,25.826714372939275,44.40462459111962,50.0267344145597,33.26478382813614,41.95550598803028,0.0,50.0,35.69377726174933,65.0,20.0,80.0,70.0,30.0,90.0,50.0,60.0,48.90625,real_sec,994078.3542857144,1.644883273127674,3.799722093766314,2.3196360830956664,12.386095785309523,10.110675872502972,0.1376953093963714,2.3296472312570566,-49.59041447609734,3.743130868945852,15.1025853548069,19.138218057213912,4.416307281150715,24.049531098974484,3.4423393249933305,3.7919277987633824,21.960935449079432,10.239995502805316,14.91786993571116,14.945519548975872,13.80957231573763,3.9054756179897514,23.61604558757735,22.52405458477138,55.891719745222936,51.7515923566879,,0.0892603901209006,3.799722093766314,0.0112305045995909,18.63703575839777,0.07459,-1.5912944197198036,1.2526836366639305,-1.204353126005667,1.553397398691291,-1.248802799976402,-0.36191110380835734,-8.304513916912265e-05,-0.8649779345643914,-0.41651272206209805,-0.4709457328275546,1.4687252868293936,0.0,-0.7254244590752964,0.0,-1.3489815189531904,0.6744907594765952,0.3372453797382976,-0.6440224473729895,0.10530024515035424,-0.2890674683471122,0.0,0.43361182784897195,0.3,0.3,0.09720360928041398,0.44000000000000006,0.44000000000000006,-0.31236390621194715,0.9183333333333332,0.9183333333333332,1.0,0.25,0.4,0.35,51.58491642918456,-1.2107031759760674,-0.4928657220980713,-0.8430264950875375,-1.2397019372348934,-1.4338037382760618,-1.1765464336527955,-0.9549263548155206,-1.1469540347337164,,-0.7571211735727291,-0.36075811562881455,-0.23626422727412325,-0.6744907594765952,-0.2515957594873013,-0.985818284810627,-1.0768173981760218,-0.6480619072866689,28.47247316375542,-0.484188009481413,24.498741337252827,1.2745335550178052,0.2568688829279842,-0.8915169928536943,-0.725233698557589,0.3684868274264176,0.5698300158076025,-0.27566322566023543,0.7657012189728947,-0.8083753457056417,0.25577908685289563,50.621712810978465,62.39668045435121,27.462975469887915,70.3027093003959,20.603287883463285,50.535292709250974,46.09934665390417,4.761904761904762,78.57142857142857,4.761904761904762,88.09523809523809,4.761904761904762,11.646951774340309,43.429936305732475,28.834394904458602,25.171974522293,43.081372676459125,27.167281260476035,21.245576786978063,False
FIVE,"Five Below, Inc.",13002574848.0,4764147200.0,649521984.0,358640992.0,1714685952.0,2032189056.0,932206976.0,,0.06163,0.17924999,92.655,2.009,0.977,347362368.0,586428032.0,36.381763,25.965359,5.927278,2.7292554,2.96,21.712,1.03,0.0,0.243,0.263,0.271,0.075279996,0.35991,0.17986,USD,Consumer Cyclical,Specialty Retail,US,235.39,1.066,7800.0,237.5,54.61,213.2844,169.1646,1120011.0,1201940.0,1657905.9760956175,1171860.0,1199772.2222222222,54.34759862586972,41.385818749563,6.198964976999255,21.680022281224097,50.26492726529956,173.62632196893574,235.38999938964844,-31.586695960896005,2.3201019681727,2.853124118222613,0.1318913267551642,-1.0760293602335016,17.50207954766892,0.0001177594614558,,57.32349483486638,36.99507015546219,40.71785541630317,0.0,68.01828066247032,58.393063113320565,44.6798515026195,40.71369310344646,43.19694024913672,0.0,80.0,43.1875129817854,65.0,80.0,60.0,90.0,30.0,100.0,75.0,80.0,48.90625,real_yahoo,610788.1025641026,7.527915846093085,13.633541465721294,0.3970327929043611,35.991456183385765,3.1287456099407405,0.2885696241048943,7.29117622562124,-0.8884210526315828,5.465482983452789,13.997643115417498,20.653065426320303,5.474369310328396,22.28438438657672,4.018363041199472,5.367304104682846,21.26249578301195,8.962007209588313,14.321066507009052,13.974103641402884,13.322507010916809,5.136766203906935,21.43237940219691,23.288413240103296,84.39490445859873,51.7515923566879,,0.1230919212571769,13.633541465721294,0.3144677586722663,19.782309619441385,0.17924999,0.4320933071697849,-0.6744328189834844,-0.46329236148172487,-0.6437502733315259,0.9283988146025799,0.5428666557125347,-0.2895885862413265,-0.48059359600329643,-0.35245127766994555,-0.4709457328275546,0.43633381347275824,1.011736139214893,-0.32265387182172695,0.0,0.6744907594765952,0.041494209507233884,1.011736139214893,-0.6440224473729895,0.6744907594765952,0.6744907594765952,0.6744907594765952,-0.55480279243834,0.3,0.3,0.2450799099905668,0.44000000000000006,0.44000000000000006,0.3639240121578545,0.9183333333333332,0.9183333333333332,1.0,0.25,0.4,0.35,52.60826509267563,0.1542571051624331,0.5744489660426322,-0.29100308074299197,-0.4945226747836781,-0.4289214622006081,-0.4308268383318621,-0.048608760481080225,0.21229293739514102,,-0.5982107503102401,1.154366985726039,0.5574060151467561,-0.6744907594765952,-0.2515957594873013,-0.017820779524128524,-0.25882870329901025,-0.06463551261950361,59.19321247730531,-0.484188009481413,50.609674905711316,0.2612265343128566,0.8509245070508986,-1.8213710281851887,-0.36144585837692556,1.5010905790982993,1.5016667997614064,2.30897436426385,0.5560755206818776,-1.0914084432810571,1.7436862029132074,50.94499256751594,60.45328627662978,48.23647960658287,34.9902049956877,71.41278463547525,35.01694393286779,60.1018265203867,61.904761904761905,76.19047619047619,95.23809523809523,19.047619047619047,73.80952380952381,73.83985441310281,62.17515923566878,61.589171974522294,58.63375796178344,62.17665410113091,61.56218571907475,58.24840764331209,False
DKS,Dick's Sporting Goods Inc,17251536896.0,17215119360.0,1980056064.0,849238976.0,5885188096.0,7746642944.0,1353225984.0,,0.06689,0.19437,139.828,1.53,0.409,-583168128.0,1537342976.0,19.232698,11.853388,3.0749862,1.0021155,1.363,11.852,2.61,0.48650002,0.599,-0.61,-0.572,0.04933,0.34186,0.06962,USD,Consumer Cyclical,Specialty Retail,US,191.75,1.238,31600.0,237.31,166.37,200.2482,211.58035,1187985.0,1129640.0,1306196.215139442,1297666.6666666667,1403532.2222222222,41.14000446567699,27.51931888571732,-4.55725648046924,-3.6038716692053385,-15.7591988785705,-7.056721123153764,191.75,-21.278600040423747,0.1041813195137988,0.1505445369232546,0.0229418313803168,0.6582098567698722,8.252108044710011,7.225197745255626e-05,17215120000.0,37.93170569465677,65.53642382190966,38.23599857574253,0.0,40.71785541630317,55.59537540888038,40.66968931866435,69.26784532546935,68.0256254712655,0.0,30.0,41.14376687632101,65.0,80.0,0.0,30.0,30.0,90.0,72.5,40.0,48.90625,real_sec,544782.2582278481,4.933099551858118,11.501843365668073,1.4346674510146826,34.18615911356655,3.912335152950497,0.1984527991174185,-3.3875346188712108,-19.19851670810333,5.261394012443439,14.154503345485198,21.02575719731726,5.473572347135272,23.569053867259186,5.120206930525547,5.304538972159295,22.495704539254927,10.360944044643912,14.082630584416146,14.076079108538108,13.208143303220163,5.359320034543068,22.770525418080044,23.571167071933274,30.095541401273884,51.7515923566879,,0.0893019062982552,11.501843365668073,0.1487082940102761,19.338822263074647,0.0998089911125999,-0.6842125681635896,0.8030231303462005,-0.5868024889023817,-0.6437502733315259,-0.4803787007132318,0.3619111038083564,-0.5067177420679444,0.9928797018142342,0.928777610173102,-0.4709457328275546,0.2585472129047161,-0.6744907594765952,-0.43250039561815556,0.0,0.6744907594765952,-1.8574954404008501,-1.011736139214893,-0.6440224473729895,0.10530024515035424,0.5781349366942244,-0.6744907594765952,-0.9666422175580532,0.3,0.3,0.13732703106253544,0.44000000000000006,0.44000000000000006,-0.4004680656829558,0.9183333333333332,0.9183333333333332,1.0,0.25,0.4,0.35,43.92568619724216,0.3158890520059388,0.7286416881882612,-0.5344828392816108,-0.6560567804940741,-0.5057616427645601,-0.5924780731564109,-0.5440317905768961,-0.7153001430028114,,-0.7569261675208574,2.0314791522270337,1.0427543261605063,0.8933055144660582,1.4399842404698742,-0.02755140318304299,-0.5706772459956293,-0.47535159908133895,35.43376564372418,1.1393109411677755,56.60717231884574,-0.002111518420957622,0.6208868128028234,-0.6317056971559233,-0.6299931052055698,0.00612171341187615,0.09443207032674901,-0.4990975362685481,0.3093876471909329,-0.6308494011807466,-0.11011991872630197,46.92368598668899,56.17143515684397,53.58820865535288,65.92443891429399,38.64621999172305,46.63184880945311,48.57037251269521,73.80952380952381,66.66666666666666,26.190476190476193,80.95238095238095,16.666666666666664,43.243858052775245,38.91401273885351,45.452229299363054,51.219745222929944,38.843754062134416,45.615152531009045,52.20452937013447,False
ASO,"Academy Sports and Outdoors, In",3824172544.0,6053413888.0,619649984.0,376768000.0,2105613056.0,1892450944.0,330320000.0,,0.06101,0.18047,87.154,1.893,0.354,57371248.0,434798016.0,10.351985,8.288841,1.7153198,0.6317382,0.868,8.48,1.05,0.0939,0.025,0.045,0.0,0.06224,0.34784,0.090050004,USD,Consumer Cyclical,Specialty Retail,US,57.35,1.217,10350.0,62.445,33.34,57.1091,52.160976,1537800.0,1474740.0,1606279.282868526,1731443.3333333333,1650302.2222222222,45.59485060913363,46.56570151893583,-4.764771051247452,10.2829410137931,8.837146336201585,21.71901014333315,57.34999847412109,-28.40646587696711,0.6740157105878211,1.0093062536812438,0.0248151255831361,0.4980244294588661,8.166819134835304,0.0002541360448585,,43.50168768173826,69.25920908275063,39.47692699602285,0.0,48.16342593798512,47.20231229555981,42.00641004664941,58.09448141250388,53.12841433798823,0.0,60.0,35.01252855992787,65.0,70.0,70.0,80.0,30.0,100.0,65.0,70.0,48.90625,real_yahoo,584870.9070531401,6.22405814257781,10.236372325843517,0.5044772383520575,34.783893765699176,3.054064379674058,0.2297539164111616,0.9477502953123697,-8.159180078469053,4.066459358732565,14.316469600036704,19.61557244256948,4.150173388848878,22.52388822901709,3.536310855469329,4.062322278099239,21.467872500158872,9.24483841238375,14.28943168059567,14.364466492919034,13.279148139935923,3.973324593345432,21.36113862220017,22.064607952718035,72.92993630573248,51.7515923566879,,0.0718269102434781,10.236372325843517,0.1486073051708921,18.338603912469893,0.163523867,-0.363571518865705,0.9957347759109415,-0.5250474251920535,-0.6437502733315259,-0.09616665108164703,-0.1809555519041791,-0.4343413567924048,0.4163031939725923,0.1600402774672734,-0.4709457328275546,0.36652590278718133,0.3372453797382976,-0.7620399670074389,0.0,0.3372453797382976,0.35799248449191456,0.6744907594765952,-0.6440224473729895,0.6744907594765952,0.2890674683471122,0.3372453797382976,-0.0605954822946841,0.3,0.3,0.05179459634155847,0.44000000000000006,0.44000000000000006,0.18638679066238079,0.9183333333333332,0.9183333333333332,1.0,0.25,0.4,0.35,52.274472976455144,0.13520543081966263,0.5868905360511764,-0.4133481421355616,-0.7519506280869209,-0.48030434194614285,-0.688441453813943,-0.5443336267158791,-0.5433958401825784,,-0.8390081462639751,-0.0995488220564262,-0.4910199311729964,-0.3718883667301054,-0.2301833544245522,-0.10056619652140107,-0.6235929316198143,-0.4271103726390251,31.58791312220205,-0.3081211111926065,32.52575099324892,0.2225717275012756,0.10207174442585425,-1.032973024699432,-0.5972053599532354,-0.022719996822186058,0.8673353710201599,0.5470095443900056,0.16232173596356492,-0.8150891923263337,0.5042210126784098,46.15588632349309,41.193883128808274,50.408657093739855,75.48272942456121,42.79558500504676,61.98072264745764,50.217723085222566,14.285714285714285,33.33333333333333,35.714285714285715,92.85714285714286,9.523809523809524,43.88080072793449,50.22929936305732,40.796178343949045,37.012738853503194,50.43546080852724,40.83137780757626,36.66666666666667,False
BOOT,"Boot Barn Holdings, Inc.",4120168192.0,2168855040.0,365335008.0,218979008.0,831171968.0,704065984.0,200071008.0,,0.08262999,0.18451001,54.875,2.396,0.485,6181500.0,266136000.0,18.929974,15.938285,3.2071755,1.8996973,2.128,12.634,1.03,0.0,0.16,0.148,0.143,0.10097,0.38323003,0.16266,USD,Consumer Cyclical,Apparel Retail,US,135.16,1.755,3300.0,210.25,86.17,176.5692,178.60844,683860.0,801360.0,736399.203187251,647296.6666666666,635777.7777777778,49.4295794410777,39.998277531549526,-26.845633426824666,-27.57863144944021,-20.433268059572782,17.683940320264526,135.16000366210938,-35.012978921697055,0.6376215394315176,1.089407831012344,0.1122513375510972,-0.013358890521934,7.005299972777383,0.0002024920767906,,56.29201668911056,49.40435435826544,41.9587838365835,0.0,65.53642382190966,49.06743743185327,46.01657223060455,29.54032919048097,54.369848599094674,0.0,50.0,28.20004154171327,65.0,50.0,60.0,70.0,30.0,100.0,55.0,60.0,48.90625,real_yahoo,657228.8,10.09652576873003,16.844602394450483,0.1807472644707325,38.32307612407328,1.9271790783324,0.3779986621253953,0.2850121324844282,-35.71462544589774,4.913830664825064,13.362605948131351,19.11418290649875,5.353042266237283,21.49746523437705,4.467860235023485,5.179360392095066,20.5383472736484,8.101980731853192,13.5095290042607,13.380561539810074,13.395789008000389,5.1907791480824335,20.37238263842324,22.13915982301828,55.891719745222936,51.7515923566879,,0.122708062591403,16.844602394450483,0.2212839533945316,18.41598691819566,0.18451001,0.37271533507758475,-0.032060667101012776,-0.40153729777139624,-0.6437502733315259,0.8003281313920514,-0.0603185173013932,-0.21721220096578697,-1.0571701038449393,0.22410172185942592,-0.4709457328275546,0.5614217327042101,0.0,-1.1281950463288655,0.0,-0.3372453797382976,0.041494209507233884,0.3372453797382976,-0.6440224473729895,0.6744907594765952,-0.09635582278237075,0.0,0.10414028775320137,0.3,0.3,0.20742050561433972,0.44000000000000006,0.44000000000000006,-0.18083735108668525,0.9183333333333332,0.9183333333333332,1.0,0.25,0.4,0.35,51.747677015258205,0.7995554449712062,0.6280902534717049,-0.04998234831848998,-0.2511974799585228,-0.32964637544400005,-0.1873252073021322,-0.32711715974921474,0.06756687623000333,,-0.6000137766883662,-0.37089755783058564,-0.45720908838332214,-0.6744907594765952,-0.2515957594873013,0.2637108214109253,-0.25023158590331934,-0.12297669368009022,59.972649785537726,-0.484188009481413,43.42610779815801,-0.42873952889500444,0.14221044952215195,-1.378383694495152,-1.437196166893995,-3.0,-1.239939710331139,-0.6978903578458705,-0.14326453968642625,-1.4077899306945736,-1.6053429914862165,34.82827518421422,36.428235407829916,48.639651651355585,59.164390418785324,64.57669242144792,45.42563680644592,57.63080066159567,42.857142857142854,21.428571428571427,80.95238095238095,69.04761904761905,76.19047619047619,62.352138307552316,56.353503184713375,52.4171974522293,46.4968152866242,57.41908228259456,54.95809587663426,51.20311394196744,False
WSM,"Williams-Sonoma, Inc.",21443121152.0,7806816256.0,1648770944.0,1088436992.0,3603051008.0,1456904960.0,1019801024.0,,0.16537,0.51523995,69.957,1.388,0.587,867585280.0,1314888960.0,20.35819,17.77487,10.275464,2.7467177,2.803,13.271,1.69,0.29860002,-0.043,-0.073,-0.104,0.13942,0.46153,0.20326,USD,Consumer Cyclical,Specialty Retail,US,180.17,1.578,19800.0,222.0,133.57,198.2196,191.02016,1187611.0,1484440.0,1703590.0398406377,1370163.3333333333,1212958.888888889,45.52213375088277,33.88666347990414,-6.932175434066412,-3.785989639876053,-7.527030689903547,10.878134558240491,180.1699981689453,-20.56464642197056,0.5503444403943143,0.7921208177251332,0.0769087264502874,1.4307211934071986,19.22260811498253,7.350886995563314e-05,1379100000.0,65.57532000091304,35.75414173518186,55.60899645966708,1.0,69.25920908275064,66.78612622664114,35.32280640672416,68.02636044625098,64.30132268794618,1.0,60.0,37.05627466539225,65.0,10.0,70.0,30.0,30.0,90.0,67.5,40.0,48.90625,real_sec,394283.6492929293,13.942136670162716,21.11963302239657,0.6506016568528461,46.1526298282074,0.8836309041603295,0.90252212471018,11.113176633729651,-18.842342342342345,5.199435816987919,14.00857411968685,20.742873371683864,5.407171771460119,22.77826306813448,4.90208450975345,5.294407733884465,22.00504682598101,9.893487720457795,14.348248957473244,14.13044124194892,12.884828387565712,5.257600366515668,21.0995801327938,23.788669738719875,30.095541401273884,51.7515923566879,,0.1684283217232671,21.11963302239657,0.4117569992514703,19.542149223363356,0.361389290625201,0.9071170839073919,-0.7386700341717316,0.27776840304221795,1.553397398691291,0.9924341562078441,1.0857333114250707,-0.7962232831701014,0.9288156453873856,0.7365932769966449,2.1233869006435357,-0.146820468424405,0.3372453797382976,-0.6521934432110111,0.0,-1.6862268986914881,0.35799248449191456,-1.011736139214893,-0.6440224473729895,0.10530024515035424,0.385423291129483,-0.6744907594765952,1.339658563112341,0.3,0.3,0.4865152786491619,0.44000000000000006,0.44000000000000006,-0.4918797982563107,0.9183333333333332,0.9183333333333332,1.0,0.25,0.4,0.35,58.29013354654184,3.0,3.0,0.3108633947094839,0.07275235578631513,0.0036823687638680765,0.13685952594081505,0.24216999210331147,0.40918769502678193,,-0.38526069025401444,1.3368523456598882,1.521548515456458,0.2877784687039131,0.4550136075834175,1.577091386975547,0.18424923571393845,0.06735990544720918,58.43011517701426,0.36303428119969006,69.34094806810583,0.29543187554329253,0.7263528750294234,-1.0264231016632481,-1.1608423140528903,-0.32395980342888575,0.08429586529106704,-0.14897521703208835,0.5108923752863579,-1.0936327078580692,-0.10816216002186542,45.90373962941081,68.72702414408936,54.17437787082629,48.22397146344345,37.796488983374054,43.7369349253725,60.92550180665038,92.85714285714286,88.09523809523809,23.809523809523807,47.61904761904761,71.42857142857143,52.54777070063694,72.89808917197452,67.11146496815286,63.984076433121025,73.61237488626026,68.64901106268857,66.8825194621373,False
RH,RH,2130517888.0,3439536128.0,540598016.0,124787000.0,1518340992.0,3812788992.0,41191000.0,,0.05219,0.19437,588.2596750000002,1.19,0.1591,463744992.0,452240992.0,17.980982,11.357186,31.54903395,0.6194201,1.716,10.92,1.03,0.0,0.037,1.112,1.068,0.03628,0.44144002,0.114580005,USD,Consumer Cyclical,Specialty Retail,US,113.46,2.0946,13494.0,257.0,106.3,170.7188,189.40054,1257018.0,2300350.0,1047823.7051792828,1575673.3333333333,1210958.888888889,72.71077264765017,81.33589440211935,-25.163248712020724,-41.14454539421677,-44.32503909788724,-54.497695485369,113.45999908447266,-55.03984124537008,-0.4639364865960149,-0.5838047448240455,-0.0827996799334882,-0.4646340290405897,16.54639269981566,0.0001330395195285,,55.05424291420356,70.50013750303097,54.36806803938675,0.0,54.36806803938675,50.93256256814673,50.0267344145597,53.12854189563033,32.024031899178766,0.0,20.0,23.314910414719485,65.0,30.0,20.0,60.0,80.0,95.278,62.5,30.0,46.71875,real_yahoo,331629.82579700794,3.628018295378696,15.717178011278618,0.2866428298427244,44.14377216857075,7.052909702132536,0.1186115971665079,13.48277717523658,-55.85214007782102,4.740225416980956,14.006923899681874,17.533730368132026,5.552959584921617,21.95860245301822,4.675628649636653,5.145858255211747,21.14088412376345,,13.862226863822295,14.270193886760753,,5.249129958487697,22.06162677744978,21.479630927489502,20.063694267515924,51.7515923566879,,0.131483134693214,15.717178011278618,0.0106879122583675,18.59367626977357,0.19437,0.30146176856694373,1.0599719910991894,0.216013339331889,-0.6437502733315259,0.2240100569446742,0.060318517301392274,-8.304513916912265e-05,0.16004696826519524,-0.9290042771993174,-0.4709457328275546,-0.3155784080272129,-1.011736139214893,-1.3907593008393655,0.0,-1.011736139214893,-1.2244988904314889,0.0,2.369733863731611,0.40571899861174454,0.1927116455647415,-1.011736139214893,0.598347597896857,0.3,0.3,-0.1791591710196736,0.44000000000000006,0.44000000000000006,-0.6908891630398444,0.9183333333333332,0.9183333333333332,1.0,0.25,0.4,0.35,47.347627507460636,-0.13582000095975155,0.7286416881882612,-0.6569427104897853,-0.33663053893024836,-0.08184215703813656,-0.27282021417317415,-0.9565480585435329,-0.3369929084903174,,-0.5587962977560448,-0.7018935114160717,-0.6844818678634166,-0.6744907594765952,-0.2515957594873013,-0.05869344378069297,-0.5804977441398356,-0.27449623783513816,12.493553276807056,-0.484188009481413,31.329883856543773,-0.19556453339523996,0.23437823771861346,-3.0,-1.9532940130201697,-2.85783166971193,-1.9949826351685627,-1.714031196430426,0.01940685216168675,-2.4766470065100847,-2.169551913910132,28.510613866065118,58.18862072705261,37.72170225860869,57.519925715494466,70.11082471271648,55.029222574078744,51.041398371486245,11.904761904761903,71.42857142857143,92.85714285714286,64.28571428571429,2.380952380952381,55.91446769790719,40.28025477707007,36.81847133757961,33.20063694267516,41.09580137787599,38.73952396915856,36.854210898796886,False
POOL,Pool Corporation,7465352192.0,5289396224.0,631166976.0,404424000.0,1572457984.0,1535031040.0,104963000.0,,0.10374,0.33058998,129.513,2.238,0.514,203107872.0,365849984.0,18.686003,17.05853,6.2626915,1.4113808,1.682,14.094,2.46,0.4562,-0.005,-0.129,-0.153,0.07683,0.29728,0.053239997,USD,Industrials,Industrial Distribution,US,202.93,1.262,6000.0,345.0,195.49,229.9196,270.59146,836300.0,792830.0,528629.6812749004,803316.6666666666,809825.5555555555,32.23610484692047,25.69281706081,-6.323400448687922,-11.131410273544208,-34.257837691569314,-36.50952632564904,202.92999267578125,-39.77801142886735,-1.0757555305747124,-1.529302526704393,-0.1042175320320848,-0.1649103857387591,7.154614909628826,9.565527170778015e-05,5289396000.0,32.42456629389571,69.41588873526763,42.752371121292114,0.0,28.20863424094182,32.443527470213944,63.05456698134902,71.83984488199268,65.77995451518005,0.0,90.0,38.85492763981582,40.0,50.0,80.0,40.0,80.0,90.0,47.5,90.0,48.90625,real_sec,881566.0373333333,7.645938834473672,11.932684738877295,1.079911311724561,29.72849673966872,2.432052211806468,0.2383339323223066,3.839906548849988,-41.17971014492754,5.317776797704256,13.604575374775989,18.469118474595827,5.846438775057725,22.388969941142022,5.280611539429104,5.4420695979896045,21.17590582758097,8.699681400989514,13.178045321985708,13.596505514533872,13.689456327087102,5.604298951891221,21.151816439930943,22.733538446061097,95.22292993630572,14.331210191082802,,0.0691666815089404,11.932684738877295,0.0640020618611516,18.490904531614813,0.179774831124,-1.0012360271595468,1.0038453682624977,-0.36204425971540893,-0.6437502733315259,-1.1258891411938485,-1.1355596162773582,0.7053054548061302,1.1256019987001042,0.812894772407595,-0.4709457328275546,1.1656736017226106,1.3489815189531904,-0.5555200960529301,-3.0,-0.3372453797382976,0.6744907594765952,-0.6744907594765952,2.369733863731611,0.10530024515035424,-0.385423291129483,1.011736139214893,-0.8248928340284775,0.3,0.3,0.2542525376311066,0.44000000000000006,0.44000000000000006,-0.05412148346302575,0.9183333333333332,0.9183333333333332,1.0,0.4,0.3,0.3,45.12176582626821,1.448234535120611,2.1178027751732005,-0.27992861324532897,-0.6234088291154745,-0.6955419889995174,-0.5598064485998959,-0.7972023608661584,-0.8531264985878777,,-0.8515035332589531,-0.569036808941248,-0.07509708406583356,0.7956605884568304,1.2793912024992562,0.6412876402013407,-0.6666346091197141,-0.5541264827498894,40.114488889038185,1.0133393647759221,45.88640398354109,-0.5843042228320927,0.18107035116782408,0.17030718716825324,-0.6674648140653807,-0.23934833898961183,-0.3245308383120064,-1.2858630852087636,-0.2016169358321343,-0.24857881344856375,-0.5873757625843152,43.687881533461756,62.153002255085454,36.23562299343334,73.58054263835353,37.147654757114196,58.18602647129658,50.60082786953125,44.18604651162791,76.74418604651163,25.581395348837212,95.34883720930233,30.23255813953488,35.07734303912648,36.43630573248408,35.53503184713376,37.0,36.6014558689718,35.91350988937312,37.96178343949045,False
DECK,Deckers Outdoor Corporation,14328173568.0,5374707200.0,1359971968.0,1039910976.0,3092856064.0,342881984.0,2086745984.0,,0.19839560260000003,0.39688,13.14,2.856,2.122,758731904.0,1013121024.0,13.964488,13.425778,5.362169,2.6658518,2.272,8.979,1.03,0.0,0.071,0.11,0.053,0.19348,0.57545,0.31384,USD,Consumer Cyclical,Footwear & Accessories,US,98.31,1.211,5500.0,133.43,78.91,107.8926,103.1855,2634911.0,2373760.0,2815657.569721116,2255113.333333333,2801651.111111111,49.36764136302659,37.00849641791869,-8.616847104184567,-7.9408215041045,-5.289022477606842,-16.672321782218237,98.30999755859376,-38.51742759711984,0.0103438679659174,0.0134810118389554,-0.0353338552772158,-0.4756617840420311,12.593380759014252,5.6838915073458746e-05,4985612000.0,76.92157960422716,38.235998575742514,71.7410659233113,1.0,74.22292276387195,61.19075081776075,48.69001368657465,54.37002677484872,61.8184541657333,0.0,80.0,41.82501557814248,65.0,60.0,40.0,80.0,30.0,90.0,72.5,70.0,48.90625,real_sec,977219.490909091,19.3482349326862,25.30318243196578,0.4479154234905207,57.54464287840647,0.2521243026091549,2.9547222405246,14.116711399646109,-26.320917334932183,4.598246270915268,14.845719840823,21.458871744648704,4.901043617466161,22.404969935243805,4.380901001386372,4.6903620753802855,21.85236079384069,8.612685172875459,14.850706742361217,14.62871123177699,13.79246758714822,4.646172964165996,19.65289687887017,23.38549361560409,72.92993630573248,51.7515923566879,,0.188497900685641,25.30318243196578,0.8588746966547925,19.438832142195903,0.39688,1.5602747769215999,-0.6101956037952371,1.0805842312764882,1.553397398691291,1.248575522628901,0.7238222076167128,-0.07245943041470827,0.22411102469204458,0.6084703882123399,-0.4709457328275546,1.423315974376668,1.011736139214893,-0.39588488768601254,0.0,0.0,-0.5915023404621275,0.6744907594765952,-0.6440224473729895,0.10530024515035424,0.5781349366942244,0.3372453797382976,1.5867622181841687,0.3,0.3,0.8333369497662724,0.44000000000000006,0.44000000000000006,-0.023052675235807313,0.9183333333333332,0.9183333333333332,1.0,0.25,0.4,0.35,65.94397864243832,3.0,2.793823401805603,0.8181345655124803,0.3897700012742694,0.48864820642843354,0.4541070423642196,1.5785184468278541,1.3396416394245105,,-0.29099167018619215,3.0,0.7088258425224393,-0.6744907594765952,-0.2515957594873013,1.7389015844515945,0.9600921743728552,0.4631087382232562,79.22387944641198,-0.484188009481413,73.82000030907602,1.1280777965182243,0.6727621180732126,-1.3728046629747808,-0.5878374327382827,-0.5581063116324583,-0.1469510979246091,-0.053790496822132224,0.9004199572957184,-0.9803210478565317,-0.24234948170622078,49.4910674486771,77.22019063413181,45.03912077554061,58.423870045167845,65.47589688761231,50.764625835105626,62.57285237917774,97.61904761904762,100.0,83.33333333333334,66.66666666666666,100.0,62.55686988171065,85.21337579617835,78.63694267515923,74.27707006369428,85.8215260626544,79.85920214549111,76.37296532200989,False
YETI,"YETI Holdings, Inc.",2752220672.0,1868493952.0,264807008.0,165387008.0,1072684032.0,228462000.0,188342000.0,,0.10587,0.2379,35.133,1.975,0.986,90632248.0,254736992.0,17.911331,11.156352,4.1932883,1.472962,1.486,10.486,1.03,0.0,0.068,0.19,0.095,0.08851,0.57409,0.12732,USD,Consumer Cyclical,Leisure,US,36.36,1.798,1390.0,51.29,26.61,42.555,38.63785,1462904.0,1330840.0,1798938.4462151397,1428413.3333333333,1618748.888888889,43.92343344191808,39.47755635522176,-13.46977578713082,-18.911684909409875,3.826385308601044,4.72350038015128,36.36000061035156,-30.0768176483808,0.3966410117030445,0.5766875631487761,0.0218958820922428,0.7734344724761767,6.031097572483285,0.0002988963892951,,66.4005025175177,56.8499248799474,70.50013750303097,0.0,59.33178172050805,40.6743743185327,51.36345514254475,39.47220822422807,40.71407172692384,0.0,60.0,24.793798032605963,65.0,80.0,20.0,70.0,30.0,100.0,57.5,60.0,48.90625,real_yahoo,1344240.25323741,8.851353670316831,14.172216491070555,0.1557158797040249,57.40901814810905,0.8627490704475616,1.1150081501518851,4.850550781980802,-29.10898810684344,3.620600613360642,14.297164735789917,19.053770022392428,3.956805148200039,21.348398570598786,3.3181780259420632,3.774024507270856,20.793429786586923,7.237778191923443,14.402707852674752,14.172075529189565,14.111340287853215,3.679784469847556,19.24688045687656,21.735673940212635,55.891719745222936,51.7515923566879,,0.1363327891574572,14.172216491070555,0.451871863033944,17.99617658138912,0.2379,0.9546194615811521,0.35336262402847096,1.0188291675661596,-0.6437502733315259,0.48015142336573086,-0.6031851730139287,0.07229334013637041,-0.5446576524301457,-0.48057416645425055,-0.4709457328275546,2.411885612844319,0.3372453797382976,-1.3112725859895789,0.0,0.6744907594765952,-1.2244988904314889,0.3372453797382976,-0.6440224473729895,0.6744907594765952,0.0,0.0,0.9278191379926276,0.3,0.3,0.7050530479387773,0.44000000000000006,0.44000000000000006,-0.16191273634888534,0.9183333333333332,0.9183333333333332,1.0,0.25,0.4,0.35,60.3882306545951,1.5136862550401295,1.1725573466434631,-0.16682075515840705,-0.453703391562407,0.48285858617541544,-0.38997795686282144,0.36206557337536677,-0.22979469362906463,,-0.5360169372687698,-0.3953326912148425,-0.6134663132978074,-0.6744907594765952,-0.2515957594873013,0.595741929694277,-0.05155836825563678,-0.2259221117688183,70.53622669896463,-0.484188009481413,48.271217664870065,0.3668227394126135,-0.07554593183593385,-0.8824212259837704,-1.5043329786011563,-1.2325975646331888,-0.7575603666589955,0.3338968829482261,0.14563840378833984,-1.1933771022924633,-0.572634351169087,41.095827169809034,57.41214901326043,49.056420968874676,64.58679549246176,61.37669920054056,51.55303129780006,59.27815123412302,54.761904761904766,69.04761904761905,73.80952380952381,78.57142857142857,90.47619047619048,59.23566878980892,73.82165605095541,64.23885350318471,56.68789808917197,74.96425321721047,66.68119342943346,61.004953998584575,False
GRMN,Garmin Ltd.,45743067136.0,7245518848.0,2064834944.0,1663886976.0,4256303104.0,195988000.0,2737848064.0,,0.11371,0.19783,2.184,3.633,2.331,790871488.0,1633358976.0,27.698135,23.366829,5.1017556,6.3132906,5.962,20.922,1.77,0.4016,0.166,0.212,0.213,0.22964,0.58744,0.28902,USD,Technology,Scientific & Technical Instruments,US,237.65,0.968,23000.0,261.69,169.26,228.2388,223.21594,971426.0,752290.0,898710.9561752988,863990.0,993330.0,36.088072097591166,29.72660780719558,-0.6700260872537722,17.842719549228605,-7.0444050026159495,10.772239184389695,237.6499938964844,-27.97474465084665,0.4746437648985516,0.4964371526376865,0.1288605081072427,1.978274432303493,31.048643083043533,6.886835513051887e-05,7245519000.0,59.1957937841435,45.39135950522813,45.39135950522813,1.0,65.07650734721852,63.76418253105048,32.85064099765292,70.86694757340335,74.42872221886783,0.0,10.0,46.76255851026216,40.0,20.0,30.0,30.0,80.0,90.0,40.0,20.0,48.90625,real_sec,315022.55860869563,22.964359225416786,28.498096372628467,0.5191677582582902,58.74393805731219,0.0949170298427495,8.333974406596322,10.915318896980116,-9.18644197332722,5.474998043451905,13.80881922081743,21.730438071038492,5.570974629731707,22.70364902492365,5.137326680455911,5.4347642549813,22.171666804729927,10.043292972227004,13.708717857413871,13.669317631065272,12.660402704245149,5.412609605345383,19.093563995933053,24.54630607919583,13.694267515923569,14.331210191082802,,0.2254302293963199,28.498096372628467,0.9331973580920572,19.179515752451817,0.118381472,0.5398738890617741,-0.23979514212065375,-0.23071444800558397,1.553397398691291,0.776595168164339,0.8902727929436549,-0.930078016149003,1.0753978044176604,1.259195127302452,-0.4709457328275546,-0.3603100466847538,-1.3489815189531904,-0.13050362249909678,-3.0,-1.3489815189531904,-0.9080006154468081,-1.011736139214893,2.369733863731611,0.10530024515035424,-0.6744907594765952,-1.3489815189531904,0.8234864836289669,0.3,0.3,0.20924877389730745,0.44000000000000006,0.44000000000000006,-1.0256815263729704,0.9183333333333332,0.9183333333333332,1.0,0.2,0.45,0.35,48.686099920959286,1.7545977499551644,0.7639265073533199,1.1574468596412875,0.6318716226125535,0.5396905202767316,0.6963842126883824,1.8006545294287437,1.130798567440864,,-0.11751645962469555,3.0,3.0,0.6197064814924178,0.5406632278344138,1.0414638128055627,1.1933058552215452,0.42294031207017174,82.24025142515218,0.5841370173463161,71.37798066465031,-0.3072107409208479,0.5382542374739389,-0.1766562218222129,-0.20843638053269775,0.5463940046235912,1.2880926690359122,-0.1284486654501063,0.11552174827654549,-0.19254630117745533,0.6406206693664104,49.754182172218925,47.25005557065868,54.054081710457545,50.64502030558909,60.42946332154936,49.48931366215479,55.9285384033174,84.44444444444444,48.888888888888886,73.33333333333333,53.333333333333336,100.0,74.13557779799818,59.29936305732485,67.75159235668791,70.68471337579618,59.34615884570389,68.31713040563193,72.20452937013447,False
LULU,lululemon athletica inc.,18267686912.0,11102600192.0,2706842880.0,1579182976.0,6284131840.0,1798440960.0,1807202048.0,,0.17206,0.34013,36.245,2.258,1.058,824078400.0,1602477056.0,11.734739,11.737783,3.6560857,1.6453521,1.621,6.647,1.03,0.0,0.008,-0.185,-0.216,0.14224,0.56601,0.22311,USD,Consumer Cyclical,Apparel Retail,US,155.72,1.07,39000.0,340.25,143.96,171.4614,188.76535,2761649.0,2874650.0,2959064.541832669,2919030.0,3508270.0,44.92474868995,39.41516040402311,-10.081991103767873,-26.132534972673007,-12.61503710017926,-44.92661318454354,155.72000122070312,-56.49333191059394,-0.9356206144033106,-1.0646674963052805,-0.1337170326791326,-1.017718237049957,11.248828375023985,2.8309918005403563e-05,11102600000.0,72.79566702120385,51.88621119882609,66.77735224219,1.0,71.7410659233113,77.9768770444019,29.975923494783967,43.19666286188323,50.64554581577536,1.0,20.0,44.55001038542832,65.0,30.0,10.0,10.0,30.0,87.5,82.5,10.0,48.90625,real_sec,284682.0562051282,14.223541771213949,24.3802607784654,0.9252645180086492,56.6005415968058,0.6644053754608764,0.8910367877742287,7.422391023264904,-54.23365172667156,5.054460773636285,15.070633881485868,21.315045656915565,5.8326153464991695,23.130445169453694,4.9764578422946695,5.150173443315652,22.56129353754618,10.5713425658087,14.900384081131184,14.886762269855229,12.559131756936331,5.245788308919519,21.31018599376103,23.628399593574017,7.643312101910828,51.7515923566879,,0.1443334920007898,24.3802607784654,0.5012149133983261,19.948443268099066,0.34013,1.3227628885527976,0.09641376327548168,0.8335639764351745,1.553397398691291,1.1205048394183725,1.8095555190417845,-1.0857288242722585,-0.3524654831495981,0.031917388682968756,2.1233869006435357,-0.4420321250264435,-1.011736139214893,-0.24942285595744176,0.0,-1.011736139214893,-1.5409971654161694,-1.6862268986914881,-0.6440224473729895,-0.03699738343120598,0.9635582278237074,-1.6862268986914881,1.6691301032081114,0.3,0.3,0.3100904700271669,0.44000000000000006,0.44000000000000006,-0.8684578035362603,0.9183333333333332,0.9183333333333332,1.0,0.25,0.4,0.35,55.77090821190529,3.0,2.2150911799509583,0.3372685187283658,0.3198335858244353,0.44846143055454396,0.3841199157017123,0.5095424222873808,0.576211666778409,,-0.49843675592521497,2.977251009241704,1.1588266017964677,-0.6744907594765952,-0.2515957594873013,1.4800393589537542,0.44056004366526313,0.10587547773005984,72.93594214291083,-0.484188009481413,70.39556515128723,1.2354518787206639,0.9370983312323246,-0.9726140363901407,-0.367691143186894,-0.7617414517032753,-1.1594538014671942,-0.3653732016004983,1.0862751049764943,-0.6701525897885173,-0.8019159165780099,51.458898983011125,70.6575416821255,37.78845064998723,67.50579976261358,39.56407801951305,41.83404875181627,61.74917709291405,95.23809523809523,90.47619047619048,28.57142857142857,83.33333333333334,95.23809523809523,44.38125568698816,68.56847133757962,63.34394904458599,62.15127388535033,68.64844663980242,63.275226282266175,61.87367303609342,False
FOXF,Fox Factory Holding Corp.,703209600.0,1467320960.0,154619008.0,-544579008.0,443247008.0,780312000.0,58008000.0,,0.01994,-0.58223,116.464,2.864,0.955,49567248.0,60918000.0,28.382576,9.807017,1.046033,0.4929727359999999,0.97,9.204,1.03,0.0,0.023,0.0485,0.031,0.0,0.30208,0.04531,USD,Consumer Cyclical,Auto Parts,US,16.77,1.46,3700.0,31.18,13.08,17.8989,21.92745,681529.0,754190.0,647305.9760956175,841093.3333333334,752273.3333333334,54.09399542539324,52.77999307591281,-4.2808218059586345,-3.731341077402328,-33.399522420511744,-32.56936111032075,16.770000457763672,-56.62611099451955,-0.2597394726336509,-0.3121515235530716,-0.1548920920545271,-0.6106237959956649,10.004158435699798,0.0009917970868888,,28.85469801200546,72.98199434359161,33.27228489462122,0.0,30.790428054060573,26.68593579633175,36.65952713470921,36.9892384657913,63.05988842683974,0.0,70.0,26.83754413807035,65.0,10.0,30.0,70.0,30.0,100.0,35.0,30.0,48.90625,real_yahoo,396573.2324324324,-37.11383009208837,10.537504214483516,0.1222830685911443,30.207910885427548,5.046675761883041,0.0780687724910036,3.3780780995590765,-46.21552277100706,2.87751164216656,13.530856341371363,17.876091507272566,3.471345141564237,21.106704099497865,2.644755350729896,2.9391037193136484,19.909637755010884,8.216358332386156,13.380575921697243,13.642459100718623,12.890618521783216,3.13233488266132,20.475204398950776,20.37116555754124,20.063694267515924,51.7515923566879,,0.0415164791212414,10.537504214483516,0.0691955339249928,16.200166044789807,-0.58223,-1.2067387225749564,1.1884464214756831,-0.833822743743696,-0.6437502733315259,-0.9926614335553452,-1.507962932534821,-0.7238468978945622,-0.6727857652838437,0.6725318326044923,-0.4709457328275546,-0.14065348113436302,0.6744907594765952,-1.2014260621931505,0.0,-1.6862268986914881,-0.9080006154468081,0.3372453797382976,-0.6440224473729895,0.6744907594765952,-0.8672024050413367,-1.011736139214893,-1.2961137576538238,0.3,0.3,-0.5125133119672004,0.44000000000000006,0.44000000000000006,-0.7739425886770825,0.9183333333333332,0.9183333333333332,1.0,0.25,0.4,0.35,33.995676746633364,-1.1268143518538678,-3.0,-3.0,-0.7291316978025949,-0.6751080351653361,-0.6656059774195656,-0.7816800757777451,-0.9198519189867939,,-0.9813795754346296,-0.6668585248150695,-0.8475197248861225,-0.6744907594765952,-0.2515957594873013,-1.8450407310405201,-0.7178393216807464,-0.6132856614533749,33.71869000988768,-0.484188009481413,20.89390066153845,-0.4954469096350166,-1.007139847092681,-1.798527887202385,-0.9766064121588202,0.044542383107419765,0.087337459879997,-1.2493580811258223,-0.7512933783638487,-1.3875671496806026,-0.3265097254535219,33.06869307256241,30.489148982067636,30.83005692574176,71.82505283631224,31.054780946593812,41.23365852144251,37.03891850500371,2.380952380952381,11.904761904761903,11.904761904761903,90.47619047619048,14.285714285714285,22.884440400363967,9.434713375796179,10.429936305732484,12.304140127388536,9.588262056414923,10.878310425745893,13.458952583156405,False
CROX,"Crocs, Inc.",4343263744.0,4040646912.0,968012032.0,-81198000.0,2357054976.0,1613848960.0,130354000.0,,0.12361,-0.0519,124.787,1.265,0.662,443983872.0,710430976.0,28.382576,5.90219,3.2486796,1.0748931,1.407,5.874,1.03,0.0,-0.032,-0.68,-0.715,0.0,0.58334,0.15402001,USD,Consumer Cyclical,Footwear & Accessories,US,83.66,1.539,8010.0,122.84,73.21,85.655,87.4313,1277850.0,1084700.0,1537518.5258964144,1269090.0,1294028.888888889,52.110154848994085,37.54964835265543,0.4442342928502096,-3.783776195059807,-2.946628046469568,-24.99551463562596,83.66000366210938,-38.97389149676525,-0.1771209865918682,-0.2163509191556411,-0.0457450050415382,-0.5195771237931638,22.05495669485899,0.0001326262698823,4040647000.0,71.55789324629684,63.05456698134901,74.22292276387195,0.0,64.29549540162935,56.52793797702712,39.33296859067931,48.16260237875678,33.26546616028521,0.0,80.0,31.60628505082057,65.0,70.0,30.0,80.0,30.0,55.0,47.5,70.0,48.90625,real_sec,504450.3011235955,-2.009529705722528,23.95685772803303,0.3367379850504498,58.33360418105248,1.6671786162261255,0.4402090862331999,10.987940338994909,-31.895148160208407,4.438643235092778,14.073271851835646,18.685764392157346,4.818990409841417,22.11967064308071,4.306898911982042,4.461934717901339,21.58067878561777,8.988570876215118,14.245680978352194,14.053811454133363,13.131226585124695,4.482225979372949,21.20188782187001,22.1918919174141,72.92993630573248,51.7515923566879,,0.1758210978272184,23.95685772803303,0.074735568617542,18.6724413017421,-0.0519,1.2515093220421556,0.674548699969706,1.2040943586971455,-0.6437502733315259,0.7362927897867879,0.42222962110975004,-0.5790941273434835,-0.09620925744220143,-0.8649428328071649,-0.4709457328275546,0.14991317269317847,1.011736139214893,-0.9451175066681522,0.0,0.3372453797382976,-0.9080006154468081,0.6744907594765952,-0.6440224473729895,-1.886866554991489,-0.385423291129483,0.3372453797382976,1.1749227930644555,0.3,0.3,0.04461025457732869,0.44000000000000006,0.44000000000000006,-0.1824099721395552,0.9183333333333332,0.9183333333333332,1.0,0.25,0.4,0.35,55.98866274643739,2.0588099692994044,-1.7828012065455436,-1.1859315368308396,0.2877492896921926,0.5222365180433686,0.352012355100535,-0.7651219819167673,-0.005132642444774362,,-0.35053600767811915,-0.516139541605454,-0.4317254412867688,-0.6744907594765952,-0.2515957594873013,-0.05841060693492737,-0.15069809655725097,-0.08968705889743954,54.408229717014244,-0.484188009481413,38.8848093362343,0.1710880160560447,0.2752338023278404,-1.6198347560078732,-1.0999507871556975,0.701261081608767,0.08441905978093538,0.04583387333169891,0.22316090919194254,-1.3598927715817855,0.2578961103945139,42.85455355160295,72.27383361984779,35.738178960725406,69.12734770433921,16.64579611289056,55.30521042757523,56.80712537533199,30.952380952380953,92.85714285714286,2.380952380952381,85.71428571428571,61.904761904761905,27.88898999090082,58.8264331210191,42.50636942675159,35.16401273885351,59.52651761341479,43.45289976533691,36.34642604387827,False
SIG,Signet Jewelers Limited,3452075008.0,6813599744.0,615299968.0,294400000.0,2694599936.0,1217299968.0,874800000.0,,0.05746,0.15422,61.911,1.601,0.473,364400000.0,678800000.0,11.984463,6.9816313,1.7434454,0.50664485,0.559,6.082,1.65,0.1808,-0.003,1.659,1.485,0.04321,0.39547002,0.15083,USD,Consumer Cyclical,Luxury Goods,US,84.85,1.25,27097.0,110.2,50.02,91.0026,90.0614,972657.0,1231980.0,1050547.80876494,1127423.3333333333,985598.8888888888,51.389206871825856,61.53773733050605,-9.464364736502596,-1.463247157472436,-13.90157702018696,41.4822211219493,84.8499984741211,-25.6886824122015,0.96163086881252,1.735826484224106,0.0158610725300209,0.0084574170166759,8.247540183981952,0.0002684588599391,,55.87942543080823,71.74106592331128,44.44064067714415,0.0,63.05456698134903,67.71868879478787,28.63920276679892,64.30190580859582,58.09415138241398,0.0,90.0,32.287533752642034,65.0,60.0,80.0,50.0,30.0,100.0,42.5,90.0,48.90625,real_yahoo,251452.1808318264,4.320770386596985,9.030468344458129,0.5678293349317082,39.54737638313496,1.978384578755577,0.5576275510096785,5.348127475801431,-23.003629764065348,4.4526015873434845,13.801005759026898,20.589505847910004,4.711330381816482,22.642186414365995,3.9322177127136655,4.521816837519275,21.71451558390593,10.207215203406376,13.864823260600929,13.935446237981338,12.435012091477653,4.511534004266816,20.919901102913627,21.962241339074044,95.22292993630572,51.7515923566879,,0.0996242845931397,9.030468344458129,0.4181444545579191,18.30570731161572,0.126337024,0.34896414624070465,1.1242092062874358,-0.27802717035073904,-0.6437502733315259,0.672257448181524,1.146051828726463,-1.1581052095477977,0.7366234761068383,0.4162860550358827,-0.4709457328275546,-0.5315367232832691,1.3489815189531904,-0.9085019987360093,0.0,0.0,0.6744907594765952,-0.3372453797382976,-0.6440224473729895,0.6744907594765952,-0.5781349366942244,1.011736139214893,0.5159797128729143,0.3,0.3,0.03341948760966429,0.44000000000000006,0.44000000000000006,0.19532075854708453,0.9183333333333332,0.9183333333333332,1.0,0.25,0.4,0.35,55.211796997820954,0.02611923095379852,0.31919501492898383,-0.5919396070825432,-0.8433306509901789,-0.2775398357375754,-0.7798877367870903,0.2612608625340007,-0.03197436235043739,,-0.70844082119384,1.0347705871434112,-0.5335237023504739,-0.09184419282520694,0.41218879745791936,-0.2284794737176064,-0.3113708670925994,-0.18989995023863496,30.081545510974404,0.13497065280219991,46.06255321555626,-0.19352489670235465,0.08500821803563334,-1.5548958425683794,-0.6487289596354753,-0.67589976525794,0.21357357445959968,-0.42009102687567973,-0.054258339333360654,-1.1018124011019275,-0.24336780785624604,40.78595442739191,53.6552063456842,49.56140290420384,78.35836590591471,55.03764961446181,58.13890783121272,54.336099516540955,50.0,61.904761904761905,59.523809523809526,97.61904761904762,7.142857142857142,62.92083712465878,60.27707006369426,51.923566878980886,47.71337579617834,61.16274535291824,53.76801877304726,51.139419674451524,False
SHAK,"Shake Shack, Inc.",3813722112.0,1445305984.0,174356000.0,45725000.0,581267008.0,902126016.0,360123008.0,,0.023570001,0.094919994,162.912,1.757,1.678,29684124.0,222355008.0,81.954124,51.37717,6.8452106,2.6386952,2.883,23.897,1.03,0.0,0.219,0.287,0.358,0.03164,0.40218,0.05129,USD,Consumer Cyclical,Restaurants,US,89.33,1.753,13873.0,144.65,72.93,91.4574,99.9814,1496239.0,1217660.0,1233245.8167330676,1465986.6666666667,1550243.3333333333,47.106170698711615,51.08633377245704,-7.707406771266911,7.020487030852118,-5.520889531696405,-6.665967312137422,89.33000183105469,-45.70160993494038,0.2046175518259163,0.295891612731846,0.0164623972602105,0.4197491152867189,5.250798080342443,0.0001748094890783,,36.69393191974977,39.47692699602284,45.68156909742447,0.0,33.27228489462122,39.74181175038597,25.965761310828825,32.02329894891775,38.231203204710965,0.0,30.0,27.518792839891805,65.0,20.0,20.0,0.0,30.0,100.0,82.5,20.0,48.90625,real_yahoo,104181.2141569956,3.163689938752789,12.063604657434256,0.1204483924067052,40.21757430155357,5.1740462960838745,0.2464788777358572,2.053829730770699,-38.24403733148981,4.503469631161752,14.253923110881033,19.701956222717797,4.981206483405444,21.091586890419283,4.3031186995690085,4.526747997896473,20.180720777233397,9.537771863945247,14.025160937891004,14.198039748478385,11.553896704260088,4.614936341466175,20.620264776694302,22.06187148174292,13.694267515923569,51.7515923566879,,0.1538463207525196,12.063604657434256,0.2853026630662699,18.51749751381396,0.094919994,-0.7554661346742305,-0.5459583886069899,-0.21627210664041083,-0.6437502733315259,-0.8645907503448169,-0.6635036903153215,-1.3028579800988762,-0.9290419909912409,-0.6086970552385552,-0.4709457328275546,-0.9282107570870661,-0.6744907594765952,-1.164810554261008,0.0,-1.3489815189531904,-1.2244988904314889,-2.023472278429786,-0.6440224473729895,0.6744907594765952,0.9635582278237074,-1.3489815189531904,-1.3784816426777664,0.3,0.3,-0.8531948156184902,0.44000000000000006,0.44000000000000006,-0.9166579299049207,0.9183333333333332,0.9183333333333332,1.0,0.25,0.4,0.35,29.654055096519258,-1.0152698406991394,-0.28554197587936475,-0.7005120978121512,-0.6134880847271165,-0.2489749562483507,-0.5498785106346964,-0.1357775991813066,-0.8695343698142635,,-0.45375395285396897,-0.037459984216766294,-0.4922136578910196,-0.6744907594765952,-0.2515957594873013,-0.6129004862773147,-0.363533100480671,-0.46125223613919764,37.9899964337898,-0.484188009481413,29.559326479199854,-0.05673216872723177,0.19486417915513954,-1.1691041847617227,-1.4340735244890108,-0.4317064426554791,0.6857558027393416,-0.06365203376742017,0.06906600521395388,-1.3015888546253667,0.1256947781688669,41.57441242402911,29.16231109468271,47.939566343278166,29.131653754838457,62.6211628551882,32.765464624189775,35.39156793247635,9.523809523809524,9.523809523809524,76.19047619047619,11.904761904761903,23.809523809523807,50.13648771610555,11.952229299363056,22.261146496815286,25.47452229299363,11.793188613024828,22.393563526651025,26.111111111111114,False
WING,Wingstop Inc.,4237773056.0,696852992.0,217230000.0,174267008.0,339249984.0,1270406016.0,196572000.0,,0.17040001,0.19437,66.94149999999999,3.263,2.652,104511248.0,153064992.0,24.558775,26.007622,-0.9948549107227488,6.081301,7.556,24.239,0.79,0.18360001,0.086,0.047,0.0,0.25008,0.48683,0.27186,USD,Consumer Cyclical,Restaurants,US,152.51,2.025,345.0,388.14,142.24,229.1572,269.24738,989831.0,1452000.0,716074.7011952191,1191916.6666666667,913683.3333333334,54.892433828481366,59.16378885063537,-27.702474462228327,-40.54515225240767,-42.35453985693394,-35.082356641079734,152.50999450683594,-61.88885057605069,-0.3882128086882996,-0.7582556977948364,-0.1162555406684167,0.7382375067474537,11.13564240316598,0.0001117180515958,,68.66975443818052,28.30857121349992,56.8499248799474,0.0,72.98199434359162,49.06743743185327,52.7001758705298,63.06042092937743,69.26705973237193,0.0,90.0,27.518792839891805,65.0,80.0,50.0,40.0,30.0,100.0,90.0,80.0,48.90625,real_yahoo,2019863.744927536,25.007714683099184,31.17300241138952,0.0580740850445427,48.68314951570159,5.848207043226074,0.1204850969471479,14.99760339695865,-60.70747668367085,5.03376571148511,13.725240422438633,19.09653933946196,5.96393917604323,20.362085032562543,4.964521545130232,5.438762553719172,19.64224781246407,5.846438775057725,13.481541168280264,13.991074052633511,14.51854110917894,5.599337761745219,20.962602384749456,22.16730374580701,84.39490445859873,51.7515923566879,,0.2196517683890492,31.17300241138952,0.1339979180710503,18.508769948603774,0.1586836660563,1.0852510001839937,-1.124093325301214,0.3395234667525462,-0.6437502733315259,1.184540181023637,-0.0603185173013932,0.14466972541190956,0.672559419679989,0.9928390545652541,-0.4709457328275546,3.0,1.3489815189531904,-1.164810554261008,0.0,0.6744907594765952,-0.27500406547744677,-0.6744907594765952,-0.6440224473729895,0.6744907594765952,1.2526256961708195,0.6744907594765952,0.2688760578010865,0.3,0.3,1.347640323773558,0.44000000000000006,0.44000000000000006,0.19755213073429342,0.9183333333333332,0.9183333333333332,1.0,0.25,0.4,0.35,64.96700573346446,3.0,0.7286416881882612,1.349181316739632,0.8345685030103062,0.11138633376486438,0.8992280695152803,-0.5879982635413264,0.986409078510994,,-0.14465852661458006,-0.3781870683495129,-0.44377537881741314,-0.08282087306254342,-0.50854462024029,1.3800490193735397,0.2299762196398073,0.3583989997507526,48.79444779374857,-0.2743965592925294,61.49563894676166,-0.44395723215923977,0.19033717528788427,-1.870446699636765,-1.8587528915668672,-3.0,-1.961621996677022,-1.63022389943593,-0.12681002843567774,-1.864599795601816,-2.173715968501588,30.86232907766512,64.18571685091716,42.89829533204354,43.08263974870946,47.39459504167134,58.76683771109995,64.22020295170509,80.95238095238095,80.95238095238095,45.23809523809524,38.095238095238095,47.61904761904761,55.209281164695184,74.64012738853503,60.13057324840764,50.42675159235669,76.15039646431822,63.261816962789126,55.95895258315641,False
TXRH,"Texas Roadhouse, Inc.",10780487680.0,5878074880.0,681729024.0,405553984.0,971659008.0,976764032.0,134708992.0,,0.08811,0.29021,65.922,0.5159,0.384,189807632.0,730067008.0,26.761904,21.350624,7.357017,1.8340167,1.975,17.026,1.84,0.4459,0.031,-0.259,-0.269,0.06899,0.16530001,0.06531,USD,Consumer Cyclical,Restaurants,US,162.98,0.896,101000.0,199.99,148.73,177.3378,175.4325,1002006.0,1135570.0,948004.780876494,1019616.6666666666,949136.6666666666,26.5345708494156,22.397789444477148,-6.480234609816016,-4.4718747596381725,-0.4296018855350136,-3.855810589486486,162.97999572753906,-20.208734578622323,0.0685897470624712,0.1188815227953151,0.0329058220395785,0.4383927192897558,2.0359791505719795,8.03981481660148e-05,,29.88617615776129,50.64528277854577,27.0676427932196,0.0,36.9950701554622,55.59537540888038,24.638025319410037,65.5433906878142,59.33558564352043,0.0,90.0,43.868761683606856,65.0,60.0,90.0,60.0,30.0,100.0,82.5,90.0,48.90625,real_yahoo,58198.76118811881,6.899435483203644,11.597828165128783,0.4898648989072728,16.53022507940559,1.4327746034177944,0.7474343690820917,3.2290781569628453,-18.505925296264824,5.099744469168032,13.76330913205184,18.718627402329464,5.30325515557766,22.494495144059,5.008833672149628,5.183679504643204,20.694515487089152,11.52288569676448,13.762115879189553,13.834938278390348,10.971636530414184,5.172938366965331,20.69975565882978,23.10100364082885,95.22292993630572,51.7515923566879,,0.12420171959429,11.597828165128783,0.1211986157929461,18.85574232470743,0.160805361,-1.1473607504827557,0.03217654808723482,-1.1425980622953384,-0.6437502733315259,-0.6724847255290242,0.3619111038083564,-1.3747478892229616,0.800687532533687,0.48034749942803556,-0.4709457328275546,-1.052064395826541,1.3489815189531904,-0.28603836388958476,0.0,0.0,0.9909890344612758,0.0,-0.6440224473729895,0.6744907594765952,0.9635582278237074,1.011736139214893,-1.6255852977495944,0.3,0.3,-0.49105171956927024,0.44000000000000006,0.44000000000000006,0.4067179753596725,0.9183333333333332,0.9183333333333332,1.0,0.25,0.4,0.35,41.121634623189436,0.9679479706407648,1.7060107832111544,-0.34997536611924834,-0.64878332148865,-1.257390535394452,-0.5851993401328072,-0.6262529063797375,-0.7515658013529127,,-0.5929979054414618,-0.5070667529768359,0.3035825538565395,0.7624677807327747,0.6156066455540355,0.342998897401955,-0.6036734449439258,-0.44887579690153057,50.63171730965749,0.696380269902342,47.45254035972823,-0.2703026387023479,0.37031237462740446,0.6838691007345964,-0.0960212539532653,-0.2611461598033281,0.046121311845144584,0.152885505034082,0.05000486796252829,0.29392392339066553,-0.014029671692715996,50.4122140328515,34.37566538159827,56.30313334566694,52.26150715322744,34.52048806264867,41.299740198074815,37.862593791267386,52.38095238095239,16.666666666666664,19.047619047619047,57.14285714285714,52.38095238095239,39.240218380345766,29.044585987261144,37.37261146496815,43.531847133757964,28.42194202521773,36.20516258799866,41.751592356687894,False
TROW,"T. Rowe Price Group, Inc.",19663632384.0,7314800128.0,2844300032.0,2036499968.0,3750299904.0,469000000.0,3378200064.0,,0.106479995,0.18791,3.891,5.95814999999999,4.600999999999992,1867074944.0,1753400064.0,10.22557575,8.918601,1.8147238,2.688198,2.454,6.31,5.77,0.5498,0.06,0.036,0.012,0.28533,0.5127,0.32217,USD,Financial Services,Asset Management,US,90.17,1.523,7773.0,118.22,77.85,94.1554,101.3536,2375470.0,3363150.0,1626229.0836653386,2587520.0,2192506.6666666665,26.71915368834061,19.916222801030344,-0.5726922982118743,-12.536659636798186,-8.923019020360613,1.2117739949268902,90.16999816894533,-19.75633180521006,0.246373160276324,0.3594039376138026,-0.0205971050647375,0.4889265979650268,7.183097718615462,7.696277390946901e-05,5266292000.0,47.72022444913832,64.93077134927685,56.150065046327846,1.0,42.57931723359294,43.16926166691219,51.51989887986651,73.87471902083044,72.38756921258206,1.0,20.0,35.24657424247468,65.0,20.0,30.0,50.0,30.0,88.5,50.0,20.0,51.25,real_sec,941052.3772031392,27.840814955484184,38.884179775636376,0.7476668164271753,51.27002567909399,0.1648911840254129,3.738592886993604,25.52462010346812,-23.72694975469464,4.512725895596812,14.60055649999165,21.94060887945153,4.780970525791781,22.71316554760023,4.367547313409047,4.555511344627855,22.045101648397598,8.958540111412168,14.301775061948518,14.766210832464855,13.754755140872843,4.628433484913252,19.96611332854275,23.702036694772318,13.694267515923569,51.7515923566879,,0.2397058064906295,38.884179775636376,0.8780931606888225,18.803471231360565,0.084597082,-0.12072763557523078,0.7716712589747484,0.3046947950039273,1.553397398691291,-0.3843221180713588,-0.44181486840550205,0.08076394433161824,1.230607137171152,1.1538659818900239,2.1233869006435357,1.3258999309520523,-1.011736139214893,-0.7494605646205229,0.0,-1.3489815189531904,-0.9080006154468081,-0.3372453797382976,-0.6440224473729895,0.01992166800141811,-0.2890674683471122,-1.3489815189531904,1.471447179150649,0.3,0.3,0.700261571800175,0.44000000000000006,0.44000000000000006,-0.8497465365691597,0.9183333333333332,0.9183333333333332,1.0,0.15,0.35,0.5,51.64743977064488,1.5324304906703201,0.6627630951806665,1.6150200089694302,1.4188999050398743,0.22151683078367,1.4839831728999915,1.6359587245516145,1.409732807419022,,-0.05046250367942167,3.0,1.3182819627643076,1.0972962003958233,3.0,1.1777340623429748,1.552372171143222,0.5512774970477534,85.59934130110511,1.953512910217703,78.93074407178968,0.23750887817908903,0.34319926392263156,0.6672429232863305,-1.0749696479158235,0.5599220808883184,-0.40274330476847753,-0.20834799230647302,0.2903540710508603,-0.2038633623147465,-0.05562509533283741,49.40294567641139,66.0932949791903,50.614603052290455,73.95010058373232,34.485109049381535,39.08474127295077,51.86507365774992,100.0,85.71428571428571,22.857142857142858,100.0,100.0,55.573248407643305,63.36783439490445,64.5859872611465,67.5812101910828,63.54315611594957,65.10224606101242,69.0038924274593,False
BEN,"Franklin Resources, Inc.",12200542208.0,8846199808.0,1702599936.0,562800000.0,3276199936.0,3538599936.0,2672100096.0,,0.023670001,0.04464,24.587,5.564,1.316,328337504.0,956200000.0,21.666666,8.044444,1.0026996,1.3791846,1.731,8.992,5.64,1.1944001,0.034,0.606,0.562,0.06972,0.37035,0.16523,USD,Financial Services,Asset Management,US,23.4,1.473,9900.0,28.32,16.25,25.7596,24.38065,5545329.0,5434740.0,4459897.211155378,5214783.333333333,4972212.222222222,30.687645322163725,32.81840298621729,-11.805412228932964,-0.2437650416910686,5.053500621928997,27.3239401830641,23.39999961853028,-19.21164773947487,0.9638555758820752,1.4169031091481543,0.009808421048274,-0.0985382782381893,7.897648037814658,0.0001523757725612,5774500000.0,36.03637475097225,74.3183820778641,51.56046426548617,0.0,30.65854170522818,37.47697972267235,50.02980193882091,72.38441196584726,74.32524164775894,0.0,40.0,33.40239602278402,40.0,30.0,60.0,0.0,60.0,86.8,47.5,30.0,51.25,real_sec,893555.5361616162,6.362053901281267,19.24668188548336,0.904195594163752,37.035111201503625,2.078350798199489,0.2702198658492261,3.7116220651388656,-17.37288135593221,3.194583132299156,15.419375615291417,21.70613055337124,3.3782698770184507,22.903253803634627,2.847812143477369,3.2868932874652006,21.90995003190521,9.200391041122517,15.310636501124906,15.467008290496349,13.702964886522896,3.2339870726753928,21.986996987839525,23.224746231058703,20.063694267515924,14.331210191082802,,0.1080916123028633,19.24668188548336,0.4302413708973668,18.46337230885024,0.0,-0.7933190076384832,1.2576251307859299,0.07629234729318468,-0.6437502733315259,-0.9994671342408412,-0.809993925410087,8.304513916912265e-05,1.1537031676891534,1.253855243379922,-0.4709457328275546,1.1979672911773813,-0.3372453797382976,-0.8485807861355504,-3.0,-1.011736139214893,0.041494209507233884,-2.023472278429786,1.164231339289771,-0.07684071943404301,-0.385423291129483,-1.011736139214893,-0.011174751280318687,0.3,0.3,0.30625514250068164,0.44000000000000006,0.44000000000000006,-0.7757136832014001,0.9183333333333332,0.9183333333333332,1.0,0.15,0.35,0.5,44.86091079912278,-1.0121969899986927,-0.7982935642927254,-0.40039956689995815,-0.06917463046609638,-0.3844776126112641,-0.005170372214324338,0.2974162094393833,0.08919164234595696,,-0.6686688515234636,3.0,0.4657918320111059,3.0,3.0,-0.5849852393071918,0.13099358952984408,-0.1314905559424831,53.68857986829996,3.0,51.7603012293455,2.3591805791816705,0.16678933739964458,0.3097836573536658,-0.9969035877912179,-1.0012736084904648,0.2814467267761102,0.38608732046436367,1.2629849582906576,-0.3435599652187761,-0.07197719569738627,56.68439128696968,42.64890182724862,49.9694576211897,68.05983062948027,47.23439607995389,54.25553577756365,39.015739192036534,42.857142857142854,34.285714285714285,45.714285714285715,88.57142857142857,60.0,53.29845313921748,39.57802547770701,45.681528662420384,51.60031847133757,38.83238008579228,44.079785450888366,48.87650389242746,False
IVZ,Invesco Ltd,10710285312.0,6377099776.0,1280000000.0,-726300032.0,1822099968.0,2231800064.0,1037500032.0,,0.025969999,-0.01219,17.161,0.787,0.787,745699968.0,1525299968.0,14.6751425,7.9755244,1.1026355,1.6794915,2.382,11.866,3.48,0.5646,0.062,0.177,0.14,0.0,0.28573,0.20378,USD,Financial Services,Asset Management,US,24.14,1.634,7499.0,29.61,11.6,25.5028,23.36255,5722683.0,4714360.0,4830218.326693228,4939886.666666667,5529606.666666667,36.10112416921139,37.09797509876884,-2.38576693695538,-9.670280384931008,3.980585292088601,60.158940162698535,24.13999938964844,-22.625872446723093,1.4444395971376962,1.9860952955864213,0.1171786425408468,0.3927142202830084,7.470274542502882,0.0001952335750349,,35.46643086325684,70.89115911345924,48.50073041159172,0.0,32.14863864627378,34.06161055612844,48.53970499777532,70.8941049108641,60.463431149955134,0.0,60.0,27.86986136371202,70.0,80.0,60.0,10.0,30.0,94.043,47.5,60.0,48.90625,real_yahoo,850393.3559141218,-11.389190345326032,20.07182018410997,0.6518217591905708,28.572549152475425,1.7435938,0.6834393423514123,11.693402866400438,-18.47348868625464,3.224460203162101,15.525627424628482,20.760079841876355,3.421326752957321,22.57597925054259,2.533696813957432,3.2772503877878707,21.32325550200677,8.922658299524402,15.390402433851042,15.412853149364397,13.6534554690101,3.1930471171661035,21.52607430084035,23.094470360920518,55.891719745222936,87.10191082802548,,0.2391839584728492,20.07182018410997,0.3173462213730042,18.57427245106669,-0.005307526,-0.8261283428610804,1.0802133998072447,-0.07597595118064364,-0.6437502733315259,-0.9225740072196557,-1.0309013596128378,-0.0805978540532796,1.0767991982071554,0.5385474496444981,-0.4709457328275546,1.0817100509818753,0.3372453797382976,-1.1459414506806338,0.6744907594765952,0.6744907594765952,0.041494209507233884,-1.6862268986914881,-0.6440224473729895,0.3354239700924538,-0.385423291129483,0.0,-0.5053820614239743,0.3,0.3,0.16251669308063338,0.44000000000000006,0.44000000000000006,0.07590671385951558,0.9183333333333332,0.9183333333333332,1.0,0.15,0.35,0.5,51.18751999965514,-0.9415214853454285,-1.3778416201165047,-2.0660545392872316,-0.006647963508556857,-0.7447111904130157,0.05740163311358254,-0.040005591327962296,0.41356313408526274,,-0.05291368122294225,1.3737248263717292,0.2955635128876977,1.1449907202323308,2.371423860699458,-1.0688523959659428,0.013568382114887367,0.15219683332836953,31.679779276509798,1.6968856334425382,36.818322057925776,2.6364536386123487,0.22431344184369492,-0.1778318785630514,-1.2482763013924487,0.3079293019366361,-0.2432082094676244,0.34045516195899905,1.4303835402280218,-0.7130540899777501,0.09723205538164079,56.345532624139025,41.369407428828424,54.74744642397654,61.980224324433294,36.47397490599264,60.76396743216362,40.99255987906936,11.428571428571429,31.428571428571427,25.71428571428571,74.28571428571429,11.428571428571429,48.20291173794358,48.18789808917199,41.57643312101911,41.26751592356688,47.62446379825816,39.77539389875964,37.43099787685775,False
SF,Stifel Financial Corporation,11465141248.0,5491325952.0,1280000000.0,646497984.0,5228835840.0,2250888960.0,4661662208.0,,0.01685,0.11725,37.657,0.888,0.873,745699968.0,1117028992.0,18.943733,10.070809,2.1343362,2.087864,1.774,8.992,1.7,0.31350002,0.146,0.105,0.083,0.12452,0.9522,0.27427998,USD,Financial Services,Capital Markets,US,74.07,1.104,8900.0,89.82667,48.84667,77.3022,77.50298,1590047.0,1652620.0,1109325.3984063745,1561836.6666666667,1419682.2222222222,31.0763444312315,33.12046692177512,-1.3452345652617104,-13.009519355006349,-0.044672815639335,17.140559820335866,74.06999969482422,-21.0117426618288,0.6924436036079191,0.8725576322625159,0.0991140002358338,0.5291229831560027,10.72008974156907,0.0001984658954509,,50.28497194385771,69.40106217241365,66.85913353495843,0.0,38.10902641045615,40.89234888921625,42.57931723359295,43.32342439367538,47.04877582949983,0.0,50.0,39.85701979170135,70.0,70.0,70.0,90.0,30.0,88.835996,40.0,70.0,48.90625,real_yahoo,617002.9159550562,11.773076114058362,29.06052331447731,0.5612842621331249,95.21991383694136,1.101643502674173,0.4962612602622566,13.686443109622145,-17.541193500772103,4.318421011584911,14.165944321748643,22.26263791869294,4.508952964946209,22.42643558479985,3.9089516937753976,4.360575699664622,22.377454497702825,9.093918908958932,13.919263540799024,14.261373677391184,13.332630649634089,4.363136585851272,21.534591068911524,23.162577073197838,72.92993630573248,87.10191082802548,,0.2034169892233707,23.30948865881491,0.6743765210129725,18.2242732435461,0.080492122655,0.026914372926459332,1.003077864599121,0.837633839662327,-0.6437502733315259,-0.6150014991349148,-0.5890864912073362,-0.40332145082307413,-0.34592423720981774,-0.15368589913171873,-0.4709457328275546,0.45307340005108643,0.0,-0.5016600108329533,0.6744907594765952,0.3372453797382976,0.35799248449191456,1.011736139214893,-0.6440224473729895,0.03904624160657375,-0.6744907594765952,0.3372453797382976,0.28534963480587494,0.3,0.3,-0.148006583350173,0.44000000000000006,0.44000000000000006,0.18963612443925135,0.9183333333333332,0.9183333333333332,1.0,0.15,0.35,0.5,52.58965568403191,-1.221765438497676,-0.057822258057205214,0.10733363361260549,0.6744907594765952,2.0925007287258794,0.3029209713704867,1.0270890282422602,1.0067715304585758,,-0.22091507020402185,3.0,0.38178881908189033,0.335795248809586,0.4657198101147921,0.0457180273517078,0.6287965969627848,0.3474798446324249,40.736752314939274,0.3942613013969287,49.91131174458469,-0.1495159503527216,0.042768219571088714,0.27477184152625184,-0.4207760640716261,0.4525491859332412,-0.42906142724272206,0.169256922090277,-0.05337386539081645,-0.07300211127268713,0.014917261509966633,47.46977282768333,54.73429043326859,45.7764966963125,52.74088067684287,43.285328409994015,52.759546117009336,42.969380566102195,37.142857142857146,60.0,37.142857142857146,54.285714285714285,28.57142857142857,51.3648771610555,51.971337579617845,44.9203821656051,43.05732484076432,52.115559599636036,44.9212202480724,42.85208775654636,False
WBS,Webster Financial Corporation,11252667392.0,2675645952.0,1280000000.0,974860992.0,2675645952.0,4666250240.0,2432306944.0,,0.0123000005,0.10767999,132.9965,2.053,1.46,745699968.0,1058136000.0,11.828814,9.409084,1.2218565,4.2055893,5.146,8.992,2.29,0.2712,0.159,0.527,0.439,0.37479,0.0,0.46374,USD,Financial Services,Banks - Regional,US,69.79,1.029,4498.0,74.0,39.78,69.567,62.0358,4503167.0,3458850.0,1686925.0996015936,5206060.0,3442403.333333333,36.43389293325494,21.47094609667029,1.0277925096311646,9.95586687061909,19.85227306227133,39.34909644883939,69.79000091552734,-18.8968794765205,1.1603985837699635,1.422560920604986,0.1105445287808087,0.7718363315003975,13.8477877808116,0.0002188632995043,2899413000.0,52.84971943857709,47.04960805672973,34.73192806906668,0.0,64.93077134927685,54.55382555539187,41.08922029254735,54.50072730604919,41.08670679818637,0.0,60.0,41.70119801139201,70.0,80.0,60.0,90.0,30.0,90.0,50.0,80.0,48.90625,real_sec,594852.3681636283,36.43460343739828,29.06052331447731,0.2734854891195871,100.0,1.101643502674173,0.2267636636649816,13.686443109622145,-5.689189189189181,4.259717747786098,15.051680719317416,21.6121060040239,4.31748811353631,21.70745666590033,3.708191765146309,4.256562613127118,21.70745666590033,8.411610428841172,14.33841855476042,15.465334081717328,13.296070214095296,4.143702818964639,22.263621639840537,23.143871039092694,84.39490445859873,87.10191082802548,,0.3954693629062026,47.83891527364529,0.3426480735384324,18.583908703489083,0.078477176712,0.17455638142814864,-0.15395516352273883,-0.7611832943128716,-0.6437502733315259,0.7690747872464205,0.29454324560366696,-0.4840023500155232,0.23085553390517166,-0.46134516525448144,-0.4709457328275546,0.39341094694320466,0.3372453797382976,-0.4025397893179257,0.6744907594765952,0.6744907594765952,0.041494209507233884,1.011736139214893,-0.6440224473729895,0.10530024515035424,-0.2890674683471122,0.6744907594765952,-0.8019064475101679,0.3,0.3,0.19095744583876045,0.44000000000000006,0.44000000000000006,0.2893810344496365,0.9183333333333332,0.9183333333333332,1.0,0.15,0.35,0.5,52.70346707951517,-1.3615801300037553,-0.15541649859414206,2.421402159858966,0.6744907594765952,-1.9610848631298017,2.1630399543195655,0.03561675875861592,2.600946091090449,,0.6811760550120051,3.0,0.3575184617618668,0.19947909050048726,1.0973857594658893,0.04382094040465782,1.2056995163171382,1.210672450189181,67.03292002889019,0.6035370915349183,63.11154186475869,0.2829542209580333,0.2293117834122121,-0.20780580545923433,-0.3036769738847169,0.7823677572989808,0.8491312884418618,1.0154938643926514,0.2561330021851227,-0.2557413896719756,0.8790110018842344,51.15944951614167,57.94658617393768,51.82060668499074,54.391478432089016,59.042282353341534,51.01159061571355,52.85348400126633,68.57142857142857,68.57142857142857,68.57142857142857,57.14285714285714,88.57142857142857,66.49226569608736,65.06847133757962,66.87261146496814,67.57484076433121,65.10951514363707,67.07341602413678,68.07678697806085,False
PB,"Prosperity Bancshares, Inc.",6807993344.0,1249793024.0,1280000000.0,542843008.0,1249793024.0,2180147968.0,1748704000.0,,0.01391,0.072119996,132.9965,2.053,1.46,745699968.0,549513024.0,11.716784,9.25743,0.81888485,5.4472966,5.793,8.992,3.52,0.4091,0.033,0.09,0.076,0.43435,0.0,0.58164,USD,Financial Services,Banks - Regional,US,67.02,0.673,3941.0,77.2,61.07,69.547,68.739,1285144.0,1201880.0,764415.3386454183,1202266.6666666667,1146140.0,24.774823994223155,21.745344271193822,-2.6188590576945114,-2.8566161533389867,3.99941799266903,-3.022007501724411,67.0199966430664,-16.445335285753735,0.0569894541580817,0.069680894875113,0.0383706404113517,-0.0215423520667178,5.139346339042392,0.0002578400408558,,56.2693827648696,41.08922029254735,34.73192806906668,0.0,69.40106217241365,55.69228194423983,24.69815394104581,64.93287669093141,55.99187937647003,0.0,30.0,43.54537623108267,70.0,80.0,10.0,80.0,30.0,81.418,55.0,50.0,48.90625,real_yahoo,317125.862471454,43.4346325812105,29.06052331447731,0.1277449492939819,100.0,1.101643502674173,0.2520530863343675,13.686443109622145,-13.186528497409334,4.21980177957905,13.951911205337648,21.28214077966663,4.359269647551265,20.94624379455074,4.128262780425561,4.256279154361383,20.94624379455074,8.279443487712665,13.546867865590544,13.99972005370166,12.66705716987276,4.244759702171372,21.502658587132032,22.641363250690567,40.92356687898089,87.10191082802548,,0.439683222299695,102.41695828188588,0.4450928704473907,17.75185765923061,0.0426157056364,0.3714123927637346,-0.46249730435523484,-0.7611832943128716,-0.6437502733315259,0.9997541683099769,0.3681790570045836,-1.3714922411324604,0.7691833202791614,0.30780300005242567,-0.4709457328275546,-0.35464480222827083,-0.6744907594765952,-0.30341956780289814,0.6744907594765952,0.6744907594765952,-1.5409971654161694,0.6744907594765952,-0.6440224473729895,-0.38317905424442533,-0.09635582278237075,-0.3372453797382976,-0.7030649854814368,0.3,0.3,0.012959753301950722,0.44000000000000006,0.44000000000000006,-0.21579137823184932,0.9183333333333332,0.9183333333333332,1.0,0.15,0.35,0.5,46.40438918802085,-1.3121072490908143,-0.5180546366867913,3.0,0.6744907594765952,-1.9610848631298017,3.0,0.34180447362413535,3.0,,0.888853416169162,2.855381571894687,-0.15018554167089065,0.6438760016798372,2.414248670824956,0.08124919413793753,1.803812013130861,1.4222133540422908,65.23948125311398,1.4405437027951409,73.85889010246113,-0.4077628163447951,-0.2022745988603038,0.8423771378243491,0.25215337420247713,0.2755326592382963,0.13602233786031778,0.3412561354879149,-0.30501870760254945,0.5472652560134131,0.23944557356199048,49.56146201521146,38.947650059190394,48.253112291059395,59.054066442262666,32.49132423847476,45.23048051368754,53.841894344782744,94.28571428571428,25.71428571428571,20.0,68.57142857142857,85.71428571428571,41.12829845313922,46.93630573248407,52.30573248407643,56.31210191082803,46.74379305862473,52.0918538384177,56.30573248407643,False
FNB,F.N.B. Corporation,6025579008.0,1679000064.0,1280000000.0,565000000.0,1679000064.0,4398000128.0,2736999936.0,,0.01143,0.08652,132.9965,2.053,1.46,745699968.0,482000000.0,10.8076935,8.657253,0.8912619,3.5887902,4.578,8.992,2.85,0.3077,0.264,0.558,0.527,0.33651,0.0,0.38483003,USD,Financial Services,Banks - Regional,US,16.86,0.896,4128.0,19.14,10.88,17.224,16.39675,7585390.0,9373610.0,4484364.741035856,8641476.666666666,6530603.333333333,30.69259479265318,30.580205153411384,-0.2366805271099115,-1.2220556459954235,6.363620556952387,27.307541140755,16.860000610351562,-15.897441879857745,0.995043024869074,1.1594642920980165,0.0741690007390555,0.2482387415715007,10.161086747453265,0.0003042757506706,,41.45084168426872,55.99018970300329,34.73192806906668,0.0,50.02980193882091,42.03080527806422,33.638735587319374,57.48134141601553,50.02981034515656,0.0,50.0,38.93493068185601,70.0,80.0,70.0,90.0,30.0,87.03500600000001,40.0,80.0,48.90625,real_yahoo,406734.511627907,33.650981445108506,29.06052331447731,0.1716154386538425,100.0,1.101643502674173,0.1095952673878594,13.686443109622145,-11.91222570532916,2.882563575448353,15.692010044188352,21.73012824398705,3.0027078872904163,21.241464253755336,2.474856313934499,2.902739406704826,21.241464253755336,8.32579052588609,15.31610762564535,15.972084152391488,12.91591840460154,2.8562834071654306,22.20441575841049,22.51927941278456,84.39490445859873,87.10191082802548,,0.2870756293193328,76.23585176944937,0.3836019497476489,18.14105136844845,0.059897796,-0.48163032302380554,0.3088580477260046,-0.7611832943128716,-0.6437502733315259,0.0001435170345676499,-0.5154506798064191,-0.8874068459777676,0.3846634728691683,0.0001437339296626275,-0.4709457328275546,-0.11328409735096476,0.0,-0.5512201215904674,0.6744907594765952,0.6744907594765952,0.35799248449191456,1.011736139214893,-0.6440224473729895,-0.06346440083306702,-0.6744907594765952,0.6744907594765952,-1.0984308335963613,0.3,0.3,-0.20599978432783994,0.44000000000000006,0.44000000000000006,0.2868425032267755,0.9183333333333332,0.9183333333333332,1.0,0.15,0.35,0.5,48.82645750017174,-1.3883139464618968,-0.37120448145091867,2.1602061699727813,0.6744907594765952,-1.9610848631298017,3.0,0.15801998615267432,1.9369734663951477,,0.1720387648932807,3.0,-0.23955877499249478,0.3171040887459279,1.696933101222863,-0.06904870740130868,1.7211089937687036,0.8177990777813793,54.958861599578256,0.9380271443605488,64.88518824029875,2.377500320028256,-0.0003991176339735077,0.30933783706445656,-0.0960212539532653,0.6066231587982381,0.22699765668604507,0.44180802728371593,1.1885506011971412,0.10665829155559563,0.40532841849900425,59.897748716294636,46.52679067234392,48.41295391486459,69.02685127715404,63.82652764263042,53.38079255351883,44.94620125313502,74.28571428571429,42.857142857142854,80.0,91.42857142857143,62.857142857142854,67.15195632393083,54.08598726114651,60.30891719745223,65.54777070063695,53.48043676069154,59.074756956084485,63.52441613588111,False
EWBC,"East West Bancorp, Inc.",14999494656.0,2697061120.0,1280000000.0,1325187968.0,2697061120.0,3458183936.0,4781270016.0,,0.01694,0.15945,132.9965,2.053,1.46,745699968.0,1501699968.0,11.448528,9.944016,1.6849607,5.561422,5.071,8.992,2.93,0.2521,0.213,0.214,0.215,0.49135,0.0,0.660158,USD,Financial Services,Banks - Regional,US,108.99,0.888,3350.0,123.82,68.27,111.8806,107.52975,1187475.0,1460340.0,918227.2908366534,1221956.6666666667,1011680.0,31.689964427805123,31.07593333855015,-1.160786087116794,-4.60866717709294,4.891967170672529,23.25780966551667,108.98999786376952,-21.7300224806546,0.851336589724265,1.0211237629180283,0.1029098557595793,-0.5406437647872159,7.302011428089893,0.0001843652770427,,57.40927054030044,39.59912335150175,34.73192806906668,1.0,70.89115911345924,53.415369166543904,45.55951111568413,60.46195552598188,38.10567228252963,0.0,50.0,50.92208910984533,70.0,90.0,90.0,90.0,30.0,90.0,60.0,90.0,48.90625,real_sec,805092.8716417911,47.848053474056094,29.06052331447731,0.2756743952006328,100.0,1.101643502674173,0.4342452558312965,13.686443109622145,-11.977063479244066,4.700389452569025,13.8271238617468,22.28797204209245,4.826872699505897,21.715428543435277,4.238011912034514,4.726330622909596,21.715428543435277,8.11701408773731,13.730201321514777,14.015964775451303,13.59871416033734,4.68702432894472,21.9640094145222,23.431282347947786,95.22292993630572,87.10191082802548,,0.556791226147667,47.45906536964205,0.5802896701473064,18.42145637735386,0.119252655,0.43703106320893037,-0.5396328395633592,-0.7611832943128716,1.553397398691291,1.076647295331162,0.22090743420275033,-0.24195965243817705,0.5384714118331653,-0.6151747983158631,-0.4709457328275546,0.9596932934681761,0.0,0.09306131825721282,0.6744907594765952,1.011736139214893,0.9909890344612758,1.011736139214893,-0.6440224473729895,0.10530024515035424,0.09635582278237075,1.011736139214893,1.1749227930644555,0.3,0.3,0.45813754887722524,0.44000000000000006,0.44000000000000006,0.6348776916486085,0.9183333333333332,0.9183333333333332,1.0,0.15,0.35,0.5,64.51790744089098,-1.218999872867274,0.3725301606611389,3.0,0.6744907594765952,-1.9610848631298017,2.1342351221397284,0.7458816000987614,3.0,,1.4389225922861115,3.0,0.785509171892745,0.1379273790898594,1.7825827214738592,0.3271722375308052,1.5094760372212934,1.559730648071528,61.403732623412694,0.8780222831626593,75.03917379152892,-0.29259814230473224,0.14504746788462294,0.2195004251353592,-0.08353068433332833,0.4781850222016021,0.03850780733737066,0.3792171417590689,-0.07377533721005465,0.06798487040101543,0.2726237721231496,48.77216837446115,57.06436052627487,44.7501452011427,51.63734013304216,66.43145477201638,54.60652221083133,60.760766749397646,97.14285714285714,65.71428571428571,85.71428571428571,51.42857142857142,77.14285714285715,67.40218380345769,80.19108280254778,73.5796178343949,68.93312101910828,80.77473027427533,74.73684210526316,70.85987261146498,False
HBAN,Huntington Bancshares Incorpora,32166119424.0,7692000256.0,1280000000.0,2087000064.0,7692000256.0,19285999616.0,14387999744.0,,0.01038,0.10095,132.9965,2.053,1.46,745699968.0,2481999872.0,11.359713,8.260312,1.145448,4.1817627,5.163,8.992,3.93,0.44599998,0.103,-0.109,-0.021,0.28744,0.0,0.39784,USD,Financial Services,Banks - Regional,US,15.79,0.974,20424.0,19.46,11.92,16.7876,16.8181,34918613.0,26363780.0,23345352.98804781,28137373.33333333,31072395.55555556,29.46678838721927,29.00973018404643,-4.372627944306185,-8.749165312170494,-5.5683160171663975,7.806865123491713,15.789999961853027,-21.262002716052887,0.4514923835341823,0.5510744388538233,0.062965450005944,0.063249176623806,8.80058638617396,4.226538322902132e-05,1562000000.0,44.87050501056122,48.53970499777532,34.73192806906668,0.0,54.500092761957696,60.246107499631705,30.658541705228185,66.42318374591459,57.4823966342984,0.0,20.0,50.92208910984533,70.0,70.0,10.0,70.0,30.0,90.0,70.0,20.0,48.90625,real_sec,376615.75871523697,27.1320852124527,29.06052331447731,0.7862215293274158,100.0,1.101643502674173,0.1286943856382165,13.686443109622145,-18.85919835560124,2.8207834710894493,17.25183041246457,23.389660345056686,3.0184717605234805,22.76344669808428,2.558776498354456,2.878501585325677,22.76344669808428,9.924514919728203,16.96590854960688,17.152609298023965,12.838983394255552,2.880214794584869,23.68264526117564,24.194179543784223,13.694267515923569,87.10191082802548,,0.322672879536628,16.64066507280158,0.427273267727472,19.72528533775215,0.0559263020189999,-0.2847743116882199,-0.0768196283146153,-0.7611832943128716,-0.6437502733315259,0.23082289809812365,0.6627223026082515,-1.0487686443626654,0.84608728976116,0.3847178165831164,-0.4709457328275546,-0.19440889391312738,-1.011736139214893,0.09306131825721282,0.6744907594765952,0.3372453797382976,-1.5409971654161694,0.3372453797382976,-0.6440224473729895,0.10530024515035424,0.4817791139118537,-1.3489815189531904,-1.1972722956250925,0.3,0.3,0.0232353063116994,0.44000000000000006,0.44000000000000006,-0.31413012519533595,0.9183333333333332,0.9183333333333332,1.0,0.15,0.35,0.5,43.89146827695279,-1.4205788788165887,-0.22404842926831905,1.5485176723354914,0.6744907594765952,-1.9610848631298017,-0.20279021140873318,0.28854512223440953,2.046443333486811,,0.3392429649108662,3.0,2.7464097972295645,0.7627899765498863,2.853202974611312,-0.16266362697178982,0.018310688730681035,0.9033880746224411,57.01659529994376,1.703475825677528,60.77270816713431,3.0,0.8213459089519338,0.41975154037869006,-0.21780430774765047,0.03178257530212475,-0.19194137838790018,-0.06566912947117996,1.9106729544759669,0.10097361631551979,-0.08694251760587665,64.67255831230452,61.48074294744143,45.806405309621525,60.396915738254975,31.502239253405868,47.250006749521496,46.92302194016785,62.857142857142854,77.14285714285715,17.142857142857142,71.42857142857143,68.57142857142857,41.878980891719756,39.906050955414024,46.57961783439491,53.966560509554135,38.86162745352919,44.23734495474354,49.84253361641897,False
ZION,Zions Bancorporation N.A.,8596777984.0,3312999936.0,1280000000.0,884000000.0,3312999936.0,5093000192.0,4728999936.0,,0.01011,0.13515,132.9965,2.053,1.46,745699968.0,1073000000.0,10.22557575,8.901391,1.2064922,2.5948622,2.725,8.992,3.1,0.2928,0.136,0.314,0.218,0.27136,0.0,0.38757,USD,Financial Services,Banks - Regional,US,58.13,0.796,9195.0,66.18,39.42,58.6498,56.02905,1904844.0,1943840.0,1634538.4462151397,1789503.3333333333,1744986.6666666667,35.35872623043736,35.93503336624254,1.1308307777582405,-1.183450025387578,4.726863598183506,19.10066457041461,58.130001068115234,-20.65933944976489,0.7191889890396714,0.7877023103128917,0.1005186703609168,-0.151438166807158,10.174812235749942,0.0001916602846863,662000000.0,43.7306172351304,66.42086829032246,34.73192806906668,0.0,53.009995820912096,53.415369166543904,26.188250882091403,63.44256963594823,48.5392930873282,0.0,60.0,43.54537623108267,70.0,80.0,90.0,60.0,30.0,90.0,75.0,80.0,48.90625,real_sec,360304.5063621533,26.68276538113401,29.06052331447731,0.3386312779061289,100.0,1.101643502674173,0.2106813193695634,13.686443109622145,-12.16379570867332,4.079738409832738,14.372258045780889,22.276979587286096,4.207375584184147,21.92111994124817,3.699324711975475,4.088490795646435,21.92111994124817,9.126523885883072,14.306871638360938,14.397449230718305,12.794707579334236,4.043560787130352,22.35113292274403,22.87465331709896,84.39490445859873,87.10191082802548,,0.3238756476691945,38.63567837992255,0.4814701562178599,18.369552918805457,0.09557808,-0.350392982133414,0.8488067941828731,-0.7611832943128716,-0.6437502733315259,0.1539297710769381,0.22090743420275033,-1.2908113419400116,0.6922793507971626,-0.07677108260102805,-0.4709457328275546,-0.23834321724499952,0.3372453797382976,-0.30341956780289814,0.6744907594765952,0.6744907594765952,0.9909890344612758,0.0,-0.6440224473729895,0.10530024515035424,0.6744907594765952,0.6744907594765952,-0.4065405993952431,0.3,0.3,-0.148409477782157,0.44000000000000006,0.44000000000000006,0.5037232504370589,0.9183333333333332,0.9183333333333332,1.0,0.15,0.35,0.5,53.70477175045951,-1.4288755757077953,0.1247205925365947,1.5063565820574831,0.6744907594765952,-1.9610848631298017,1.4651387795631674,0.4505291559812922,1.9600284120818132,,0.3448924991356958,3.0,0.05414285523724272,0.26908730864025493,1.9645881645072263,-0.0859777637989647,1.0085644489513237,0.8702344896166493,46.665386675437,1.032062693780392,57.63298268286798,0.24373040398313564,0.11812505001505576,-0.11096087398229303,0.06011086629594654,0.7966886787706443,0.2291463435211208,0.3721951222389063,0.1809277269990957,-0.025425003843173245,0.4423236777113135,50.78287970013408,52.60079342854884,41.71437492293467,71.1529991409907,56.351408315139444,59.537399198627014,43.95779090961861,54.285714285714285,57.14285714285714,62.857142857142854,94.28571428571428,42.857142857142854,62.82984531392175,58.273885350318466,54.09554140127388,54.296178343949045,58.21526062654362,53.72443848474689,53.53503184713376,False
CFR,"Cullen/Frost Bankers, Inc.",8757872640.0,2191042048.0,1280000000.0,635473024.0,2191042048.0,5173317120.0,9011485696.0,,0.01229,0.15311,132.9965,2.053,1.46,745699968.0,273979008.0,13.968751,13.039355,1.9807034,3.9971266,2.312,8.992,2.89,0.3982,0.095,0.085,0.074,0.296,0.0,0.34518,USD,Financial Services,Banks - Regional,US,138.57,0.606,6008.0,148.97,100.31,138.6072,130.92245,565655.0,497670.0,457803.5856573705,583723.3333333334,524932.2222222222,27.722632409029043,18.993265667376004,0.7562048674128574,8.869855293135798,11.80024848537673,14.505252761547885,138.57000732421875,-15.197183531022583,0.662888624351723,0.8237075495754151,0.0740468902570719,0.2725110746231165,8.676159079605767,0.0002338096505816,,38.031178357976216,51.5198988798665,34.73192806906668,0.0,45.55951111568413,43.169261666912185,27.678347823136995,58.9716484709987,54.50136211864167,0.0,70.0,49.07791089015467,70.0,80.0,80.0,80.0,55.0,88.94800000000001,57.5,80.0,48.90625,real_yahoo,364687.4247669774,29.00323271203602,29.06052331447731,0.2239527265298148,100.0,1.101643502674173,0.0529600257716271,13.686443109622145,-6.981271396925559,4.938566267520553,13.171026337716498,22.92176578920173,5.010435274093589,21.507643089068875,4.618185123065586,4.938832764929511,21.507643089068875,8.701013624333928,13.03419770317689,13.277184118404737,12.806798637238998,4.882214249940623,22.366779929201144,22.89321886320116,84.39490445859873,87.10191082802548,,0.1250450707918134,58.41969126828917,0.6352915731641567,17.965571147710488,0.0921415979999999,-0.6784863343593911,0.07745144210163253,-0.7611832943128716,-0.6437502733315259,-0.23053586402898799,-0.4418148684055025,-1.210130442747563,0.46156744235116665,0.23088818352173537,-0.4709457328275546,-0.22653783589435472,0.6744907594765952,-0.006058903257814724,0.6744907594765952,0.6744907594765952,0.6744907594765952,0.6744907594765952,0.8628557081793109,0.04542140304323413,0.0,0.6744907594765952,-1.5926381437400172,0.3,0.3,-0.277614666809778,0.44000000000000006,0.44000000000000006,0.5596313839538116,0.9183333333333332,0.9183333333333332,1.0,0.15,0.35,0.5,49.60734995633532,-1.3618874304380535,0.3078753186072454,1.724093316129962,0.6744907594765952,-1.9610848631298017,2.9654028709508764,0.9102716668090374,1.603345985756802,,-0.5890365920968916,3.0,0.0725442950052783,0.6087496323407877,1.7397579113483612,0.020105300850629258,2.040593829087049,0.494079246278498,68.98236684191242,1.1177033578941957,66.59291706120638,-0.6373343293948255,-0.09142102566628084,0.5768552395076517,0.3567618947694492,0.7446207593381272,0.788686753616693,0.67303323253962,-0.36437767753055317,0.46680856713855046,0.7407708990100014,49.85206228708279,43.88659413540681,50.9041970063699,50.35674209934335,40.22564439869831,57.85868951227473,41.98097022258578,77.14285714285715,37.142857142857146,31.428571428571427,48.57142857142857,91.42857142857143,51.182893539581436,52.92515923566879,54.582802547770704,56.794585987261144,52.8353698167165,54.43848474689909,56.735668789808926,False
IBKR,"Interactive Brokers Group, Inc.",115170893824.0,6208999936.0,1280000000.0,984000000.0,5745999872.0,25453000704.0,105503997952.0,,0.02466,0.23507999,124.331,1.106,1.106,745699968.0,15811000320.0,30.513512,24.58124,5.6262455,12.902124324999992,0.559,8.992,0.47,0.1363,0.152,0.303,0.309,0.15847999,0.92543,0.660158,USD,Financial Services,Capital Markets,US,67.74,1.256,3182.0,79.18,32.82,71.1796,66.36946,5066478.0,5479920.0,5332993.824701196,4715950.0,4612240.0,39.40766442584015,39.12017877778622,-0.4555549949828763,0.8668089896116005,-4.304015347887235,56.24353517830853,67.73999786376953,-18.69624250484873,1.2734269238901657,1.8198184180275887,0.2046550494954567,0.1159451187115962,6.289168076073807,7.588876751423746e-05,2580000000.0,76.78736272262466,24.698153941045803,65.32926660801121,1.0,73.87135299555041,54.55382555539187,63.44067440823127,32.14612148130158,35.1246377668729,0.0,0.0,45.38955445077333,70.0,10.0,0.0,70.0,30.0,40.0,42.5,0.0,48.90625,real_sec,1951288.477686989,15.847962798239587,29.06052331447731,0.6346397897566252,92.54308151437546,1.101643502674173,0.6211841387139577,13.686443109622145,-14.448092952765869,4.230331271421687,15.344224413992832,25.382014684433624,4.384274107214361,22.549265679182607,3.5210523434704344,4.279157457497985,22.471769775401174,8.065579427282092,15.48942351915309,15.366461150424268,14.484000982605572,4.210191799503306,23.960099478886494,25.469682895515756,2.388535031847134,87.10191082802548,,2.546464886934088,20.61523616031166,0.8056384846535742,19.705100181798908,0.2030385873629999,1.552548460777252,-1.3109881916445993,0.761499690425413,1.553397398691291,1.2304335493735319,0.29454324560366696,0.7262111378712088,-0.9227040083248067,-0.7690044313772445,-0.4709457328275546,3.0,-1.6862268986914881,-0.2042993462878706,0.6744907594765952,-1.6862268986914881,-1.8574954404008501,0.3372453797382976,-0.6440224473729895,-2.74065232648085,-0.5781349366942244,-2.023472278429786,1.6691301032081114,0.3,0.3,1.1653086276000262,0.44000000000000006,0.44000000000000006,-1.2280779261867323,0.9183333333333332,0.9183333333333332,1.0,0.15,0.35,0.5,51.715733779184305,-0.9817757987927754,1.1437990972522327,0.4896930430786984,0.6744907594765952,1.9785388653631646,0.09861003104488321,1.4194056895910443,3.0,,3.0,3.0,3.0,-0.23525001260389483,-0.851143101244275,0.47119647166223955,0.6929680773906557,1.9500000000000002,34.88357592503099,-0.5124019024920659,69.35435538177546,3.0,0.8108758320334793,-0.47566631087925826,-0.658096886850428,0.5762025769742585,0.3432583428792866,-0.011897161698506317,1.9054379160167396,-0.5668815988648431,0.30659496173444023,61.70392238289688,70.70286348488348,59.30393721887098,28.664568723916467,68.36874418043914,38.92879334894016,64.7144081234633,82.85714285714286,94.28571428571428,88.57142857142857,11.428571428571429,17.142857142857142,73.2484076433121,65.43949044585987,71.97452229299364,74.6847133757962,65.01364877161056,71.22024807241033,73.39348903043171,False
SEIC,SEI Investments Company,9429058560.0,2297381120.0,667630976.0,715305024.0,1800557056.0,28562000.0,433580992.0,,0.13076,0.28957,1.1622750000000002,3.288,3.116,314429760.0,607662016.0,13.678508,12.065031,3.8455012,4.104264,4.033,13.878,1.31,0.17940001,0.091,0.169,0.107,0.31136,0.78374,0.26352,USD,Financial Services,Asset Management,US,77.01,0.938,4997.0,93.96,64.66,81.2098,84.50585,777190.0,813940.0,715196.812749004,824526.6666666666,716643.3333333334,22.89263607879504,21.529049447004745,-6.142596865411532,-7.2280446278668915,-8.690939992061232,0.4391864527939937,77.01000213623047,-18.777282355557112,0.1600854474111533,0.2395951023995796,0.0315230051293361,0.5516920434342989,7.146690189220104,0.0002075149042898,2297381000.0,44.87050501056122,50.02980193882091,59.2097989002223,0.0,36.61892946941056,35.20006694497641,35.12883252836497,48.539499086116486,64.93498292344023,1.0,50.0,42.62328712123734,70.0,60.0,60.0,80.0,80.0,90.0,37.5,60.0,48.90625,real_sec,459752.0752451471,31.135670863352445,29.06052331447731,0.2348219497529787,78.37432981080649,0.0427811186519901,12.125590063430916,13.686443109622145,-18.03959131545337,4.356837023600222,13.482334948159467,19.88758917179681,4.553455750301413,21.555035668091534,4.184489912073446,4.409274516367018,21.311361930081787,8.516793111394898,13.480314444599914,13.622565976109128,13.038444831395031,4.4485847946547326,17.16758775600657,22.96706209414351,55.891719745222936,87.10191082802548,,0.264502050056022,29.06052331447731,0.9381966177256238,17.824248348091825,0.2376211391043,-0.2847743116882199,0.0003159068935086217,0.456963093477756,-0.6437502733315259,-0.6918946261561,-0.9572655482119207,-0.806725946785319,-0.07676034402282306,0.7692918992365702,2.1233869006435357,0.0295185968754886,0.0,-0.3529796785604119,0.6744907594765952,0.0,0.041494209507233884,0.6744907594765952,2.369733863731611,0.10530024515035424,-0.770846582258966,0.0,-0.2088576753377809,0.3,0.3,-0.09106683948322725,0.44000000000000006,0.44000000000000006,0.14396009440367852,0.9183333333333332,0.9183333333333332,1.0,0.15,0.35,0.5,50.972367291197386,2.2785187943813554,1.6994841114580796,1.9241866820204903,0.6744907594765952,1.3753540906204307,0.7390342528822497,1.8155963510673918,0.9162337674576655,,0.06600817996844816,0.11557560388911657,0.14921218447290624,-0.09635580436749826,0.04817791139118554,1.6517716238213191,1.2234871970655636,0.38299555197517826,81.98786049745966,-0.03131563227609055,61.696857565341915,-0.44461453957463615,-0.1647254175553623,1.011913972641387,-0.16159674445793418,-0.21421909366200959,-0.10727982036957588,-0.19847743988673666,-0.3046699785649992,0.42515861409172645,-0.1667208882124542,47.829057992165964,39.95661907730742,50.56197842159324,37.88440624137122,55.42200714251862,61.71140384053129,37.03891850500371,65.71428571428571,28.57142857142857,60.0,22.857142857142858,97.14285714285714,64.35395814376706,54.5079617834395,55.703821656050955,55.711783439490446,54.677953984141425,56.20516258799865,56.77105449398444,False
ALLY,Ally Financial Inc.,12314213376.0,7374000128.0,1280000000.0,742000000.0,7374000128.0,21888999424.0,10030000128.0,,0.00439,0.05796,132.9965,2.053,1.46,745699968.0,3728999936.0,16.810127,6.289477,0.9329337,1.6699502,3.593,8.992,3.01,0.50630003,0.12,2.654,2.028,0.11554,0.0,0.20402001,USD,Financial Services,Credit Services,US,39.84,1.122,10300.0,47.27,29.52,40.1796,40.6617,3927214.0,3311030.0,3515359.561752988,3843166.6666666665,3557055.5555555555,33.714311553905034,37.19518349599928,-0.1503793759308536,-12.314886420852432,4.077613922089696,11.115725055045475,39.84000015258789,-23.04084215462501,0.5081452734035744,0.6812213848199061,0.0394701203859514,-1.142259538072805,11.736424102636992,0.0001161613982771,7914000000.0,28.91207615452953,72.38125605450482,34.73192806906668,0.0,33.638735587319374,42.03080527806422,44.06941417463854,61.952262580965055,58.97291389212676,0.0,80.0,40.77910890154668,70.0,0.0,80.0,80.0,80.0,90.0,62.5,60.0,51.25,real_sec,715922.3425242718,10.062381165177,29.06052331447731,0.7537178191556108,100.0,1.101643502674173,0.1703595428812233,13.686443109622145,-15.718214512375717,3.7096619932964647,15.084443950594904,23.02884645178167,3.8768102496724017,22.72122615425226,3.4183822064162563,3.717942988099335,22.72122615425226,9.239996256883693,15.072652655989746,15.161807497704462,13.481328376697489,3.729582241529307,23.809250038208525,23.23401999128595,55.891719745222936,99.68152866242038,,0.5056956700937014,17.358285567960326,0.314232910453847,18.75752381138047,0.0286148502612,-1.2034356979209537,1.157348935015368,-0.7611832943128716,-0.6437502733315259,-0.8456808801984704,-0.5154506798064191,-0.32264055163062577,0.615375381315164,0.46163263311380703,-0.4709457328275546,0.7195126639788305,1.011736139214893,-0.4520999000754395,0.6744907594765952,-2.023472278429786,0.6744907594765952,0.6744907594765952,2.369733863731611,0.10530024515035424,0.1927116455647415,0.0,-1.493796681711286,0.3,0.3,0.055732727354874084,0.44000000000000006,0.44000000000000006,-0.13817929588757882,0.9183333333333332,0.9183333333333332,1.0,0.15,0.35,0.5,45.043360329214025,-1.6046426357733565,-0.6624572084318643,-0.053186243656653004,0.6744907594765952,-1.9610848631298017,-0.14837151151172645,-0.04931067645444044,0.41558265163992825,,1.1989211449185244,3.0,0.4787762053184008,0.9571130799868722,1.8682323417248552,-0.6386225442002971,-0.10379413573594776,0.4659633468856024,41.9152673708455,1.3671167477689645,42.6724827507364,1.6519704504346537,0.319366254036035,0.037158693198416505,-0.44887984571648426,0.6186178480667458,-0.3903999935621759,0.3445818863151763,0.9856683522353444,-0.20586057625903387,0.13279992288970624,55.68421807283704,68.74984057512421,33.442149627399544,65.72239510331227,57.78187736336993,50.923528177019065,38.02732884852013,20.0,91.42857142857143,65.71428571428571,82.85714285714286,31.428571428571427,57.802547770700635,36.573248407643305,39.095541401273884,43.503184713375795,35.81827635512804,37.28126047603084,40.16277423920736,False
LPLA,LPL Financial Holdings Inc.,23517149184.0,16586073088.0,1280000000.0,863024000.0,5118048256.0,7571097088.0,2865550080.0,,0.05426,0.20858,141.662,2.378,2.307,745699968.0,-411404000.0,26.892859,10.138005,4.3991556,1.4178853,1.702,8.992,0.41,0.1099,0.418,0.046,0.111,0.05203,0.30858,0.10067,USD,Financial Services,Capital Markets,US,293.67,0.566,10099.0,403.58,262.83,325.3068,351.077,1005565.0,940720.0,816709.561752988,1042840.0,886748.8888888889,36.70036583735613,38.167745891873295,-7.247277678044317,-18.71472692506424,-5.977730655264246,-12.924792301242691,293.6700134277344,-28.624220197894434,-0.1332152401196029,-0.1645831153629141,0.0500932951672034,-0.0720673925421614,5.358496788211724,6.362215250260268e-05,11102600000.0,32.90168336853745,73.87135299555041,50.03059733853894,0.0,27.678347823136992,36.338523333824384,61.95057746718568,30.6558144263184,53.0108448608133,0.0,90.0,60.14298020829866,70.0,80.0,70.0,80.0,30.0,87.5,52.5,90.0,48.90625,real_sec,1642348.0629765324,5.203305179116789,29.06052331447731,1.6953103633364794,30.857504539172087,1.101643502674173,-0.0543387563543551,13.686443109622145,-27.233757867089537,5.685856086122746,13.695318247334354,21.776026169032445,6.002849491974546,23.531829209633987,5.5753049563343575,5.787838043100182,22.356039003518024,9.22029070282935,13.613040041493662,13.857459277491444,14.311638130431284,5.863849901675804,22.747603819786704,23.880995744509796,95.22292993630572,87.10191082802548,,-0.0248041834747279,7.717317976405627,0.2745661546158345,19.29549550917977,0.1856570579999999,-0.9737703513627706,1.2344844702234918,0.00015819805627034566,-0.6437502733315259,-1.1532533882832119,-0.8836297368110037,0.6455302386787605,-0.9996079778068054,0.15397336699104433,-0.4709457328275546,3.0,1.3489815189531904,0.5886624258323517,0.6744907594765952,0.6744907594765952,0.35799248449191456,0.6744907594765952,-0.6440224473729895,-0.03699738343120598,-0.1927116455647415,1.011736139214893,-0.6042235234527056,0.3,0.3,0.6788019962036894,0.44000000000000006,0.44000000000000006,0.5513923133544979,0.9183333333333332,0.9183333333333332,1.0,0.15,0.35,0.5,59.66055314234053,-0.07221199146050122,0.8735541969557415,-0.509128597046087,0.6744907594765952,-0.6474370560148824,-0.8794667430735329,-0.1678669496145416,-0.4540359453762111,,-1.2928950230128677,3.0,1.7584595518353767,-0.32032672366361087,-0.9153803164325222,0.16866427825842348,-0.5592468360169869,-0.5048381339037014,45.16143072393804,-0.588100840409621,37.873629140932415,-0.36860820532422983,0.5984131471567853,-0.23180817650598737,0.41921474286913396,-0.3677547407233213,-0.7465982056740608,-0.08308194215126036,0.11490247091627773,0.0937032831815733,-0.43389028713199884,48.72802859635313,60.59368247230813,43.56400081011949,48.01565048918976,59.91042137289425,65.9542761842037,49.88825297071709,14.285714285714285,74.28571428571429,71.42857142857143,42.857142857142854,40.0,51.819836214740675,64.68471337579619,51.44904458598727,44.12420382165605,64.95840374366307,51.45826349312773,43.32979476291578,False
HLNE,Hamilton Lane Incorporated,5256154112.0,763398976.0,336420992.0,233506000.0,459825984.0,370616000.0,338504000.0,,0.10857,0.31697,27.949,3.644,3.514,227907632.0,361224992.0,16.789661,14.697347,4.718229,6.8851995,6.051,13.731,2.29,0.3761,0.18,0.041,0.102,0.30587998,0.60234,0.43308997,USD,Financial Services,Asset Management,US,94.19,1.338,760.0,179.19,90.47,115.181,133.2392,704244.0,662750.0,492091.235059761,879563.3333333334,648752.2222222222,38.88093846187007,45.88829538721818,-13.928101353085353,-30.70664930750833,-24.86741600822987,-38.38485782374887,94.19000244140624,-45.67924467899016,-0.8242344350999515,-1.1645154138140126,-0.0006058899216622,0.0959909940761664,4.70712444797509,0.0003127496585498,,63.39368136131233,32.14863864627378,57.67993197327508,0.0,61.95057746718567,40.89234888921625,55.99018970300329,67.91349080089775,67.91601743909696,0.0,0.0,24.18150492433069,70.0,0.0,0.0,60.0,80.0,98.403,37.5,0.0,48.90625,real_yahoo,1004472.3368421051,30.587675297065108,44.068829350905496,0.0780292109233262,60.23403206660838,1.101643502674173,0.9746610831696418,29.85432770609323,-47.435682794798815,4.555874894263214,13.382807680266428,19.640046470039955,5.194011849738723,20.45329135821687,4.516011049668273,4.755149319860792,19.946358682398127,6.634633357861686,13.106421447537867,13.687181988106348,13.81997391917364,4.899623283225572,19.730677046814403,22.38266543904589,2.388535031847134,87.10191082802548,,0.4731798225519233,44.068829350905496,0.4773578519855596,17.65173345580611,0.197757583,0.781529083046206,-0.925310515603979,0.380828944240842,-0.6437502733315259,0.6152885332040501,-0.5890864912073362,0.3228066419089644,0.922991259243158,0.9231215322979515,-0.4709457328275546,1.4967214566177898,-1.6862268986914881,-1.3441818937106893,0.6744907594765952,-2.023472278429786,-1.8574954404008501,0.0,2.369733863731611,0.5835910343386949,-0.770846582258966,-2.023472278429786,0.18650817277714374,0.3,0.3,0.6956089010417054,0.44000000000000006,0.44000000000000006,-1.1779281624000344,0.9183333333333332,0.9183333333333332,1.0,0.15,0.35,0.5,44.12236392847666,1.5966532239521949,1.9789072458865777,1.8727665377673832,1.8117781144551628,0.6031209186370022,1.8771462600903872,0.43823827275723914,2.34304736338735,,1.0461906322264154,-0.08249903134805955,-0.327448257060547,0.5375301128551921,1.0973857594658893,1.6911111397679026,1.2296376657904706,1.1987666034115438,63.80516977628288,0.7894651538300059,72.41621631060515,-0.6116619033526881,-0.25420920435365796,-0.42822181715179275,-0.7861252254547818,-1.2962986007414017,-1.4140369191232405,-0.8864790902479482,-0.43293555385317306,-0.6071735213032873,-1.220448074946101,38.0610414884061,51.67901582573442,32.53979826009828,30.341920295165714,52.330505807573495,40.11512457469262,55.81871503181557,91.42857142857143,54.285714285714285,54.285714285714285,14.285714285714285,82.85714285714286,62.51137397634212,40.64012738853503,47.48726114649681,48.40127388535032,41.28753412192903,49.517264498826684,52.78839348903044,False
STEP,StepStone Group Inc.,5881093120.0,1782752000.0,-914549616.0,-546524992.0,18484912.175540503,376743008.0,377452000.0,,-0.0950006,-0.65119004,72.527,0.666,0.662,2396484352.0,23158000.0,14.6751425,18.626286,-0.9948549107227488,3.2988846,2.619,-4.847,3.15,1.6721001,0.73,0.177,0.14,0.0,0.0,0.0,USD,Financial Services,Asset Management,US,47.05,1.308,1275.0,77.795,40.07,53.5754,60.3003,1288968.0,1077610.0,719957.96812749,1567570.0,1088624.4444444445,43.62288415049431,60.5477673953465,-1.196975446470594,-28.94145313262825,-26.481072111628777,-13.13481284074014,47.04999923706055,-43.09865476267147,0.0050582023407395,0.0065300399550089,0.1059385978625043,-0.1486506251980417,4.54925339278264,0.0006321432976714,,22.174429497363672,58.97038358509448,24.635292883159526,0.0,26.1882508820914,16.881743799574647,58.97038358509448,74.3218111373254,70.89705195475369,0.0,0.0,26.94777225386669,70.0,30.0,60.0,40.0,55.0,100.0,40.0,20.0,48.90625,real_yahoo,1398236.862745098,-30.65625459963024,-28.041650293848154,0.182220223245337,1.961718021168944,-0.3911340110559996,0.0614689576402171,43.43565867011251,-39.52053473873642,3.872242135416301,13.900426398257164,19.748953968900278,4.366849543074035,21.30142407529528,3.7152779279684673,3.9995832317724096,16.732465453319413,7.151485463904735,13.4869495006565,14.265037845519243,14.150723332327976,4.115784736894301,19.74707383922705,22.495008486510734,13.694267515923569,87.10191082802548,,0.0129900288991402,-39.08480973256265,0.5004700322810941,17.338159007240026,-0.0,-1.5912944197198036,0.4631291181422528,-1.2636444669120042,-0.6437502733315259,-1.2301465153043971,-2.1421019648978734,0.48416844029386225,1.2536783280157517,1.0769511653593329,-0.4709457328275546,2.557325365083032,-1.6862268986914881,-1.1955015614381475,0.6744907594765952,-1.011736139214893,0.041494209507233884,-0.6744907594765952,0.8628557081793109,0.6744907594765952,-0.6744907594765952,-1.3489815189531904,-1.6914796057687485,0.3,0.3,0.5875020223153699,0.44000000000000006,0.44000000000000006,-0.5319255959390632,0.9183333333333332,0.9183333333333332,1.0,0.15,0.35,0.5,44.19511881075307,-3.0,-3.0,-3.0,-3.0,-1.9610848631298017,-3.0,0.507316116471826,-1.3011041184863514,,-1.1153714500769718,-0.0013583607090732514,-0.2560630367189864,3.0,2.0181191771640985,-2.896108486312981,-1.4217077475876785,-0.7992845099137835,24.866622484284115,2.5581536297238445,22.588373291557655,-0.4410496871726869,-0.4168608382451162,-0.8553494468288714,-0.7392855893800182,0.47315519218954866,-1.315790764222157,-0.955109492885966,-0.42895526270890155,-0.7973175181044447,-0.670902595897788,38.360214323594775,49.40643660465166,34.004207051950374,64.06767653764189,51.47226752264932,47.63105705579299,36.05050816148729,5.714285714285714,48.57142857142857,51.42857142857142,80.0,5.714285714285714,35.46405823475887,27.171974522292995,23.442675159235673,22.474522292993633,27.525022747952686,24.156889037881328,23.874734607218688,False
CBSH,"Commerce Bancshares, Inc.",7350174208.0,1711661056.0,1280000000.0,560865024.0,1711661056.0,3052690944.0,4489133056.0,,0.01758,0.1597,132.9965,2.053,1.46,745699968.0,645136000.0,12.346535,11.430536,1.8117758,4.294176,3.455,8.992,2.2,0.2626,0.065,0.05,0.033,0.33082,0.0,0.42567003,USD,Financial Services,Banks - Regional,US,49.88,0.594,4577.0,63.190475,46.99,51.318,54.50059,1345518.0,1289290.0,808893.876494024,1338900.0,1268602.5,23.465873147231093,23.1150319531074,-2.6446683171335583,-4.005112290751301,-10.118463663664324,-14.295262295014275,49.880001068115234,-23.44237585817564,-0.5054196397982634,-0.597266543084597,0.0283264942372243,0.0519338127578569,7.645809948299792,0.0002680876383887,,49.43005611228458,45.55951111568413,34.73192806906668,0.0,60.46048052614008,52.27691277769594,29.168444764182592,50.02980614109966,39.596189540358,0.0,60.0,48.15582178030934,70.0,50.0,30.0,80.0,30.0,69.241,40.0,50.0,48.90625,real_yahoo,373970.0799650426,32.76729478853084,29.06052331447731,0.1749538128380555,100.0,1.101643502674173,0.2113335453325208,13.686443109622145,-21.064052770611383,3.9294699190318663,14.053427247125,22.22492543698414,4.161854835202835,21.26073011434089,3.8709926558701535,3.9573404801186056,21.26073011434089,8.429017500512511,13.603424245068348,14.10735968616696,12.83193374711016,4.016393651326514,21.83928931563729,22.717989851795032,40.92356687898089,87.10191082802548,,0.3769063961223874,74.78116041216983,0.5952317444692424,17.51304315440944,0.11776278,-0.022299629907437373,-0.2310906987308631,-0.7611832943128716,-0.6437502733315259,0.5383954061828653,0.1472716228018337,-1.129449543555114,0.00014362545917562326,-0.5382599817851724,-0.4709457328275546,-0.2015350239690656,0.3372453797382976,-0.055619014015328504,0.6744907594765952,-0.3372453797382976,-0.9080006154468081,0.6744907594765952,-0.6440224473729895,-1.0762823435394893,-0.6744907594765952,-0.3372453797382976,-0.9995893715676304,0.3,0.3,-0.1621870406666366,0.44000000000000006,0.44000000000000006,-0.2860552919375747,0.9183333333333332,0.9183333333333332,1.0,0.15,0.35,0.5,43.44625399855192,-1.199333628384414,0.3750796418146836,2.077287076915843,0.6744907594765952,-1.9610848631298017,3.0,0.7905405747858817,2.280613718603533,,0.5939837580763047,3.0,-0.08825357719729886,0.17176470735224644,1.0010299366835187,0.1481835843230749,2.0057432586536468,1.0607414269604893,62.485867034417176,0.544934060551319,68.03499792020475,-0.374460096756758,-0.3261481146514239,0.9602800218621732,0.37549774919935464,0.2719455222998867,0.07210007753297937,-0.25919144465581995,-0.350304105704091,0.6678888855307639,0.03266625430641179,49.369932429531005,45.31454179303151,35.98031850837317,49.40005447448663,42.095537790151376,45.52844254054267,45.934611596651436,80.0,40.0,34.285714285714285,45.714285714285715,80.0,44.24476797088262,36.8296178343949,43.89808917197452,48.79777070063694,36.47634212920837,43.359034528997654,48.204175513092714,False
PNFP,"Pinnacle Financial Partners, In",13144473600.0,1947606016.0,1280000000.0,626673024.0,1947606016.0,2946592000.0,3740374016.0,,0.01164,0.09526,132.9965,2.053,1.46,745699968.0,759008000.0,11.156888,7.3696494,0.9860441,6.7490416,3.16,8.992,1.39,0.119899996,0.14,0.127,0.122,0.32957,0.0,0.4352,USD,Financial Services,Banks - Regional,US,87.47,0.999,3709.0,120.46,81.08,91.763,95.4128,1642785.0,1575720.0,834294.0239043825,1550923.3333333333,1538881.111111111,35.30148260017588,31.74545252036719,-3.465400472902891,-7.5641606039802305,-4.450236668612684,-17.092774217631334,87.47000122070312,-30.645512957468625,-0.2732708660937802,-0.304546007907002,0.0431668866819825,-0.2254263453925289,9.653189484449433,0.0002705659784185,,51.709831663146254,35.12883252836497,34.73192806906668,0.0,63.44067440823127,49.99999999999999,38.10902641045616,41.087963811200616,33.634120509044536,0.0,50.0,46.31164356061867,70.0,70.0,90.0,80.0,30.0,47.962,67.5,80.0,48.90625,real_yahoo,525102.7274197896,32.17658083060676,29.06052331447731,0.1990704276475254,100.0,1.101643502674173,0.2575884275800654,13.686443109622145,-27.386684376556538,4.482663511495295,14.246566808919573,22.042451447918182,4.799584990469429,21.389866771711464,4.407694381422459,4.530047853390875,21.389866771711464,8.21878715560148,13.634342364476336,14.254361655238975,13.17135109809588,4.568638972884993,21.803915085579664,23.299267248757754,84.39490445859873,87.10191082802548,,0.3897133166382661,65.72171114098674,0.5593529273291286,18.10563705699381,0.08383832638104,0.1089377109829533,-0.7710394451877313,-0.7611832943128716,-0.6437502733315259,0.6921816602252356,-9.19163727223097e-16,-0.6453641484004211,-0.46128019143281573,-0.8459192479079352,-0.4709457328275546,0.20554043875733907,0.0,-0.15473923553035643,0.6744907594765952,0.3372453797382976,0.9909890344612758,0.6744907594765952,-0.6440224473729895,-2.2874628389742973,0.385423291129483,0.6744907594765952,-1.394955219682555,0.3,0.3,-0.03331910236782863,0.44000000000000006,0.44000000000000006,0.30611414056417763,0.9183333333333332,0.9183333333333332,1.0,0.15,0.35,0.5,49.36377622195516,-1.3818609599909581,-0.28207462032299624,2.021858531873832,0.6744907594765952,-1.9610848631298017,3.0,0.6833057189056739,2.3608018012269008,,0.6541392725184256,3.0,0.573614754796614,-0.28810070963746254,0.1338275316421816,-0.0728225231213833,1.9574875735075534,1.1078555386203668,59.7687944367744,-0.09823300106162268,63.99841084653664,-0.3554420708139719,-0.018768585068513026,-0.10580469174968052,-0.2568373378099535,0.1578748865478759,-0.12598714747796563,-0.018116100228539243,-0.18710532794124246,-0.181321014779817,-0.008467223095385262,45.65706475950373,50.76975799242494,30.501398713942777,66.74291422763208,44.759819819131835,52.64745404417832,50.876663314233504,71.42857142857143,51.42857142857142,40.0,85.71428571428571,74.28571428571429,46.42857142857143,50.88853503184714,49.57006369426752,49.920382165605105,51.173144417002476,50.23466309084814,51.362349610757256,False
NOV,NOV Inc.,6850059264.0,8743999488.0,1032000000.0,145000000.0,1863000064.0,2340000000.0,1552000000.0,,0.03736,0.02369,37.014,2.419,1.6,754124992.0,1251000064.0,48.15385,15.049163,1.08105,0.78340113,0.87,7.374,1.68,1.3077,-0.013,-0.096,-0.102,0.01658,0.21305999,0.12077,USD,Energy,Oil & Gas Equipment & Services,US,18.78,0.943,31605.0,20.86,10.84,19.1156,15.38935,4985880.0,5076280.0,4032099.601593625,4883776.666666667,4480886.666666667,39.69487985967488,32.404788248023166,-0.4183366216630069,14.995276332504616,43.29521855618206,27.54482663923914,18.780000686645508,-27.38561790941145,0.7483681276638973,1.005042917548846,0.029072150862666,0.2059186140841888,5.985461772890153,0.0002982092316102,8744000000.0,41.61201417568406,71.05572126406177,36.079440094523946,0.0,46.57232444538529,67.82265577358015,29.084183860616385,50.06995256233908,67.558093147108,0.0,50.0,32.66760005330802,65.0,90.0,70.0,20.0,30.0,55.0,70.0,70.0,48.90625,real_sec,276665.06843853823,1.6582800605031325,11.802379465098156,1.444922227929298,21.30604040584317,2.2674418604651163,0.534615411965812,8.62448577490127,-9.971236816874397,2.984671326194566,15.315331724645008,21.16281025935177,3.0846584827483925,22.891633529380574,2.4714836294558595,3.001495633443096,21.345453963455824,10.36110225496905,15.209798039214146,15.401429590381015,12.53056652883199,2.7966317336410773,21.57341676674337,22.647523141007937,72.92993630573248,51.7515923566879,,0.1430695490909891,11.802379465098156,0.3987667009249743,18.142590278190603,0.0,-0.47235228282812297,1.0887320332008679,-0.694124075084297,-0.6437502733315259,-0.17827189256226314,1.152776454208181,-1.13401182757787,0.0022152919278300917,0.9046516480308492,-0.4709457328275546,-0.46362586443164855,0.0,-0.8880743331719247,0.0,1.011736139214893,0.35799248449191456,-1.3489815189531904,-0.6440224473729895,-1.886866554991489,0.4817791139118537,0.3372453797382976,-0.4065405993952431,0.3,0.3,-0.0893241630983707,0.44000000000000006,0.44000000000000006,0.13357391133154867,0.9183333333333332,0.9183333333333332,1.0,0.55,0.2,0.25,46.420151386239255,-0.5915237598360228,-1.0119400849597706,-0.8417694324728865,-0.6332829974457537,-1.054072779885824,-0.5696877767345051,0.20334449895946805,-0.28490839715416055,,-0.5043736348080239,2.4455866022589894,-0.1453804568072003,3.0,0.44430740505204297,-0.8012837251712589,-0.2218232526722172,-0.2400567675636702,61.20437964757214,1.8499383322734195,41.95671882303182,2.038872751614127,0.0003991176339735077,-0.501537051608069,-0.16940335047039476,0.5813754259681835,1.1296115034162837,2.0125457051654836,1.0196359346240502,-0.3354702010392319,1.2300209407066136,57.964287090947984,39.18539054380824,54.00045243437952,55.61301436341755,46.04024245611958,43.51477891362177,41.32202999357484,26.666666666666668,26.666666666666668,40.0,66.66666666666666,73.33333333333333,29.208371246587806,42.98885350318471,45.9936305732484,48.73089171974522,42.228324450799434,44.19041233657392,45.22823779193206,False
OII,"Oceaneering International, Inc.",3548006912.0,2784155904.0,406807008.0,353760992.0,568441984.0,873139008.0,695873984.0,,0.076079994,0.39373,81.097,1.985,1.603,218078368.0,318860992.0,10.22557575,16.800133,3.3002322,1.2743564,1.335,9.139,2.555,0.0,-0.063,2.196,2.167,0.12706,0.20417,0.09779,USD,Energy,Oil & Gas Equipment & Services,US,35.56,1.19,11100.0,39.0,15.46,33.925,26.2296,1273527.0,1098920.0,877151.593625498,1351840.0,1127435.5555555555,45.92371352069061,50.86773417114404,3.2520406249768152,43.09859487892636,47.18543707731031,57.69402472905077,35.560001373291016,-29.26829113567517,1.2043547745583991,1.670981865405065,0.1080648803733331,0.0991388910048528,3.806587626599992,0.0009917970868888,,37.94227037754584,60.56283691320042,32.58181197757016,0.0,43.07469632843151,58.91132788679008,25.5865557436626,29.084183860616378,43.07469632843151,0.0,40.0,24.96431118811159,65.0,90.0,40.0,70.0,30.0,100.0,30.0,60.0,48.90625,real_yahoo,250824.85621621623,12.706220635552452,14.611502445518225,0.4600742208678167,20.41703135888758,2.1463224350353376,0.3651892643422019,7.832836073823544,-8.820512820512816,3.598954746585949,13.935457078758509,20.36067914587159,3.688879454113936,21.747210578209817,2.800933195248924,3.5532029051430256,20.158409816695062,9.314790473332646,13.684436251230911,14.116977925118912,12.432514177387972,3.3043046168972743,20.58760533251393,21.98965184981349,55.891719745222936,51.7515923566879,,0.1145269887874784,14.611502445518225,0.4435106576861283,17.25565655388348,0.39373,-0.6836044026408092,0.5455631775472854,-0.8681842736159124,-0.6437502733315259,-0.35875918547696434,0.5763882271040908,-1.3233899638208786,-1.0807084655603771,-0.35875940237205933,-0.4709457328275546,-0.5332264207938989,-0.3372453797382976,-1.3021079068037573,0.0,1.011736139214893,-0.5915023404621275,0.3372453797382976,-0.6440224473729895,0.6744907594765952,-1.0599140506060782,0.0,-0.867800755529322,0.3,0.3,-0.4509842984770492,0.44000000000000006,0.44000000000000006,-0.043214691399852095,0.9183333333333332,0.9183333333333332,1.0,0.55,0.2,0.25,38.64815494120599,0.5982838470059642,2.7616999392709403,0.19489351339284325,-0.42041553349232175,-1.0919181226454768,-0.35666596161557074,0.3370755452215291,-0.47826914631548995,,-0.6384411802748776,0.662012629533213,-0.5225656408162107,-0.6744907594765952,1.3811001265473144,0.6856997302847828,-0.044482283538875816,-0.3509179535949154,45.77468819122603,0.2505251392341641,44.38840320005867,-0.3233530297689367,-0.4596550100912582,-1.0625951345095488,-0.5550496874859481,1.091508071595377,2.693767956074482,2.1780005768029658,-0.3915040199300974,-0.8088224109977484,2.058359776949296,45.45951779009783,28.175912534854803,53.747268777052426,48.796905364769685,78.91216820477698,38.74369004716276,36.70944839049824,33.33333333333333,6.666666666666667,100.0,46.666666666666664,46.666666666666664,69.38125568698817,25.937898089171973,40.68152866242037,46.78503184713376,25.739308462238398,40.94535702313107,48.02016985138005,False
HLX,"Helix Energy Solutions Group, I",1415515392.0,1291474048.0,217736992.0,30805000.0,159138000.0,629750016.0,445196000.0,,0.01995,0.01989,39.86,2.753,2.561,169580256.0,136748992.0,45.761906,17.633026,0.89528596,1.0960463,1.239,7.349,2.555,0.0,-0.059,-0.569,-0.589,0.02387,0.12322,0.09076,USD,Energy,Oil & Gas Equipment & Services,US,9.61,1.15,2212.0,10.75,5.52,8.9386,7.1295,2109870.0,1831080.0,1756229.6812749004,2286240.0,1961317.7777777773,47.56798549933115,66.62958736529282,5.0273230308709005,50.15624239807961,49.455675166950485,13.05881949032055,9.609999656677246,-32.94117871452781,0.5013314766351311,0.6936586139488448,0.0049045486042469,0.089335673747396,4.2788107475213,0.0009917970868888,,30.07853366724965,64.0604650301542,29.08418386061638,0.0,32.58181197757016,27.721680283024828,32.58181197757017,32.58181197757016,46.57232444538529,0.0,80.0,24.96431118811159,65.0,80.0,50.0,50.0,55.0,88.92,30.0,80.0,48.90625,real_yahoo,583849.027124774,2.385258925466228,16.859571614094097,0.2134125878335171,12.322198827490492,2.892250922617688,0.2171480564122764,13.130752124877388,-10.604651162790702,2.3617969526258915,14.489127650752437,19.914025194845536,2.463853240590168,20.97905007660878,1.874874375938561,2.296426165678461,18.88528231456796,7.70210434005105,14.378680412017872,14.6424195421021,13.277399425962324,2.0954994210534728,20.260833500191836,21.070759537059715,84.39490445859873,51.7515923566879,,0.1058859775090114,16.859571614094097,0.4141566119353848,16.641484124849573,0.01989,-1.136287516525137,0.7266194627651462,-1.0422444721475277,-0.6437502733315259,-0.9002210642210676,-1.4409705677602263,-0.9446336913348614,-0.9002211726456759,-0.17827210945735814,-0.4709457328275546,0.36377347138538885,1.011736139214893,-1.3021079068037573,0.0,0.6744907594765952,-0.27500406547744677,-0.3372453797382976,0.8628557081793109,0.043827669603120324,-1.0599140506060782,0.6744907594765952,-1.5596909897304403,0.3,0.3,-0.4420510878134436,0.44000000000000006,0.44000000000000006,0.1034595175490833,0.9183333333333332,0.9183333333333332,1.0,0.55,0.2,0.25,31.46684989950169,-1.1265070667838233,-1.05069219849365,-0.7735547234404383,-0.25006315446081123,-1.4365282399115102,-0.1861900592998472,0.24934197102678027,-0.5374217166637992,,-0.6790289607730756,0.13977324018872608,-0.7661548152524293,-0.6744907594765952,1.3811001265473144,-0.8926762158907694,0.009799354347135164,-0.3847259268587886,43.6957436284095,0.2505251392341641,30.07782842096031,0.33484511398802314,-0.7782273603903881,-1.2107018482717922,-0.49259683938626325,1.3382482428633986,3.0,2.2745560658244406,-0.22169112320118248,-0.8516493438290277,2.283841292606352,47.19612894569149,31.528764497483635,42.20065150668395,50.99955821730289,34.04384953673604,31.084963069845386,39.015739192036534,6.666666666666667,13.333333333333334,20.0,53.333333333333336,40.0,19.54049135577798,10.985668789808917,17.286624203821656,21.632165605095544,10.319446249837515,15.900100569896077,19.187898089171977,False
TRGP,"Targa Resources, Inc.",52532068352.0,17028299776.0,4846499840.0,1841400064.0,6520500224.0,17546299392.0,166100000.0,,0.086840004,0.51381,548.63,0.666,0.463,-264400000.0,3917400064.0,28.819576,22.035202,17.099777,3.0849862,4.113,14.452,1.64,0.44169998,-0.079,0.745,0.553,0.11293,0.38292,0.22621,USD,Energy,Oil & Gas Midstream,US,244.39,0.811,3570.0,253.4,144.14,227.217,183.4767,1500654.0,1676410.0,1674578.0876494024,1638676.6666666667,1483081.111111111,30.948545221548606,23.33672565336563,2.250953937685063,31.503331028899574,52.00770006531559,21.58807047371796,244.38999938964844,-28.05250615537812,0.7823395584602123,0.9088881265716524,0.176756284070025,-1.0690955211131368,5.4722954851535,5.414101632305662e-05,17028300000.0,52.62124557009872,32.58181197757016,46.57232444538529,0.0,57.06520879624664,63.3669918301851,46.57232444538529,39.57706821147772,50.06995256233908,0.0,20.0,53.85164443259821,65.0,60.0,10.0,60.0,30.0,90.0,72.5,10.0,48.90625,real_sec,4769831.870028012,10.813763489149416,28.46144303162167,2.813880408382051,38.292139026058926,3.620406472973287,0.223260755814191,-1.5527093337448183,-3.555643251775853,5.502848781650265,14.209632987834851,18.928100580603992,5.538907831465967,23.55814248970215,4.97769879384999,5.430296930709373,22.598216931567787,8.18060094759445,14.33107240070686,14.309400173752037,15.377821824520712,5.217523168242802,23.588108903826303,24.684689645837288,7.643312101910828,51.7515923566879,,0.2300523314442265,28.46144303162167,0.0093776114869576,19.829837115915247,0.2868601332762,0.16140407660993578,-0.9028871041956001,-0.17194347948945085,-0.6437502733315259,0.3631899861818401,0.8645823406561348,-0.18712114636282812,-0.5392465868162739,0.0022151834573434542,-0.4709457328275546,3.0,-1.011736139214893,0.2505179943156153,0.0,0.0,-1.5409971654161694,0.0,-0.6440224473729895,0.10530024515035424,0.5781349366942244,-1.6862268986914881,-0.6371706774622827,0.3,0.3,1.1090049333723517,0.44000000000000006,0.44000000000000006,-0.4814795648532592,0.9183333333333332,0.9183333333333332,1.0,0.55,0.2,0.25,45.56062084450097,0.9289228896591176,3.0,0.01731831854200873,0.6290941351903507,-0.3309661960080024,0.6936047112974274,-0.9604642945173429,0.6022960150116604,,-0.09580593786803536,-0.4416696224141938,3.0,0.7489327849757659,0.4014825949265448,1.0784165935604513,-0.05072634131921927,0.21696692153765534,31.37761275115037,0.5925801994536164,61.06426723917235,0.273709558325607,0.8755771054739968,0.28628327103026535,0.036691048258564736,0.9523706026178131,2.048406208445464,2.3830962287179625,0.5746433318998019,0.16148715964441504,1.8200025327789182,58.63282216711822,47.828730642694474,46.00112254869346,21.72163888456255,63.62762240179907,31.65328993153811,50.547193199728035,73.33333333333333,46.666666666666664,73.33333333333333,6.666666666666667,13.333333333333334,71.6105550500455,41.18630573248408,48.729299363057336,52.966560509554135,40.336994670479655,46.935970499497145,49.65145081387119,False
OVV,Ovintiv Inc. (DE),16767792128.0,8663000064.0,4272999936.0,1242000000.0,4497999872.0,6424000000.0,320000000.0,,0.06514,0.1154,57.383,0.545,0.494,-1404749952.0,3652000000.0,12.380753,8.653084,1.339005,1.9355642,2.64,5.353,2.03,0.25100002,-0.06,-0.096,-0.102,0.14337,0.51922,0.23807,USD,Energy,Oil & Gas E&P,US,59.18,0.599,1465.0,62.6,29.8,50.9892,42.5313,5094591.0,5329990.0,3467596.812749004,5240590.0,4415257.777777778,39.68755482778577,29.645869991768524,13.062869899677064,46.962180950586486,51.54405891447333,37.82028058915159,59.18000030517578,-29.36112318812898,0.9536702559111132,1.1989324502383896,0.0607417445728361,-0.5569829220212621,7.042435990338133,0.0001354814614354,8908000000.0,61.00923139441466,53.56758067929286,60.56283691320042,0.0,60.56283691320042,58.91132788679007,60.56283691320042,36.079440094523946,36.079440094523946,0.0,90.0,55.77746664889732,65.0,90.0,90.0,70.0,30.0,55.0,77.5,90.0,48.90625,real_sec,5913310.623890785,14.336834708812487,49.32471319903248,1.4315372925404417,51.92196512489833,1.503393422938727,0.5684931506849316,-16.215513582154813,-5.463258785942493,4.0973400712019,15.300577003615704,19.583831556883045,4.152613470346076,22.88232692735759,3.427514689979529,3.9510360047027007,22.226898662248765,7.290292882446597,15.058972639208458,15.471944836196874,15.59271657490098,3.773480219579563,22.58330681374654,23.542725748121278,95.22292993630572,51.7515923566879,,0.4215629658340032,49.32471319903248,0.0474495848161328,19.1395560026694,0.086434597692,0.644266064753219,0.18345060711156425,0.5242973146370107,-0.6437502733315259,0.5436772790965413,0.5763882271040899,0.5703913986092056,-0.7197338797309748,-0.7197339882014614,-0.4709457328275546,3.0,1.3489815189531904,0.35402638772357314,0.0,1.011736139214893,0.9909890344612758,0.3372453797382976,-0.6440224473729895,-1.886866554991489,0.770846582258966,1.011736139214893,0.7466097909399536,0.3,0.3,1.0907763309515504,0.44000000000000006,0.44000000000000006,0.6392166988171525,0.9183333333333332,0.9183333333333332,1.0,0.55,0.2,0.25,67.34289434464115,0.2621141647481185,-0.07668841859343584,0.34789915071256783,2.2100542573591277,0.24927295140843256,2.275711194835563,-0.8466745183080078,0.702089682768552,,0.803740578296437,-0.1210485581402903,0.9874973708245431,0.1343825805810917,0.8190244936501513,0.5828744132938531,0.8706376239209563,0.4817710176815301,37.833200898416564,0.44247144146216855,56.7572011234898,1.6162087209855518,0.5175270429537069,-0.5008772541929256,0.367691143186894,2.4550802488917043,2.9088049480370195,2.3633771083955875,1.0668678819696293,-0.06659305550301581,2.6090591864009953,63.397785168335005,51.82988836904194,47.276447094635714,60.46244309885472,54.07859733567875,61.577754607771304,52.85348400126633,60.0,53.333333333333336,60.0,73.33333333333333,26.666666666666668,42.31119199272065,75.94108280254778,63.003184713375795,58.64171974522293,75.67756401923828,61.64264163593698,55.28485491861287,False
AR,Antero Resources Corporation,12479836160.0,5139509760.0,1694317056.0,634417984.0,3413979904.0,3526520064.0,393253504.0,,0.043390002,0.09035,45.706,0.553,0.337,-467250.0,1630930048.0,19.92611,9.157613,1.6527069,2.4282153,2.306,7.361499999999999,2.555,0.0,0.111,0.299,0.294,0.12344,0.66426,0.22196,USD,Energy,Oil & Gas E&P,US,40.45,0.42,632.0,45.75,29.1,37.674,34.92695,6365809.0,6632540.0,4687576.294820718,6420383.333333333,5979743.333333333,41.94934557402603,42.57749784902091,3.957853820525692,18.24028601421106,20.78231930620582,-3.6904743739536783,40.45000076293945,-31.772495038627945,0.1998247964456875,0.2491628317828271,0.0988722324627121,-0.5828254247909282,2.6746311733171946,0.0001260677264709,21876000000.0,58.38798582431593,36.079440094523946,64.0604650301542,0.0,53.56758067929286,32.177344226419855,73.50406094592941,25.5865557436626,25.5865557436626,0.0,50.0,63.48075551409375,65.0,50.0,30.0,40.0,55.0,40.0,72.5,50.0,48.90625,real_sec,8049339.165131358,12.343939667895484,32.96651110941756,0.8492900649268167,66.42617804854602,2.0813814341959858,0.4624757603534224,-0.0090913340341628,-11.584699453551906,3.724487881581304,15.603888371389663,,3.844814255734696,22.360223534627437,3.40452517175483,3.6551675396284,21.951144575243926,6.450470422144176,15.360426438686606,15.674988538879498,15.909951842843284,3.581487710241474,21.98357740437372,23.24738007167652,40.92356687898089,51.7515923566879,,0.3173318320539584,32.96651110941756,0.1003255665608896,19.060492874135186,0.09035,0.4933716934584432,-0.7218308189777394,0.6983575131686262,-0.6437502733315259,0.18270269326713928,-1.1527764542081815,1.2710905027083366,-1.261195758475078,-1.2611958669455647,-0.4709457328275546,3.0,0.0,0.7680599613554059,0.0,-0.3372453797382976,-0.9080006154468081,-0.6744907594765952,0.8628557081793109,-2.74065232648085,0.5781349366942244,-0.3372453797382976,0.05471955673883558,0.3,0.3,0.769742670192122,0.44000000000000006,0.44000000000000006,-0.31542869435212556,0.9183333333333332,0.9183333333333332,1.0,0.55,0.2,0.25,52.996263121750616,-0.4062308011420624,-0.33214643017861395,0.1608995529247238,0.970475563964455,0.8667189230979386,1.0352336772969655,-0.6886384197437647,0.5665352150144607,,0.314155477362128,0.03156103519481462,0.49769488182614524,-0.6744907594765952,1.3811001265473144,0.12835260785746058,0.25949123362863696,0.30515295534631626,26.929060170759538,0.2505251392341641,46.73635010461304,2.529652295342316,0.4765168551164459,-0.7046065635742482,0.6471676384329832,1.1896065308460062,1.3102201679836118,1.0550496582565074,1.5030845752293809,-0.028719462570632515,1.197484923924199,63.726360349496446,66.3539714215745,42.19709111509197,45.778220477876424,66.49571803353473,55.570279968370656,57.46606560434293,40.0,80.0,80.0,40.0,6.666666666666667,55.68698817106461,57.78184713375797,53.519108280254784,52.078025477707016,57.13473287404135,51.62587998659068,47.92108987968861,False
RRC,Range Resources Corporation,10294860800.0,2988818944.0,1362567040.0,656726016.0,1483769984.0,1372626944.0,3576672.041819942,,0.081520006,0.15942,31.783,0.672,0.543,342940992.0,1171324032.0,15.857664,9.845487,2.3688803,3.4444578,3.881,8.513,0.92,0.1314,0.163,0.941,0.888,0.22016001,0.49644002,0.33636,USD,Energy,Oil & Gas E&P,US,43.45,0.517,564.0,48.31,30.32,40.375,37.54855,3499604.0,3733970.0,2732450.3984063747,3747173.3333333335,3365321.111111111,35.06761648348074,33.55403039803166,4.115627631705587,23.375540762489333,13.19623295284751,8.028021646278827,43.45000076293945,-24.14989359224405,0.4215460977196386,0.5194251226133025,0.0707813044363952,-0.5619087809764509,2.604388013136932,0.0001760527340329,,66.25172253461213,29.084183860616378,53.56758067929286,0.0,73.50406094592941,54.45566394339503,53.56758067929286,43.07469632843151,29.08418386061638,0.0,90.0,57.703288865196434,65.0,90.0,90.0,80.0,30.0,100.0,80.0,90.0,48.90625,real_yahoo,5299324.368794327,21.972760087002445,45.58881168547625,0.4938942337963882,49.6440236695716,1.0073830525065397,0.8533447759568386,11.474130699300064,-10.06002897950735,3.794364961959914,15.029034240435474,15.026593511995594,3.8981269002360346,21.818144144643057,3.4442568711226023,3.722676833697227,21.117851973047653,6.336825731146441,14.8207097123811,15.136512602803297,15.4830900815137,3.651918485812958,21.039992218874136,23.05491065630513,95.22292993630572,51.7515923566879,,0.3919019699575352,45.58881168547625,0.0024397937330045,18.59232020654352,0.138472212,0.9460548073427713,-1.083943389413461,0.1761769175737801,-0.6437502733315259,1.2114802628809351,0.28819411355204444,0.19163512612318895,-0.3587592939015727,-1.0807085740308635,-0.4709457328275546,3.0,1.3489815189531904,0.45753478113153184,0.0,1.011736139214893,0.9909890344612758,0.6744907594765952,-0.6440224473729895,0.6744907594765952,0.8672024050413367,1.011736139214893,-0.17591052132820378,0.3,0.3,1.1163157909196608,0.44000000000000006,0.44000000000000006,0.779750192200015,0.9183333333333332,0.9183333333333332,1.0,0.55,0.2,0.25,57.53622168185079,0.7654472938523582,0.3722242229227135,1.0644019996546161,1.9269581144299983,0.15229689731185547,1.9924097776066474,-0.9812000920232343,1.5291318078802605,,0.6644196179139366,-0.7802557327409536,0.2481106095726829,-0.2510407657930088,-0.3693639873324211,0.8979195917418765,0.6542853362732007,0.7777576276305884,54.01424741160355,-0.30428621548574436,51.50627936090446,1.065777522542481,0.23367484526735777,-0.08473935556807632,0.4957194817912477,1.2115349502698045,1.5960348783458453,0.732405843517347,0.6497261839049194,0.20549006311158569,1.2215961894744836,58.01647459928105,45.72584638351038,48.06735811530272,41.03359017637377,75.89768722086843,40.196579243991664,59.77235640588123,46.666666666666664,40.0,93.33333333333333,33.33333333333333,60.0,76.7515923566879,69.17993630573248,64.31210191082803,59.79140127388536,68.9474197322241,63.45625209520616,57.48230714791224,False
SM,SM Energy Company,7298557952.0,3027000064.0,2207000064.0,648000000.0,2735000064.0,2852999936.0,368000000.0,,0.07011,0.14325,59.314,0.694,0.598,206875008.0,2011000064.0,10.22557575,4.9879537,0.72972524,2.4111521,3.232,4.433,2.68,0.17729999,-0.1439,-0.423,-0.42,0.21406999,0.90352994,0.26882,USD,Energy,Oil & Gas E&P,US,30.62,0.783,1241.0,33.25,17.45,24.2808,23.5401,7199211.0,7140740.0,2721623.505976096,7396406.666666667,5748562.222222222,50.70229393146016,58.10068311329629,20.725598969323663,59.030220558458744,27.224037377655307,4.933914709756926,30.6200008392334,-40.29816327563102,0.4170433319537146,0.6008243791798603,-0.0422539601387581,0.084831683824114,6.016008314385257,0.0003406690000665,,71.49421367480957,39.57706821147772,73.50406094592941,0.0,67.558093147108,63.3669918301851,39.57706821147773,57.06520879624664,32.58181197757016,0.0,70.0,40.37088891850446,65.0,80.0,90.0,80.0,30.0,48.944,52.5,90.0,48.90625,real_yahoo,2439162.017727639,21.40733354143728,68.83251306712125,0.5002035604438735,90.3534855029326,1.2927049629664171,0.7048721027381053,6.834324533400473,-7.909774436090222,3.453789831781326,15.564460507153589,19.7235934988506,3.5336865647082343,21.8308378884594,2.915064370486536,3.2300452143475664,21.729397296586352,7.124478262493424,14.816739504836612,15.81650498985473,14.707165512901213,3.200308514254088,21.77163688709576,22.710942624902096,95.22292993630572,51.7515923566879,,0.6643541531157364,72.91047298768738,0.114250235117049,18.238392539638067,0.1178517764325,1.2478435499323222,-0.5407745337598789,1.1683200492039874,-0.6437502733315259,0.9046518649259441,0.8645823406561348,-0.5658774188488448,0.36318987775723177,-0.9002212811161626,-0.4709457328275546,3.0,0.6744907594765952,-0.4740407595400916,0.0,0.6744907594765952,0.9909890344612758,0.6744907594765952,-0.6440224473729895,-2.2315683304674603,-0.1927116455647415,1.011736139214893,1.2078699470740328,0.3,0.3,1.1369257352740978,0.44000000000000006,0.44000000000000006,0.3587658235819224,0.9183333333333332,0.9183333333333332,1.0,0.55,0.2,0.25,71.39051845771131,0.4148348445603281,0.20732378191144268,1.0113462518965184,3.0,1.8853086955702902,3.0,-0.6470202744195156,0.9608295886306442,,1.9441574923264489,-0.02104978565720149,-0.0941495730634529,-0.10312333447202952,1.5149276581894962,1.1463397765542755,1.358840876511218,0.87037120853387,33.61950635006009,0.624999612225657,70.51098067563841,1.057671029387452,0.05009192400318497,-1.4930226126162172,0.0804080419283441,3.0,3.0,1.3290223492115165,0.5538814766953185,-0.7063072853439365,2.498706704763455,55.07883096458954,54.769542267777446,38.029620817703346,72.11383532777472,36.32018200225173,70.17380771654787,45.934611596651436,93.33333333333333,60.0,26.666666666666668,100.0,20.0,39.46769790718836,74.39331210191082,57.85987261146496,54.28503184713376,74.43617574418303,57.10023466309084,52.28414720452937,False
CTRA,Coterra Energy Inc.,26243227648.0,6991000064.0,4832000000.0,1716000000.0,5182000128.0,4006000128.0,114000000.0,,0.0671,0.12275,26.984,1.188,0.978,1216499968.0,4020999936.0,15.428572,11.9555,1.7701291,3.7538588,4.311,6.238,2.55,0.39290002,0.234,0.206,0.239,0.2456,0.74124,0.33333,USD,Energy,Oil & Gas E&P,US,34.56,0.27,1075.0,36.88,22.33,31.3842,26.47635,11705416.0,11031240.0,7388139.043824702,10834200.0,10026555.555555556,28.423278197780714,29.67663650958993,11.755526486359669,30.87159860598308,51.651969520282506,23.29786269071745,34.560001373291016,-22.04208095374223,0.8176759927401176,1.0245277409538462,0.0687525290982089,-0.5566741735226944,2.4727260750738327,7.66494872636643e-05,7645000000.0,70.44571544677008,25.5865557436626,67.558093147108,0.0,71.05572126406176,63.3669918301851,64.0604650301542,64.0604650301542,53.56758067929286,0.0,40.0,71.18404437929019,65.0,20.0,70.0,40.0,30.0,90.0,75.0,50.0,48.90625,real_sec,6503255.873488372,24.54584443270862,68.83251306712125,1.15524382198234,74.12387470405837,0.8290563178807947,1.0037443353771156,17.40094345391784,-6.290672451193058,3.571221410645704,16.12074778649126,18.5517090151307,3.6344232683178777,22.667889453773927,3.1497400860333387,3.477670649535258,22.368456943980192,6.98100574072173,15.815386575701568,16.19821844773233,15.687813666838242,3.31332563466037,22.111059106391732,23.99067379837397,40.92356687898089,51.7515923566879,,0.5751680588169424,69.11743607158976,0.0276699020529739,19.358083388201788,0.074521522545,1.1874858014144118,-1.2649996746313212,0.872417711700242,-0.6437502733315259,1.0851391578406442,0.8645823406561348,0.7597695348522141,0.7241644635866342,0.1827024763720443,-0.4709457328275546,3.0,-0.3372453797382976,1.1820935349872388,0.0,-1.3489815189531904,0.35799248449191456,-0.6744907594765952,-0.6440224473729895,0.10530024515035424,0.6744907594765952,-0.3372453797382976,0.5159797128729143,0.3,0.3,1.4406846057549503,0.44000000000000006,0.44000000000000006,-0.24513823473560442,0.9183333333333332,0.9183333333333332,1.0,0.55,0.2,0.25,61.50787368452911,0.3223420384768773,-0.001733672679221948,1.3058425812418184,3.0,1.1944284577136186,3.0,-0.905792170436292,1.5036364610587276,,1.5252405968108078,-0.5502099567135464,2.069852678732367,0.5916699025270653,1.3757470252816268,1.0607634534691397,1.2423935233036687,0.9827647336261931,69.48601490321346,0.944504607766618,73.74280231697563,3.0,0.6308775932597237,0.513745032296579,0.881365818806801,2.2733772496184157,2.013245651017841,2.3679666540304947,1.815438796629862,0.69755542555169,2.1977014315018093,73.10764050342004,76.4515645047378,60.02773711146105,37.54456686872247,69.96762472210547,50.47555270071888,62.07864720741953,100.0,100.0,86.66666666666667,26.666666666666668,86.66666666666667,70.83712465878071,84.8359872611465,85.69426751592356,85.20222929936307,84.57851293383598,85.07542742205834,83.84111818825195,False
PTEN,"Patterson-UTI Energy, Inc.",4027292672.0,4826624000.0,900449984.0,-93635000.0,1170121984.0,1280470016.0,418507008.0,,-0.0043599997,-0.02777,39.708,1.642,1.383,409757760.0,961219008.0,19.8201985,-1.0128824839999988,1.2504419,0.83439124,1.014,5.437,3.77,1.7294825825000038,-0.01,-0.096,-0.102,0.0,0.24243,0.0,USD,Energy,Oil & Gas Drilling,US,10.61,0.571,7900.0,11.75,5.1,9.0614,6.74025,11185693.0,10676080.0,9424566.733067729,10908363.333333334,10266797.777777778,51.13882141055945,36.148366529918746,20.02261847892832,59.030220558458744,101.91755645141417,30.845359510423865,10.609999656677246,-37.73877997841157,0.7928720975068537,0.9809092942698902,0.0404853066315944,-0.3786949383321147,7.651587614354625,0.000358077833878,,30.6027827812694,67.558093147108,39.57706821147772,0.0,25.5865557436626,32.177344226419855,36.079440094523946,71.05572126406177,73.50406094592941,0.0,90.0,44.22253335110268,65.0,90.0,70.0,70.0,30.0,100.0,55.0,90.0,48.90625,real_yahoo,610965.0632911392,-1.9399688063540887,18.655896626710515,0.7975865406931985,24.2430730879389,1.4220334707674336,0.7506767015152036,8.48953139917259,-9.702127659574478,2.4518667957098,16.14442582715827,19.85220419566276,2.545531271604435,22.29741309562498,1.8082887711792652,2.308706319998982,20.88037384100507,8.974744612722734,16.058830426381075,16.20504042295211,13.322796693716144,2.0464339868216124,20.97049304825748,22.11636019385052,95.22292993630572,51.7515923566879,,0.1991493449665853,18.655896626710515,0.2463288214543859,18.420627282901837,-0.0,-1.1061086422661814,0.9076757479830074,-0.5200638765526818,-0.6437502733315259,-1.2611956500504697,-1.1527764542081815,-0.7552555550918533,1.0851390494160367,1.2114800459858401,-0.4709457328275546,0.4368104568126057,1.3489815189531904,-0.26702397272417505,0.0,1.011736139214893,0.35799248449191456,0.3372453797382976,-0.6440224473729895,0.6744907594765952,-0.09635582278237075,1.011736139214893,-1.0984308335963613,0.3,0.3,-0.1312347900114323,0.44000000000000006,0.44000000000000006,0.5146621237764194,0.9183333333333332,0.9183333333333332,1.0,0.55,0.2,0.25,40.255626296627206,-1.8735170628439055,-1.5367252856054099,-1.1794044192774367,-0.11394268108282002,-0.9290424822921911,-0.04997088434800142,-0.2522628855280449,-1.3011041184863514,,-0.2409606647249367,0.08417185604683072,-0.46781802681517787,3.0,2.6819037341093193,-1.2041342554135996,-0.14100228487902097,-0.5806818135757748,58.86405763009921,2.856856680349194,36.94243758431866,3.0,0.1446174150920932,-1.5323425373222053,0.4114081368566734,3.0,3.0,3.0,1.5723087075460467,-0.560467200232766,3.0,65.71639017454001,41.943730248193944,34.878767293911984,69.66832006183246,48.850156305592144,35.60709162867383,34.40315758895994,20.0,33.33333333333333,46.666666666666664,93.33333333333333,66.66666666666666,20.564149226569604,24.906050955414013,31.245222929936308,37.632165605095544,23.549005589496947,28.079114984914515,31.657820240622787,False
MTDR,Matador Resources Company,7816625664.0,3656514048.0,2429745920.0,759220992.0,2915298048.0,3548670976.0,15314000.0,,0.06796,0.1503,59.178,0.792,0.528,-170397248.0,2425015040.0,10.328407,8.42976,1.3813853,2.137726,3.196,4.81,2.38,0.2155,-0.125,-0.096,-0.102,0.20763999,0.79728997,0.24063998,USD,Energy,Oil & Gas E&P,US,62.9,0.906,483.0,66.84,35.19,52.5552,47.17385,1986501.0,2113240.0,1678326.6932270916,2162730.0,1775128.888888889,42.073196693832976,38.877649810993695,14.342853017788991,46.16924077682676,47.60967222743382,24.23297775427729,62.900001525878906,-29.79130051250971,0.7391388970370998,0.9508881997028562,0.0281310608621028,-0.5132195873408376,6.221457816339985,0.0002395906651673,,67.82446987667137,46.57232444538529,71.05572126406176,0.0,64.0604650301542,36.63300816981489,71.05572126406177,46.57232444538529,39.57706821147772,0.0,30.0,38.44506670220535,65.0,90.0,40.0,60.0,55.0,92.946,67.5,60.0,48.90625,real_yahoo,7570422.459627329,20.763519079470523,66.44979037695742,0.6042290409487883,79.7288895852753,1.460511136901096,0.6833586591714498,-4.660101007767276,-5.894673847995224,4.157319361383489,14.38938415505317,16.54427806595493,4.217151991483648,22.019776084866724,3.588782837575651,3.980712897688193,21.793237898177267,6.182084906716632,14.333308434921078,14.586882332892484,15.83975956303368,3.8748163427129634,21.989838997662734,22.77951879774105,55.891719745222936,51.7515923566879,,0.6632040813097404,66.44979037695742,0.0042968755769524,18.47485401226878,0.1179103499999999,1.0365914301196373,-0.17866196332415732,1.0464779102318564,-0.6437502733315259,0.7241645720112425,-0.8645823406561362,1.1385258073382312,-0.1782720009868715,-0.5392466952867605,-0.4709457328275546,3.0,-0.6744907594765952,-0.5775491529480499,0.0,1.011736139214893,-0.5915023404621275,0.0,0.8628557081793109,0.2729837706708647,0.385423291129483,0.0,0.9772398690069933,0.3,0.3,1.0416031503518688,0.44000000000000006,0.44000000000000006,0.09092130285450907,0.9183333333333332,0.9183333333333332,1.0,0.55,0.2,0.25,66.92173830252506,0.34876855450072036,0.279219150441403,0.9509351198670147,3.0,1.4330373117526265,3.0,-0.9756496330123977,0.723714280598388,,1.93875547854419,-0.7558032663232569,-0.03497199365242634,0.019980120575253134,1.19374158224826,1.0904876813841968,1.2109576651444212,0.7741745818754027,40.38997372905862,0.5481727783281062,66.85117367603314,0.27651627739593376,0.1727449177392493,-0.7157623714872104,-0.11163446597818649,2.632980538296113,2.864671993158063,2.196043720633209,0.22463059756759152,-0.41369841873269847,2.594576074942022,54.27811701003234,58.3192131013063,42.128888822984266,62.628206205035355,51.213870037490196,66.25027672509093,55.159774802804634,86.66666666666667,66.66666666666666,53.333333333333336,80.0,33.33333333333333,44.17652411282984,76.68471337579619,64.35031847133757,60.273885350318466,76.78733913947747,63.96580623533356,59.00920028308564,False
CHRD,Chord Energy Corporation,8071639552.0,4585246208.0,2335627008.0,46195000.0,2336591104.0,1510419968.0,189531008.0,,0.04144,0.0053,18.693,1.06,0.9,622480256.0,2040657024.0,90.11539274999996,14.969477,0.9975623,1.7603503,2.048,4.021,3.66,1.7294825825000038,-0.1439,-0.569,-0.599,0.0097,0.50958997,0.12948,USD,Energy,Oil & Gas E&P,US,142.0,0.532,676.0,148.42,79.83,114.586,102.484,1039508.0,1194240.0,895398.406374502,1349293.3333333333,906120.0,36.63582384020509,36.81445818175631,20.29066922222018,51.55760369564193,49.25060849844163,31.645939211599416,142.0,-27.752330371028844,0.8658904900480334,1.200026915344418,-0.0018580997460674,-0.1267780983929362,7.083236603926643,0.0001888562813807,,53.14549468411847,57.06520879624664,57.06520879624664,0.0,50.06995256233908,32.177344226419855,67.558093147108,73.50406094592941,71.05572126406176,0.0,90.0,53.85164443259821,65.0,90.0,90.0,80.0,30.0,96.940005,65.0,90.0,48.90625,real_yahoo,6782908.591715977,1.007470436797971,50.93787556979972,0.7576995144567561,50.95890161630335,0.6466871477451249,1.35105273184524,13.575721515541352,-4.325562592642496,4.962844630259907,13.716928130191448,19.06006320498377,5.006761132547656,22.246109640013547,4.392348183745753,4.750014841637764,21.57195891142676,6.517671272912275,13.705025161816373,14.115092297701567,15.72991671118186,4.639417011383275,21.13565357426917,22.8116224650116,95.22292993630572,51.7515923566879,,0.4450485167927541,50.93787556979972,0.1114920434034916,18.660851110461905,0.0,0.19158295086889096,0.3645068923294247,0.3502371161053952,-0.6437502733315259,0.002215400352438432,-1.1527764542081815,0.949147671095223,1.2114801544563267,1.0851389409455492,-0.4709457328275546,3.0,1.3489815189531904,0.2505179943156153,0.0,1.011736139214893,0.9909890344612758,0.6744907594765952,-0.6440224473729895,0.5003187466880226,0.2890674683471122,1.011736139214893,0.28534963480587494,0.3,0.3,1.1286587136788904,0.44000000000000006,0.44000000000000006,0.7268186719095587,0.9183333333333332,0.9183333333333332,1.0,0.55,0.2,0.25,62.63597358897701,-0.4661514512577904,-1.1994799186145182,-0.9028369424875253,2.3322951792425046,0.20827720381639492,2.3980407541669293,-0.6552639768174585,-0.21161979292460528,,0.9140547945929045,-0.39285562162166393,-0.005842394840380267,3.0,2.5641355062642,-0.10968847473544181,1.024053625223955,0.14386578147838402,71.52194881227297,2.80386097781889,59.05997820764826,-0.3096909689695494,0.26922194913808345,-0.22599459869047547,0.4722996637538659,3.0,3.0,2.265834375993655,-0.020234509915732973,0.12315253253169521,2.7797503127980967,55.838992787107664,68.55039646072422,48.92252713068069,53.11346412855581,23.562581211726947,60.06495289560448,48.24090239818973,66.66666666666666,86.66666666666667,6.666666666666667,60.0,93.33333333333333,24.20382165605096,72.92834394904459,60.27070063694267,56.485668789808926,72.90231379175876,59.53737847804225,54.51698513800425,False
DINO,HF Sinclair Corporation,11142788096.0,26869000192.0,1494000000.0,574000000.0,2300999936.0,3326000128.0,978000000.0,,0.034649998,0.06303,35.961,1.936,0.87,1031750016.0,1315000064.0,19.714287,11.498018,1.2019002,0.4929727359999999,0.559,8.942,3.29,0.6494,-0.006,-0.096,-0.102,0.02155,0.08564,0.0,USD,Energy,Oil & Gas Refining & Marketing,US,60.72,0.691,5165.0,64.7,24.66,55.7434,50.6574,3026304.0,2724520.0,2455940.039840637,3274443.333333333,2934842.222222222,36.895393681282194,46.223832597308,6.209556000451588,30.914008916775003,19.37553036907876,88.65705068715877,60.720001220703125,-22.90985902205066,1.8136465168070224,2.4028102069048307,0.0374171934500052,-0.3158124141067758,3.7585587745707287,0.0001674167758863,,26.408789869111427,73.50406094592941,25.5865557436626,0.0,29.08418386061638,32.177344226419855,50.06995256233908,60.56283691320042,60.56283691320042,0.0,90.0,50.0,65.0,70.0,90.0,50.0,55.0,90.897006,57.5,90.0,48.90625,real_yahoo,5202129.756437561,2.1362908775850293,5.560311099498317,4.440029493704537,8.563772077701284,2.226238372155288,0.3953698176165554,3.839927085590606,-6.1514683153014005,4.12260802749496,14.89216459319827,20.701020229021587,4.185098925490565,24.014239049837997,3.2449333591874905,4.0385393500387226,21.55660962062024,8.549853973655786,14.714020561381462,15.001658743444844,15.464578860475982,3.944633457326425,21.925036256502477,23.13405831813841,95.22292993630572,51.7515923566879,,0.0489411609886224,5.560311099498317,0.2272304765135917,18.82029329399865,0.022098318,-1.3475396363378234,1.2154714328533698,-1.216304670679143,-0.6437502733315259,-1.0807083571357687,-1.1527764542081815,0.0022569898801808033,0.543677170671933,0.5436770622014464,-0.4709457328275546,3.0,1.3489815189531904,0.04350120749969905,0.0,0.3372453797382976,0.9909890344612758,-0.3372453797382976,0.8628557081793109,0.1563569757997269,0.0,1.011736139214893,-1.329060911663401,0.3,0.3,0.7425252046271406,0.44000000000000006,0.44000000000000006,0.5170313612680061,0.9183333333333332,0.9183333333333332,1.0,0.55,0.2,0.25,41.273729466061035,-0.6747980752751469,-0.6107537306379779,-0.7969161769339381,-1.1062894382710982,-1.5965090701382867,-1.0430371966797,-0.309344150478299,-1.3011041184863514,,-0.9465050279782267,1.249767947982052,0.3449672245122702,1.418267428484752,2.1680060126033425,-0.8616799815331172,-0.7128753258890697,-0.7570679043890972,49.125641509088496,1.7556497913381177,34.24813211157443,0.858744032236526,0.35192489825291806,-0.24937518088923213,0.22404959255761914,1.5025625876823177,2.0156060968553975,0.9952175224139476,0.605334465244722,-0.012662794165806499,1.5555764717710387,57.20537528147865,36.42530559520142,65.32342355399963,66.16117152121407,57.49903072395166,29.323921214644095,43.62832079511313,13.333333333333334,20.0,66.66666666666666,86.66666666666667,53.333333333333336,28.707916287534122,34.17834394904458,45.29936305732485,51.656050955414,33.29000389964904,43.59369761984579,48.761500353857045,False
CLF,Cleveland-Cliffs Inc.,4791280128.0,18609999872.0,-135000000.0,-1304228651.52,18484912.175540503,7965000192.0,57000000.0,,-0.037809998,-0.21576999,125.969,1.949,0.454,-130625000.0,-462000000.0,29.427533,11.428571,0.78256005,0.4929727359999999,0.694,-94.4455,1.23,0.0,-0.003,-0.0349999999999999,-0.0349999999999999,0.0,0.0,0.0,USD,Basic Materials,Steel,US,8.4,1.919,25000.0,16.7,5.63,10.8086,11.3073,18973254.0,18176720.0,18892427.689243022,17752690.0,17041968.888888888,67.11964749403772,52.74750545942324,-21.3483204259888,-38.23529865502473,-33.858269726884934,-3.780068052804497,8.399999618530273,-51.66872667388112,0.4312373234833245,0.5895877133610014,-0.1106098723012513,0.4775176610811185,6.165711334017674,0.0001394858278848,18610000000.0,23.213673673510232,73.95525770392615,25.094136831632355,1.0,25.094136831632355,50.00000000000001,42.57825876983047,25.094136831632355,36.976705137151264,0.0,50.0,33.177376049201285,65.0,50.0,60.0,70.0,30.0,88.0,42.5,60.0,48.90625,real_sec,744399.99488,-7.915099119459038,-0.7254164477621335,20.364519291102624,1.961718021168944,-16.31077890121734,-0.0580037650801352,-0.7019075813994718,-49.7005988023952,2.2407096892759584,16.65118967649187,17.858561843342684,2.873564639579784,23.646964900776283,1.891604804197771,2.4688280795753097,16.732465453319413,10.12667110305036,16.754271801316126,16.69204766802853,13.5203351402351,2.5101925822642714,22.798322804539435,22.290063462977383,55.891719745222936,51.7515923566879,,-0.0248253628789707,-0.7254164477621335,0.0071054598149777,18.882503460535474,-0.21576999,-1.5314693890663476,1.2388278350132371,-1.2408100013554515,1.553397398691291,-1.2866058290176225,0.0,-0.4033787610595879,-1.286605937442231,-0.6734326282067223,-0.4709457328275546,0.7962171597003181,0.0,-0.8606750779933988,0.0,-0.3372453797382976,0.041494209507233884,0.3372453797382976,-0.6440224473729895,-0.008537857714893937,-0.5781349366942244,0.0,0.7256434202065867,0.3,0.3,-0.1878177386864227,0.44000000000000006,0.44000000000000006,-0.20551698916135588,0.9183333333333332,0.9183333333333332,1.0,0.5,0.25,0.25,56.3404329336947,-2.9013855699049222,-3.0,-1.7400696536926161,-1.5826042494822017,-1.9610848631298017,-1.5196973859250558,-0.9672553170901113,-1.3011041184863514,,-1.29299450500436,-0.6689584990372144,-0.38054964992303114,-0.6744907594765952,-0.037471708859810764,-2.335989659424175,-1.2710984549493307,-0.8436902736456307,28.21048326154628,-0.38783218669904224,18.432914905112614,3.0,0.3841934242063074,-2.971804904361265,-1.6932528441027026,-2.3276083905617755,-1.8330616487923308,-1.2688690613645375,1.6920967121031536,-2.3325288742319836,-1.8121678950948263,44.252953562243675,50.900936862475405,51.45619311029359,75.85095560746117,39.06572734067653,71.97952293666711,63.54628680839845,4.545454545454546,54.54545454545454,27.27272727272727,95.45454545454545,13.636363636363635,19.472247497725203,60.146496815286625,45.0796178343949,37.082802547770704,60.74353308202262,45.82634931277238,37.770700636942685,False
ATI,ATI Inc.,20078970880.0,4587400192.0,811600000.0,404300000.0,1030600000.0,1838400000.0,416700000.0,,0.079619996,0.21621999,95.915,2.663,1.168,143862496.0,614300032.0,51.630283,29.035816,11.045575,4.3769827,4.711,26.63,0.87,0.0,0.004,-0.265,-0.295,0.08813,0.22466,0.14536001,USD,Industrials,Metal Fabrication,US,146.63,1.003,7600.0,168.14,39.23,144.0314,104.87305,2122709.0,2398910.0,1750581.2749003984,2276510.0,1874591.111111111,44.43621828435207,54.06405555326621,-4.896866099121766,23.011752212108423,77.69027005302578,171.7383383444242,146.6300048828125,-25.314071560879768,2.347200868100596,2.9808313319217468,0.2510171584622155,0.2384815660270607,9.653801542836572,0.0001666641592292,,42.5792613240893,43.96434919465462,33.05654653439192,0.0,51.23621763482977,50.97535958498813,54.36806803938674,30.632590387666863,46.38830534137968,0.0,70.0,52.78626809004604,40.0,90.0,40.0,90.0,30.0,95.505,42.5,80.0,48.90625,real_yahoo,603605.2884210526,8.813270765107035,17.691938048382067,0.936588062030617,22.46588387464584,2.26515524889108,0.3341492776327241,3.1360354444524554,-12.792910669680024,4.994709143545997,14.443901652980488,19.84787709879249,5.130726774354076,22.24657929379615,3.694612985961697,4.9769502707007724,20.75340699482871,8.936035096566041,14.375459019072354,14.638154565724214,13.31067742401416,4.662240734856916,21.33216146560272,23.722938879510348,84.39490445859873,14.331210191082802,,0.1339102773442967,17.691938048382067,0.1847811626978848,19.363370858718454,0.21621999,-0.4166718261741604,-0.3136649696611095,-0.8445590085942607,-0.6437502733315259,0.06239790652983644,0.06308664534874243,0.23497729952517288,-1.0008064024896481,-0.18776800462287638,-0.4709457328275546,0.41698691893870105,0.6744907594765952,0.19325653338785623,-3.0,1.011736139214893,-0.5915023404621275,1.011736139214893,-0.6440224473729895,0.4186396232869496,-0.5781349366942244,0.6744907594765952,-1.3076069509129784,0.3,0.3,0.05751262141877653,0.44000000000000006,0.44000000000000006,-0.022623840192909438,0.9183333333333332,0.9183333333333332,1.0,0.4,0.3,0.3,40.02769166385301,0.7070628232587974,0.9514662390288212,-0.17039419370414582,-0.18698875964725792,-1.004690682215816,-0.12306992895596898,-0.4362169520944839,-0.07800053138024488,,-0.5473957417348476,0.08040730225793236,1.3657250406867094,-0.6744907594765952,-0.4228949999892938,0.24268660668004235,-0.2639860893683007,-0.16804914798580986,41.37842466699695,-0.5612726677073097,43.16203623988774,0.3306159440847859,0.633620213784519,-0.9286099823857255,-0.26308262261992177,-0.04107941649984058,1.575787368873199,3.0,0.48211807893465247,-0.5958463025028236,1.5179911225993274,52.66276296493186,50.59332402861587,50.7655649326943,38.14483407028192,35.41167957703186,44.783789582576134,56.23246819886896,37.2093023255814,53.48837209302325,23.25581395348837,27.906976744186046,32.55813953488372,48.86260236578709,27.917197452229296,35.42038216560509,39.65923566878982,27.115559599636036,33.747904793831715,36.59943382873319,False
CMC,Commercial Metals Company,6856778240.0,8386826752.0,1058310976.0,505220992.0,1487772032.0,3596049920.0,495036000.0,,0.05678,0.12002,81.609,2.384,1.296,144200128.0,840060992.0,13.823267,8.876573,1.556188,0.81756526,1.187,9.405,1.2,0.1611,0.215,2.773,2.652,0.06024,0.17739001,0.08224,USD,Industrials,Metal Fabrication,US,61.79,1.468,12690.0,84.87,38.02,71.3846,62.58315,1329370.0,1649050.0,1019470.717131474,1359103.3333333333,1228266.6666666667,35.83602541673564,38.672143977368165,-9.491718245451509,-13.72463944425424,5.916956243635152,32.53538217329226,61.790000915527344,-29.96034200152735,0.9393601823516494,1.3744427655759657,0.042535261288376,0.4669639879431531,5.100644045415276,0.0002950516157108,,30.081175133081803,74.4108938637906,28.208634240941823,0.0,35.48050268111696,48.049280830023775,60.57271014078837,53.660173781554825,51.23621763482977,0.0,80.0,31.1926903921892,40.0,80.0,60.0,80.0,30.0,94.217,45.0,80.0,48.90625,real_yahoo,660900.4532702916,6.023982692613989,12.618729434796366,1.7122992295157955,17.73939150042908,3.397914225166271,0.233606599098602,1.7193645733246214,-27.194532814893368,4.139795825126018,14.021115333535564,20.020141047181248,4.452834524684393,22.849928068123912,3.664074335194965,4.281993569583969,21.12054555799141,9.448648359810164,13.834795126710386,14.122336462322826,13.401360020382276,4.152348498137123,22.003101835828726,22.648503524197743,84.39490445859873,14.331210191082802,,0.100164343063325,12.618729434796366,0.1210035696341474,17.95853570075736,0.100684778,-1.1361354581561744,1.2624140447981236,-1.0858163830336867,-0.6437502733315259,-0.7506405998074219,-0.1261732906974844,0.5709259818687137,0.18748064523403737,0.06239768963474147,-0.4709457328275546,0.5713113229360122,1.011736139214893,-0.9673472422453624,-3.0,0.6744907594765952,0.041494209507233884,0.6744907594765952,-0.6440224473729895,0.34532788504172995,-0.4817791139118537,0.6744907594765952,-1.227154598098895,0.3,0.3,0.09344364973605061,0.44000000000000006,0.44000000000000006,-0.07045497019099092,0.9183333333333332,0.9183333333333332,1.0,0.4,0.3,0.3,40.628314364003344,0.00522384619075979,-0.029574006875929943,-0.4321218496827693,-0.5714222854159324,-1.2059225141746084,-0.507782209221261,-0.6268358616830599,-0.6091116027758325,,-0.7059041071521981,0.24360529895033328,-0.14461296497825424,-0.15532946585082832,-0.06959031645393438,-0.3273886186084938,-0.5613563528290706,-0.42012066789838254,46.49092737723501,-0.11674684862222605,32.73711060413551,-0.21679345988677798,-0.09507032473167307,-0.15395328331744254,-0.989096981778757,-0.679701531929219,-0.46886312184241613,0.42281094878450765,-0.15593189230922552,-0.5715251325480998,-0.26461242368037985,42.988575115401545,56.06091922028496,48.772143677724635,86.16479455495774,74.35176478611021,40.25612608042664,48.99178777543476,13.953488372093023,62.7906976744186,97.67441860465115,100.0,44.18604651162791,67.08371246587807,32.31528662420382,41.926751592356695,45.77070063694267,32.46132848043676,42.80925243043916,48.060863411181884,False
SON,Sonoco Products Company,5409079808.0,7518752768.0,1266822016.0,590662976.0,1591465984.0,4644094976.0,378398016.0,,0.039470002,0.19974001,127.872,1.047,0.554,999868096.0,689782016.0,10.22557575,8.359743,1.4967657,0.71941185,1.289,7.652,3.87,0.35580003,0.297,0.0485,0.031,0.13340001,0.21167,0.07716,USD,Consumer Cyclical,Packaging & Containers,US,54.84,0.49,22000.0,58.44,38.65,52.7598,46.25505,1007985.0,952640.0,864316.3346613545,902243.3333333334,970971.1111111112,25.905165968049275,19.61986079470858,2.065886134019057,24.75540490465864,30.187254053370705,19.91410646247649,54.84000015258789,-18.38858476965015,0.7487016367813111,1.0161784295775182,0.0231162070329313,-0.3115743966573327,9.03763332584137,0.0003126836691587,,34.63097562823812,68.0182806624703,28.308571213499928,0.0,43.19971225686383,50.93256256814673,32.64936495075406,74.42995772430602,60.57701990462687,0.0,50.0,45.23125908724978,65.0,70.0,80.0,70.0,30.0,88.947,42.5,80.0,48.90625,real_yahoo,341761.48945454543,7.855863787859556,16.848831915203093,0.6265951250701144,21.16662208622312,3.665941164066413,0.1485288349107182,13.298323895626195,-6.160164271047219,4.022490458454117,13.786053025039264,19.751457154642008,4.084967400409504,22.740666105966497,3.680090948080857,3.984525975969879,21.187921431539387,9.99884318585288,13.669695265841067,13.712640641890502,12.741871299505974,3.855559526535551,22.258862352123312,22.41134482457987,84.39490445859873,51.7515923566879,,0.091741547738573,16.848831915203093,0.0753406757565865,17.67411398464949,0.1286725084497997,-0.8742220788586317,0.9314975607226942,-1.0808429985850099,-0.6437502733315259,-0.3523080175027029,0.060318517301392274,-0.9409760537211801,1.259258991273656,0.5444089438201881,-0.4709457328275546,-0.2882887936319162,0.0,-0.21280734802529916,0.0,0.3372453797382976,0.6744907594765952,0.3372453797382976,-0.6440224473729895,0.045364483991801235,-0.5781349366942244,0.6744907594765952,-1.1313779876059384,0.3,0.3,-0.13243783719421123,0.44000000000000006,0.44000000000000006,0.21078706865080316,0.9183333333333332,0.9183333333333332,1.0,0.25,0.4,0.35,45.287055870942076,-0.5266865485995798,0.7834046453456475,-0.26023069587245556,-0.250876978733542,-1.0599900697795686,-0.1870044736802566,-0.7633134335302886,-0.6518562766548383,,-0.7454669033117387,0.0006124817648717848,-0.3099799371683656,0.47211137489265786,2.788965759423065,-0.14404101771263947,-0.44634350561277103,-0.44710923648987,39.90769030175099,1.5146958479313413,49.0870778157832,-0.3329632609230642,-0.24260038354451038,0.7405623302100226,0.5378751542585349,0.9266486885036758,1.6728344704723275,1.4550509082890528,-0.2877818222337873,0.6392187422342788,1.3836436672267496,53.11760465181689,54.727683225293305,47.703519407838606,76.34727652811785,57.5240744335166,43.14867660789961,43.62832079511313,57.14285714285714,64.28571428571429,66.66666666666666,95.23809523809523,28.57142857142857,52.229299363057315,40.828025477707,46.37898089171974,51.866242038216555,40.24437800597946,45.16594032852833,49.91507430997877,False
SEE,Sealed Air Corporation,6201483264.0,5359799808.0,1031699968.0,441200000.0,1596800000.0,4100100096.0,344000000.0,,0.07019,0.4739,331.321,0.913,0.485,332500000.0,628000000.0,14.073579,11.466315,5.0071397,1.1570363,1.858,9.652,1.9,0.2676,0.021,0.0485,0.031,0.09431,0.29792,0.11542,USD,Consumer Cyclical,Packaging & Containers,US,42.08,1.298,16100.0,44.27,22.78,41.9152,37.1625,3126324.0,4107930.0,1913019.322709164,3076710.0,3277798.888888889,31.20824284170094,4.69119578224633,0.7181737858761528,1.8340245959511003,17.64730976786588,47.92253759573679,42.08000183105469,-17.68145822312246,1.3207039996286896,2.060126029379334,0.0717806167672832,1.5697893352398953,15.759783372488856,0.0002526565208429,5359800000.0,44.73946145664525,61.813638561068686,32.031356474340896,0.0,55.60899645966708,56.52793797702712,31.31264422276902,66.7848755670326,49.40411155466892,0.0,90.0,37.05627466539225,65.0,70.0,90.0,50.0,30.0,40.0,32.5,90.0,48.90625,real_sec,332906.82037267083,8.231650729593817,19.24885266162537,0.4466730765956388,29.792157490968734,3.974120600147194,0.153166992340667,6.203589908408758,-4.946916647842792,3.763058852288188,15.002682989713788,19.65615221824465,3.812644561447868,22.402192462264463,3.168844891262636,3.759226075534484,21.191267464147725,9.686636660844938,14.46419387184174,14.939371727241236,12.715620914944358,3.641853358060996,22.134277224261098,22.548054336675342,95.22292993630572,51.7515923566879,,0.1171685552625774,19.248852661625374,0.0774059972928206,18.20376592995984,0.34708436,-0.2923179523550644,0.6103114847814588,-0.8955778074540247,-0.6437502733315259,0.2880453985499388,0.42222962110975004,-1.013352438996719,0.864751588960537,-0.03214405570918338,-0.4709457328275546,-0.31213882586848224,1.3489815189531904,-0.6521934432110111,0.0,0.3372453797382976,0.9909890344612758,-0.3372453797382976,-0.6440224473729895,-2.74065232648085,-0.9635582278237074,1.011736139214893,-0.7195385624862253,0.3,0.3,-0.07757339468155817,0.44000000000000006,0.44000000000000006,0.21548089052892658,0.9183333333333332,0.9183333333333332,1.0,0.25,0.4,0.35,47.943660734838005,0.4172931251206855,3.0,-0.22496942745869303,-0.06901013513592337,-0.6928174618216264,-0.0050057576078395855,-0.757140586292336,-0.3299249336212238,,-0.6260334519653576,-0.07104917189874589,-0.21946567164507452,0.187877720810526,0.6798438607422825,0.7262456225790854,-0.34346643051586295,-0.28847833643982895,41.751221727487895,0.4092624837798165,55.114371042149784,0.4522392936430956,0.03213103890543587,0.26289117921560207,-0.723672377355097,0.7393349549271109,0.39709100784618845,0.9217145774811785,0.24218516627426576,-0.2303905990697475,0.6571512628609621,50.63414172978356,51.2231096675976,59.4262078258935,62.86521621252254,51.76193274759186,55.3872558813749,52.6887489440136,71.42857142857143,57.14285714285714,52.38095238095239,73.80952380952381,33.33333333333333,54.93630573248407,52.617834394904456,57.73885350318471,61.410828025477706,52.45027947484727,57.57626550452565,61.47558386411889,False
HXL,Hexcel Corporation,6305581056.0,1893900032.0,326600000.0,109400000.0,434800000.0,1018700032.0,71000000.0,,0.047030002,0.07874,81.45,2.264,1.104,118425000.0,230500000.0,57.817516,25.947521,4.794214,3.329416,3.674,21.302,0.87,0.4964,0.037,8.166,7.0,0.05776,0.22958,0.13088,USD,Industrials,Aerospace & Defense,US,79.21,1.048,5563.0,95.22,45.28,85.01,71.2737,1320844.0,1273790.0,1071946.215139442,1305636.6666666667,1252783.3333333333,32.134300893551455,37.19334384025942,-11.229411515742516,3.2467975453582376,24.32121226381685,42.77454536928404,79.20999908447266,-18.653019288684025,1.27897318437171,2.086093757464242,0.0466644122039884,-0.0453261076897526,7.228792544605717,0.0002231221038621,,41.60284834041684,51.23621763482977,34.26852460775444,0.0,48.81226148810472,45.12320207505944,32.031356474340896,51.23621763482977,68.20391066190511,0.0,70.0,40.94462870735035,40.0,60.0,80.0,80.0,30.0,100.0,57.5,80.0,48.90625,real_yahoo,340445.8083767751,5.776440052354357,17.24483840126996,0.3866687200615183,22.957917136779475,3.119106037966932,0.2262687668198679,6.252969956124907,-16.813694601974383,4.384648195378833,14.04087909881907,18.078190449090098,4.566637236271308,21.36190404943033,3.834709902325476,4.454463568563388,19.89039671551124,8.624072553043334,13.884987379791845,14.082202112857525,12.738014176147754,4.280460300884885,20.741793173954523,22.564700960245464,84.39490445859873,14.331210191082802,,0.1217065294394588,17.24483840126996,0.0651555454850165,18.257089012163178,0.039653464,-0.47287992242275523,0.06276655545992126,-0.7842446649844043,-0.6437502733315259,-0.06268494059897284,-0.3154332267437103,-0.9744379569115739,0.0623977981052281,0.9379776195364046,-0.4709457328275546,-0.29183257780134314,0.6744907594765952,-0.44320360163681244,-3.0,0.0,0.6744907594765952,0.6744907594765952,-0.6440224473729895,0.6744907594765952,0.0,0.6744907594765952,-1.1467022452848115,0.3,0.3,-0.18709266790933016,0.44000000000000006,0.44000000000000006,-0.06268947751974073,0.9183333333333332,0.9183333333333332,1.0,0.4,0.3,0.3,39.586016148898445,-0.2943790356457961,-0.4505443349492294,-0.45534955270449606,-0.220868717441415,-0.9837458795357802,-0.15697445326149223,-0.7937548210634306,-0.19983976469023373,,-0.6047180880730854,-0.6397921903963135,-0.20757484114183614,0.925209216661398,-0.4228949999892938,-0.4198490846315167,-0.4435256187723645,-0.23111542789436484,43.881022215193966,0.31856231916858674,34.31834109603886,-0.17750312167129334,0.05978981813366025,0.1794771111086682,-0.3333420767320674,-0.921217323275642,0.4757222172283093,1.2055623034614626,-0.05885665176881655,-0.07693248281169959,0.27559238094706995,48.055414521166114,29.017274395567387,50.10750865770422,46.718378103074116,58.89534299323604,39.90531143882479,41.75110735200057,18.6046511627907,11.627906976744185,67.44186046511628,41.86046511627907,39.53488372093023,59.849863512283896,22.81847133757962,31.9140127388535,35.64331210191083,22.31574158325751,31.09621186724774,34.3312101910828,False
WOR,"Worthington Enterprises, Inc.",2584569600.0,1327719936.0,135092992.0,111816000.0,369620992.0,357679008.0,5979000.0,,0.02893,0.11394,35.677,2.363,1.234,2984625.0,216932000.0,90.11539274999996,12.990515,2.547484,1.9466226,2.188,21.508,1.46,1.7294825825000038,0.244,0.165,0.146,0.08422,0.27839002,0.08906999,USD,Industrials,Metal Fabrication,US,52.04,1.212,3400.0,70.91,43.35,53.572,57.41125,202731.0,419510.0,267871.9123505976,245010.0,205906.66666666663,36.73109793942092,36.91398317348344,0.2326324334078533,0.5605735605093587,-6.221934237817006,3.4268844756193184,52.040000915527344,-29.83470548779428,0.3032350394736002,0.3984909820885181,0.0017869251828874,2.278942972344526,24.285670214056413,0.0009917970868888,,36.13493563185106,64.56797644181754,39.11643690120454,0.0,36.69248075447949,27.56672954527337,36.995070155462194,57.2961080016424,74.42872221886783,0.0,30.0,31.889257414700708,40.0,30.0,10.0,70.0,60.0,52.693003,32.5,30.0,48.90625,real_yahoo,390505.8635294118,8.421655574206879,10.174810842035892,0.2710743754046681,27.83877698737816,2.6476503533210662,0.6064991099505621,0.2247932654375689,-26.611197292342403,3.971046345877607,12.235183127226351,15.603764055115075,4.275415337114403,21.006728974946807,3.792112708755589,3.999520930700628,19.72798869536121,8.131824785007195,12.498267939373966,12.409058386478163,12.875200824367116,4.067508508268361,19.695146519253196,21.67282483239833,20.063694267515924,14.331210191082802,,0.1633868665507482,10.174810842035892,0.0164412713826447,16.45027693163348,0.0,-0.7876452614148866,0.7528910181818107,-0.5429872905449785,-0.6437502733315259,-0.6880991762430171,-1.450992843021069,-0.7056790110367412,0.37510491592725115,1.259195127302452,-0.4709457328275546,-0.1569959262997497,-0.6744907594765952,-0.9299084107733232,-3.0,-1.011736139214893,-1.5409971654161694,0.3372453797382976,1.164231339289771,-2.0181786358893987,-0.9635582278237074,-1.011736139214893,-0.9053451868425609,0.3,0.3,-0.3191431796858085,0.44000000000000006,0.44000000000000006,-1.168041283150366,0.9183333333333332,0.9183333333333332,1.0,0.4,0.3,0.3,33.81976259470777,-0.850565073883694,-0.09157738853013686,-0.20714067642520387,-0.7566155847394701,-0.7759580263429765,-0.693109793047761,-0.9393523791511608,-0.5516419777469209,,-0.4089409597664047,-0.7752509442634575,-0.6326166760724398,3.0,0.20877094936180338,-0.5058826704706902,-0.8039189567942909,-0.32289203104036956,61.870325199145725,1.7439469272128116,37.122829834874345,-0.7795431690502957,-0.877406877505423,-0.23457635032573768,-0.5893987539407747,0.6718512936977873,0.3262140880639131,-0.09346816394966,-0.8284750232778594,-0.41198755213325616,0.3040005741500034,39.72187670064132,24.462946422034495,35.66099552652699,57.54157863733628,48.53012440071422,37.843002603610174,40.14206725790408,25.581395348837212,4.651162790697675,46.51162790697674,65.11627906976744,76.74418604651163,47.67970882620565,16.471337579617835,24.152866242038215,26.882165605095544,16.528012478876903,24.703318806570568,28.34748761500354,False
SLVM,Sylvamo Corporation,1688189184.0,3351000064.0,428000000.0,132000000.0,735000000.0,915000000.0,135000000.0,,0.05799,0.14562,94.72,1.503,0.772,-16500000.0,268000000.0,13.1882715,7.217905,1.7428012,0.5037867,0.737,5.767,4.21,0.5556,-0.082,-0.572,-0.593,0.039389998,0.21934,0.08989,USD,Basic Materials,Paper & Paper Products,US,42.73,0.87,6500.0,62.99,37.09,45.8304,46.36545,346027.0,452160.0,346096.4143426295,368620.0,347542.22222222225,40.17463639326877,37.233753757869664,-5.317973563210332,-9.718991478789665,-2.73671310142265,-35.19479203102944,42.72999954223633,-43.71819955426584,-0.7380502167216649,-0.9630639439381316,-0.0311084822804563,-0.3591887620281274,5.973061175309141,0.0009709392688317,,38.15570604610996,72.62441005370803,32.2236778149437,0.0,44.10624612046262,52.061334693693496,35.106707195834296,73.95525770392614,60.7418417481891,0.0,80.0,35.76547204163185,65.0,70.0,90.0,60.0,30.0,100.0,30.0,90.0,48.90625,real_yahoo,515538.4713846154,3.939122574722816,12.772306530161856,3.666926701621749,21.93375070016113,2.13785046728972,0.292896174863388,-0.492390321840352,-32.16383552944912,3.778034365424829,12.758644316747976,18.72078534381011,4.158726821151369,21.93252466509878,3.6399517804905126,3.846532564692177,20.41538105853765,8.77971129020447,12.75447555875655,12.817524294922723,13.1529691486342,3.8578930599685273,20.63443462433269,21.246922303261883,95.22292993630572,51.7515923566879,,0.079976125001948,12.772306530161856,0.1285714285714285,16.509373986667576,0.064713528,-0.6713177853977516,1.169935910634132,-0.8860068955080327,-0.6437502733315259,-0.3055283606880295,0.13332794670560782,-0.8079239169806365,1.234763156164823,0.5529142072052692,-0.4709457328275546,0.17977913557949235,1.011736139214893,-0.721571034071384,0.0,0.3372453797382976,0.9909890344612758,0.0,-0.6440224473729895,0.6744907594765952,-1.0599140506060782,1.011736139214893,-0.8468343847959549,0.3,0.3,0.057728521377790436,0.44000000000000006,0.44000000000000006,0.3351227852799108,0.9183333333333332,0.9183333333333332,1.0,0.5,0.25,0.25,43.96114719357404,0.042405339666167025,0.23149286324704646,-0.6277508193399842,-0.5597846436894397,-1.0273383143820334,-0.4961361289878644,-0.6042169927473349,-0.544742162780873,,-0.8007303881185035,-0.506460493752195,-0.7350079697617269,1.1159872960074277,3.0,-0.27176637331578485,-0.5447725176796261,-0.41807946214197506,39.0512646197311,1.9637930128040852,50.369994636762726,-0.7209736031256786,-0.8467531281217461,-0.5447508048797778,-0.05542690268847018,-0.09960764134253865,-0.24591934024206308,0.05476176519661504,-0.7838633656237124,-0.300088853784124,-0.11182149894060232,39.70676138296498,42.84911540439654,38.151901633094965,77.73116596515342,33.75078297935065,40.78692587827379,46.2491057968612,63.63636363636363,36.36363636363637,18.181818181818183,100.0,27.27272727272727,23.771610555050042,32.01910828025478,32.0063694267516,33.796178343949045,32.39958403743663,32.98692591350989,36.06510969568295,False
TROX,Tronox Holdings plc,1464329344.0,2897999872.0,279000000.0,-470000000.0,269000000.0,3441999872.0,206000000.0,,-0.00235,-0.29198,237.543,2.465,0.545,-221250000.0,60000000.0,29.427533,-1.0128824839999988,1.0265012,0.5052897,1.63,16.927,2.18,0.1558,0.08,-0.0349999999999999,-0.0349999999999999,0.0,0.092819996,0.0,USD,Basic Materials,Chemicals,US,9.18,0.905,5700.0,9.94,2.86,7.4258,5.13375,4074601.0,3786330.0,2619929.6812749,3841126.6666666665,4199341.111111111,72.71077264765017,85.91876559488796,23.078822230485585,59.030220558458744,101.91755645141417,42.09155881111904,9.18000030517578,-55.74763990222387,0.8736618924559173,1.2549514826195067,0.0102118216364008,-0.3308421820058821,10.7349477052424,0.0009917970868888,,25.76475237127116,70.24789639260425,27.470650492736137,0.0,27.470650492736137,33.50932245045203,32.61619000450224,55.98881442598153,53.61230076487775,0.0,50.0,30.589280056770715,65.0,80.0,70.0,80.0,80.0,74.18400000000001,40.0,80.0,48.90625,real_yahoo,508421.0301754386,-16.218082151799347,9.627329617770252,3.171218415092579,9.282264040072391,10.110675872502972,0.0174317263890938,-7.634575906565119,-7.645875251509048,2.3204250111223765,15.250438430772595,19.143386731608224,2.392425796993835,21.787286637021573,1.3506671834767394,2.1312984272200524,19.410221941283584,8.648396877031582,14.778658417858608,15.161276544647755,13.139067149725726,1.813806308421976,21.95931849783861,21.10466318961697,84.39490445859873,51.7515923566879,,0.0207039346618715,9.627329617770252,0.0564693002269929,16.99568528237984,-0.246489516,-1.3846142372204897,1.0469146171000159,-1.122542299406312,-0.6437502733315259,-1.1639711454764234,-1.0666235736448668,-0.9427723022876524,0.30764494859335734,0.18501015658167178,-0.4709457328275546,0.16060832290302443,0.0,-0.9997791219154138,0.0,0.6744907594765952,0.35799248449191456,0.6744907594765952,2.369733863731611,-0.7949314723080277,-0.6744907594765952,0.6744907594765952,-1.4758255067969712,0.3,0.3,-0.3786603953144334,0.44000000000000006,0.44000000000000006,0.2621795550018079,0.9183333333333332,0.9183333333333332,1.0,0.5,0.25,0.25,34.68593435984898,-1.8117527729834755,-3.0,-2.5191646163518127,-0.798102177026049,-1.5659432978896188,-0.7346264674509454,-0.8197163307404841,-1.3011041184863514,,-1.0791383861690782,-0.3585456427876262,-0.760578919565562,-0.17240926011660465,0.9796175316207697,-2.0229858817104036,-0.7729169059312379,-0.7902262439368102,22.34911837710107,0.3460027961652138,23.592639800975498,0.9815291170928894,-0.5945025790442369,-3.0,-0.11007314477569438,3.0,3.0,3.0,0.19351326902432625,-1.5550365723878472,3.0,48.34852915025118,28.06113750437128,37.10788749510286,66.49750356015161,42.91828355191967,27.815820739754308,38.386750791617004,9.090909090909092,4.545454545454546,36.36363636363637,81.81818181818183,9.090909090909092,26.43312101910828,11.77707006369427,16.11146496815287,20.44267515923567,11.010009099181072,14.361381159906136,17.229299363057322,False
IOSP,Innospec Inc.,1836667648.0,1778000000.0,199600000.0,116600000.0,492400000.0,52700000.0,292500000.0,,0.05467,0.09149,3.954,2.79,1.763,17500000.0,138300000.0,15.800857,11.759362,1.378737,1.0329964,0.897,7.993,2.36,0.3662,-0.024,-0.0349999999999999,-0.0349999999999999,0.06558,0.27694,0.10316,USD,Basic Materials,Specialty Chemicals,US,73.79,0.881,2450.0,95.55,65.51,77.2362,79.12915,229786.0,369840.0,178250.796812749,288436.6666666667,246104.44444444444,27.966185724334824,26.43990394117714,-0.5793590650815528,-3.2642867116108865,-4.987118674704416,-21.170612536051404,73.79000091552734,-29.61013379262656,-0.7257652657062384,-1.0970106853710166,-0.0840688079754247,0.2580808395444312,8.043981013116312,0.0008837584223608,,46.9022615812903,58.36532808708532,41.72973245935884,0.0,51.235787103773966,43.81599591891951,40.08774157849841,65.49486907039667,67.87138273150045,0.0,70.0,34.47142404541657,65.0,70.0,30.0,90.0,30.0,100.0,27.5,60.0,48.90625,real_yahoo,725714.2857142857,6.55793025871766,11.226096737907762,1.9456268430209944,27.69403824521935,0.2640280561122244,2.6242884250474385,0.984251968503937,-22.77341705913134,4.314684186203576,12.41351535902938,19.49397522805499,4.570061008874523,21.298754974600552,4.19735231229633,4.359732456039916,20.01480195430544,7.804251383528112,12.090952418521663,12.572234281505072,13.494913048451158,4.38363970797133,17.780126032486923,21.33121870628872,55.891719745222936,51.7515923566879,,0.0777840269966254,11.226096737907762,0.8473348783314021,16.392170105562126,0.0579863619999999,-0.16781440764052438,0.4318081494294348,-0.4129360877114734,-0.6437502733315259,0.0623756899355675,-0.3999838401168253,-0.5382271463666042,0.7981836827581543,0.9208182578288663,-0.4709457328275546,0.7458872420213352,0.6744907594765952,-0.7911230560323914,0.0,0.3372453797382976,-0.9080006154468081,1.011736139214893,-0.6440224473729895,0.6744907594765952,-1.1562698733884489,0.0,-0.5323388237954465,0.3,0.3,0.2736683318861468,0.44000000000000006,0.44000000000000006,-0.1222687905705606,0.9183333333333332,0.9183333333333332,1.0,0.5,0.25,0.25,45.99502980824485,-0.05961330358866902,-0.32052079611845014,-0.3820198733863954,-0.6769520868776597,-0.7821308683718597,-0.6133885308216152,1.544028158311374,-0.43308432373079286,,-0.811026913583328,-0.17833952154205993,-0.7180476460614396,0.5056263462077987,1.1723291771855109,-0.38504100381677686,0.3574489792882299,-0.37599045788814917,80.58128042207223,0.8056426201477691,51.872735663264095,-0.8466457993139748,-0.9075469933342817,0.5549173353017657,-0.0726014359158835,0.5589954907335536,0.11333247177825849,-0.040950227134248056,-0.8770963963241283,0.24115794969294108,0.20074656779109507,42.88245383794589,44.866613151004046,39.95284085306127,70.178889753555,49.9522807726245,41.093294141322495,52.538989801056566,68.18181818181817,40.909090909090914,50.0,90.9090909090909,95.45454545454545,26.956323930846224,44.283439490445865,46.93630573248408,47.30254777070064,44.68022877940986,48.09922896413007,49.79830148619957,False
CBT,Cabot Corporation,3965186304.0,3607000064.0,763000000.0,306000000.0,922000000.0,1126000000.0,230000000.0,,0.10221,0.21825,65.124,1.667,0.968,291624992.0,667000000.0,13.274476,11.069998,2.5173225,1.0993031,1.39,6.573,2.37,0.31120002,-0.111,-0.182,-0.215,0.086219996,0.25561002,0.15194,USD,Basic Materials,Specialty Chemicals,US,75.93,0.831,4064.0,83.71,58.33,73.0878,72.51995,472216.0,426130.0,411858.9641434263,431720.0,487184.4444444445,32.61651277227562,27.01490295791816,2.580388744570805,13.920062141356237,1.7539560117443065,-7.744263457909161,75.93000030517578,-29.590320555942885,-0.0703813373602422,-0.1138774856298442,-0.0127570892415872,1.4085210421568437,10.423505728215304,0.0004331249913155,,54.55549767457309,55.98881442598154,39.35321879825505,0.0,65.49486907039667,60.30667346846747,47.55929315249458,70.24789639260423,51.235787103773966,0.0,90.0,44.82380801513885,65.0,60.0,50.0,70.0,30.0,100.0,32.5,70.0,48.90625,real_yahoo,887549.2283464567,8.483504146674726,21.153312627166063,3.947061950110711,25.56140791906568,1.4757536041939712,0.5923623445825933,8.084973297078378,-9.293991159956985,4.342895917470844,13.09640011899648,19.25358987123529,4.43923365844346,22.006142256888328,4.083115080270552,4.3052508763718285,20.642055782605468,8.310169021981912,12.928438677699232,12.975534825252732,13.696220394050204,4.297556797960149,20.84193736755201,22.10081867831901,72.92993630573248,51.7515923566879,,0.1849182113017007,21.153312627166063,0.1696165191740413,17.258248144888725,0.150330595635,0.27275104789704935,0.30878685589531896,-0.5312037896606135,-0.6437502733315259,0.7981837911827627,0.6666397335280405,-0.13368199044555565,1.043453049840552,0.06237547304047252,-0.4709457328275546,1.181789313921571,1.3489815189531904,-0.23470688034433135,0.0,0.0,-0.27500406547744677,0.3372453797382976,-0.6440224473729895,0.6744907594765952,-0.9635582278237074,0.3372453797382976,-0.3750910432951923,0.3,0.3,0.6648369544507249,0.44000000000000006,0.44000000000000006,0.03737302721997158,0.9183333333333332,0.9183333333333332,1.0,0.5,0.25,0.25,50.53632555611526,1.4012199194037738,0.9721681279748503,-0.20133723071542986,0.07530450181345834,-0.8729341655810279,0.13941352254064093,-0.48154114314580915,-0.02263448282175699,,-0.30780586499336243,-0.3085462565460818,-0.4749122819465427,0.32838326261877754,1.1830353797168855,0.480847049506159,-0.14001607701826163,-0.0860052593770434,57.60153694536204,0.7129767153129262,59.79002673476614,-0.6717347598241128,-0.4583107471472934,0.13604219424412273,0.005464624208722507,0.9981575717235528,1.0697679225844912,0.24575439906797825,-0.5650227534857031,0.07075340922642262,0.8010807602712557,46.00357816139644,67.48549905074248,51.13074343710985,68.0166506566599,45.390911313281535,37.496104733122884,61.97381580734961,86.36363636363636,81.81818181818183,40.909090909090914,86.36363636363636,63.63636363636363,39.422202001819834,60.15605095541401,61.092356687898096,61.67515923566879,60.58429741323281,62.24606101240362,64.17551309271055,False
NGVT,Ingevity Corporation,2508899840.0,1167600000.0,358100000.0,-150300000.0,461500000.0,1242700032.0,78100000.0,,0.08908,-0.7025134,588.2596750000002,1.331,0.691,306487488.0,331200000.0,29.427533,11.8879595,31.54903395,2.1487665,3.146,10.258,1.23,0.0,-0.1439,-0.0349999999999999,-0.0349999999999999,0.0,0.39526,0.1521,USD,Basic Materials,Specialty Chemicals,US,71.09,1.275,1500.0,77.46,28.49,69.5648,57.4845,346470.0,360380.0,278542.03187251,395513.3333333333,339784.44444444444,50.53065403949464,36.26467478388983,5.804425888933995,18.30586812676018,26.24754857777372,79.79260164855893,71.08999633789062,-24.43095986618267,1.484715984863623,2.125612249154667,0.1318235759669748,0.7068684888761925,8.369572745711501,0.0009917970868888,,65.85313190751434,39.35321879825506,60.7418417481891,0.0,67.87138273150045,52.0613346936935,45.06877596116253,53.61230076487775,25.094136831632355,0.0,80.0,34.47142404541657,65.0,90.0,80.0,90.0,30.0,100.0,30.0,90.0,48.90625,real_yahoo,778400.0,-12.87255909558068,30.669749914354234,1.2776793599051255,39.52552243919151,3.470259793353812,0.2665164492407448,26.24935662898253,-8.223599277046201,4.277915338416487,12.736069651647536,18.17350062761401,4.362588940781406,20.87821619780069,3.3840512228271846,4.256531436595674,19.949992614074027,7.313886831633462,12.537327839420788,12.887942306578246,13.564997094539644,4.068761761865476,20.940552295331305,21.64311018364548,95.22292993630572,51.7515923566879,,0.2836587872559095,30.669749914354234,0.0591308283675147,16.80127097974727,-0.82361503,0.9231095775001334,-0.5523621988434935,0.5332055278816439,-0.6437502733315259,0.9208184747239612,0.1333279467056083,-0.2685303757525716,0.18501026505215842,-1.2866060459127175,-0.4709457328275546,0.8877961007829743,1.011736139214893,-0.7911230560323914,0.0,1.011736139214893,0.6744907594765952,1.011736139214893,-0.6440224473729895,0.6744907594765952,-1.0599140506060782,1.011736139214893,0.5683956397063323,0.3,0.3,0.2976282632873667,0.44000000000000006,0.44000000000000006,0.48710620285869655,0.9183333333333332,0.9183333333333332,1.0,0.5,0.25,0.25,60.87263687234956,0.9977546224350997,-3.0,-2.2052436857166584,0.7964334396760148,-0.27843390635929505,0.861065354273258,-0.8117615370956603,-0.02128819388068576,,0.1559894818640103,-0.6250007052998566,-0.6412602435592576,-0.6744907594765952,-0.037471708859810764,-0.8101667842352835,0.10829325315724475,0.03048209291372827,31.190692727785162,-0.38783218669904224,38.635209739096545,-0.7715540575462576,-0.6953456296169365,-1.477562262576963,-0.6877619896977781,1.4462549981011885,1.3138702950799268,1.287491307147332,-0.733449843581597,-1.0826621261373706,1.3456720096065269,39.20338728611037,71.61751707156645,53.91343752151157,41.914030278990396,27.874814644625225,50.4909037842994,55.683931803154245,36.36363636363637,90.9090909090909,9.090909090909092,36.36363636363637,18.181818181818183,39.490445859872615,65.0031847133758,47.16878980891719,37.757961783439484,66.10230079292865,49.0646999664767,40.71479122434536,False
AVNT,Avient Corporation,3216263168.0,3260199936.0,543100032.0,81900000.0,1058200000.0,2000400000.0,510500000.0,,0.037720002,0.03545,83.829,1.655,1.117,335049984.0,301600000.0,39.404495,10.365037,1.3530614,0.9865233,1.446,8.682,3.11,1.2162,0.019,-0.653,-0.65,0.025120001,0.32458,0.13069001,USD,Basic Materials,Specialty Chemicals,US,35.07,1.413,9000.0,44.85,27.48,37.7838,34.19955,875901.0,870430.0,625183.8645418327,794066.6666666666,831990.0,35.51247533763171,37.2147171785375,-9.444089293225,11.488585365309412,9.466790865858332,-4.3876043002432645,35.06999969482422,-28.48177217344581,0.1528790213802746,0.2220471559935605,-0.0059584717614899,0.2564659226910727,6.7256347827534455,0.0007168507651554,,53.46217823267554,63.11835540929289,46.4827597815664,0.0,58.36532808708532,68.55201224324148,25.144638430506067,72.62441005370802,72.62441005370802,0.0,90.0,33.177376049201285,65.0,60.0,30.0,50.0,30.0,100.0,37.5,60.0,48.90625,real_yahoo,362244.4373333333,2.512115870429856,16.65848851792628,3.5675660906056965,32.45813204015718,3.683299359481533,0.1507698460307938,10.276976583561286,-21.80602006688963,3.585461494915448,13.631576902437146,20.050901197527857,3.825375198702474,21.905054360812496,3.349202086543775,3.6580026336678766,20.779835189379305,9.105090961257083,13.345802668250224,13.58492395910014,12.80007726475049,3.561033298431425,21.41661299800892,21.891486016071863,55.891719745222936,51.7515923566879,,0.0925096637999565,16.65848851792628,0.2033135529093153,16.903147178483767,0.0,0.20981312567739557,0.6778507364976673,-0.17640068381319443,-0.6437502733315259,0.4302797405591649,1.199951520350475,-1.347317458208701,1.1660877333817514,1.1660876249112648,-0.4709457328275546,-0.23311801732261445,1.3489815189531904,-0.8606750779933988,0.0,0.0,-0.9080006154468081,-0.3372453797382976,-0.6440224473729895,0.6744907594765952,-0.770846582258966,0.0,0.0966522982055699,0.3,0.3,0.19031168564591017,0.44000000000000006,0.44000000000000006,-0.19712751806332,0.9183333333333332,0.9183333333333332,1.0,0.5,0.25,0.25,51.7668222189957,-0.5804614358573998,-0.8920124914970283,-0.761651338065021,-0.26530066774289135,-0.5793238765676122,-0.20143862137205604,-0.38082721653888707,-0.2014383986646968,,-0.7418589776775872,0.2758215701519684,-0.5604598992305843,3.0,1.9752943670386005,-0.6314412706569509,-0.28216348919713,-0.26604010388527555,41.56077987986443,2.5388824651673705,56.15037342337877,-0.5120105493904108,-0.6425022609849724,-0.1248097233856996,-0.9032243156416907,-0.6730817536952504,0.9344383499413187,0.5737889538925304,-0.5772564051876916,-0.5140170195136952,0.3439875000357115,41.32720796031731,59.11755710863143,47.7728810621317,60.53410473100307,24.78672438331773,52.84694086126949,47.82157679791004,77.27272727272727,68.18181818181817,4.545454545454546,72.72727272727273,31.818181818181817,22.474977252047317,52.321656050955404,44.738853503184714,42.93630573248409,53.00597946184844,46.104592691920885,45.61924982307147,False
KWR,Quaker Houghton,2090090112.0,1888633984.0,286785984.0,-2468000.0,685393984.0,905852992.0,179844992.0,,0.04468,-0.00176,65.808,2.423,1.57,91071128.0,136452992.0,29.427533,12.789031,1.5218681,1.1066676,1.493,9.831,1.69,0.3561,0.055,0.486,0.459,0.0,0.36290002,0.09,USD,Basic Materials,Specialty Chemicals,US,120.57,1.424,4700.0,183.01,95.91,145.8786,136.7164,163368.0,185410.0,137613.74501992032,194520.0,153600.0,38.48926442969642,41.81314475598667,-10.880326943454277,-12.959043686616775,-8.422163349257927,-1.4915934669613606,120.56999969482422,-36.45677952609788,0.1980742898695239,0.3313234658949839,-0.065598695855448,0.857639012369176,4.869655096731698,0.0009328067625279,,50.54665972094877,53.61230076487776,55.98881442598153,0.0,46.4827597815664,45.877330612613,27.635155621838127,63.11835540929288,55.98881442598153,0.0,50.0,28.001184064340137,65.0,70.0,50.0,80.0,80.0,93.554,30.0,60.0,48.90625,real_yahoo,401837.01787234045,-0.1306764582713343,15.184836576571946,2.066691212548978,36.29046124375998,3.158637599248923,0.150634808523103,4.822063394576722,-34.11835418829572,4.800490228567703,11.942113610091182,19.007605887851817,5.214990103958283,21.35911964544231,4.573782712746459,4.989606395236341,20.34550439146899,8.45553053102413,11.832213357315313,12.17829540536406,12.903804345782708,4.9251964981344765,20.62438759145988,21.460473018261595,55.891719745222936,51.7515923566879,,0.0722495693480013,15.184836576571946,0.1656491903368957,16.624436648024638,-0.001133264,0.04197866642498679,0.1857655623612031,0.2966701239833642,-0.6437502733315259,-0.18289367714683066,-0.2666558934112175,-1.2124690729016847,0.6755489992169548,0.3076448401228707,-0.4709457328275546,-0.12647548630842925,0.0,-1.1388831658374292,0.0,0.3372453797382976,-0.27500406547744677,0.6744907594765952,2.369733863731611,0.3075905539419004,-1.0599140506060782,0.0,-0.2178432627949383,0.3,0.3,-0.18807996966895651,0.44000000000000006,0.44000000000000006,0.020820114169205733,0.9183333333333332,0.9183333333333332,1.0,0.5,0.25,0.25,47.62371161769392,-0.36659108856331174,-1.2714772663906202,-1.009632838524033,-0.3769698804091306,-0.41619272664992524,-0.3131888058918874,-0.4933987229099159,-0.5438165891338866,,-0.8370228699569412,-0.41303457391857135,-0.6890998316338575,0.47307805902207406,0.4550136075834175,-0.7284569051901084,-0.39428326855000023,-0.42678235314279,49.97406503466796,0.4649490558746786,36.994312966044994,-0.8770722567966264,-0.7870699174672862,-0.3929420370881511,-0.9203988488691038,-0.8726993033440217,-0.42625208491244276,-0.18704610134041852,-0.8320710871319563,-0.6566704429786274,-0.48842445537030915,36.268369275404936,47.37545447357504,51.436295640472345,53.89589062564679,57.939935419520864,54.633658091213476,44.67663479581236,31.818181818181817,45.45454545454545,68.18181818181817,54.54545454545454,45.45454545454545,46.201091901728844,44.79936305732484,43.68152866242038,41.19426751592357,45.5901468867802,45.66208514917868,45.09907997169144,False
STLD,"Steel Dynamics, Inc.",26107807744.0,18176581632.0,2027376000.0,1185595008.0,2392183040.0,4382816768.0,769878016.0,,0.05884,0.13284001,49.077,3.055,1.156,-109405624.0,1449533952.0,22.581453,11.43021,2.9159048,1.4363431,1.634,14.647,1.13,0.25030002,0.14,0.347,0.283,0.06523,0.13161,0.07028,USD,Basic Materials,Steel,US,180.2,1.4,14400.0,208.47,103.17,184.5702,155.9829,1316793.0,1301880.0,1402513.9442231075,1215203.3333333333,1289287.7777777778,35.64335241767731,36.69914602318941,-4.8543539920472885,2.668232911857249,25.554190701052782,43.40350555510695,180.1999969482422,-20.327535896201752,1.2151595733428646,2.071983236398605,0.0702962718400629,0.8425972682731295,4.495827625189175,8.634517122581795e-05,389400000.0,32.68910883662225,46.4827597815664,29.84716415383992,1.0,36.976705137151264,54.12266938738699,52.540327535158696,48.85927344267019,65.49486907039667,1.0,40.0,40.941664026493,65.0,50.0,70.0,70.0,55.0,90.0,47.5,60.0,48.90625,real_sec,1262262.6133333333,6.522651134318632,11.153780402970767,19.890239110000877,13.160797164349896,2.1618174270584243,0.3307311322214965,-0.6019042865980402,-13.560704178059202,5.199601393608879,14.06960128924081,20.461742640781797,5.344580531017675,23.623399879028177,4.646024179996357,5.2234332471160805,21.59547219226432,9.575052927597383,14.153777571739765,14.010422796199848,14.048417185636929,5.056136882218947,22.2009574525811,23.985500253857428,55.891719745222936,51.7515923566879,,0.0797473354092105,11.153780402970767,0.1494126953512952,19.347844207865613,0.0995901528401998,-0.9860073964960185,-0.18329831824114554,-1.0042745974571723,1.553397398691291,-0.6734324113116273,0.2666558934112161,0.1360147801684766,-0.06025910203023973,0.7981835742876677,2.1233869006435357,2.1910790150695876,-0.3372453797382976,-0.4433629462273536,0.0,-0.3372453797382976,0.35799248449191456,0.3372453797382976,0.8628557081793109,0.10530024515035424,-0.385423291129483,0.0,0.41114785920607827,0.3,0.3,0.916464441868631,0.44000000000000006,0.44000000000000006,-0.049801964867540224,0.9183333333333332,0.9183333333333332,1.0,0.5,0.25,0.25,59.652076718006825,0.06852457061996554,0.10116348865708806,-0.38533022437702763,-0.682432015997083,-1.4008113914388478,-0.6188724334625468,-0.5419264709953998,-0.7097467011208934,,-0.8018050380027644,0.8161858036748636,2.05438400169041,0.13212675869693263,-0.14453373417355614,-0.3112115723994436,-0.5842467503523308,-0.48434993994904846,70.18524321653628,0.007629536905212689,48.530953255706436,0.07000511306427443,0.6255665118913157,-0.136598390032186,-0.882927140009293,-0.03517081032783366,0.4435208384738553,1.2580021054820156,0.34778581247779505,-0.5097627650207395,0.5442577239357967,49.59769231901477,76.34081477065209,67.24973466141908,49.713596165870996,71.54077434956221,49.0023526252122,66.69122881049613,59.09090909090909,100.0,90.9090909090909,45.45454545454545,90.9090909090909,62.03366696997269,80.98407643312102,78.68152866242039,74.2484076433121,81.47991680748734,79.83908816627557,76.1995753715499,False
RS,"Reliance, Inc.",15967393792.0,14294299648.0,1325900032.0,739400000.0,4119399936.0,1739500032.0,216600000.0,,0.06421,0.10293,24.229,4.883,2.108,305600000.0,831400000.0,21.82845,15.96663,2.2034302,1.1170462,1.212,13.071,1.64,0.3433,0.119,0.151,0.106,0.05173,0.28818,0.05499,USD,Basic Materials,Steel,US,305.38,0.874,15700.0,365.59,250.07,318.8798,299.8651,370259.0,323580.0,372034.4621513944,366203.3333333333,352540.0,26.668114629372592,22.54445407170284,-1.4585314948995065,3.648085740020601,7.841853949809274,5.659944641650028,305.3800048828125,-22.29706650655972,0.4068163900155879,0.4942144330562733,-4.724758035220839e-05,-0.0824574394051118,11.23193566139781,0.0001146007565644,,36.33350697628073,51.23578710377397,44.10624612046262,0.0,32.2236778149437,52.0613346936935,50.04981034382664,58.36532808708532,70.24789639260423,0.0,70.0,46.11785601135414,65.0,80.0,90.0,50.0,30.0,84.559995,40.0,90.0,48.90625,real_yahoo,910464.945732484,5.172691339959799,9.27572574138331,15.641942124485013,28.818480355393767,1.3119390527324462,0.4779534261026101,2.137915165663666,-16.46926885308678,5.72482616158455,12.772922206527475,19.19356289714797,5.90424405734671,23.38312666879577,5.525731784712892,5.767945300229031,22.138973343341164,9.66147968357552,12.826744457075788,12.810946744394844,13.72171177572874,5.706661991531973,21.27686357152724,23.49381459192964,95.22292993630572,51.7515923566879,,0.0581630454428263,9.27572574138331,0.1107305334372593,18.54829868071363,0.067594131,-0.7762143224305069,0.06274426882708688,-0.2946683857623339,-0.6437502733315259,-0.9187017783940254,0.1333279467056083,0.001166394861460659,0.43027963213455656,1.0434529413700655,-0.4709457328275546,1.2435127496962124,0.6744907594765952,-0.16515485838332356,0.0,0.6744907594765952,0.9909890344612758,-0.3372453797382976,-0.6440224473729895,-0.20433967923837792,-0.6744907594765952,1.011736139214893,-1.161329945796463,0.3,0.3,0.38934131303434694,0.44000000000000006,0.44000000000000006,0.4120979438176198,0.9183333333333332,0.9183333333333332,1.0,0.5,0.25,0.25,42.80442808452467,0.23353665323396258,-0.20385653853224514,-0.5120011896771894,-0.8247457330413475,-0.7342813598101524,-0.761289342829794,-0.6575399830514813,-0.8384014380519955,,-0.9031888222767366,-0.3364625805309441,0.8960698701485437,0.4318287445688783,0.4014825949265448,-0.33335749184929336,-0.7146021309295534,-0.5611577807899824,84.03151443392224,0.41817297722982827,41.178224998474136,-0.7015528313418444,0.21084080016142243,0.6718402328527933,-0.061672187498438655,0.4368024496786835,0.498056857816035,0.5046787670473121,-0.245356015590211,0.3050840226771773,0.48166710814421265,49.25011428385672,74.75517296373414,48.58421979420426,56.850481470796424,67.8749055156815,34.70014852750757,65.11875780944729,40.909090909090914,95.45454545454545,86.36363636363636,63.63636363636363,100.0,46.13284804367606,45.433121019108285,55.40127388535032,57.67197452229299,45.274925256726895,55.51793496480054,58.17055909412598,False
RPM,RPM International Inc.,12561588224.0,7582175232.0,1119517056.0,664006976.0,3122643968.0,2868122880.0,316592000.0,,0.07858,0.22830999,91.61,2.219,1.226,414667264.0,823891008.0,18.876686,16.652445,4.009577,1.6567262,1.992,13.488,2.2,0.39880002,0.035,-0.116,-0.12,0.087919995,0.41184,0.11547,USD,Basic Materials,Specialty Chemicals,US,97.97,1.093,17800.0,129.12,92.92,107.4616,111.8843,1076477.0,1063350.0,776638.2470119522,953633.3333333334,1054343.3333333333,25.64835724509042,27.50358200447539,-6.6151960720146175,-5.124253075895801,-14.922849265296566,-15.068577773871096,97.97000122070312,-26.59028393705089,-0.3961672584813317,-0.5920146607890768,-0.01797757553681,0.4287872805448823,6.1876082687814105,0.0001368265746807,8086400000.0,59.65765507009495,44.10624612046262,63.11835540929288,1.0,55.98881442598153,74.73601632432195,30.125672813170183,67.87138273150045,58.36532808708532,1.0,60.0,40.941664026493,65.0,70.0,40.0,70.0,30.0,90.0,55.0,60.0,48.90625,real_sec,425964.9006741573,8.757473359328449,14.76511715628996,8.297009932434271,41.18401213969727,2.561928703657017,0.2872579183218259,5.468974948639119,-24.124845105328387,4.5948167739086,13.868429646698353,19.573124439773,4.86845710160515,22.749065965485432,4.5424433560797866,4.686396193286403,21.861945905866687,9.787009914477434,13.562731231974109,13.768035578560086,12.96211457668188,4.726363400369691,21.7769236043029,23.25390944102724,55.891719745222936,51.7515923566879,,0.1086615625187386,14.76511715628996,0.0994098410467438,18.14739126687353,0.1372599614218002,0.566461351588765,-0.3063196117752614,0.6514732298307834,1.553397398691291,0.30764505701796563,1.599935360467299,-1.0776206875946688,0.9208183662993529,0.4302795236640699,2.1233869006435357,-0.0614870855785408,0.3372453797382976,-0.4433629462273536,0.0,0.3372453797382976,-0.5915023404621275,0.3372453797382976,-0.6440224473729895,0.10530024515035424,-0.09635582278237075,0.0,1.6691301032081114,0.3,0.3,0.4083017201508436,0.44000000000000006,0.44000000000000006,-0.06032020589720085,0.9183333333333332,0.9183333333333332,1.0,0.5,0.25,0.25,70.13421270958636,0.6751052988881779,1.0747591476142424,-0.17562983944763647,-0.4087750413758002,-0.20785162415706115,-0.34501702892531455,-0.6913753464699656,-0.32950421832713905,,-0.6659917326641821,-0.1281484709865896,0.5070332156912276,0.610683258407835,1.0010299366835187,0.2997999730452118,-0.5008782718204075,-0.2982996204969012,64.59431925982909,0.7863392636318927,54.71529697795946,-0.39861107463812134,0.002889399151308015,0.7636942065157669,-0.4036015308442126,-0.2799039721868145,0.009811658546972577,-0.4635267535074389,-0.19786083774340665,0.18004633783577717,-0.219104554289487,47.15539603410583,70.05140217978459,50.701884714074716,47.1882534345437,51.43767706299766,65.52496537699224,60.40134480630077,72.72727272727273,86.36363636363636,54.54545454545454,40.909090909090914,77.27272727272727,40.99181073703367,82.73566878980894,69.22292993630573,60.84394904458599,83.54023137917589,70.58665772712035,62.791932059447994,False
FMC,FMC Corporation,2219549440.0,3467399936.0,413800000.0,-1304228651.52,1172300032.0,4198799872.0,584499968.0,,0.01407,-0.66613,200.048,1.321,0.785,94775000.0,-80200000.0,29.427533,7.9060006,1.0705024,0.64011925,1.69,14.16,1.8,1.7294825825000038,-0.115,-0.0349999999999999,-0.0349999999999999,0.0,0.33808997,0.09498999,USD,Basic Materials,Agricultural Inputs,US,17.75,0.523,5500.0,44.78,12.17,15.0234,25.22135,4339868.0,4927030.0,2670849.6015936253,3874406.6666666665,4337315.555555556,60.45111742501662,60.7143669953658,23.078822230485585,24.37152773601372,-42.92865333480681,-56.513908578084525,17.75,-70.30162104427026,-0.7745379291199581,-0.7383067526390664,-0.1392190485172821,-3.449688002543397,56.16286678768563,0.000258524966257,184992000000.0,49.81778009301708,67.87138273150046,51.235787103773966,1.0,48.85927344267019,50.00000000000001,37.59722438716636,60.7418417481891,73.95525770392614,0.0,60.0,43.52976001892357,65.0,0.0,70.0,80.0,30.0,86.0,62.5,40.0,51.25,real_sec,630436.352,-55.926876094528744,11.93401417885935,3.7943005573514497,33.809195755836804,10.110675872502972,-0.0191006960190742,2.7333160797520417,-60.36176864671729,2.93119375241642,15.282766409675585,20.18626728583961,3.823847314524421,21.966670852346827,2.5779415157551897,2.774050153828231,20.882233496191848,8.612685172875459,14.797907557017323,15.169903348870218,13.354169067039557,3.26657396442431,22.15806457687918,21.520570057728044,30.095541401273884,51.7515923566879,,-0.0231297229856094,11.93401417885935,0.1221959708885822,17.674292719619796,-0.0,2.0051611884794865e-05,0.9238933235658996,0.06013472008508488,1.553397398691291,-0.06025899360563139,0.0,-0.6730755316736201,0.5529143156757559,1.2347630476943363,-0.4709457328275546,0.4892563313111136,0.3372453797382976,-0.30425890230533875,0.0,-2.023472278429786,0.35799248449191456,0.6744907594765952,-0.6440224473729895,-0.12237596058014212,0.1927116455647415,-0.6744907594765952,1.5118823227078575,0.3,0.3,0.22002032349941694,0.44000000000000006,0.44000000000000006,-0.4946641590451132,0.9183333333333332,0.9183333333333332,1.0,0.5,0.25,0.25,65.21601822025127,-1.3071906879700992,-3.0,-3.0,-0.6233080878807793,-0.5218109383840346,-0.5597056343172736,-0.6232720045979351,-0.5018292869272921,,-1.2850298979024992,0.429986277730882,-0.6743120162850829,3.0,0.5727818354285374,-1.8536403834070845,-0.5883105009435714,-0.5219891892465417,18.447511157291387,1.9077518259428419,31.688641178508554,1.0196547369950475,-0.24250767339198806,-2.3711414575731005,0.486351554576295,3.0,1.6514688815874319,-1.654641517950392,0.3885735318015297,-0.9423949514984027,1.0641950972498553,48.70984805035774,54.393448050010974,25.66930114056901,62.84909127665002,36.20225738892575,66.95873455776584,50.96651880000773,18.181818181818183,59.09090909090909,22.727272727272727,77.27272727272727,4.545454545454546,16.65150136487716,62.627388535031855,38.898089171974526,28.866242038216562,62.86559209671131,38.26349312772377,26.411889596602975,False
CELH,"Celsius Holdings, Inc.",8785323008.0,2515269120.0,569673984.0,63837000.0,1289032960.0,695142016.0,398865984.0,,0.09806,0.05185,23.633,1.679,1.07,78625752.0,359441984.0,90.11539274999996,16.608755,7.410307,3.4927964,4.299,18.983,2.55,0.0,1.172,0.146,0.145,0.042940002,0.51248,0.14220001,USD,Consumer Defensive,Beverages - Non-Alcoholic,US,34.08,1.123,1497.0,66.74,32.36,45.608,49.6697,5620524.0,8112360.0,6906240.6374502,7028863.333333333,5490778.888888889,61.41082712355885,64.7981333548529,-21.995873421198564,-28.6282684166394,-42.139217405485205,-7.265301139987246,34.08000183105469,-47.872338798752665,0.1954425811781682,0.2505232526594373,-0.0871520839821975,0.4726153891772695,9.77223535484346,9.287203876066998e-05,,58.4156264299484,50.04179197246248,58.40018646495962,0.0,56.310587841835336,43.98070734571154,52.13139059558677,35.4146016105925,31.23540436434393,0.0,30.0,32.67713491156633,65.0,60.0,80.0,20.0,80.0,64.645,70.0,60.0,48.90625,real_yahoo,1680206.492985972,2.537978918136601,22.64862950331136,0.2043409146186888,51.24831175122922,1.2202453254386283,0.5170770514898642,3.125937951323475,-48.93617021276596,3.5576311675039825,15.518580859660592,19.804136041241776,4.215676847389625,21.64564564113517,3.507357577490546,3.841772200217079,20.97715813156179,7.311886164077165,15.747936145814627,15.765535704980644,14.334427851482737,3.925328098807177,20.35962672366148,22.896348326150857,55.891719745222936,51.7515923566879,,0.1429039863535556,22.64862950331136,0.3645914691665874,19.276646707227904,0.05185,0.4949628499134869,0.0009365763524075167,0.4166725604355464,-0.6437502733315259,0.3242494560041993,-0.3893302396121044,0.11387299926224942,-0.7540413858974133,-0.969699641063301,-0.4709457328275546,3.0,-0.6744907594765952,-0.887561857071412,0.0,0.0,0.6744907594765952,-1.3489815189531904,2.369733863731611,-1.33788230392383,0.4817791139118537,0.0,0.5621057284863225,0.3,0.3,0.8468968513272268,0.44000000000000006,0.44000000000000006,0.0019243443983842131,0.9183333333333332,0.9183333333333332,1.0,0.3,0.35,0.35,60.56483437223229,1.2736966153352285,-0.7247665278244966,-0.7592245271093856,0.1886154224995362,0.22058027456627002,0.252806605490257,0.10120133080619137,-0.1045897379663983,,-0.50515130119788,0.04325355833202058,0.07567988190744351,-0.6744907594765952,1.3757470252816268,0.04516872841234012,0.18458423188242748,-0.1681237204860293,44.15681438525654,0.24811624366460472,47.244231471477896,3.0,0.5886362394770089,-2.457586675556054,-0.4504411669189762,-2.4176094723123205,-1.298359730460834,-1.621066020933314,1.7943181197385045,-1.454013921237515,-1.730946540158024,50.45977030336108,61.24423766190786,45.19590609739482,44.929783826362964,65.02667140073179,66.14811842647597,59.77235640588123,48.0,76.0,80.0,48.0,36.0,55.41401273885351,70.25955414012739,59.73248407643313,53.0812101910828,70.46503314701678,59.70834730137446,52.291224345364476,False
FLO,"Flowers Foods, Inc.",1743207552.0,5256479232.0,514752992.0,83825000.0,2568893952.0,1465965952.0,252683008.0,,0.06024,0.06178,111.007,0.747,0.399,221076128.0,446203008.0,20.599998,9.810107,1.2243685,0.4929727359999999,0.562,5.744,6.0310000000000015,1.7294825825000038,0.068,0.146,0.145,0.01595,0.48871,0.0828,USD,Consumer Defensive,Packaged Foods,US,8.24,0.393,10300.0,18.86,7.86,9.7804,12.4264,5130290.0,5140170.0,2625852.390438247,5483540.0,4856060.0,25.90678778948466,29.752308598100125,-8.260962769431323,-21.52444606275108,-33.39147009981952,-52.8024743852056,8.239999771118164,-54.03857645861041,-1.990153461204878,-2.881866181667193,-0.1672812851281086,-0.5515140718638099,2.658498234913434,0.0003480812616656,,43.68828017753869,74.07217613839174,54.220989218711054,0.0,37.50420023371679,45.485530509283656,29.14580574121965,74.07217613839174,74.07217613839174,0.0,60.0,35.15182992419971,65.0,90.0,90.0,70.0,55.0,84.195,35.0,90.0,48.90625,real_yahoo,510337.7895145631,1.5946985862646703,9.792733296962828,0.4270373159676142,48.87099974373113,2.847901760229108,0.3043747417129644,4.205783343614283,-56.30965005302227,2.2235418856535927,15.395738173421815,19.34764633226644,2.9887076586170265,22.382727292244684,2.1815467646169897,2.3777296705438413,21.666741274735955,9.239996256883693,14.780916502293277,15.517261618130831,13.142830077321278,2.597222918011832,21.10578021572099,21.27899267442146,95.22292993630572,51.7515923566879,,0.0848862876283499,9.792733296962828,0.1470242113898582,16.889916511603086,0.0,-0.35283015313358557,1.2448801701129057,0.20869393090121116,-0.6437502733315259,-0.6462122041251044,-0.2919976797090782,-1.1306753273811025,1.2407964710350443,1.2407963625645575,-0.4709457328275546,0.1657711100840198,0.3372453797382976,-0.7545528478469675,0.0,1.011736139214893,0.9909890344612758,0.3372453797382976,0.8628557081793109,-0.225114848416029,-0.8672024050413367,1.011736139214893,0.28534963480587494,0.3,0.3,-0.02532844091892198,0.44000000000000006,0.44000000000000006,0.49936857277185426,0.9183333333333332,0.9183333333333332,1.0,0.3,0.35,0.35,56.068175580932554,0.11154448042622171,-0.6235011364057014,-0.8477354817957248,-0.7855683499335002,0.11938963234991862,-0.722083552023411,-0.5490651883164489,-0.6043995914820839,,-0.7776668141375872,-0.2612905699580801,-0.7287233591481531,3.0,3.0,-0.44271096710572316,-0.6442252883552781,-0.4361765401272304,26.79687541331101,3.0,45.704041632573805,0.98596366759767,-0.6493650318371798,0.7404162457141337,0.6893233109002704,-0.5086432169625165,-0.9029797487331338,-1.2490156078998893,0.1682993178802451,0.714869778307202,-0.8884895469519752,51.67290330074856,53.83662877530926,32.757366937122754,80.5754839881018,45.64952131919324,65.10181309903592,40.399513672959515,44.0,60.0,44.0,100.0,8.0,34.32666060054594,55.16242038216559,42.46496815286624,40.05095541401273,54.95580397764201,41.26382836071069,37.246992215145085,False
INGR,Ingredion Incorporated,7163658240.0,7218999808.0,1262000000.0,729000000.0,1828000000.0,1971000064.0,1033000000.0,,0.08474,0.18101,45.816,2.663,1.685,357875008.0,944000000.0,10.22557575,9.396651,1.6614115,0.9923339,1.117,6.39,2.91,0.2898,-0.024,0.801,0.737,0.10098,0.25322,0.13261,USD,Consumer Defensive,Packaged Foods,US,112.76,0.692,11200.0,141.78,102.31,115.083,119.6131,676327.0,755110.0,512243.02788844623,678910.0,685997.7777777778,21.482997706730607,15.814186187734974,0.6974711781294607,3.45818959356008,-4.316203360581151,-14.354760947240695,112.76000213623048,-23.93892193262224,-0.7777232748112661,-1.047693265132248,0.0163912772738469,2.7521832435921687,36.67798172486328,0.0001455948197302,,42.98697797504298,66.75858095745676,33.32500298746821,0.0,52.13139059558677,59.02893898143269,35.4146016105925,64.66898233433247,52.13139059558677,0.0,60.0,35.15182992419972,65.0,90.0,70.0,40.0,30.0,97.088,37.5,80.0,48.90625,real_yahoo,644553.5542857143,10.09835184082055,17.481646122243532,0.5864728396931376,25.322067441728347,1.56180670681458,0.4789446825710504,4.957404315254416,-20.46833121737903,4.73409096605493,13.438631125041388,20.755733028051967,4.961304984074315,22.69998224964548,4.637734176861354,4.754305452487324,21.326488310525416,9.32375833901174,13.146556407445477,13.428245322839285,13.376314743684029,4.7925879019428965,21.401806898095177,22.69228661495391,84.39490445859873,51.7515923566879,,0.1307660375546584,17.481646122243532,0.3438748262290316,17.871816138807795,0.1285533019999999,-0.3932012485167797,0.8662886415771025,-0.8311992167704664,-0.6437502733315259,0.10859130930879865,0.5839953594181551,-0.7912530564783704,0.7555656409703926,0.10859109241370367,-0.4709457328275546,0.5272809854784414,0.3372453797382976,-0.7545528478469672,0.0,1.011736139214893,0.35799248449191456,-0.6744907594765952,-0.6440224473729895,0.5087424817047934,-0.770846582258966,0.6744907594765952,-0.6832966930756905,0.3,0.3,0.2291058550380628,0.44000000000000006,0.44000000000000006,0.273279457500024,0.9183333333333332,0.9183333333333332,1.0,0.3,0.35,0.35,50.176065802327294,0.8643929020357052,0.5923974153428331,-0.04981100224182873,-0.2029240922471494,-0.8831086569024382,-0.1390168163379478,0.03928328565283681,-0.18528301551490295,,-0.5621645818975213,1.3643498747855913,-0.10955882987389201,0.2594195005652872,1.7611703164111103,0.22533969475659513,-0.05878177044209473,-0.2146543516803415,71.74881356789521,0.9352073676959076,55.7031732050895,-0.5965735138005356,-0.14005191843596912,1.1388862190773055,0.22248827135512703,0.7364575732980507,0.48748774006823187,-0.012415530027903675,-0.36831271611825234,0.6806872452162163,0.41220770900833686,50.24722268774472,59.72970438609829,43.310895473802915,78.07916320342376,56.6814515450431,51.44909269900799,48.7021605584974,68.0,72.0,64.0,96.0,92.0,56.3466787989081,56.031847133757964,57.245222929936304,58.92675159235669,55.97946184843365,57.173985920214555,58.96319886765746,False
SPB,"Spectrum Brands Holdings, Inc.",1716128256.0,2785799936.0,249100000.0,104800000.0,1015699968.0,697600000.0,126600000.0,,0.02661,0.053460002,36.729,2.215,1.292,241900000.0,343400000.0,17.427896,13.577153,0.90437347,0.6160271,0.819,9.158,2.55,0.44439998,-0.033,0.435,0.209,0.03762,0.3646,0.0452,USD,Consumer Defensive,Household & Personal Products,US,73.72,0.626,3000.0,80.42,49.99,73.5392,60.5708,382270.0,399170.0,426235.45816733065,367483.3333333333,353888.8888888889,33.61009162366803,27.778281627540093,-3.229192799445968,23.547448080552,39.17100119480232,6.465959826531931,73.72000122070312,-28.325641258155898,0.3616715488831272,0.6288575538003852,0.0049493679359388,0.9526260056780688,5.65306825227027,0.0005410318644556,,33.16874714010316,70.93777820370532,41.68339747996535,0.0,31.23540436434393,33.446945200706736,45.86259472621392,62.57938371120819,54.220989218711054,0.0,60.0,30.202439898932948,65.0,80.0,80.0,60.0,30.0,100.0,37.5,80.0,48.90625,real_yahoo,928599.9786666668,3.761935616614215,8.94177635590268,0.2263188866513515,36.45990348676639,2.800481734243276,0.4922591743119266,8.68332276392155,-8.331260880378021,4.313747793920587,12.776741095393872,18.656543075573243,4.399620943074833,21.747800899603515,3.931629535067065,4.311325161500897,20.738843836388902,8.006700845440367,12.962749537379784,12.81443596634084,13.741434408483691,4.120187732179619,20.36315643199253,21.26333657706064,84.39490445859873,51.7515923566879,,0.1232680048421108,8.94177635590268,0.1536034942975006,17.26302135588782,0.0297023781804,-0.9583965838814957,1.082626657883276,-0.41524195770179523,-0.6437502733315259,-0.969699424168206,-1.0706581589332855,-0.22554927164048294,0.6477365676226923,0.216420165761404,-0.4709457328275546,1.292359422123171,0.3372453797382976,-1.0205708662958564,0.0,0.6744907594765952,0.6744907594765952,0.0,-0.6440224473729895,0.6744907594765952,-0.770846582258966,0.6744907594765952,-1.0984308335963613,0.3,0.3,0.14141331667306006,0.44000000000000006,0.44000000000000006,0.26108784698814524,0.9183333333333332,0.9183333333333332,1.0,0.3,0.35,0.35,46.827722986218674,-0.9218552101340614,-0.7083478487998195,-0.6443768278448344,-0.850051481230926,-0.4089557864751271,-0.7866134403323883,-0.5294009822295838,-0.9207774926337804,,-0.5973836663423665,-0.5239602789367356,-0.731816559423554,0.7576338122432368,1.3757470252816268,-0.7473320051961352,-0.6708678341861263,-0.5176569136391038,57.24333020839177,1.0357847581105124,29.776662150706688,-0.6609705492116412,-0.4558348739648275,0.04654623466141367,0.32553547071960676,0.19070454880897938,1.605602785437057,1.8371386295921928,-0.5584027115882344,0.1860408526905102,1.2505940676951743,47.863202224008916,62.59125881248277,48.19171961466042,74.74380125899575,38.40432798156808,48.389309413199925,41.783288153882495,8.0,80.0,28.000000000000004,92.0,64.0,38.626023657870796,41.56369426751593,38.305732484076444,38.512738853503194,41.46301832835045,37.874622862889716,37.625619249823075,False
IPAR,"Interparfums, Inc.",2906024448.0,1488509056.0,295619008.0,168387008.0,880118976.0,207720992.0,296780992.0,,0.11276,0.2034,18.815,2.987,1.854,99275128.0,214900000.0,17.291986,16.260206,3.299108,1.9523056,2.042,10.284,3.53,0.6107,0.068,0.159,0.16,0.113120005,0.59128,0.07123,USD,Consumer Defensive,Household & Personal Products,US,90.61,1.267,662.0,142.61,77.21,96.2386,101.6772,257272.0,352150.0,213054.3824701195,294776.6666666667,275202.22222222225,32.0038031687595,27.349193736670266,-4.662810398470163,6.986534746652251,-1.927610258248136,-18.315885879165027,90.61000061035156,-43.011764310420894,-0.4802009931644593,-0.6575742535332824,-0.0405253134573537,-0.0765297160589271,3.434131198374582,0.00072114670148,,47.54544229126504,56.310587841835336,64.66898233433247,0.0,35.4146016105925,22.91318305570193,54.220989218711054,68.84817958058105,66.75858095745676,0.0,0.0,25.253049873666185,65.0,10.0,60.0,0.0,60.0,64.339995,32.5,0.0,48.90625,real_yahoo,2248503.105740181,11.312461104704225,19.860074536221028,0.1209267427897501,59.12755266434873,0.7026645323158651,1.034560820891901,6.669433927851092,-36.463081130355526,4.517540436027117,12.52526509362911,19.508505027449456,4.967101292072528,21.12104082305057,4.35939751661352,4.577167751976941,20.59556765743404,6.496774990185863,12.269307422491211,12.593976678851812,14.625775711181973,4.631590086445309,19.15170635740268,21.79005181534197,2.388535031847134,51.7515923566879,,0.144372652039814,19.860074536221028,0.5882652624018224,16.775867362899312,0.07918362,-0.13078912852601893,0.3254436008116683,0.7286405047370496,-0.6437502733315259,-0.754041277472805,-1.7519860782544674,0.22701375622982675,0.971223787665794,0.8633946058476066,-0.4709457328275546,3.0,-1.6862268986914881,-1.286588884744745,0.0,-1.6862268986914881,0.041494209507233884,-2.023472278429786,1.164231339289771,-1.355242899206037,-0.9635582278237074,-2.023472278429786,0.14697158796565155,0.3,0.3,0.8037617103863608,0.44000000000000006,0.44000000000000006,-0.9661201227664648,0.9183333333333332,0.9183333333333332,1.0,0.3,0.35,0.35,50.52077112590306,1.725405668300919,0.8207289474542956,0.06411268132169406,-0.022693455067119894,0.5560376833440768,0.04134450689617063,0.7697191051823978,-0.701753110533284,,-0.4982528169142596,-0.16942089768768653,-0.5958976925226998,1.2935527043176684,2.4249548733563304,0.7004212675241263,0.36911307612497285,-0.4052644484418785,73.70698125148888,1.8026836803850663,59.91996636889657,-0.8205870727939893,-0.7085225316444049,0.1912316075809406,-0.6752714200778411,-0.008548849265413312,0.6838661083131838,0.08917371566466627,-0.7645548022191971,-0.24201990624845027,0.29773390324504945,41.237007844777764,70.24022444600192,38.23741906520998,62.954608151843246,54.36143171272478,57.273344329103004,61.156130886804206,76.0,92.0,60.0,72.0,96.0,52.20655141037308,58.796178343949045,58.36624203821657,56.598726114649686,59.619134277914995,60.46597385182702,60.8351026185421,False
ELF,"e.l.f. Beauty, Inc.",3647384832.0,268364992.0,63762000.0,-621000.0,163570000.0,926145024.0,196820992.0,,0.04101,-0.00291,79.713,3.071,1.813,84486248.0,60654000.0,34.553673,16.678347,3.1085134,12.902124324999992,14.082,59.269,2.55,0.0,0.378,1.167,1.281,0.0,0.60951,0.13798,USD,Consumer Defensive,Household & Personal Products,US,61.16,2.0946,633.0,150.99,49.4,79.4986,101.9558,2297842.0,2661780.0,2295623.90438247,2305613.333333333,2126625.5555555555,70.21669748386799,67.6532519890304,-25.902593689083965,-21.39827558617205,-54.993349027034874,-9.913094126883273,61.15999984741211,-59.53501110311776,0.3268331008908068,0.3700554283204805,-0.0947263777979668,-0.8432308747630775,10.697233514521038,0.0001262854921028,,61.22083523993122,24.966608494971084,66.75858095745676,0.0,54.220989218711054,34.95176836427885,27.05620711809537,50.04179197246248,43.77299610308963,0.0,40.0,25.253049873666185,65.0,50.0,20.0,70.0,30.0,100.0,57.5,40.0,48.90625,real_yahoo,423957.3333333333,-0.2314012701030691,23.7594328249789,0.0218020201022931,60.95057286756686,10.110675872502972,0.0654908231737149,31.481843950793703,-59.494006225577856,4.129711706059392,14.570047505450958,19.09780520864137,5.02381472920837,19.40785852609029,3.919991175077323,4.388239792968939,18.912751597348297,6.452048954437226,14.646515653904,14.6508577209557,12.957390458944989,4.634299769915041,20.64654139481853,22.01727626363381,30.095541401273884,51.7515923566879,,0.2260130859393165,23.7594328249789,0.175268876524933,18.76000860647602,-0.00291,0.6564472314462638,-1.2970915214846335,0.8326298195042175,-0.6437502733315259,0.21642038265649896,-0.9733255990302598,-1.2438160843486799,0.0007621275364892527,-0.32272520097709834,-0.4709457328275546,-0.0668944639179234,-0.3372453797382976,-1.286588884744745,0.0,-0.3372453797382976,-1.2244988904314889,0.3372453797382976,-0.6440224473729895,0.6744907594765952,0.0,-0.6744907594765952,-0.4065405993952431,0.3,0.3,-0.31358523145883255,0.44000000000000006,0.44000000000000006,-0.53000924796675,0.9183333333333332,0.9183333333333332,1.0,0.3,0.35,0.35,42.0294775530927,-0.4793647092697119,-1.2832048796969258,-1.0190841638136596,0.27278898402835877,0.6336441371768103,0.33704120165107626,-0.46464733854965296,-0.14009819293020598,,-0.11477871832721158,-0.37766834138371896,-0.5112139494903813,-0.6744907594765952,1.3757470252816268,-0.5265370194810387,-0.02371864143925187,-0.08473395675388529,28.895404723495616,0.24811624366460472,35.64053679348859,0.7387094366125948,0.3206551217483917,-3.0,-1.9532940130201697,-2.960590591707138,-0.8959574333880596,-2.1677650523383636,0.5296822791804933,-2.4766470065100847,-1.8968896665688741,33.46632010468359,35.94020549492344,35.92672793307828,34.374322896530366,66.61685673601373,48.50413221285911,43.167062634805475,20.0,16.0,84.0,24.0,12.0,59.64513193812557,24.45541401273886,26.821656050955415,25.32484076433121,24.90900818926297,28.115990613476363,27.891012031139418,False
FRPT,"Freshpet, Inc.",2913996288.0,1102014976.0,183659008.0,139136992.0,449625984.0,494984000.0,277975008.0,,0.03502,0.12291,40.953,5.544,4.348,-3288750.0,160560992.0,22.5,29.49545,2.4066122,2.6442437,2.841,17.048,2.55,0.0,0.086,0.792,0.866,0.12626,0.408,0.15632,USD,Consumer Defensive,Packaged Foods,US,59.4,1.778,1288.0,89.8,46.76,71.5752,63.17025,1531637.0,1986450.0,1076906.7729083663,1881656.6666666667,1399132.2222222222,46.66227367577904,55.02592704287377,-27.702474462228327,-1.2468827613866695,11.444657366105382,-30.712703604397085,59.400001525878906,-46.06202721627359,-0.4546905004042076,-0.7013811337012554,-0.0819501967711853,-0.3402633047216772,6.461875322786099,0.0002178569420144,,53.857162113726346,52.13139059558677,43.77299610308963,0.0,60.4897850880839,45.485530509283656,43.77299610308964,24.966608494971084,64.66898233433247,0.0,80.0,25.253049873666185,65.0,60.0,90.0,30.0,30.0,100.0,60.0,80.0,48.90625,real_yahoo,855601.6894409938,12.625689761951111,16.66574520308515,0.0895278943826624,40.80035151899787,2.695125087466442,0.3243761252888982,-0.2984306086235982,-33.85300668151447,4.100989104940769,14.151363475863104,19.4430417719306,4.508659285607248,20.82040613832888,3.866188469084346,4.28462326567679,19.923926650692145,7.161622002939187,13.889604319146216,14.447663683892552,13.659561399524618,4.161539707656346,20.0200359987985,21.792791271211406,84.39490445859873,51.7515923566879,,0.1456976497568033,16.66574520308515,0.359624514525355,17.973897632562515,0.12291,0.23255072992272652,0.10910558450549494,-0.3112526429346276,-0.6437502733315259,0.5399076026995999,-0.2919976797090782,-0.3386900286080603,-1.2931867526359153,0.755565532499906,-0.4709457328275546,1.095738686198629,1.011736139214893,-1.286588884744745,0.0,0.0,0.9909890344612758,-1.011736139214893,-0.6440224473729895,0.6744907594765952,0.09635582278237075,0.6744907594765952,-0.5449186462354669,0.3,0.3,0.3380888732892952,0.44000000000000006,0.44000000000000006,0.17988773789860013,0.9183333333333332,0.9183333333333332,1.0,0.3,0.35,0.35,51.16210465920251,-0.6634284662264794,-0.00010200474095327016,0.1873370487202105,-0.26475077648599576,-0.22419878722440612,-0.20088833138651102,0.08635606255121908,0.014220176940062926,,-0.49202915688597226,-0.20859955009053252,-0.5949870891715842,-0.6744907594765952,1.3757470252816268,-0.20378524201745585,-0.07162835411453247,-0.11731921844546789,55.78254485997117,0.24811624366460472,40.3209447283025,-0.17378896935493238,-0.08710206290656702,-1.129120453256584,-1.473106554551314,-3.0,0.2256158450442647,0.6579095877687843,-0.1304455161307497,-1.301113503903949,-0.6123807856516588,38.05394564362227,32.92908040842693,40.21235260880164,54.87322926336168,62.433203473008106,40.3877701118499,54.23725848218931,32.0,12.0,72.0,60.0,60.0,54.29936305732485,50.37261146496814,44.19426751592356,37.64331210191082,51.22513973742364,46.067717063359034,40.87048832271762,False
SJM,The J.M. Smucker Company,10186107904.0,8926600192.0,1879200000.0,-1255699968.0,3053799936.0,7498299904.0,52800000.0,,0.04804,-0.20683001,143.204,0.844,0.296,884462528.0,1288300032.0,32.567653,9.4834795,1.9454293,1.141096,1.975,9.38,4.61,0.8606,0.07,0.146,0.145,0.0,0.3421,0.18778,USD,Consumer Defensive,Packaged Foods,US,95.47,0.259,8000.0,119.39,93.3,105.5846,105.06325,2085327.0,1872960.0,1528979.0836653386,2538786.6666666665,1943024.4444444445,27.32202491097033,32.989002057846484,-14.253633590058511,-0.2116430132606206,-9.650465193703097,-16.15028969438994,95.47000122070312,-19.523926372475163,-0.4376858811484602,-0.5141156756219216,-0.0142527640214892,-1.0850879945505365,14.476222846527731,8.195552137648457e-05,,53.506511012478505,62.57938371120819,37.50420023371679,0.0,64.66898233433247,63.54340847214903,47.9521933493382,70.93777820370532,62.57938371120819,0.0,60.0,54.949390025266766,65.0,30.0,20.0,50.0,30.0,95.063,57.5,30.0,48.90625,real_yahoo,1115825.024,-14.066945320631202,21.051687759961908,0.7251986012807422,34.21011214030633,3.99015533418476,0.171812283916885,9.908167823990295,-20.035178825697297,4.569232079182462,14.479756823716162,17.782021767615884,4.790736472946935,22.91230144187432,4.546481189639412,4.668939036004822,21.83965253308365,8.987321812850125,14.24011145910062,14.747197228464518,13.92510551729778,4.664035614271742,22.7379421524597,23.04429065881433,20.063694267515924,51.7515923566879,,0.1443214666603497,21.051687759961908,0.0069923588180882,18.79892287393024,-0.0288321033939999,0.21236518223113007,0.6499506252709287,-0.6232205872361305,-0.6437502733315259,0.755565749395001,0.8759930391272327,-0.11240851467290562,1.079052861013494,0.6477364591522057,-0.4709457328275546,1.79664968135296,0.3372453797382976,0.30951922594858805,0.0,-1.011736139214893,-1.2244988904314889,-0.3372453797382976,-0.6440224473729895,0.39348140255373015,0.0,-1.011736139214893,-0.129784505714796,0.3,0.3,0.9604038748245783,0.44000000000000006,0.44000000000000006,-0.5487824478391201,0.9183333333333332,0.9183333333333332,1.0,0.3,0.35,0.35,52.99510917089025,-0.2633433050282968,-3.0,-2.3173166946318786,0.06760365428661996,-0.5047399450728509,0.13170709109426387,-0.9675933541289018,0.278934239978158,,-0.4984932402720662,-0.6777083916294846,0.23568803817873527,2.09888111696248,3.0,-1.3162524288334114,-0.3629781092561607,-0.01304961407675334,22.761372149636056,2.504384614329364,38.82272470483856,0.16469422111998486,0.34084002269316466,0.6129396956175499,0.8985403520342143,-1.3415431655708308,0.2832345540022423,-0.23928700320775556,0.25276712190657474,0.7557400238258821,-0.360955229032679,53.94401734746195,72.21896599486274,39.939464986405504,64.5427341272415,39.84922339333248,51.497953569008345,58.38858192495825,28.000000000000004,96.0,32.0,76.0,4.0,38.80800727934486,53.86305732484077,43.28343949044586,40.35668789808918,53.51943325100743,41.84042909822327,36.985138004246295,False
CASY,"Caseys General Stores, Inc.",27556298752.0,16982079488.0,1389427968.0,650070976.0,4166704128.0,2895720960.0,465019008.0,,0.07129,0.17882,75.146,1.042,0.609,467817760.0,1312888064.0,42.700745,37.461758,7.1366034,1.6226693,1.761,21.525,0.31,0.1269,0.003,0.498,0.493,0.03828,0.24535999,0.04975,USD,Consumer Cyclical,Specialty Retail,US,743.42,0.605,23338.0,746.57,397.8,668.2738,572.4081,432157.0,484890.0,321674.9003984064,520290.0,390472.2222222223,28.61491280270157,27.88544509274752,10.807710820838334,33.770864025279444,32.69195908184721,68.18888776503915,743.4199829101562,-9.46733770807845,2.0989350571314973,3.486408970066133,0.1888937414290883,2.132787304517384,17.709803983262123,9.071210188041182e-05,,27.82321986624964,53.12713961910641,29.54949963378025,0.0,32.031356474340896,44.40462459111962,47.353292958589606,44.438147741101616,35.74833468249808,0.0,80.0,50.68124870182145,65.0,90.0,80.0,80.0,30.0,89.596003,60.0,90.0,48.90625,real_yahoo,727657.8750535607,3.827982176501752,8.181730446979756,1.4152464576334884,24.53588873461761,2.0841101710139176,0.4533890116263136,2.754773114391396,-0.4219296248175075,6.612605391682835,12.87511467285615,19.957588842285976,6.616827946365326,23.55542447729228,5.988460038087683,6.50619324396463,22.150391183506137,10.057881060021222,12.681299797142788,13.16214354941593,13.49758763913861,6.351597679613882,21.786499953581757,24.039496976286465,95.22292993630572,51.7515923566879,,0.0773102060279321,8.181730446979756,0.1383680416895616,19.29255785351856,0.156127742,-1.2661166946671567,0.16065097846372856,-1.0190879348746815,-0.6437502733315259,-0.9286260919500812,-0.36191110380835734,-0.14483581569024742,-0.2884014267227491,-0.7368199440228602,-0.4709457328275546,0.7511222957503607,1.011736139214893,0.08011671543184128,0.0,1.011736139214893,0.6744907594765952,0.6744907594765952,-0.6440224473729895,0.08230511912872819,0.09635582278237075,1.011736139214893,-1.5432174127256517,0.3,0.3,-0.09783311507881397,0.44000000000000006,0.44000000000000006,0.5818442552746106,0.9183333333333332,0.9183333333333332,1.0,0.25,0.4,0.35,46.14255485735958,0.4510944828256012,0.5700639604377816,-0.6381794717971435,-0.9076456293861664,-0.916569298876647,-0.8442493502661964,-0.5749368079593417,-0.8824924008720723,,-0.8132525027942449,0.18107066658294377,2.219841507855314,-0.2655424779054604,-1.0224423417462674,-0.145532339308481,-0.7230587062281117,-0.5563100860473902,49.79127852259544,-0.6061474166338235,37.09516579885263,-0.7392588901458609,0.5968893798495597,0.496483671678234,0.3583232159719413,2.141643730002157,2.1746111035024054,1.5615785099457704,-0.07118475514815059,0.42740344382508766,1.9808111133853403,55.189002959205624,59.4571239570065,66.96300480579943,36.618206548012665,56.67099300450154,51.23560076249124,47.74669722643153,26.190476190476193,73.80952380952381,64.28571428571429,21.428571428571427,50.0,63.421292083712466,46.22611464968153,51.89808917197452,54.2484076433121,45.68763811256987,50.80791149849145,52.208067940552006,False
USFD,US Foods Holding Corp.,20044662784.0,39424000000.0,1710000000.0,676000000.0,6864000000.0,5722999808.0,41000000.0,,0.05698,0.15303001,132.877,1.16,0.624,825374976.0,1368999936.0,30.581633,15.970855,4.6029797,0.50843805,0.647,14.919,2.55,0.0,0.033,2.059,1.788,0.01715,0.17411,0.03571,USD,Consumer Defensive,Food Distribution,US,89.91,0.98,30000.0,102.13,57.361,91.0494,80.82295,2900501.0,2700860.0,2136521.115537849,2570126.6666666665,2718906.6666666665,26.28158568131256,22.39327201265561,-2.4308169578710848,20.458205248295712,19.070323292931857,34.03399106719394,89.91000366210938,-17.276803496331304,1.2168390825573303,2.170643020841915,0.1169368129161375,1.0469055551911648,10.046716038543506,8.154539922691773e-05,,24.051818507659053,73.02737682682961,29.145805741219647,0.0,27.05620711809537,45.485530509283656,50.04179197246248,29.14580574121965,27.056207118095365,0.0,80.0,37.62652493683309,65.0,70.0,80.0,80.0,30.0,100.0,57.5,80.0,48.90625,real_yahoo,1314133.3333333333,1.7146915584415583,4.337459415584415,3.2028128337723114,17.410714285714285,3.3467835134502923,0.23921020128051,2.093585064935065,-11.965142465485169,4.509870006133767,14.815740764474803,17.529082649058825,4.635990328327978,24.39764060488283,4.066647858531771,4.522325389461211,22.64955619927776,10.308985993422082,14.574689885305808,14.759466131383387,14.088688705170677,4.404557766605635,22.467758946999272,23.721228760000898,84.39490445859873,51.7515923566879,,0.0347250389610389,4.337459415584415,0.0071131161286811,19.073498592457764,0.15303001,-1.4832208238630167,1.190795666036363,-1.0391778463048016,-0.6437502733315259,-1.1853575708636064,-0.2919976797090782,0.0007322422946713176,-1.0775286059405145,-1.1853577877587016,-0.4709457328275546,2.330792688465498,1.011736139214893,-0.621543838622523,0.0,0.3372453797382976,0.6744907594765952,0.6744907594765952,-0.6440224473729895,0.6744907594765952,0.0,0.6744907594765952,-1.5135649741170323,0.3,0.3,0.31719013435605886,0.44000000000000006,0.44000000000000006,0.3367927661979849,0.9183333333333332,0.9183333333333332,1.0,0.3,0.35,0.35,46.06103216453759,0.01136954759165371,0.3070595866173572,-0.8364761645342793,-1.1989537105583195,-1.219885758532036,-1.1357686602518755,-0.967232433846961,-1.000629255451057,,-1.0132797169349481,-0.702291423198244,1.3618061126615613,-0.6744907594765952,1.3757470252816268,-0.44946726731947073,-1.059927358369664,-0.6535716314141599,34.421263807258676,0.24811624366460472,28.288864845163154,0.6195833182900431,0.4832629447445158,0.7066565728590736,-0.2271722349626032,0.30166796016956615,1.4336636921260641,0.9822367612221339,0.5514231315172795,0.2397421689482352,0.9586368932679357,56.734058439489054,66.41590683189538,60.23170091903641,66.03402271622264,76.67683280467944,48.14428308759246,51.46970952034336,4.0,88.0,100.0,80.0,16.0,60.89626933575978,46.80254777070065,53.4203821656051,57.047770700636946,46.19784219420253,52.209185383841785,54.89384288747347,False
POST,"Post Holdings, Inc.",5232169472.0,8358000128.0,1422700032.0,319200000.0,2382599936.0,7462300160.0,279300000.0,,0.04196,0.08672,215.17,1.897,0.923,255550000.0,923600000.0,18.441175,12.297524,1.3915939,0.6260073,1.436,8.438,2.55,0.0,0.101,-0.039,-0.146,0.03819,0.28507,0.106639996,USD,Consumer Defensive,Packaged Foods,US,100.32,0.367,13180.0,118.93,94.13,102.6676,104.49025,845095.0,881620.0,630404.780876494,743623.3333333334,871896.6666666666,21.954389766174828,22.498851305012103,-4.982006104382664,0.6925649507458775,-6.120158036845281,-13.330453827365684,100.31999969482422,-19.4158367193629,-0.4903688918331373,-0.7745670926056948,0.0023249950996063,0.6380271728938692,6.849074075540063,0.0001521532169237,,38.42851365882092,68.84817958058105,35.4146016105925,0.0,43.77299610308964,54.51446949071635,33.32500298746822,33.32500298746822,33.32500298746822,0.0,50.0,42.57591496209986,65.0,70.0,70.0,60.0,80.0,100.0,37.5,70.0,48.90625,real_yahoo,634142.6500758725,3.819095418898754,17.022014958265387,0.679005430058569,28.50681861104657,5.245167633481856,0.1237688085706807,3.057549606201681,-15.647860085764744,4.618283825133474,13.678427341264449,19.447797034495785,4.78690823924363,22.84648501640645,4.555244377218366,4.64118962668603,21.591458138887837,9.486531677712463,13.354118987655864,13.519291257980589,13.360030785161316,4.65861853158379,22.733129536211088,22.37809184220515,72.92993630573248,51.7515923566879,,0.1105049037874338,17.022014958265387,0.0360778126262723,17.962482494071573,0.08672,-0.6556133685075409,0.9744576497301896,-0.7272099020032984,-0.6437502733315259,-0.322724984082003,0.29199767970907775,-0.9043938134459477,-0.8618704592451136,-0.8618705677156003,-0.4709457328275546,0.4992392372526613,0.0,-0.35552582017363404,0.0,0.3372453797382976,0.35799248449191456,0.0,2.369733863731611,0.6744907594765952,-0.770846582258966,0.3372453797382976,-0.821674739915914,0.3,0.3,-0.12408420643258584,0.44000000000000006,0.44000000000000006,0.2488584056508596,0.9183333333333332,0.9183333333333332,1.0,0.3,0.35,0.35,46.53009547681306,-0.45017262761546667,-0.3691648965280828,-0.6390133441603534,-0.23775365325674283,-0.7475208590652156,-0.17387163242051443,-0.8806625493827238,-0.4038025729197211,,-0.6573333559550217,-0.20583918397490936,-0.3301879625186723,-0.6744907594765952,1.3757470252816268,-0.45493986642582823,-0.49192754505350866,-0.3258543681566439,37.99254352875664,0.24811624366460472,33.32276472279691,-0.5081014570259621,-0.0930231158977766,1.096425890296648,0.7299176621650655,-0.052912722237613674,0.33356038008251404,-0.08913952066752281,-0.30056228646186933,0.9131717762308567,0.09080847916146467,51.369397603903224,47.23500546818316,47.01803915143979,71.87496547492596,43.45349988894487,55.719121838726075,44.550837115728456,16.0,44.0,40.0,88.0,24.0,30.186533212010914,38.14331210191083,35.6656050955414,36.767515923566876,37.61536461718446,34.17365068722762,33.740268931351736,False
HRL,Hormel Foods Corporation,12155779072.0,12144663552.0,1211613056.0,489423008.0,1895735040.0,250000000.0,574262976.0,,0.04428,0.061160002,4.244,2.662,1.301,381509632.0,885259008.0,24.820225,13.963073,1.5310507,1.0009153,0.974,9.765,5.3,1.3061999,-0.029,-0.051,-0.051,0.0403,0.15609999,0.11057,USD,Consumer Defensive,Packaged Foods,US,22.09,0.358,20000.0,31.86,21.03,23.9162,25.20665,4738006.0,4844580.0,3362316.135458167,4639940.0,4905608.888888889,24.854768134592074,25.207115944648955,-8.681274638721447,-4.351516655101717,-8.146348210611942,-24.59375176608436,22.09000015258789,-31.00097282117075,-0.9322636456099832,-1.0842594000742451,-0.0617328076407499,-1.9473027800507483,14.015306747771357,0.0001252189576747,,37.02590925382952,64.66898233433247,27.056207118095365,0.0,47.9521933493382,59.02893898143269,31.23540436434393,73.02737682682961,73.02737682682961,0.0,70.0,50.0,65.0,30.0,30.0,10.0,30.0,92.016,40.0,30.0,48.90625,real_yahoo,607233.1776,4.029942911999411,9.976505736961892,0.9866346460580466,15.609613488945174,0.2063365022042152,3.541036032,3.141376707279573,-30.665411173885747,3.139399623366404,15.405889983494376,20.16859799744968,3.492256112609122,23.220155696505504,3.092405160814252,3.2155181943303046,21.3628724847058,9.90353755128617,15.02814091790653,15.350212208604354,13.316669790699518,3.2660131953549114,19.33697147982652,23.221070537518592,20.063694267515924,51.7515923566879,,0.0728928392466018,9.976505736961892,0.696698739019912,18.12326565138831,0.0,-0.7363555592739287,0.7581196334240154,-1.1431671610719691,-0.6437502733315259,-0.10706683738660236,0.5839953594181551,-1.0175345704135255,1.1868819343611947,1.186881825890708,-0.4709457328275546,0.426758630684056,0.6744907594765952,0.04350120749969905,0.0,-1.011736139214893,-0.9080006154468081,-1.6862268986914881,-0.6440224473729895,0.22004905283852472,-0.6744907594765952,-1.011736139214893,-1.3751869272768087,0.3,0.3,0.27707285547731597,0.44000000000000006,0.44000000000000006,-0.568607099420705,0.9183333333333332,0.9183333333333332,1.0,0.3,0.35,0.35,39.98535094669163,-0.37888249136509916,-0.629823829270643,-0.619228861990005,-0.7716425896446839,-1.2965556987181068,-0.7081476941025228,1.0938058272257045,-0.37073431714743993,,-0.8340013604826327,0.4086594728575653,0.46067865090761617,3.0,3.0,-0.6600064403576841,0.10273139049517949,-0.3567940669796342,76.78223109843857,3.0,54.45791897665454,1.5373812000407447,-0.009624601256736719,0.8351762221191641,0.7439695529874946,-0.5670608649211224,0.052820125920408904,-0.17531540854964167,0.763878299392004,0.7895728875533293,-0.20158483167306565,58.82046899491972,42.54787053801497,31.455646947531662,67.6900231953818,24.643202228679044,38.637913523133996,47.31838607757442,64.0,32.0,4.0,84.0,100.0,22.565969062784347,28.30891719745223,35.80573248407643,42.68789808917198,27.190302872741455,33.315454240697285,38.19532908704883,False
NRG,"NRG Energy, Inc.",32427720704.0,30712999936.0,2966000128.0,797000000.0,5952000000.0,16625999872.0,4707999744.0,,0.04571,0.41548002,588.2596750000002,1.637,1.093,1090875008.0,1912999936.0,37.98259,13.150575,28.192394,1.0558305,1.476,15.289,1.24,0.4389,0.137,-0.8836,-0.89023,0.02813,0.19379,0.04256,USD,Utilities,Utilities - Independent Power Producers,US,152.69,1.338,16702.0,189.96,79.57,158.2476,159.3067,2618468.0,2450140.0,2859099.003984064,3142253.333333333,2315565.5555555555,48.99881184622345,51.5817926361776,-4.842330766143144,-7.8197714666927265,-8.212908944164631,50.2582563499469,152.69000244140625,-23.25707946294502,1.1041124342505757,1.6156547916748216,0.2034269703129346,0.8931125083826605,12.09087680288479,6.640080710246344e-05,,25.692701410561963,69.82060775344326,30.354795854994297,1.0,25.969705644055523,46.42820325903574,72.99486398937469,39.12497627687184,39.12497627687184,0.0,60.0,41.022415975031294,65.0,70.0,50.0,60.0,30.0,86.292,62.5,70.0,48.90625,real_yahoo,1838881.5672374568,2.594992353924381,9.657148875657134,24.035627243353805,19.3794159229083,5.605529047367593,0.115060745262106,3.5518347614143004,-19.61991998315436,5.034937586619221,14.655164947981785,22.272528972181316,5.252063982030575,24.14795185262622,4.3891263717891045,5.070460223695068,22.506993134645214,9.723343622989947,14.866017449351004,14.96045104084042,14.424668644689152,5.077088855373368,23.53423356441667,24.20227947126187,72.92993630573248,51.7515923566879,,0.0622863263108887,9.657148875657134,0.220680595703635,19.894426824076607,0.2331258392219999,-1.3887619159200437,1.024795829414359,-0.9790121991319817,1.553397398691291,-1.2414240545605855,-0.2310252318459058,1.243520170074766,-0.5625757821158164,-0.562575890586303,-0.4709457328275546,3.0,0.3372453797382976,-0.43902271981028407,0.0,0.3372453797382976,-0.27500406547744677,0.0,-0.6440224473729895,-0.1057555975618158,0.1927116455647415,0.3372453797382976,-0.34888307987848327,0.3,0.3,0.7729198303148248,0.44000000000000006,0.44000000000000006,0.012429335841062367,0.9183333333333332,0.9183333333333332,1.0,0.5,0.2,0.3,50.449504710057425,-0.33494072634870886,2.983505003587821,-0.7538747774527693,-0.7958425572630137,-1.1361065478118932,-0.7323652092273509,-0.3289204793730151,-0.9429912601614525,,-0.8838213184728269,3.0,2.7762918573592374,0.7399095618911833,-0.026765506328436228,0.2385869475854321,-0.5508150807928999,-0.5981518336827878,54.19286587744968,0.39490578119235453,48.613420641708785,1.160603998451511,0.9090799039738682,-1.3395825875627834,-0.7861252254547818,-0.033499745032006194,-0.14021377269380464,-0.17814630289818406,1.0348419512126896,-1.0628539065087825,-0.11957932345657893,50.440904205070154,80.83639113838117,47.606154248527794,45.14240675859365,52.80764072521742,45.6304029246242,63.80836530857326,41.66666666666667,100.0,58.333333333333336,41.66666666666667,66.66666666666666,41.401273885350314,57.06210191082803,55.958598726114644,54.42197452229299,57.004744572988436,55.752598055648676,53.816348195329084,False
OGE,OGE Energy Corp,10057189376.0,3260100096.0,1303800064.0,470700000.0,1468600064.0,5690399744.0,3576672.041819942,,0.03509,0.09788,114.327,0.784,0.422,-60162500.0,1137100032.0,21.01724,18.784622,2.0190475,3.0849328,4.83,12.078,3.49,0.7295,-0.046,-0.335,-0.321,0.14438,0.45048,0.18655,USD,Utilities,Utilities - Regulated Electric,US,48.76,0.575,2248.0,49.55,40.8,46.5738,45.0247,1699518.0,2224070.0,1234313.7450199204,1787583.3333333333,1655597.7777777778,16.774704913652336,15.3591344587516,1.036054739721992,14.851009818745498,9.368916143065832,9.253485205000178,48.7599983215332,-9.651368842828278,0.6553245980229601,0.910508337621577,0.0922626482583275,-0.4359182796858858,1.580833563510216,0.0001800821043231,,51.71178159080549,43.51006648781062,56.66533712062694,0.0,47.89515669874939,35.712813036142975,54.88640859774212,65.4355175425045,69.82060775344326,0.0,50.0,32.044831950062594,65.0,70.0,70.0,50.0,30.0,80.24,47.5,70.0,48.90625,real_yahoo,1450222.462633452,14.438206991789247,39.99263904809872,2.5513154314707824,45.04769855998924,4.364472668103812,0.1998277947342744,-1.8454187978404943,-1.5943491422805267,3.907211448430924,14.319673300621227,15.026593511995594,3.92296294546648,21.90502373645488,3.7328963395307104,3.8622821895325177,21.107575447241626,7.718240951959316,14.026026511719095,14.396375731924564,14.1872282146837,3.829178208901266,22.462046336571262,23.031553576598373,72.92993630573248,51.7515923566879,,0.3487929813551344,39.99263904809872,0.001238100711879358,17.912936022781107,0.0264765399999999,0.10904996033172344,-0.33718111734450734,0.3303374181048675,-0.6437502733315259,-0.11001008644495633,-0.9241009273836209,0.2630427100257023,0.7951209796229395,1.0214036647755778,-0.4709457328275546,2.6973484672125556,0.0,-0.9215466471202668,0.0,0.3372453797382976,0.35799248449191456,-0.3372453797382976,-0.6440224473729895,-0.45022969683205716,-0.385423291129483,0.3372453797382976,-0.6371706774622827,0.3,0.3,0.9300937280509134,0.44000000000000006,0.44000000000000006,0.015566892782138006,0.9183333333333332,0.9183333333333332,1.0,0.5,0.2,0.3,48.10318830014565,-0.6612774707361666,-0.2553560578338479,0.35741123025227456,1.502895841091574,-0.043358295791903076,1.5680400147866473,-0.9847917204046653,0.26858464374367425,,0.4619319563998581,-0.7802557327409536,0.22096199706179212,1.6763979040863906,2.382130063230833,0.13856720254707583,0.4192657339505567,0.22291684659743422,71.1584633449418,1.9939773757013897,54.49924234161878,-0.05593257148331504,-0.11872296021162905,1.5629825863886424,0.4051628520467049,0.7835160951977276,1.1215820104570773,0.5696262443665137,-0.08732776584747204,0.9840727192176737,0.8545755060521032,55.48743640497762,56.30513161694314,44.245044571897694,59.550100714496416,28.24685565994657,31.88510754698435,49.39404779895889,58.333333333333336,66.66666666666666,8.333333333333332,75.0,91.66666666666666,30.16378525932666,49.18152866242039,47.748407643312106,49.38216560509555,48.69036786689199,46.4063023801542,46.73036093418259,False
PNW,Pinnacle West Capital Corporati,12416983040.0,5339938816.0,2049665024.0,616531008.0,2221454080.0,14299631616.0,6604000.0,,0.02405,0.09059,201.771,0.539,0.234,-601883904.0,1805095040.0,20.336632,18.238485,1.7621523,2.3253043,5.01,13.051,3.54,0.7119,0.03,0.047,0.078,0.11545999,0.41601002,0.109919995,USD,Utilities,Utilities - Regulated Electric,US,102.7,0.476,6610.0,103.97,85.32,98.2282,91.91705,1333977.0,1244620.0,1146099.0039840636,1374253.3333333333,1270934.4444444445,17.062017322687947,15.49330890548971,0.9039086067786916,17.663614304494992,19.223945308113045,11.961656664961584,102.6999969482422,-8.443981662752906,0.7683223994589619,1.2559433982742652,0.0901912175253227,-0.0774489425378272,0.8198114262675625,9.487991971041252e-05,,36.64810359171713,52.28024690968816,47.89515669874939,0.0,30.354795854994297,32.14101629517872,26.14282861102376,61.050427331565714,56.66533712062693,0.0,20.0,49.99999999999999,65.0,40.0,40.0,40.0,30.0,100.0,52.5,30.0,48.90625,real_yahoo,807857.6121028744,11.545656780798591,38.38367993765417,4.178972394463136,41.60074031829507,6.976570048550529,0.1262336742983127,-11.271363300953595,-1.221506203712608,4.641502115235482,14.055263757728603,15.703186235445523,4.653674595047707,22.39848003236224,4.458061320949879,4.597422248086123,21.521427809858768,8.796490207333578,13.951875435960982,14.133421838953034,13.602142337170372,4.531707159658247,23.3834996128315,23.242330972591347,20.063694267515924,51.7515923566879,,0.3380366521412967,38.38367993765417,0.001238100711879358,18.583686688866766,0.026098979,-0.7581042838140365,0.11681119824178123,-0.1061124543074156,-0.6437502733315259,-1.0151412609374595,-1.1551261592295257,-1.2932707186236045,0.5688381859998131,0.3425552839062,-0.4709457328275546,0.9671401159877837,-1.011736139214893,0.04350120749969867,0.0,-0.6744907594765952,-0.5915023404621275,-0.6744907594765952,-0.6440224473729895,0.6744907594765952,-0.1927116455647415,-1.011736139214893,-1.5020334702136804,0.3,0.3,-0.09084735581840525,0.44000000000000006,0.44000000000000006,-0.4872579340907254,0.9183333333333332,0.9183333333333332,1.0,0.5,0.2,0.3,31.572061456855728,-1.0005201880655012,-0.329698928271211,0.08599416365778614,1.3809734304914216,-0.19009954162214202,1.4460291976924844,-0.9847917204046653,-0.37620365804207045,,0.41140829487131386,-0.7739488769134174,0.49051532708093315,1.6196800967132463,2.4356610758877055,-0.05817121441655074,0.3521597845487671,-0.04762938949899974,37.073899825315195,1.9868715373417531,45.6816308779297,-0.12198219735563991,0.22919662402587584,1.5371031106825856,0.5597336510934245,0.7651495753884945,1.2781241443653382,0.9887704586646936,0.05360721333511797,1.048418380888005,1.0374256679620917,57.503218884608785,32.08012873106822,59.44688608178216,63.201108245123166,43.35756138403616,31.321637451942706,34.979730289344516,33.33333333333333,16.666666666666664,33.33333333333333,83.33333333333334,25.0,37.10191082802548,19.320063694267514,35.10509554140127,46.488853503184714,18.09599636032757,32.779081461615824,42.84324133050247,False
ATO,Atmos Energy Corporation,31262996480.0,4869341184.0,2391588096.0,1249393024.0,2815628032.0,9632877568.0,367023008.0,,0.03648,0.09237,67.443,1.13,0.759,-1871672832.0,2075491968.0,24.637548,21.397999,2.188774,6.420375,8.323,16.946,2.12,0.4707,0.142,0.094,0.145,0.25667998,0.57824004,0.38848,USD,Utilities,Utilities - Regulated Gas,US,188.97,0.688,5487.0,190.13,141.59,179.3712,169.67975,1350344.0,1043300.0,975701.1952191236,1141890.0,1266037.7777777778,16.291086820054275,13.937997113476044,1.936560709532853,12.19886561200436,13.183932304987644,24.45925417335141,188.97000122070312,-8.443981662752906,1.4543657728002353,1.9006961546083128,0.1102378781532062,-0.3325649172731413,1.607925298807697,5.917822412569986e-05,,72.25316068047144,30.354795854994297,65.4355175425045,0.0,73.15327631375672,60.71539022289277,30.93342527547681,30.354795854994293,30.354795854994293,0.0,30.0,49.99999999999999,65.0,40.0,30.0,10.0,30.0,99.81,45.0,30.0,48.90625,real_yahoo,887432.3280481137,25.658358631868666,49.11522946591701,3.8106883034291386,57.8235930817864,4.027816321761789,0.2154591868679712,-38.437906921578325,-0.610108872876447,5.246866164956958,14.051403511373389,19.72093509887649,5.252953824796506,22.306224484602232,4.959973379294028,5.195016949651051,21.758451175963504,8.610319169405722,13.790912690984998,13.94819621805784,13.69608867418374,5.139788993589408,22.98844783110101,24.16570101406363,20.063694267515924,51.7515923566879,,0.4262367103828722,49.11522946591701,0.0367026657125835,19.032499943807164,0.0488914409999999,1.2915330205304878,-1.0181695907239408,0.7667872905171513,-0.6437502733315259,1.1933788048242482,0.6930756955377151,-1.0338851471820538,-1.0151413693620681,-1.0151414778325547,-0.4709457328275546,1.1814744432179725,-0.6744907594765952,0.04350120749969867,0.0,-0.6744907594765952,-0.9080006154468081,-1.6862268986914881,-0.6440224473729895,0.6636761397043967,-0.4817791139118537,-1.011736139214893,-0.0605954822946841,0.3,0.3,0.3813752037044483,0.44000000000000006,0.44000000000000006,-0.5804699033736546,0.9183333333333332,0.9183333333333332,1.0,0.5,0.2,0.3,48.09758015878312,-0.6185648459999552,-0.31154662245797293,1.410233280954969,2.1941801673607184,0.5005256123774997,2.2598255944623555,-0.878794984173001,1.9676854304341547,,0.8256936705608644,-0.023085160672322278,2.6432483214252587,0.8423883274858411,0.9153803164325224,0.5384073837864055,0.8474463340764451,0.993497589813878,83.93382546196398,0.8752347225118478,69.31653759861216,-0.24956531312779331,0.46199687150144486,1.6048578803837057,0.2287335561650955,0.9086742089047722,0.9739706716928727,0.7318826847020625,0.10621577918682577,0.9167957182744007,0.8817553367591995,56.78148049788319,36.7273756164454,62.275733200217324,28.46816194178681,68.65482775535162,39.665321280090765,58.042638304727504,91.66666666666666,25.0,83.33333333333334,16.666666666666664,100.0,57.52957233848954,59.31528662420383,70.76433121019107,73.64649681528662,58.9594436500715,70.44921220248072,73.30148619957538,False
EVRG,"Evergy, Inc.",19076737024.0,5961600000.0,2741400064.0,855600000.0,3115899904.0,15393200128.0,19800000.0,,0.02875,0.08569,149.917,0.5159,0.1591,-862124992.0,2045200000.0,22.633879,18.203312,1.866186,3.1999357,5.786,12.584,3.36,0.737,0.066,0.047,0.078,0.14352,0.52266,0.17736,USD,Utilities,Utilities - Regulated Electric,US,82.84,0.599,4691.0,85.23,61.94,80.4202,75.07005,2193050.0,1811680.0,2070963.1474103583,2127993.333333333,2088196.6666666667,16.291086820054275,15.8907524246318,0.7700955895605155,14.310902801026671,10.805988256284005,23.818309868149168,82.83999633789062,-8.443981662752906,1.3875594944170528,1.930411800080351,0.1113466912329945,-0.4778468619931007,1.5495911258930426,6.731121748278426e-05,,51.02706895448329,39.12497627687184,61.050427331565714,0.0,43.51006648781062,35.712813036142975,45.305215268836,56.66533712062693,61.050427331565714,0.0,70.0,41.022415975031294,65.0,90.0,60.0,30.0,30.0,94.13,47.5,80.0,48.90625,real_yahoo,1270859.0918780644,14.351851851851851,45.98430059044552,4.665477018609988,52.26616854535695,5.615087097335094,0.1328638608602126,-14.461302200751478,-2.8041769330048094,4.428910220572732,14.551811891447745,16.801192546169812,4.457018144964233,22.508604738539283,4.142181891636261,4.399623399470735,21.85978384152497,8.453614209773367,14.543524828499413,14.570690466532858,14.055204466912071,4.331654626298333,23.457191698789124,23.671735472880524,84.39490445859873,51.7515923566879,,0.3430622651637144,45.98430059044552,0.0012846298472437,18.96043538798871,0.02253647,0.0696338583250981,-0.564177275137652,0.5485623543110093,-0.6437502733315259,-0.336292880068082,-0.9241009273836209,-0.2557284328573999,0.34255539237668664,0.5688380775293264,-0.4709457328275546,2.2142336116464914,0.6744907594765952,-0.43902271981028407,0.0,1.011736139214893,0.041494209507233884,-1.011736139214893,-0.6440224473729895,0.3403759275670915,-0.385423291129483,0.6744907594765952,-0.9254582750460819,0.3,0.3,0.5940551546464402,0.44000000000000006,0.44000000000000006,0.2626950022547352,0.9183333333333332,0.9183333333333332,1.0,0.5,0.2,0.3,45.2227035761492,-0.8560962051444984,-0.379668758880687,0.34930825638578555,1.9569271548776113,0.2639172849895957,2.022400548741685,-0.9846526538042939,0.19125717269090586,,0.43501415206202027,-0.7464575477116082,1.251242373212811,1.7005674242738096,2.2429494303229633,0.17869756974534262,0.6692266075959945,0.18525640709186741,39.96026578885056,1.944639326995929,60.82968954655633,0.5704976528227433,0.4246168559959293,1.6048578803837057,0.367691143186894,0.746551381277696,1.0915210809801759,0.6307463538757757,0.4975572544093363,0.9862745117852998,0.849797752938112,60.383872850216655,43.382433663406545,59.36683345030687,50.10011250377104,49.037397340196605,25.51063446850742,43.62832079511313,75.0,33.33333333333333,50.0,50.0,33.33333333333333,45.35941765241129,43.15286624203822,52.9968152866242,60.455414012738856,42.31119199272065,51.34428427757292,57.795470629865534,False
AES,The AES Corporation,10196924416.0,12232999936.0,3475000064.0,939000000.0,2251000064.0,30943000576.0,1556000000.0,,0.02544,0.01954,259.393,0.766,0.39,-3086125056.0,4305999872.0,10.916031,5.9904823,2.5065732,0.8335588,3.878,13.653,4.92,0.5373,0.047,-0.317,-0.315,0.07439,0.18400998,0.16575001,USD,Utilities,Utilities - Diversified,US,14.3,1.008,8336.0,17.65,9.46,15.0102,13.8229,13407757.0,13821840.0,11857802.988047808,17353426.666666668,11211263.333333334,45.41413756982569,55.84543240017855,0.562587357269928,-2.3662450288272296,2.542142455717755,21.138878442534,14.300000190734863,-23.266932818036,0.6486893069166807,0.840572717132715,0.0161795556527766,0.3819753989794651,10.751271137526237,0.0001179777293812,,31.855115137461745,73.15327631375672,25.969705644055523,1.0,39.12497627687184,46.42820325903574,59.67700526219518,69.82060775344326,25.96970564405552,0.0,20.0,23.314910414719485,65.0,20.0,60.0,0.0,30.0,88.06,42.5,20.0,48.90625,real_yahoo,1467490.395393474,7.675958513141612,28.4067692485926,9.5733997702069,18.401046969481484,8.904460433414254,0.1391590922613955,-25.22786783410312,-18.98016997167138,2.72785282839839,16.232429574891253,21.165384263345285,2.9258461460898246,23.227403049861188,2.347558458636777,2.7732260191229763,21.53464042774706,9.028458718410612,16.288496773179265,16.66930060488315,14.199064967221524,2.6961732822362823,24.15541265789969,23.045351984022908,13.694267515923569,51.7515923566879,,0.3519986834405228,28.4067692485926,0.0478783954097678,18.948756232009867,0.0090411579999999,-1.0340169978604148,1.1973129093371488,-1.1972371353381233,1.553397398691291,-0.562575673691208,-0.2310252318459058,0.5224282814672535,1.0214037732460644,-1.2414242714556805,-0.4709457328275546,2.743859607174682,-1.011736139214893,-1.3907593008393655,0.0,-1.3489815189531904,0.041494209507233884,-2.023472278429786,-0.6440224473729895,-0.005122714628936363,-0.5781349366942244,-1.3489815189531904,0.5159797128729143,0.3,0.3,0.7751348145516582,0.44000000000000006,0.44000000000000006,-0.792550740757873,0.9183333333333332,0.9183333333333332,1.0,0.5,0.2,0.3,54.46711170804686,-0.9578075633292898,-1.0542614721086123,-0.2771117725581033,0.6249511091928212,-1.1777408138905114,0.6894586811729186,-0.8453928862511655,0.09356716554749682,,0.4769894917266079,2.453919833299247,0.23692358129984434,1.0570136667501246,3.0,-0.5512234729215834,-0.0012245241679191832,0.1566742391506507,23.475607467308503,1.9313575167125687,51.74204382238542,3.0,0.41855885665599996,-1.0166954168987963,-0.2708892286323826,0.717710552007427,0.16331509893888377,0.2792767542276593,1.709279428328,-0.6437923227655894,0.3644222314460793,59.75664210427381,50.586187968132876,39.292429577464056,70.85288290928389,32.61717760276295,59.22681077544969,52.27691130088176,50.0,50.0,16.666666666666664,91.66666666666666,8.333333333333332,29.41310282074613,55.13853503184712,44.70700636942675,43.55891719745223,54.56096451319382,42.66845457593026,39.1277423920736,False
MDU,"MDU Resources Group, Inc.",4357441536.0,1875065984.0,498479008.0,191407008.0,611582016.0,2710614016.0,12712000.0,,0.02488,0.07007,97.753,0.835,0.396,-365005248.0,473364992.0,22.92473,20.055311,1.5714601,2.323887,3.763,14.154,2.58,0.5806,-0.003,0.394,0.384,0.10154,0.32617,0.20166,USD,Utilities,Utilities - Regulated Gas,US,21.32,0.371,2096.0,21.49,15.04,20.58,18.83435,1952640.0,1909630.0,2237586.962151394,1842790.0,2097375.5555555555,24.43671978610482,20.864899845001293,0.9562183637423116,8.018580886665339,22.26850784842356,28.947122522503825,21.31999969482422,-9.704643416039705,1.2497506519382608,1.6305820465652916,0.1041414638221822,-0.1170574578869652,2.7893235396511087,0.000365799258684,,46.23408050022791,56.66533712062693,39.12497627687184,0.0,52.28024690968816,35.712813036142975,35.72402193992988,34.739886065933064,34.739886065933064,0.0,90.0,49.99999999999999,65.0,70.0,90.0,70.0,30.0,97.393,35.0,90.0,48.90625,real_yahoo,894592.5496183207,10.208014524997113,26.58461154186241,1.4674042634073612,32.616559695426695,5.437769640241299,0.174633861260164,-19.46626151370681,-0.7910656119125115,3.1054831375131102,14.55619786245955,16.358057065864514,3.113070765971224,21.35190968774956,2.7750856024383683,3.0717669598299886,20.23155962838219,7.64826303090192,14.620909041051783,14.426791828159605,13.70412475960202,2.987415283073901,21.72044102071263,22.195150918630464,95.22292993630572,51.7515923566879,,0.2524524448948672,26.58461154186241,0.0046678215995128,17.680554214401532,0.0293873579999999,-0.20627885572127969,0.3438073560349255,-0.5425623267196987,-0.6437502733315259,0.11627270717816933,-0.9241009273836209,-0.7744995757405024,-0.7888585757389424,-0.7888586842094291,-0.4709457328275546,1.2007604847053903,1.3489815189531904,0.04350120749969867,0.0,0.3372453797382976,0.9909890344612758,0.3372453797382976,-0.6440224473729895,0.5261027923917442,-0.8672024050413367,1.011736139214893,-1.2137458726298813,0.3,0.3,0.050212973579536156,0.44000000000000006,0.44000000000000006,0.4591071223776239,0.9183333333333332,0.9183333333333332,1.0,0.5,0.2,0.3,41.15034259286489,-0.9750155272517923,-0.5389603413541594,-0.03952100833230672,0.48687310667800987,-0.5725551293600396,0.5512805576709796,-0.9745409469842811,0.3957248056160715,,0.00940985905320558,-0.7612240331149444,-0.4301059475555073,1.1965523632988255,1.4078656328757506,-0.34627906041835127,-0.13533911942388765,0.16064238700973,64.98258846339904,1.291643334608442,34.608796586303974,0.6952550402597432,-0.23925982471838175,0.872831651325816,0.723672377355097,0.7724199219819943,0.7413070694820917,1.118258738452449,0.2279976077706807,0.7982520143404566,0.8637264259231696,57.060978841682214,25.39650883792077,46.97844068026585,52.82713299262241,64.35804652054497,31.168314739559126,37.862593791267386,8.333333333333332,8.333333333333332,75.0,58.333333333333336,83.33333333333334,54.276615104640584,28.796178343949048,37.191082802547776,41.10828025477707,27.80449759521643,35.075427422058326,37.07714083510261,False
AVA,Avista Corporation,3400266496.0,1964000000.0,645000000.0,193000000.0,1272999936.0,3318000128.0,19000000.0,,0.0273,0.07283,122.481,0.83,0.317,-153000000.0,469000000.0,17.369747,14.613815,1.2542857,1.7312965,3.411,10.386,4.75,0.8235,0.0,0.028,0.06,0.09827,0.64817,0.20826,USD,Utilities,Utilities - Diversified,US,41.34,0.21,7151.0,43.5,35.5,40.6598,38.81185,670767.0,701400.0,622052.390438247,713186.6666666666,708257.7777777778,19.240133528879667,21.353936172148806,3.5052618277825465,8.015089972099766,15.268847787295847,2.377518619104646,41.34000015258789,-14.013641854923453,0.2427673276758312,0.3280448523409149,0.0623468012001769,-0.4016376095500419,1.5489822139340377,0.0004660575261674,,65.40603431724945,65.43551754250448,73.15327631375673,0.0,56.66533712062693,46.42820325903574,50.095811933289056,73.15327631375672,73.15327631375672,0.0,70.0,49.99999999999999,65.0,90.0,70.0,90.0,30.0,88.386,35.0,90.0,46.71875,real_yahoo,1370451.662704517,9.826883910386966,32.84114052953157,1.5370029630552229,64.81669735234216,5.14418624496124,0.1413502055175327,-7.790224032586559,-4.965517241379303,3.745732265706719,13.470564811230895,16.759949589762293,3.7954891891721942,21.39824904738785,3.597312260588446,3.7295366350531793,20.964642107032283,,13.340781204754997,13.477499871869645,,3.6841646066684905,21.922628067593507,21.947119646967447,95.22292993630572,51.7515923566879,,0.2387983706720977,32.84114052953157,0.0056937366710223,17.062610190315105,0.012854495,0.8973720004642327,0.7977996716212148,1.15086317823996,-0.6437502733315259,0.342555500801295,-0.2310252318459058,0.0036571385841510044,1.1933786963996398,1.1933785879291532,-0.4709457328275546,2.4824859881916024,0.6744907594765952,0.04350120749969867,0.0,1.011736139214893,0.35799248449191456,1.011736139214893,-0.6440224473729895,0.013432896138098716,-0.8672024050413367,1.011736139214893,0.8042673104567136,0.3,0.3,1.048974377016533,0.44000000000000006,0.44000000000000006,0.44622156499820365,0.9183333333333332,0.9183333333333332,1.0,0.5,0.2,0.3,66.44440679678252,-0.900652540300978,-0.5108140694190259,-0.0752836903468782,0.9609753329027624,0.7982226070162776,1.0257265575745556,-0.9714746849498046,0.45125922443525224,,-0.054724829538265574,-0.7481241939196597,-0.539441659138808,1.9793225571020459,3.0,-0.09590606321719632,0.12698599843859348,0.1668224823895345,51.56152479741575,2.438627406406125,43.1201376627069,-0.5143551993949563,-0.5597885081960422,1.3409107302966736,0.9750450909563282,1.126702383633587,0.7411127744014449,0.8205562184963174,-0.5370718537954993,1.157977910626501,0.8806226903995492,52.80736850204583,63.29985362433089,34.27280447976759,75.27905029339315,36.11212191980267,66.80460001362876,40.74545729319026,25.0,75.0,25.0,100.0,58.333333333333336,36.07825295723385,68.64331210191084,48.41401273885351,41.894904458598724,68.64682178603927,47.3583640630238,38.94196744515215,False
CMS,CMS Energy Corporation,24202377216.0,8538999808.0,3019000064.0,1061000000.0,3545999872.0,18922999808.0,509000000.0,,0.031519998,0.108559996,194.861,0.979,0.516,-1742375040.0,2235000064.0,22.260624,18.823948,2.6993234,2.834334,5.069,14.337,2.9,0.6156,0.123,0.066,0.091,0.12542,0.41527,0.21675,USD,Utilities,Utilities - Regulated Electric,US,78.58,0.424,8350.0,78.88,67.71,75.3382,72.7921,3112826.0,2934810.0,2420022.310756972,2949033.333333333,2806445.5555555555,16.435094941211258,16.478178734800363,1.7875711623897006,12.422660314890566,11.049285512895924,8.435071113797864,78.58000183105469,-8.506526310047791,0.5302982052467651,0.7259061755133577,0.0737259054469855,-0.4357530944408033,0.8198114262675625,5.3436353261367134e-05,,56.50477004506089,47.89515669874939,43.51006648781062,1.0,65.43551754250448,67.85898370482127,40.51461860438294,43.51006648781062,52.28024690968817,1.0,40.0,67.95516804993738,65.0,90.0,60.0,70.0,30.0,97.826,52.5,70.0,48.90625,real_yahoo,1022634.70754491,12.425342825350254,35.35542958054133,6.682519351539705,41.527110337651386,6.267969329860869,0.1181102408009917,-20.40490782500788,-0.3857332041674491,4.376762804998783,14.847429670088664,20.047958576479434,4.380525508547614,22.86790971950392,4.229894749042985,4.335173468312353,21.989086008783424,9.03013657115323,14.69928773063068,14.896988330094285,13.837893879407714,4.301251679806127,23.66364394027479,23.90971669739203,72.92993630573248,51.7515923566879,,0.2617402639950967,35.35542958054133,0.0261939072164074,19.06340453680033,0.0417304624623999,0.38496267437810244,-0.11018495955136308,-0.324337390513557,1.553397398691291,0.795121088047547,1.1551261592295243,-0.5151140042989512,-0.33629298849269035,0.11627249028307472,2.1233869006435357,1.545641763266071,-0.3372453797382976,1.0085490621196638,0.0,1.011736139214893,0.041494209507233884,0.3372453797382976,-0.6440224473729895,0.55074874166207,-0.1927116455647415,0.3372453797382976,1.380842505624312,0.3,0.3,0.9111831810487184,0.44000000000000006,0.44000000000000006,0.3667703934199475,0.9183333333333332,0.9183333333333332,1.0,0.5,0.2,0.3,71.41747179169376,-0.770978302199134,-0.14644226374611702,0.1685378667295985,1.1515011082656819,-0.1932498613130526,1.2163904840430473,-0.9102036339737055,0.5226966813708347,,0.05303576703998059,0.2726966085118719,1.8367314366471084,1.3093434575067824,1.7504641138797354,0.015327667381438067,0.25942313093550856,0.22233761430832905,57.641980495644596,1.5078477528746115,57.590284512449585,0.8318511054954579,0.47802713980957773,1.593572730618139,0.6409223536230148,0.8879666830163871,0.9864264935208881,0.6410940287284475,0.6549391226525179,1.117247542120577,0.8532888109318058,62.47731555539767,46.02048460536321,53.096678375235086,42.61524768022053,59.358135090092944,61.07239161522381,46.51118429703601,66.66666666666666,41.66666666666667,66.66666666666666,33.33333333333333,75.0,48.72611464968153,80.39012738853503,69.36624203821654,64.10668789808916,80.24990250877423,68.4244049614482,61.53397027600849,False
DTE,DTE Energy Company,30796480512.0,15813999616.0,3616999936.0,1459000064.0,4792999936.0,26289999872.0,208000000.0,,0.02943,0.12177,213.601,0.804,0.436,-1746625024.0,3408999936.0,21.05832,17.813673,2.4997466,1.9474188,3.595,15.718,3.05,0.6309,0.289,0.255,0.264,0.09245,0.30309,0.15921,USD,Utilities,Utilities - Regulated Electric,US,148.04,0.428,9650.0,154.63,123.69,143.1142,137.60295,1491485.0,1125350.0,1283477.689243028,1272833.3333333333,1502462.2222222222,17.436644406420328,16.176715020792727,0.378184194418929,14.453924385219818,8.094049670936453,10.866341249809164,148.0399932861328,-10.133982747166035,0.6914632840630424,0.9168905566732896,0.0783150017948347,-0.5665927184046646,2.1009890389722314,5.714306051071631e-05,,33.22454041010614,61.05042733156571,34.73988606593307,1.0,34.73988606593307,49.99999999999999,69.2581985911013,52.28024690968817,43.51006648781062,1.0,20.0,67.95516804993738,65.0,70.0,70.0,30.0,30.0,79.219,52.5,50.0,48.90625,real_yahoo,1638756.4368911916,9.226002905196983,22.872138762040045,12.375847386734296,30.30858765894129,7.268454613541912,0.1296690738911236,-11.04480249406881,-4.261786199314499,5.004214726293333,14.2226164673696,19.153048642473284,5.047481395216918,23.484161436376095,4.825830657008495,4.970606040829161,22.29042234397974,9.174816815907135,14.065084675527151,14.056756730290973,14.309448852198456,4.93161337080058,23.992454470857467,24.150666251338293,40.92356687898089,51.7515923566879,,0.2155684848095547,22.872138762040045,0.0078496490680336,19.062566409175265,0.044945307,-0.955184793847164,0.5708035138280702,-0.7607872629258401,1.553397398691291,-0.7888584673143336,-9.19163727223097e-16,1.0411994243503562,0.11627259875356136,-0.33629309696317694,2.1233869006435357,3.0,-1.011736139214893,1.0085490621196638,0.0,0.3372453797382976,0.35799248449191456,-1.011736139214893,-0.6440224473729895,-0.5083440483447664,-0.1927116455647415,-0.3372453797382976,0.2276921152891153,0.3,0.3,1.125784848668758,0.44000000000000006,0.44000000000000006,0.05211875399275364,0.9183333333333332,0.9183333333333332,1.0,0.5,0.2,0.3,58.232945646254066,-0.8352008203814596,-0.011727638801117086,-0.13166624135025629,0.20555232750772215,-0.6708083907127271,0.26975579152523527,-0.965031079122973,0.03853752093815877,,-0.16383815875432903,-0.3543790272674975,2.589959368835926,1.3586492786891178,1.9110571518503532,-0.26403573663542373,-0.28589830026645846,-0.025544531313318748,49.03370084000595,1.6072328216116738,39.7526722471329,-0.019121715562713495,0.4775924014938447,1.5033588232540485,0.6346770688130463,0.6920810139501816,1.099481284449228,0.5154049024661824,0.2292353429655656,1.0690179460335474,0.8020382887046005,58.50287075378434,69.96525452732882,44.20694636038952,57.0342401983027,77.63200909947965,42.94528324561505,60.92550180665038,16.666666666666664,83.33333333333334,100.0,66.66666666666666,50.0,61.373976342129204,69.2579617834395,61.63694267515923,56.917197452229296,68.99454049135578,60.55648675829701,54.111818825194625,False
WEC,"WEC Energy Group, Inc.",38295760896.0,9800099840.0,3867699968.0,1557500032.0,4153100032.0,22390499328.0,27600000.0,,0.030199999,0.11576,159.331,0.587,0.374,-2139337472.0,3379399936.0,24.444906,19.566338,2.8109686,3.907691,6.232,15.792,3.24,0.7422,0.111,-0.325,-0.302,0.15893,0.42378,0.21308,USD,Utilities,Utilities - Regulated Electric,US,117.58,0.525,7151.0,118.53,100.61,114.0216,110.23485,2255581.0,2083710.0,2126793.426294821,2021376.6666666667,2187411.111111111,16.291086820054275,16.212306936119784,1.2834917220836628,11.36559563875148,6.691231731273528,11.680592458868656,117.58000183105467,-11.222417349903246,0.7909913563434624,1.170496992528926,0.0930311623871236,-0.1682391517751992,0.8198114262675625,4.125150011951152e-05,,57.874195317705286,34.73988606593307,52.28024690968817,1.0,61.05042733156571,57.14359348192851,50.095811933289056,47.89515669874939,65.4355175425045,1.0,50.0,72.44396006242172,65.0,70.0,60.0,50.0,30.0,84.55799999999999,62.5,70.0,48.90625,real_yahoo,1370451.662704517,15.892695558497492,39.46592413491168,7.669441187534122,42.37814001698987,5.789099338948517,0.1509300836258688,-21.829751807916274,-0.8014848561545662,4.775587838279222,14.59822971862898,17.133326366919263,4.7835673858898895,23.005658410428182,4.62114195549779,4.745119936813095,22.147120888230056,8.87514731685335,14.57012643990869,14.519289850113395,14.130651653963929,4.7116437319977615,23.83190256873761,24.36860504546689,72.92993630573248,51.7515923566879,,0.3448332150869189,39.46592413491168,0.001238100711879358,19.337244926690406,0.029842928,0.4637948783913536,-0.7911734329307963,0.11211248189872614,1.553397398691291,0.568838294424421,0.46205046369180974,0.0036571385841510044,-0.11001019486956466,0.7951208711524528,2.1233869006435357,2.4824859881916024,0.0,1.2498110257746546,0.0,0.3372453797382976,0.041494209507233884,-0.3372453797382976,-0.6440224473729895,-0.20445323274598648,0.1927116455647415,0.3372453797382976,1.092554908040513,0.3,0.3,1.2366785261542768,0.44000000000000006,0.44000000000000006,0.19401264426294776,0.9183333333333332,0.9183333333333332,1.0,0.5,0.2,0.3,68.6701028666381,-0.8115399007165257,-0.0730171657323315,0.4938904583988344,1.4629828616392433,-0.15702216399453559,1.5280980942515285,-0.9847917204046653,0.4918161787850175,,0.4433324986582622,-0.7302077471831062,3.0,1.7173249582704204,2.1144749999464696,0.15453318099594773,0.3972976776562414,0.30755959617857254,45.296999844042645,1.8960424770246425,64.06556522306033,0.6122998390488233,0.6200686455660911,1.6048578803837057,0.4832289121713107,0.817906479061873,0.9275930667378961,0.45574165710423004,0.6161842423074573,1.0440433962775082,0.7531316675449893,61.47253020041214,53.21684997583773,57.90128322021966,34.900255021506666,46.11719892981867,51.3699694585535,55.159774802804634,83.33333333333334,58.333333333333336,41.66666666666667,25.0,41.66666666666667,40.28662420382165,80.52547770700639,69.97133757961782,65.44904458598727,80.42051215390616,69.14515588333892,63.202406227883934,False
INVH,Invitation Homes Inc.,15662675968.0,2717689088.0,1490493952.0,586963968.0,1582972032.0,8431642112.0,144324992.0,,0.02486,0.060939997,88.124,2.423,0.848,1086718208.0,1206230016.0,26.614584,35.681366,1.6375057,5.763233,8.792,16.032,4.7,1.2188,0.043,0.024,0.01,0.21632999,0.58247,0.26999,USD,Real Estate,REIT - Residential,US,25.55,0.816,1725.0,35.799,24.25,25.9196,28.53855,7361729.0,7434930.0,4097813.74501992,7353476.666666667,6632680.0,21.268508830942864,21.34620595639285,-2.11312839548069,-6.70378023042475,-8.889770668883779,-23.057210884650704,25.549999237060547,-29.154263914710043,-1.0761737519455166,-1.5746450481690353,-0.0372876279087697,-0.4621264973597718,3.968865011746988,8.799125956172112e-05,,48.72440862631567,58.25729128251502,45.15047972296737,1.0,51.7038855027412,50.0,43.07469632843152,64.82175242991626,64.81069706228885,0.0,90.0,53.45834250622541,65.0,10.0,20.0,70.0,30.0,100.0,72.5,50.0,48.90625,real_yahoo,1575471.9350724637,21.59790722904061,54.844167369302845,13.976615654417342,58.24698781732018,5.65694486763003,0.143059916440628,39.98684812028064,-28.629291320986617,3.279029747687948,15.707519654482205,18.787578210409624,3.605470670892624,21.723047756507647,3.228826155721369,3.292854645825123,21.18256995060141,7.453561871643373,15.225964400565866,15.81068391121538,14.270066061404467,3.3856961899133724,22.85525738394048,23.47454639215736,40.92356687898089,51.7515923566879,,0.4438440075158443,54.844167369302845,0.0168290048515559,18.466601482734223,0.0,-0.0629208654626423,0.426215575877235,-0.24270188100891793,1.553397398691291,0.0865308631050021,-4.595818636115485e-16,-0.37649928260583587,0.7634490007983245,0.7628784047549665,-0.4709457328275546,3.0,1.3489815189531904,0.2293789451455742,0.0,-1.6862268986914881,-1.2244988904314889,0.3372453797382976,-0.6440224473729895,0.6744907594765952,0.5781349366942244,-0.3372453797382976,1.452914405020262,0.3,0.3,1.098598253269627,0.44000000000000006,0.44000000000000006,-0.5454847164749915,0.9183333333333332,0.9183333333333332,1.0,0.4,0.25,0.35,64.74610463477505,-0.9756300973918817,-0.6320674236753853,1.0292283792534973,2.628303020343849,0.5185328639109236,2.6942632318990825,-0.938193518687722,0.9706743265122263,,0.9083970820215662,-0.4870336655560571,0.8612627150025476,3.0,3.0,0.38143518604374493,1.0596576941350204,0.6153690011102821,65.86357851690087,3.0,61.633265720188625,2.0880753512801267,0.16846431573653195,1.1582061630671954,0.028884442246104307,0.3458223606378228,-0.07810064927618558,-0.20693390677480422,1.1282698335083292,0.5935453026566498,0.010426276448431332,61.254283004873,73.28733900355391,37.817955593688666,59.1328807287382,58.75620853279128,60.265533840496104,64.52908118405398,62.5,100.0,75.0,81.25,87.5,31.86988171064604,80.72929936305734,71.24203821656052,66.63375796178345,80.63499285064344,70.4994971505196,64.55414012738854,False
ELS,"Equity Lifestyle Properties, In",12822078464.0,1537901952.0,742979968.0,386492000.0,818222976.0,3347784960.0,7932000.0,,0.058080003,0.22099,184.469,0.5159,0.1591,440619008.0,571148032.0,31.835821,29.375175,7.0621347,8.337383,10.279,21.276,3.39,1.0249,0.005,0.032,0.047,0.25131,0.53204,0.36082,USD,Real Estate,REIT - Residential,US,63.99,0.77,3700.0,69.0,58.15,65.6552,62.417,1947385.0,1309740.0,1508520.3187250996,2040323.3333333333,1798983.3333333333,19.07689260569051,15.223482276708328,-4.754135388551184,7.958048581071986,6.51386590028169,-0.6917761806774836,63.9900016784668,-13.386360901611772,0.0625168123269438,0.0979780590322601,0.0235414717478581,-0.1404842688786086,0.8198114262675625,0.000110330394754,,49.744881725263134,38.59707394319354,38.59707394319354,0.0,58.25729128251502,76.14130388092838,29.084183860616385,48.42600859151332,45.15047972296737,0.0,50.0,53.45834250622541,65.0,70.0,50.0,10.0,30.0,100.0,65.0,50.0,48.90625,real_yahoo,415649.1762162162,25.13112097278878,48.31127023629657,7.909169813497882,53.2038453385096,4.505888589448484,0.1706047547331116,28.650656657726906,-7.260869565217387,4.174233411906258,14.402732804352969,15.886415894693425,4.248495242049359,21.153684956322863,4.080076590424396,4.19953306308623,20.522645445441217,8.216358332386156,14.226640469881191,14.52861934011142,12.93759926291251,4.149731964301659,21.93156475841887,23.274434402052883,40.92356687898089,51.7515923566879,,0.3713813037672768,48.31127023629657,0.0023637273627511,18.385366638490986,0.0,-0.004176408840400227,-0.5915043757605954,-0.5688334973338506,-0.6437502733315259,0.4247047423775314,1.6908299177783959,-1.13401182757787,-0.08261676770697254,-0.25164323306262293,-0.4709457328275546,-0.08927246734611585,0.0,0.2293789451455742,0.0,0.3372453797382976,-0.27500406547744677,-1.6862268986914881,-0.6440224473729895,0.6744907594765952,0.2890674683471122,-0.3372453797382976,-0.7092425768582324,0.3,0.3,0.08992391283387939,0.44000000000000006,0.44000000000000006,-0.019960351104478132,0.9183333333333332,0.9183333333333332,1.0,0.4,0.25,0.35,45.15778192893182,0.04517099748209017,1.0001104414177,1.3607609162983854,2.133258390875993,0.3038486364405577,2.1988596433206378,-0.9814274397147594,1.734945729746497,,0.5680317915165195,-0.7711822442080519,0.536788364499647,2.6283547392015456,2.2750680379170873,0.9905090848038792,0.7677304559547091,0.8359862397777287,52.21198913637248,2.469375723623539,64.02905821762349,0.1493759902410509,0.12632765503123164,1.3556145487641331,0.10070521756074166,-0.021241783988828714,0.7379380012977872,0.4481981115064062,0.13785182263614126,0.7281598831624374,0.42326209877438814,54.78976181088365,42.17056000183811,62.8198923873384,29.17282078763733,51.33250475146595,46.738692221941015,55.88049067828535,68.75,31.25,56.25,6.25,56.25,50.0,46.91719745222929,58.51273885350319,63.554140127388536,46.40582347588718,57.804223935635264,62.61854210898797,False
AMH,American Homes 4 Rent,12073224192.0,1850233984.0,952006976.0,437697984.0,1039212992.0,5112930816.0,108516000.0,,0.02122,0.066,66.32,2.187,0.358,719992512.0,864326976.0,24.64407,42.3814,1.5159255,6.525242,8.787,17.079,4.23,1.0169001,0.042,0.002,0.005,0.24482,0.56167,0.25474,USD,Real Estate,REIT - Residential,US,29.08,0.805,1598.0,39.49,27.22,29.818,32.55615,4464391.0,3178190.0,2559262.3505976098,4487750.0,3934294.444444445,20.36435838934532,23.12816612111984,-1.903249882576996,-7.83454111514904,-9.101659652577831,-20.146548099382155,29.07999992370605,-27.62629975154478,-0.8917002571934238,-1.33112129680984,-0.020435900364779,0.0754904707906681,2.477689563633222,0.0001213771854985,,43.11180658210461,54.98058839262811,41.873776833080456,0.0,45.15047972296737,38.79658405103069,39.57706821147773,61.54260366223568,61.53399417240193,0.0,90.0,50.0,65.0,80.0,70.0,90.0,55.0,92.764,70.0,90.0,48.90625,real_yahoo,1157843.544430538,23.65635848141464,51.45332883475996,9.51544066585639,56.16657141673169,5.370686292113893,0.1690472660602494,38.91359245512594,-26.361104076981523,3.403860499081639,15.185242375376747,18.50240819472585,3.7010550300440697,21.338577946417303,3.340030946424668,3.4280989348596616,20.76172952612934,7.377133712833954,14.755230021373904,15.316862243362104,13.96207068322479,3.5132201551135256,22.355038622148896,23.214255960908066,95.22292993630572,51.7515923566879,,0.467144687360796,51.45332883475996,0.0207827454389607,18.125280296738357,0.0,-0.38601537688497456,0.2565955839375966,-0.4057676891713843,-0.6437502733315259,-0.25164301616752793,-0.7246413933335991,-0.5658774188488448,0.5942358470972654,0.5937914651187013,-0.4709457328275546,1.909826476277179,1.3489815189531904,0.04350120749969905,0.0,0.6744907594765952,0.35799248449191456,1.011736139214893,0.8628557081793109,0.262624503310127,0.4817791139118537,1.011736139214893,-0.493026878670383,0.3,0.3,0.5213302782384214,0.44000000000000006,0.44000000000000006,0.5553542229983727,0.9183333333333332,0.9183333333333332,1.0,0.4,0.25,0.35,53.46458443755412,-1.0874818628881477,-0.5804658945338669,1.222379322156495,2.3713547825647465,0.4299857306294718,2.437128679785049,-0.9263765515780663,0.8423561618163921,,1.01784293836044,-0.5616348164697393,0.45124861337814404,2.602574239928568,3.0,0.34475845465169186,0.9235513256716472,0.5914031993166668,59.3455202831886,2.7814158319607127,54.735300628515375,0.9361052520239108,-0.00857960106811936,1.239646917632878,0.046058975473517456,0.37499262675852735,-0.14103581230091639,-0.21594575647118797,0.4637628254778957,0.6428529465531977,-0.00870026383416473,55.933176686633836,61.918819687711505,47.9451838778543,53.13422760182149,36.90382933791921,49.7846863221703,53.71834305184319,43.75,75.0,18.75,62.5,75.0,31.43767060964513,60.515923566878975,55.02866242038216,53.87579617834395,60.23007929286364,54.002681863895404,51.58174097664543,False
SUI,"Sun Communities, Inc.",16525767680.0,2298500096.0,1009000000.0,-76100000.0,1221699968.0,4308299776.0,569600000.0,,0.02155,8.0000005e-05,60.914,1.282,1.0,442062496.0,864200000.0,25.034245,45.223297,2.2944736,7.189805,8.604,19.601,3.28,1.7294825825000038,0.034,0.015,0.0085,0.59221,0.53152,0.15542,USD,Real Estate,REIT - Residential,US,129.25,0.894,3607.0,137.85,109.22,130.3056,126.899,846855.0,725370.0,832054.1832669323,918210.0,805834.4444444445,23.685635714406832,15.574663855328646,-4.596291200823554,6.7774831040208205,2.1814438725294094,7.1179148034432815,129.25,-11.878221329443273,0.4342239172931708,0.6587566834503976,0.0405061663234772,-0.0755450904575903,3.3911663713941462,0.0001206226781567,,29.845656295787585,48.42718261285428,35.32037105330663,0.0,28.766965273532808,42.53105603402045,32.58181197757017,45.14685982383273,71.36410284206266,0.0,60.0,51.7291712531127,65.0,90.0,50.0,10.0,30.0,100.0,65.0,60.0,48.90625,real_yahoo,637233.1843637371,-3.310854767090686,43.89819264118925,11.820797517009188,53.15205207631194,4.269870937561943,0.2005895701163019,19.2326507520842,-6.238665215814288,4.869455680633476,13.599634837424324,20.160444919817657,4.933394213752808,21.55552261541199,4.70247836845509,4.877527430818136,20.92350914299981,8.190908881182514,13.631654043645858,13.730182490686293,13.364892503356405,4.851240889945943,22.1838091799384,23.528186677338866,55.891719745222936,51.7515923566879,,0.3759843219079857,43.89819264118925,0.1167715668949406,18.493401364488918,0.0,-1.1496933129741225,-0.08264439994168023,-0.731899305496317,-0.6437502733315259,-1.097077714348852,-0.4830942622224002,-0.9446336913348614,-0.2518299214080324,1.1010522840274954,-0.4709457328275546,0.507563584748003,0.3372453797382976,0.1364400763226366,0.0,1.011736139214893,-0.27500406547744677,-1.6862268986914881,-0.6440224473729895,0.6744907594765952,0.2890674683471122,0.0,-1.3578896714217807,0.3,0.3,-0.117234815201808,0.44000000000000006,0.44000000000000006,0.20214240592092922,0.9183333333333332,0.9183333333333332,1.0,0.4,0.25,0.35,40.25570303028144,-1.0773414555766732,-1.2527130850495416,-1.3080389524602718,1.7988477429805667,0.3016349581085216,1.864206512744672,-0.6394845006293004,0.006647301646538412,,0.5896526740618159,0.3989450587717715,0.9598515232660491,3.0,2.1572998100719674,-0.45418838124164257,0.7375455567263847,0.15007208917406933,78.69412053084972,2.6207849145323854,47.74967780682972,-0.35711912200042933,0.1823654628976991,0.9404850535995241,-0.09289861154828105,0.0006964168203898602,0.672230846263237,0.2639358839250982,-0.08737682955136512,0.4237932210256215,0.34828202872894126,50.93300295454193,45.363541483671504,57.97034335115382,36.63203147048205,49.04718599680339,49.19895431689372,58.042638304727504,31.25,37.5,50.0,18.75,100.0,32.46132848043676,36.80573248407643,50.07324840764332,54.528662420382176,36.29598336149747,49.45692256118002,53.72257607926397,False
KRC,Kilroy Realty Corporation,3404145920.0,1112667008.0,631120000.0,275196000.0,738977024.0,4717087232.0,179316000.0,,0.017819999,0.05382,83.67,0.79,0.629,419131872.0,566313024.0,12.262932,51.73386,0.62126046,3.059447,7.303,12.876,6.0310000000000015,0.931,-0.05,-0.79,-0.791,0.24816,0.66415,0.23244,USD,Real Estate,REIT - Office,US,28.45,1.101,241.6,45.03,27.07,31.1986,37.5627,2162408.0,2232250.0,1384699.203187251,2205423.333333333,1896016.6666666667,31.513748065751457,36.69144785219164,-6.255912035882205,-23.71272849238677,-30.20066334665773,-9.10468997685021,28.450000762939453,-35.315338180962264,-0.1164984472890379,-0.1645615671264745,0.0046136354344946,-0.2603200509396472,2.1182599455852027,0.0003743314654361,,43.62204313157834,68.08739995217576,51.7038855027412,1.0,38.59707394319354,20.124224136081843,53.56758067929286,71.38004996527745,41.873776833080456,0.0,80.0,30.979116215760246,65.0,50.0,40.0,40.0,30.0,100.0,55.0,60.0,48.90625,real_yahoo,4616875.55186722,24.73300619334981,56.72137265347945,5.72225836679906,66.41493085413744,7.474152668272278,0.1200556606539346,37.669120139850506,-36.819897845880526,3.382693910097596,14.45526627961586,19.00466017608828,3.82929335782915,20.83002568118716,3.334701390373791,3.4719229733442862,20.42077738911932,5.49141399650995,14.140994214380177,14.606430489769622,15.34522896339444,3.652285488037895,22.274457334399564,21.948259914247565,55.891719745222936,51.7515923566879,,0.5089690086326348,56.72137265347945,0.0366219838325603,17.4891416781584,0.0037135799999999,-0.35664314857385393,0.9350755516961503,0.08342973531601515,1.553397398691291,-0.5898168954400577,-1.932377048889597,0.19163512612318895,1.1018753082004442,-0.4207301726988878,-0.4709457328275546,3.0,1.011736139214893,-0.9788263495526152,0.0,-0.3372453797382976,-0.5915023404621275,-0.6744907594765952,-0.6440224473729895,0.6744907594765952,-0.09635582278237075,0.0,1.6691301032081114,0.3,0.3,0.681856918209846,0.44000000000000006,0.44000000000000006,-0.2496733350055409,0.9183333333333332,0.9183333333333332,1.0,0.4,0.25,0.35,66.5480188597408,-1.1919588174318485,-0.7046766163345644,1.3234045567812138,2.770552373949186,0.8662506449892389,2.836615731157181,-0.8790361267319277,0.6547171406546145,,1.2142963761076788,-0.41413662705718335,-0.5389985222350571,2.3257523464550562,3.0,0.4312575922034007,1.1645723951070823,0.5654609502887655,32.95797185242357,2.6291637905502814,52.860154556591624,0.05666656027123953,-0.33854585363311385,0.23537299769874023,-0.4160921004641496,-0.22996836514488544,-1.0247737666495351,-1.1133074159571696,-0.14093964668093717,-0.09035955138270467,-0.8128922409904307,44.55649328747421,53.89325471966508,43.383357204209865,66.93459962955981,26.581910371543756,75.83784171498266,45.069752546074575,37.5,56.25,6.25,87.5,12.5,21.38307552320291,67.91082802547773,47.754777070063696,40.57643312101911,68.62082412582869,48.524974857525976,41.40481245576787,False
HIW,"Highwoods Properties, Inc.",2406656512.0,808481024.0,469462016.0,157252992.0,547107968.0,3634000896.0,27358000.0,,0.02152,0.06684,149.2,2.378,1.881,284184736.0,359207008.0,14.77931,28.197369,1.0012615,2.9767632,7.478,12.878,6.0310000000000015,1.3792999,-0.016,0.015,0.0085,0.19742,0.67670995,0.26158002,USD,Real Estate,REIT - Office,US,21.43,1.066,315.0,32.76,20.45,23.195,27.7746,1451644.0,1429420.0,1033635.4581673308,1420876.6666666667,1427104.4444444445,26.51167136995969,29.648027962998512,-6.704392922133751,-15.364386124886863,-30.788528388304503,-22.790821560394104,21.43000030517578,-34.02546836467179,-0.7512940704110328,-0.9281696407452396,0.0142249025234538,-0.544542475133196,3.392933055291884,0.0005070446846891,,52.80630102210553,71.36410284206266,58.25729128251502,0.0,48.42718261285428,35.06211206804092,46.57232444538529,73.60987112730024,68.08739995217576,0.0,80.0,30.979116215760246,65.0,80.0,30.0,70.0,30.0,100.0,42.5,70.0,48.90625,real_yahoo,2566606.425396825,19.450424602668225,58.0671657174232,4.157881262515399,67.6710957658791,7.740777255981451,0.0988461528436563,35.15045221395326,-34.584859584859586,3.110399348532117,14.171158786121808,17.124519585183904,3.5192766697277564,20.51066776731827,3.065724645374026,3.186146000245282,20.120156724820863,5.755742213586912,13.848593684383106,14.166785313765056,14.758095516875208,3.3594930535556364,22.0136000537558,21.601504282199063,72.92993630573248,51.7515923566879,,0.4442986258636047,58.0671657174232,0.0074720891278613,16.913384571555067,0.0,0.17205696102632642,1.1046955436357884,0.40956135164094754,-0.6437502733315259,-0.08255607653126311,-0.966188524444799,-0.18712114636282812,1.216940252717164,0.931965344391231,-0.4709457328275546,3.0,1.011736139214893,-0.9788263495526152,0.0,0.6744907594765952,-0.9080006154468081,0.3372453797382976,-0.6440224473729895,0.6744907594765952,-0.5781349366942244,0.3372453797382976,0.3718359140810148,0.3,0.3,1.00818134909354,0.44000000000000006,0.44000000000000006,-0.005402036266767139,0.9183333333333332,0.9183333333333332,1.0,0.4,0.25,0.35,59.16188345689392,-1.0782633107868074,-0.5718996378579568,0.8277233430408334,2.872532799343374,0.9197192780016603,2.938670103021278,-0.9661595328736194,0.899910182333297,,0.9105324744096464,-0.7307119076610419,-0.652939243276514,3.0,3.0,0.4194824191158166,1.1814967668685743,0.5875971915357304,47.021581244133486,3.0,56.90221373579891,-0.20618779653606406,-0.6371921066740892,0.685931756239974,-0.36144585837692556,-0.2923011243254789,-0.560127089369943,-1.1383099021870744,-0.4216899516050766,0.16224294893152424,-0.6532341437017433,44.08750841258856,50.5437816663901,30.000426473256436,70.63162869552652,39.30594048662496,53.88767151025306,42.90760491963242,50.0,50.0,25.0,93.75,43.75,30.254777070063692,61.477707006369435,47.42993630573249,42.61464968152866,62.12790848823607,48.36741535367081,44.058740268931345,False
NNN,"NNN REIT, Inc.",8137223168.0,926212992.0,837566592.0,389048992.0,888832000.0,4820424192.0,5046000.0,,0.03924,0.088879995,109.349,0.5159,0.1591,-1385543936.0,667131008.0,20.661837,20.16492,1.8428197,8.785478,13.97,15.448,5.61,1.1401,0.091,-0.022,-0.02,0.42083,0.95963997,0.62224996,USD,Real Estate,REIT - Retail,US,42.77,0.834,241.6,46.03,35.8,43.5242,42.2036,1528611.0,1884420.0,1242597.4103585656,1486366.6666666667,1507486.6666666667,18.583296474958125,15.796430381887411,-4.955554538302954,9.771224994071792,2.632409541787739,6.841276667558915,42.77000045776367,-11.435988472244606,0.4460622476688962,0.6450334171258737,0.0361881342413294,-0.1814319861060702,2.6310609162077347,0.0001911956537561,,76.78741884737093,32.04366816341972,73.59226080718577,0.0,73.59226080718577,50.0,64.0604650301542,25.47196721774919,48.42718261285428,0.0,90.0,43.08331498754918,65.0,90.0,90.0,90.0,30.0,94.284,57.5,90.0,48.90625,real_yahoo,8049339.165131358,42.00426849551253,68.83251306712125,4.7633568756897935,95.96410411828904,5.7552727604493565,0.1383967429893771,-43.69865726800156,-7.082337605909183,3.778948651202804,14.225955026234368,15.434106606359894,3.8507856959569566,20.64661478020016,3.605497845174885,3.7960328615802834,20.60541880036701,5.49141399650995,14.032715237324387,14.211845894024348,15.909951842843284,3.765923825111369,22.296127767983016,22.81971482473193,95.22292993630572,51.7515923566879,,0.7202781798163332,90.42915606176253,0.001238100711879358,17.788551373613778,0.0,1.552551691649017,-0.9307443596398723,1.1727093338412897,-0.6437502733315259,1.2160316198752505,-4.595818636115485e-16,0.7597695348522141,-1.2671088436143896,-0.08255629342635809,-0.4709457328275546,3.0,1.3489815189531904,-0.3282542677920516,0.0,1.011736139214893,0.9909890344612758,1.011736139214893,-0.6440224473729895,0.3491414614877162,0.0,1.011736139214893,1.2366987068324127,0.3,0.3,1.1708868036828273,0.44000000000000006,0.44000000000000006,0.6659606627664304,0.9183333333333332,0.9183333333333332,1.0,0.4,0.25,0.35,72.21096566260015,-0.5337541666676215,-0.3471374303510798,2.9440213165613325,3.0,2.124173229456648,3.0,-0.9847917204046653,3.0,,2.2068387974597385,-0.7771946704035976,0.0016490576358208966,2.999598569280306,3.0,1.1809986870032565,1.2068437258179008,1.7517096993649348,30.70584770173411,2.9997792131041687,77.86068587740851,-0.04973028612777941,-0.1832415028116275,1.400074894618214,0.0007806606012461467,-0.0492363133895645,0.838854609474027,0.2831159033802542,-0.11648589446970345,0.7004277776097301,0.4057057207868177,52.454366964106974,68.06068251301562,57.13125691175078,57.05631205802879,44.28331069160511,67.87912696166569,66.69122881049613,100.0,87.5,37.5,75.0,6.25,45.70063694267515,85.51910828025478,75.51592356687898,71.99044585987261,85.90601845833876,75.98726114649682,72.59377211606511,False
STAG,"Stag Industrial, Inc.",7133445632.0,845184000.0,617089984.0,273350016.0,673358976.0,3292665088.0,28439000.0,,0.02829,0.07757,89.693,1.275,0.628,324051360.0,463388000.0,25.034245,41.534092,1.941567,8.440109,12.213,16.727,4.24,1.0206,0.108,0.579,0.638,0.32362,0.7967,0.37839,USD,Real Estate,REIT - Industrial,US,36.55,1.045,241.6,39.98,28.61,37.9548,37.11795,1523759.0,1802530.0,1303328.486055777,1367986.6666666667,1430783.3333333333,21.68997885970048,18.947727437833954,-5.190628783671835,0.0737181445546131,3.9214123145190793,5.3519072304999415,36.54999923706055,-16.83715011071922,0.3342320132606917,0.451148219585717,0.0216075844222754,-0.1716481355617004,2.414212343300289,0.0002391800314289,,69.13387060526495,35.32037105330663,71.36410284206266,0.0,64.81069706228885,42.53105603402045,60.56283691320042,58.26345489455508,54.98058839262811,0.0,90.0,36.16662997509836,65.0,90.0,60.0,70.0,30.0,93.203,47.5,90.0,48.90625,real_yahoo,8049339.165131358,32.34207178555202,68.83251306712125,4.346638464798173,79.67010449795548,5.3357940873660334,0.1407334143058767,38.34092457973649,-8.579289644822408,3.625673378210144,14.17373333672174,17.163272035700082,3.7130841428107537,20.5550649142795,3.3881121421135,3.6624019996405184,20.32778914361968,5.49141399650995,14.08043269141372,14.12885136152945,15.909951842843284,3.640685299795341,21.91496313125104,22.688060213126118,95.22292993630572,51.7515923566879,,0.548268779342723,73.0125018930789,0.0085631161344076,17.679113131335757,0.0,1.1119682669822006,-0.761124367700234,1.0618245842908125,-0.6437502733315259,0.7628786216500615,-0.4830942622224002,0.5703913986092056,0.4250226933962055,0.2556175858461716,-0.4709457328275546,3.0,1.3489815189531904,-0.7000097430838023,0.0,1.011736139214893,0.041494209507233884,0.3372453797382976,-0.6440224473729895,0.2876119668890494,-0.385423291129483,1.011736139214893,0.8042673104567136,0.3,0.3,1.1679730600213263,0.44000000000000006,0.44000000000000006,0.3741187367167216,0.9183333333333332,0.9183333333333332,1.0,0.4,0.25,0.35,66.42019680237189,-0.870231318366554,-0.46247590674781863,2.0373870676857586,3.0,1.4305257659727195,3.0,-0.9628986638390715,1.8827850840878617,,1.3988917221623078,-0.7284598519724123,-0.11300994054479638,2.6144975476274253,3.0,0.8173531838558308,1.216695601272418,1.1028369641757216,56.88820473677837,2.787973651195084,69.01332077716975,-0.004258692814433017,-0.2400073171122722,1.120242528267447,-0.3286581131245908,-0.08190844452230511,0.299117002034044,0.3379384762368476,-0.12213300496335261,0.39579220757142813,0.19645581032798037,50.09679243028999,71.05688446942796,51.41388861597614,38.69101331291671,69.78965506692572,58.393188287070295,60.20478593116966,81.25,93.75,87.5,25.0,68.75,60.96451319381256,83.57961783439492,77.37898089171975,72.57006369426753,84.10243078122971,78.40093865236338,74.19320594479831,False
CUBE,CubeSmart,8525087232.0,1125570048.0,709510016.0,333782016.0,804465024.0,3517945088.0,5782000.0,,0.04328,0.11552,126.45,0.5159,0.1591,492737984.0,608512000.0,25.4726,25.207405,3.1079726,7.5740175,10.679,16.942,5.7,1.4315,0.056,-0.217,-0.228,0.29654,0.71472,0.39488,USD,Real Estate,REIT - Industrial,US,37.19,1.134,3121.0,44.13,34.24,38.489,39.18605,2468378.0,2488400.0,1705508.3665338643,2546826.6666666665,2370230.0,23.51028469659649,27.50102864132005,-6.848432487881572,6.5980187410477065,-4.824163881753596,-6.464751400107049,37.18999862670898,-17.355610167882407,-0.1556176593644755,-0.2227679766693579,-0.0044468446091442,-0.2955098191413355,1.636130912546848,0.0001781150443089,,68.1133975063175,45.15047972296737,64.81069706228885,0.0,68.08739995217576,76.14130388092838,25.5865557436626,68.10090119759685,58.25729128251502,0.0,90.0,36.16662997509836,65.0,80.0,50.0,80.0,30.0,98.914003,57.5,80.0,48.90625,real_yahoo,360644.0397308555,29.65448632833556,63.035616242695184,5.7886165207357525,71.47178671193637,4.958274032314718,0.1729737061774171,43.43565867011251,-15.726263312939048,3.6425737012374246,14.678497976716011,15.57026037450895,3.80954721383891,20.84155545449074,3.562181801067979,3.676022152111381,20.5056880492441,8.046229101075378,14.34937437278346,14.750359090371589,12.79564948414489,3.6935199204759903,21.98114287455554,22.866279092673608,84.39490445859873,51.7515923566879,,0.5406256155103374,63.035616242695184,0.0016408762244075,17.965413710151115,0.0,1.0532238103599594,-0.25226439188131866,0.7356929679658806,-0.6437502733315259,0.9319655612863259,1.6908299177783959,-1.3233899638208786,0.9326621544993843,0.4247045254824364,-0.4709457328275546,-0.23742868484248275,1.3489815189531904,-0.7000097430838023,0.0,0.6744907594765952,-0.27500406547744677,0.6744907594765952,-0.6440224473729895,0.6126768403779194,0.0,0.6744907594765952,1.020483008644563,0.3,0.3,0.25067692821797816,0.44000000000000006,0.44000000000000006,0.2443276586621556,0.9183333333333332,0.9183333333333332,1.0,0.4,0.25,0.35,62.467997849069185,-0.4096109983695679,-0.07546466763973443,1.7852024873635137,3.0,1.081530862779768,3.0,-0.9835879021776218,2.021536988076997,,1.3629909408829588,-0.7756613558921902,0.04595379988550482,3.0,3.0,0.9439246672483542,1.2073854440200704,1.1493625304515385,35.1728054825286,3.0,71.86880985592052,0.2968681973972218,-0.09150268881321472,0.9562796808510489,-0.46761570014638937,-0.31232066995044083,0.6622423340203535,-0.03401959734983922,0.10268275429200355,0.24433199035232975,0.16099485341805742,51.00206086476063,64.27862054837765,50.47348405210451,45.7512640266215,33.598302446112726,58.73071038339116,49.39404779895889,87.5,81.25,12.5,43.75,18.75,36.91992720655141,70.57961783439492,59.96496815286624,57.59554140127389,70.74613284804369,59.8357358364063,57.05944798301486,False
REXR,"Rexford Industrial Realty, Inc.",7898109952.0,1003132992.0,671353984.0,200168992.0,775408000.0,3261020928.0,167803008.0,,0.01879,0.025020001,36.898,1.739,1.305,186291632.0,542084992.0,38.511627,34.6799,0.9170704,7.8734426,11.216,16.759,5.25,1.7294825825000038,0.021,0.015,0.0085,0.21136999,0.77299005,0.37478,USD,Real Estate,REIT - Industrial,US,33.12,1.276,256.0,44.38,29.68,36.7056,39.139,2701562.0,2665680.0,2237014.342629482,2723306.6666666665,2521673.333333333,27.276827110836816,19.42092978928649,-9.055438499461332,-13.995290161830976,-17.952329579882942,-11.94690126373743,33.119998931884766,-25.789666058482307,-0.2830145582747059,-0.3840882859160652,-0.044881531785075,-0.5286512862059253,3.915879290533229,0.0001581700810289,,65.56221475894883,41.873776833080456,68.08739995217576,0.0,61.53399417240193,46.26552801701023,50.06995256233908,51.70515735919391,73.59226080718577,0.0,90.0,29.249944962647543,65.0,40.0,40.0,80.0,30.0,100.0,60.0,70.0,48.90625,real_yahoo,3918488.25,19.954382279951968,66.92572065260116,5.158943435199055,77.29862402930517,4.8573792748953135,0.1662316814177771,18.57098046676547,-25.371789094186585,3.5298837226234783,14.740433656849111,18.938301283898586,3.815071479351696,20.7263939323506,3.4236109764990554,3.629808624536885,20.46889990169313,5.54907608489522,14.620653099022498,14.81735775339906,15.181216742074586,3.692348430252681,21.905306151702945,22.789889321339693,72.92993630573248,51.7515923566879,,0.5403919483489583,66.92572065260116,0.0489389397449656,18.12078999501237,0.0,0.9063626688043532,-0.42188438382095705,0.8987587761283465,-0.6437502733315259,0.5937916820137963,-0.24154713111119985,0.0022569898801808033,0.08659638599408692,1.2160314029801556,-0.4709457328275546,3.0,1.3489815189531904,-1.0717652183755526,0.0,-0.6744907594765952,-0.5915023404621275,0.6744907594765952,-0.6440224473729895,0.6744907594765952,0.09635582278237075,0.3372453797382976,0.5880516122688643,0.3,0.3,1.187211754979523,0.44000000000000006,0.44000000000000006,-0.23584604972932335,0.9183333333333332,0.9183333333333332,1.0,0.4,0.25,0.35,60.22387646629359,-1.1621521349090067,-0.9983768350249882,0.875011273924937,3.0,1.3295907610329816,3.0,-0.8422231240347752,1.8524094398549462,,1.361893380522249,-0.4381217326323421,-0.025664247170300553,3.0,3.0,0.36782908840478706,1.2709995941843513,1.0814371210725406,72.08898176998343,3.0,66.36468721385951,0.6948262989320991,-0.010908728698693826,0.617010857647929,-0.6893233109002704,-0.6190645657265541,-0.48392682564006334,-0.5923735712005478,0.34195878511670263,-0.03615622662617074,-0.5570021713341559,49.55851684770756,48.48405405552761,41.08450611346379,42.81830025330686,42.37568674061813,48.47074028782221,51.55619542540104,75.0,43.75,31.25,37.5,93.75,33.50773430391264,69.31528662420384,59.232484076433124,54.14649681528663,69.5859872611465,59.39993295340261,53.934890304317065,False
LAMR,Lamar Advertising Company,12933840896.0,2266419968.0,1024656000.0,586787008.0,1519561984.0,4918727168.0,64812000.0,,0.064569995,0.57224,479.979,0.579,0.513,537700224.0,864049024.0,22.121317,20.981756,12.785736,5.7067275,7.854,17.373,5.01,1.0745,0.023,0.015,0.0085,0.25907,0.67047,0.32929,USD,Real Estate,REIT - Specialty,US,127.64,1.232,3500.0,139.76,99.84,131.369,126.46,561718.0,716710.0,514077.2908366534,651746.6666666666,533548.8888888889,23.67132241347104,20.6897199729368,-6.701684608761216,4.0773811764107215,7.378094150715575,15.930579258261822,127.63999938964844,-11.729194690680034,0.7913566869223895,1.1666323158043626,0.051064319416807,0.0764652087301922,8.360429321186109,0.0001794973804705,,55.35748376947419,61.53399417240193,54.98058839262811,0.0,54.98058839262811,64.93788793195907,36.079440094523946,54.98430612687449,51.7038855027412,0.0,10.0,39.62497248132377,65.0,50.0,0.0,10.0,30.0,99.199,32.5,0.0,48.90625,real_yahoo,647548.5622857143,25.89047997656893,45.2103323509017,11.655814840668356,67.0467965096926,4.800369263440609,0.1756651659033429,23.724650841057183,-8.672009158557525,4.857017805430656,13.187307857795956,17.98700134479227,4.947056312453384,21.54146731733128,4.61353510231972,4.88559347711529,21.14168796251313,8.160803920954665,13.150130849641103,13.387412751684494,13.380950613697085,4.847802589886148,22.316315628492784,23.28311303875088,2.388535031847134,51.7515923566879,,0.3812395920436931,45.2103323509017,0.0130052153329438,17.99934272106025,0.0,0.31891810258193204,0.5958355678168734,0.24649554347848115,-0.6437502733315259,0.2556178027412666,0.9661885244447972,-0.7552555550918533,0.255809539695146,0.08653064620990712,-0.4709457328275546,0.5353480331217003,-1.3489815189531904,-0.5141320054379267,0.0,-0.3372453797382976,-1.8574954404008501,-1.6862268986914881,-0.6440224473729895,0.6288985992790631,-0.9635582278237074,-2.023472278429786,0.15562021589316535,0.3,0.3,0.27354614650919773,0.44000000000000006,0.44000000000000006,-0.8820226903038787,0.9183333333333332,0.9183333333333332,1.0,0.4,0.25,0.35,47.04983765720927,0.24459876211303636,3.0,1.43201395540381,1.8982780115398004,0.8931553508709107,1.9637088786435053,-0.9496220871475829,1.4696426652966839,,0.6143372559762454,-0.6526836988155916,0.5495547076660967,2.788195832707679,3.0,1.5665236190040726,0.6527099440375157,0.741441380112735,40.14513767494152,2.8835077079892235,73.9585520137809,-0.5952001335688654,-0.0739036494593156,0.9417743147389391,-0.6206251779906171,-0.2919247055071725,0.5219503074745566,0.48495460049652944,-0.3345518915140905,0.160574568374161,0.2666890914866297,47.117034305142845,56.03553148982383,56.77048028231605,55.13932838885333,46.67843595429208,48.835116092847365,62.366933557611816,93.75,62.5,43.75,68.75,25.0,57.415832575068244,52.74203821656051,60.89808917197452,65.35668789808916,52.94098531132199,61.84042909822327,67.8414720452937,False
IART,Integra LifeSciences Holdings C,742741568.0,1635245056.0,297747008.0,-516473984.0,919417984.0,2034813056.0,263740992.0,,0.02388,-0.39902002,195.006,2.543,1.19,44463500.0,50384000.0,31.390041,3.7187777,0.71135324,0.4929727359999999,1.537,8.443,0.65,0.0,-0.017,0.184,0.176,0.0,0.56224996,0.1244,USD,Healthcare,Medical Devices,US,9.53,1.065,4427.0,20.55,8.7,10.4652,12.62095,788318.0,884720.0,1056818.326693227,880806.6666666666,787815.5555555555,58.40761505436611,41.38165846615055,-3.640046489933824,-20.64946251996482,-31.78239405289527,-56.24426339520481,9.529999732971191,-59.13682581292413,-1.0078459222141465,-1.2243852780046407,-0.183535911033554,-0.6381934682194582,11.895729526072744,0.0009917970868888,,37.74459075589961,74.4108938637906,40.04507624617749,0.0,38.93651012659813,36.72270785017743,36.4036849898519,32.28305440642697,45.5879068440742,0.0,70.0,30.338609379687863,70.0,80.0,90.0,80.0,80.0,98.027,37.5,90.0,48.90625,real_yahoo,369379.9539191326,-31.5838890388304,18.208097123273003,0.1765036495562134,56.22508874902233,6.834033596737267,0.0247609970121992,2.719072584066568,-53.62530413625304,2.354228326145884,13.577020544220137,19.3904780924084,3.070375816549757,21.215058512021635,2.272125885509337,2.439316360553704,20.63925140281573,8.395703293828527,13.87077431996136,13.68859456856102,12.819583785913796,2.61160904865603,21.43366978773916,20.42585872118232,95.22292993630572,87.10191082802548,,0.0308112841039526,18.208097123273003,0.1147421320066344,16.12521819068177,-0.39902002,-0.6949840087968908,1.2624140447981236,-0.49677335831851915,-0.6437502733315259,-0.5723010487544046,-0.8587805297035163,-0.7376994022047372,-0.9156378903327377,-0.2290707827345408,-0.4709457328275546,-0.21389851865786752,0.6744907594765952,-1.0132520784737784,0.6744907594765952,0.6744907594765952,0.9909890344612758,0.6744907594765952,2.369733863731611,0.5621894710000279,-0.770846582258966,1.011736139214893,-0.6862409068382483,0.3,0.3,-0.48887003252829186,0.44000000000000006,0.44000000000000006,0.599718812444968,0.9183333333333332,0.9183333333333332,1.0,0.25,0.4,0.35,47.487887036139824,-1.0057440342562611,-3.0,-3.0,-0.1478756720272375,0.43245466310148695,-0.08392848025836334,-0.6455500896066602,-0.2543644668036112,,-1.031663054017151,-0.23825338608021265,-0.8430040870237224,-0.6744907594765952,-0.6584314556795334,-1.5877656766593644,-0.3366582044650969,-0.3596615502257322,21.947277608791115,-0.6672640727679174,24.65573876387383,-0.1888299289642447,-1.0460154346383979,-2.187074329619833,-0.35988453717443325,0.13360145939599255,-0.854280476718046,-1.180579999629332,-0.6174226818013213,-1.2734794333971333,-0.6558057527572203,34.03077734043509,33.11391456736975,25.1308498629851,76.45779512764778,29.575604473850966,55.447103062988035,45.34577139200336,6.382978723404255,21.27659574468085,12.76595744680851,97.87234042553192,2.127659574468085,30.4140127388535,31.78662420382166,20.066878980891723,15.17515923566879,32.37033666969973,20.955414012738856,16.50743099787686,False
MTCH,"Match Group, Inc.",7422046720.0,3487196928.0,1052698880.0,613446016.0,2541464064.0,4090991104.0,1031299008.0,,0.13261,0.30238,52.3455,1.418,1.326,873889920.0,1080380032.0,13.210084,7.800772,-0.9948549107227488,2.1283703,2.975,9.855,2.45,0.3193,0.021,0.406,0.324,0.17591,0.7288,0.30021998,USD,Communication Services,Internet Content & Information,US,31.44,1.303,2200.0,39.2,26.39,30.9881,33.135876,5423168.0,10793210.0,4686344.22310757,6346330.0,4748008.888888889,36.43679217477125,30.765000131913776,0.4152062291046698,-0.361960978501763,-8.51861742895348,2.257909105707512,31.440000534057617,-24.60684098869037,0.2392354776576647,0.3548027627791395,0.0066401025947005,-0.4869890985623089,10.881019091168811,0.0001063814121014,,66.95301394092357,56.66533712062693,65.43551754250448,0.0,65.4355175425045,50.00000000000001,47.89515669874939,73.15327631375672,65.4355175425045,0.0,80.0,23.314910414719485,65.0,70.0,70.0,80.0,30.0,100.0,62.5,80.0,48.90625,real_yahoo,1585089.5127272727,17.59137865356596,30.187537490283084,0.4355858780572063,72.87985498018882,3.886193081159163,0.2640876023767565,25.05995325309027,-19.795918367346943,3.479392229247212,15.373236117457818,20.75408501836273,3.693866995624976,21.97236407823884,3.3101779832749867,3.4653639586370715,21.656006155463448,7.696667081526462,15.360163566507348,15.663387408605267,14.276152069484668,3.5303489133503927,22.13205310160629,22.727720694498984,84.39490445859873,51.7515923566879,,0.3098133126137005,30.187537490283084,0.2013355326329474,18.808244327469517,0.205830066,0.9864252812338566,0.3438073560349255,0.7667872905171507,-0.6437502733315259,0.7951210880475478,0.0,-0.11549674882041143,1.1933786963996398,0.7951208711524528,-0.4709457328275546,3.0,1.011736139214893,-1.3907593008393655,0.0,0.3372453797382976,0.35799248449191456,0.6744907594765952,-0.6440224473729895,0.6744907594765952,0.1927116455647415,0.6744907594765952,0.5159797128729143,0.3,0.3,1.2811278146013652,0.44000000000000006,0.44000000000000006,0.20133733369300294,0.9183333333333332,0.9183333333333332,1.0,0.2,0.45,0.35,66.53628226282541,2.335366532339623,1.8301195257657097,0.6532832257172027,0.7598927340841531,1.1414704606933659,0.8244981528497102,-0.3867391371698293,1.2250386250297198,,0.27884016450365895,1.360806184952184,-0.08004375985521761,0.3544862799691364,1.268684999967882,1.4381537525559411,0.2794413723409175,0.5597254911378027,60.34595943841051,0.765875703968572,64.48667829822685,2.528729797869153,0.345675077511373,-0.20806695272620826,-0.7314789833675575,0.6972265745374561,0.27486825324334774,-0.1911483894993651,1.437202437690263,-0.46977296804688284,0.26177075680876644,58.241165168629344,59.80368527252489,45.021954020460484,71.13854820254868,56.45615467787722,63.18432109634999,58.042638304727504,75.0,75.0,58.333333333333336,91.66666666666666,75.0,70.83712465878071,81.40445859872614,71.8312101910828,68.27388535031848,81.40192382685558,71.3208179684881,66.80113234253362,False
MSGS,Madison Square Garden Sports Co,7810739200.0,1071032000.0,7435000.0,-16586000.0,351128992.0,1187889024.0,81302000.0,,0.00177,0.30238,52.3455,0.5159,0.314,16631250.0,3477000.0,25.9156085,57.555233225000016,-0.9948549107227488,7.2927227,8.326,60.639199999999946,1.55,0.0,0.128,6.449,6.419,0.0,0.32784,0.054980002,USD,Communication Services,Entertainment,US,324.51,0.564,514.0,345.46,173.26,305.8524,241.68394,249086.0,275120.0,154744.02390438248,245426.66666666663,224821.11111111112,25.26860720364158,23.73860836484618,1.861392254159755,25.361209970286435,39.49619694548736,62.88210446453812,324.510009765625,-11.855642033687284,1.75349882289168,2.970012280550715,0.1265351652275219,2.1026715886913103,22.94778597398396,0.000348454723197,,37.89070432791172,39.12497627687184,39.12497627687184,0.0,39.12497627687184,29.26715778604736,56.66533712062693,25.96970564405552,25.969705644055523,0.0,0.0,50.00000000000001,65.0,40.0,0.0,60.0,30.0,95.203,32.5,0.0,48.90625,real_yahoo,2083719.8443579767,-1.5485998550930318,0.6941902762942657,0.1337826408372443,32.78417376885098,10.110675872502972,0.0029270411037992,1.552824752201615,-6.064377930874776,5.78539318314292,12.323064751199931,18.21368118676128,5.847767371850795,20.79188850751746,5.160548436803141,5.726366850215632,19.676664215342534,6.244166900663736,11.9495340343231,12.410757546007108,14.549665721039464,5.491759938313988,20.895443640223903,22.778765444334528,2.388535031847134,51.7515923566879,,0.003246401601446,0.6941902762942657,0.0640581271554911,17.731843944283167,0.30238,-0.6865728489124809,-0.564177275137652,-0.5425623267196987,-0.6437502733315259,-0.562575673691208,-1.3410084690345239,0.35936231774513705,-1.2414241629851939,-1.2414242714556802,-0.4709457328275546,3.0,-1.6862268986914881,0.043501207499699435,0.0,-0.6744907594765952,-1.8574954404008501,0.0,-0.6440224473729895,0.40145006975429753,-0.9635582278237074,-2.023472278429786,-1.2137458726298813,0.3,0.3,0.5272761518186343,0.44000000000000006,0.44000000000000006,-0.8888260400662126,0.9183333333333332,0.9183333333333332,1.0,0.2,0.45,0.35,44.14253211049576,-1.6851513241250644,1.8301195257657097,-1.142681041994711,-1.475030431864599,-0.5654458162552307,-1.4120455660434228,-0.797034792528136,-0.8384855642822007,,-1.161138339306773,-0.6183299538521305,-0.03564438971715186,-0.6744907594765952,0.3051267721441742,-0.543844825987224,-1.135290717961544,-0.6256788105395735,30.156981502463356,-0.233662870247249,29.874192085964197,-0.8642461860274858,-0.21265574901882303,0.7978999409810376,0.4223373852741182,0.8982268133292103,1.706551979701336,1.8509695290376673,-0.5384509675231545,0.6101186631275779,1.5073796945905977,51.159689528650055,28.89088805525069,53.04492889109312,35.93742530303312,76.49928202142675,47.19531443357994,55.159774802804634,16.666666666666664,8.333333333333332,100.0,25.0,16.666666666666664,66.44676979071883,35.84394904458599,41.33757961783439,41.33439490445859,35.28207461328481,40.177673483070734,38.885350318471325,False
TTWO,"Take-Two Interactive Software, ",37011017728.0,6559099904.0,823000000.0,-1304228651.52,3888800000.0,3511300096.0,2359000064.0,,-0.0027,-0.7025134,100.449,1.137,1.011,1484974976.0,667900032.0,25.9156085,25.62794,10.583531,5.642698,5.818,46.371,1.55,0.0,0.249,0.184,0.185,0.0,0.59289,0.0,USD,Communication Services,Electronic Gaming & Multimedia,US,199.87,0.965,12928.0,264.79,187.63,208.731,234.66885,2288024.0,2050960.0,1790181.2749003984,1972140.0,1982706.6666666667,28.88465550061019,28.883564494955465,-5.956807855278933,-20.560417222344928,-22.211413863916828,-5.319758721760215,199.8699951171875,-27.67928771144233,-0.008721742027703,-0.0104886540018077,0.0714715895490091,0.4328550694428605,9.409223498860236,3.542935866488289e-05,,40.658543338674754,52.28024690968816,56.66533712062693,0.0,30.354795854994293,37.0419736162796,30.354795854994297,47.89515669874939,39.12497627687184,0.0,20.0,57.66130877682875,65.0,80.0,60.0,60.0,30.0,95.761,90.0,60.0,48.90625,real_yahoo,507356.1188118812,-55.926876094528744,12.547453340329543,0.8192973754961905,59.28862278234938,4.26646427217497,0.1902144544013363,22.639920076448345,-24.517542203255417,5.302657932646457,14.499973976900169,21.581503664926,5.5827065232990245,22.60411922088465,5.239787424357633,5.345825757215729,22.08136646395267,9.467228129254554,14.397828002185957,14.49463031260284,13.13697041097152,5.462427641683426,21.97925220384948,24.334481481723486,55.891719745222936,51.7515923566879,,0.1018280010634825,12.547453340329543,0.4018533975611905,19.695494601584745,-0.82361503,-0.5272396936604488,0.11681119824178123,0.33033741810486716,-0.6437502733315259,-1.0151412609374597,-0.8381302931465777,-1.065214881951509,-0.11001019486956466,-0.562575890586303,-0.4709457328275546,0.1577399864225659,-1.011736139214893,0.4552784505807223,0.0,0.6744907594765952,0.041494209507233884,0.0,-0.6440224473729895,0.43321090045370136,1.2526256961708195,0.0,-0.34888307987848327,0.3,0.3,-0.4429410604774481,0.44000000000000006,0.44000000000000006,0.1838352619861348,0.9183333333333332,0.9183333333333332,1.0,0.2,0.45,0.35,46.48965709055005,-1.8225077504350398,-3.0,-3.0,-0.5768233880288871,0.5628915720259583,-0.513187228198266,0.21257003913371456,-1.3011041184863514,,-0.6980897225207684,3.0,3.0,-0.6744907594765952,0.3051267721441742,-1.864702458011942,-0.18659645789887477,-0.6949640780247327,50.41365225739149,-0.233662870247249,35.78967426662584,0.36026592269188645,0.8058934001948728,0.47218677611133525,-0.2037524169252214,-0.1883969416327687,-0.8493244507376636,-0.7735166714353563,0.5830796614433796,0.13421717959305693,-0.628303864215503,52.395904162579406,37.990337060209086,47.22282208898804,43.21098115495725,51.699417996246765,58.1756314351598,34.979730289344516,25.0,25.0,50.0,41.66666666666667,50.0,37.73885350318471,36.55254777070064,35.716560509554135,36.08757961783439,35.94663980241779,34.1099564197117,32.73708421797594,False
EA,Electronic Arts Inc.,50951655424.0,7305999872.0,1344999936.0,680000000.0,5718000128.0,2241999872.0,2899000064.0,,0.048070002,0.10027,36.443,0.926,0.84,2209874944.0,2521999872.0,76.254684,22.037424,8.278779,6.973947,6.884,37.394,0.37,0.2846,0.01,-0.685,-0.7,0.09307,0.78264,0.08574,USD,Communication Services,Electronic Gaming & Multimedia,US,203.6,0.725,14500.0,204.89,131.15,201.3152,188.14426,2587277.0,2528350.0,2730342.629482072,2377213.333333333,2386424.4444444445,25.699512972822497,6.43810628278642,1.414630242273196,-0.3020199945440449,1.4842429811662283,41.14244829146632,203.6000061035156,-8.517979593516245,1.4953453456245431,2.332431384378816,0.1008767310539188,-0.5293203099809318,37.83714306311163,2.168048964793957e-05,,55.18969814518067,47.89515669874939,69.82060775344326,0.0,43.51006648781062,47.40839472325592,25.969705644055523,56.66533712062693,52.28024690968817,0.0,60.0,69.15327194207185,65.0,60.0,90.0,20.0,30.0,95.172995,62.5,80.0,48.90625,real_yahoo,503862.060137931,9.307418723152148,18.40952586318359,0.9125926740122884,78.26444330931409,1.6669144822918416,1.1248884995476038,30.247399161191773,-0.6296061301185985,5.321056853517526,14.685307174397224,21.78763170930745,5.327342045588653,22.711961747936527,4.883937641050299,5.309826877287865,22.46688495340687,9.581972891547895,14.819938030845131,14.68143991195896,13.130059804059188,5.242510004332564,21.53063410495053,24.65414308725513,84.39490445859873,51.7515923566879,,0.3451957180652959,18.40952586318359,0.5638980937734833,20.13609495106606,0.071733158,0.30925937141271964,-0.11018495955136308,0.985012226723292,-0.6437502733315259,-0.336292880068082,-0.1676260586293161,-1.3026444152342833,0.34255539237668664,0.11627249028307472,-0.4709457328275546,0.14832874685622816,0.3372453797382976,1.0729443152022564,0.0,0.0,0.9909890344612758,-1.3489815189531904,-0.6440224473729895,0.3997422136160615,0.1927116455647415,0.6744907594765952,0.2276921152891153,0.3,0.3,-0.16043100041338293,0.44000000000000006,0.44000000000000006,0.3215488930788484,0.9183333333333332,0.9183333333333332,1.0,0.2,0.45,0.35,52.59109121647648,-0.26242138836114864,-0.23098301800596063,-0.12402673957088577,-0.13261196683135815,1.3706713095334309,-0.06865370728047959,0.6968903436916178,-0.5796615321899034,,0.44503521502353005,3.0,3.0,0.24266196656867653,-0.9582051265580203,-0.037611711918883024,0.2758411156569643,-0.12060580912007884,67.85189629341478,-0.297728225338337,54.653328199034966,1.0641993583123222,1.034433598747373,0.7590863880873473,0.17096467167288706,0.8361329543674197,0.27820441002786683,0.23428323501616816,1.0493164785298474,0.4650255298801172,0.4324066208262231,60.900035430716244,55.162259835295544,49.7511202377065,33.368898295380326,26.24665685306426,62.61190968575028,37.862593791267386,58.333333333333336,66.66666666666666,8.333333333333332,16.666666666666664,83.33333333333334,30.52775250227479,54.44904458598728,48.85350318471339,48.57961783439491,53.83140517353438,46.96614146832047,44.56475583864118,False
LYV,"Live Nation Entertainment, Inc.",36570398720.0,25201405952.0,1963015936.0,-54829000.0,6438049792.0,10404385792.0,7094199808.0,,0.038900003,0.36701,572.032,0.995,0.825,1107258368.0,1395315968.0,25.9156085,57.555233225000016,31.54903395,1.4511254,1.629,20.911,1.55,0.0,0.111,0.184,0.185,0.01968,0.25546,0.0,USD,Communication Services,Entertainment,US,155.75,1.147,17700.0,175.25,113.2,153.2168,150.97455,3043081.0,3070570.0,2483252.988047809,3303073.333333333,2949641.111111111,30.64329823619679,37.92651376188592,-2.522217305098051,7.184641536585601,-0.58722038660729,15.670261463017066,155.75,-27.835227868443745,0.6719710834853589,1.0072059485104303,0.0988902332037813,-0.1176886546535454,5.293212473477929,4.496459463086243e-05,,33.04698605907642,69.82060775344326,34.73988606593307,0.0,34.739886065933064,47.40839472325592,43.51006648781062,30.354795854994293,34.73988606593307,0.0,10.0,46.16934561158564,65.0,20.0,10.0,0.0,60.0,83.384,77.5,10.0,48.90625,real_yahoo,1423808.2458757062,-0.2175632585913276,7.7893111985056285,3.1479084108318034,25.546391357142014,5.300204446226156,0.1341084419488623,4.393637284002908,-11.126961483594863,5.05465217951303,14.897194402688926,22.682543358816048,5.171903441692378,23.9501656216932,4.73795129722191,5.038359404611015,22.585491504027356,9.781376414141157,14.725080350055498,15.01036420891332,14.168846405433118,5.023713072617078,23.065493265064088,24.322504972001504,7.643312101910828,51.7515923566879,,0.0553665922709866,7.7893111985056285,0.4054156130196031,19.77333210761109,0.36701,-0.9654058706035369,1.024795829414359,-0.7607872629258401,-0.6437502733315259,-0.7888584673143341,-0.1676260586293161,-0.35292628210318566,-1.0151413693620681,-0.7888586842094286,-0.4709457328275546,2.626201830861634,-1.3489815189531904,-0.1623874140408118,0.0,-1.3489815189531904,-1.5409971654161694,-2.023472278429786,1.164231339289771,-0.2712761991278867,0.770846582258966,-1.6862268986914881,-0.9254582750460819,0.3,0.3,0.5114322085401835,0.44000000000000006,0.44000000000000006,-0.9391625396426024,0.9183333333333332,0.9183333333333332,1.0,0.2,0.45,0.35,44.83340404459066,-0.5442017668636198,2.4892113935800837,-1.01778569975321,-0.9373820598704978,-0.8735728117798203,-0.874007342771411,0.22321681324015638,-1.3011041184863514,,-0.9163240704385993,3.0,3.0,-0.6744907594765952,0.3051267721441742,0.007861573576392335,-0.3802564725662057,-0.7495226650041904,34.53434806286292,-0.233662870247249,44.375537762501104,0.8791942425910587,0.8462678554195088,0.3137781918666997,-0.48791287577878706,0.28896455182514535,0.6948922087816322,0.14618183306270843,0.8627310490052837,-0.08706734195604368,0.408500798979009,56.043530640490765,44.75405281481279,53.08643524472721,47.00327697153145,59.130528173781215,47.88930959198391,43.62832079511313,33.33333333333333,41.66666666666667,66.66666666666666,50.0,25.0,54.89080982711556,37.91401273885351,44.21656050955415,48.394904458598724,37.15390614844664,42.58799865906805,45.42108987968861,False
WMG,Warner Music Group Corp.,13638459392.0,6880999936.0,1480999936.0,302000000.0,3156000000.0,4606000128.0,751000000.0,,0.07125,0.39843,555.609,0.7,0.493,731000000.0,786000000.0,45.80702,14.800497,18.90659,1.9820461,2.558,11.886,2.91,1.2982001,0.104,-0.259,-0.254,0.044320002,0.45865002,0.17772,USD,Communication Services,Entertainment,US,26.11,1.279,5500.0,34.63,23.34,27.7026,30.0868,2463083.0,2751910.0,2009224.9003984064,2422740.0,2437297.777777778,29.2417055348932,44.05375666487047,-10.274913168118491,-13.668861487283534,-22.64785901676175,-13.980745962769417,26.11000061035156,-30.03804982407683,-0.3543925246545534,-0.4598812769574257,-0.0295875477289324,-0.6289255209542506,2.990442168754346,0.000238429558669,,53.1138188871084,61.05042733156571,47.89515669874939,0.0,56.66533712062693,50.0,39.12497627687184,69.82060775344326,73.15327631375673,0.0,20.0,34.677382446342534,65.0,20.0,0.0,60.0,30.0,100.0,62.5,10.0,48.90625,real_yahoo,1251090.8974545454,4.388897003471793,21.523033712756018,0.8595059186270712,45.865426963433706,3.110060990576572,0.170646977454882,10.623455991847289,-24.60294542304361,3.299902663510574,14.706400925739924,20.43691621105997,3.5731879796177446,22.65202981801111,3.1921210875593813,3.3569877109968327,21.87257124024689,8.612685172875459,14.513260081675998,14.700410101802982,14.039527245947331,3.4367832917871475,22.25062566635185,23.33615953525538,7.643312101910828,51.7515923566879,,0.114227584262544,21.523033712756018,0.1401904017277634,17.775577985744626,0.0,0.18975950497369581,0.5708035138280702,-0.1061124543074156,-0.6437502733315259,0.342555500801295,-4.595818636115485e-16,-0.5903558153859603,1.0214037732460644,1.1933785879291539,-0.4709457328275546,2.160988022240476,-1.011736139214893,-0.7800532786623459,0.0,-1.3489815189531904,-1.8574954404008501,0.0,-0.6440224473729895,0.6744907594765952,0.1927116455647415,-1.6862268986914881,-0.0605954822946841,0.3,0.3,0.8974222203959402,0.44000000000000006,0.44000000000000006,-1.0100166473715326,0.9183333333333332,0.9183333333333332,1.0,0.2,0.45,0.35,51.59033346286883,0.4498653425454221,2.80963018495758,-0.5855470727580192,0.10332092914974911,-0.008577918395166308,0.1674502647157157,-0.5694901257207587,0.1942863228083157,,-0.6398475162634081,0.7768570864474446,0.6300415166983455,3.0,1.7611703164111103,0.71757086131458,-0.1641729109806978,-0.08224734994252574,27.593935990876858,2.442526642385,59.70806956003439,0.5242719532483933,-0.18997082257500286,0.44002572981650356,-0.6940072745077466,-0.7885550015031328,-0.4657586681399928,-0.792079118852787,0.1671505653366952,-0.1269907723456215,-0.6604937033627731,47.303284269083015,40.562201435489364,40.66746620334321,51.115962667795216,32.66051763236108,53.95076237602708,52.27691130088176,66.66666666666666,33.33333333333333,16.666666666666664,58.333333333333336,8.333333333333332,47.474977252047324,48.65127388535032,41.78343949044586,40.097133757961785,48.74723774860263,41.669460274891044,39.66914366595895,False
AAPL,Apple Inc.,2648352353209.5527,432011094589.4396,146308715806.71997,112563088424.96016,202750324899.83987,90509000704.0,66907000832.0,,0.19839560260000003,1.3126597870000016,102.63,0.974,0.845,51929878691.83979,135471996928.0,32.35398,27.4732,31.54903395,8.634863,8.679,24.727,0.41,0.1304,0.157,0.183,0.159,0.27037,0.47325,0.35374,USD,Technology,Consumer Electronics,US,255.92,1.109,150000.0,288.62,169.21,260.363,249.1484,47817008.0,45259600.0,52154530.716294885,41206790.0,46110548.88888889,28.37135472781808,20.81167295983031,-1.678900546511897,-5.479700870837001,-0.2808751942867227,14.804334342903957,255.9199981689453,-22.988961530423914,0.6019401155408048,0.8349447048924885,0.0996892312080856,0.926904544097115,12.931746127967092,3.3709024030300643e-06,62900000000.0,61.03495254097219,38.44366026687858,40.759560012995095,1.0,70.86625671250981,74.24256016617694,60.09064493784511,60.44505366881788,37.28571039382034,1.0,90.0,61.33104521408242,40.0,30.0,90.0,80.0,30.0,88.6,90.0,90.0,48.90625,real_sec,2904113.370453333,27.036822918891986,35.10009721696504,31.21354163647711,47.32528853670264,0.5919412772517072,1.49677928022923,24.405097090592008,-11.329776176287163,5.548764752389592,17.64655232970035,24.926569444838744,5.668569718900456,26.79171710678306,5.137032968819882,5.565910245647507,26.03524113241088,11.918397239722838,17.785165161659595,17.534113630833854,14.881639037916225,5.522054341751456,25.22871513801081,28.62708289212269,95.22292993630572,14.331210191082802,,0.3135845320286169,33.866888521870955,0.4250330346289402,22.959880569832634,1.2442650077400002,0.6457467258110966,-0.5994459033920104,-0.46121692345997223,1.553397398691291,1.0753622625077317,1.568018420168377,0.5448246907570357,0.5375992292160441,-0.6574871015790409,2.1233869006435357,3.0,1.3489815189531904,0.6525181124954835,-3.0,-1.011736139214893,0.9909890344612758,0.6744907594765952,-0.6440224473729895,0.025613573144680195,1.2526256961708195,1.011736139214893,0.7466097909399536,0.3,0.3,1.6048761718900646,0.44000000000000006,0.44000000000000006,-0.05578452612931524,0.9183333333333332,0.9183333333333332,1.0,0.2,0.45,0.35,68.67377028234378,3.0,3.0,1.5395789122831787,1.1321527375896518,0.05357527270899369,1.1035112258520772,0.28184949811388804,1.6753724441041031,,0.2965539969348933,3.0,3.0,-0.25426336848466474,-0.9153803164325222,2.039703857245466,0.7337634483698922,0.7442874768753646,52.44368893980456,-0.5517659950612006,73.91686952992326,3.0,2.499136308907107,0.5184220045999424,-0.4285826700840865,0.4061741409901691,-0.009971626516747968,0.1592109994699104,2.7495681544535535,0.044919667257927925,0.16562689153132465,71.99996086641185,76.5476244945673,66.68827095209647,32.89628097474211,65.24467421703821,62.58614219854778,65.92246520998336,88.88888888888889,91.11111111111111,82.22222222222221,15.555555555555555,57.77777777777777,76.93357597816198,90.7611464968153,87.14649681528661,84.55732484076435,90.64409203171715,86.65437479047938,83.23071479122436,True
MSFT,Microsoft Corporation,2648352353209.5527,305453006848.0,146308715806.71997,112563088424.96016,202750324899.83987,123278000128.0,89461997568.0,,0.1486,0.34390998,31.539,1.386,1.239,51929878691.83979,138341821562.88004,23.370462,19.81789,7.0979753,9.087145,9.19,16.016,0.97,0.21280001,0.167,0.598,0.595,0.39044,0.68586,0.47094002,USD,Technology,Software - Infrastructure,US,373.46,1.107,228000.0,555.45,344.79,403.6066,476.91504,36595126.0,37272580.0,23079797.410358567,34644716.666666664,32377654.444444444,24.16972020257361,24.723908013698708,-9.063017893371573,-20.854149141182,-27.286428631526107,-1.5232526334755248,373.4599914550781,-33.91009686588169,0.0727194803843909,0.096652477031136,-0.0090136947019264,-0.1323801040941942,9.013811112924817,3.3709024030300643e-06,16039000000.0,70.00085148051213,36.12776052076207,51.18110887051942,1.0,74.34010633168458,77.01933023948544,57.72194894304579,65.07700651530031,56.97085823581072,1.0,30.0,61.33104521408244,40.0,50.0,80.0,10.0,30.0,90.0,90.0,50.0,48.90625,real_sec,1339706.170385965,39.04430486073013,57.37674493648467,21.88681806580407,68.58632655079778,0.7034047056359938,1.301984160104366,17.561007740445238,-32.76442524079576,5.925484988174007,17.29297909607042,25.217079763888048,6.3215773194194345,26.44506177999112,5.845831654381072,6.002915237007915,26.03524113241088,12.337105293891872,16.954468265179486,17.360655823686315,14.107961618483316,6.169432976107952,25.53770780564142,28.62708289212269,40.92356687898089,14.331210191082802,,0.4529070543139943,47.89892799435638,0.420522696892377,22.8772791257585,0.2707259328169002,1.1618768049640464,-0.7193294904824625,0.05741364631240096,1.553397398691291,1.2546225191137672,1.7476210113829274,0.4165722814608582,0.7766208181945403,0.3583210191884941,2.1233869006435357,2.399673070379962,-0.6744907594765952,0.6525181124954843,-3.0,-0.3372453797382976,0.6744907594765952,-1.6862268986914881,-0.6440224473729895,0.10530024515035424,1.2526256961708195,-0.3372453797382976,1.1309932543850194,0.3,0.3,1.5636939990112744,0.44000000000000006,0.44000000000000006,-0.29629177018590075,0.9183333333333332,0.9183333333333332,1.0,0.2,0.45,0.35,68.13146743073958,2.8267153593410783,2.2536391310340615,2.666278636788161,2.8202146481896078,0.958671715351754,2.1675908475290147,0.26836896960976786,2.6615292617247643,,0.9509672097802085,3.0,3.0,0.011279125533809142,-0.3158329746755485,2.4632544511245147,1.3129410024653538,1.302353507134958,59.524340894729136,-0.1359213195604018,81.53767207915502,3.0,2.4562907903966256,0.8968814626747814,-0.4254600276791023,-0.6201179986594282,-0.8656727932098084,-0.9893621084905456,2.728145395198313,0.23571071749783956,-0.8291131494289155,70.4406904148586,77.27476241264343,58.68334159915014,48.08483588191374,69.56187478820974,55.38959633579423,65.1537016094706,97.77777777777777,93.33333333333333,88.88888888888889,46.666666666666664,73.33333333333333,81.30118289353959,91.7515923566879,89.20700636942675,87.59235668789809,91.67424931756142,88.87361716392893,86.70912951167726,True
GOOGL,Alphabet Inc.,2648352353209.5527,402835996672.0,146308715806.71997,112563088424.96016,202750324899.83987,66995998720.0,126843002880.0,,0.15427,0.35705003,16.133,2.005,1.847,38088376320.0,138341821562.88004,27.38611,22.023607,8.609728,8.881852,8.733,23.427,0.28,0.076799996,0.18,0.311,0.298,0.32810003,0.59652,0.31568,USD,Communication Services,Internet Content & Information,US,295.77,1.128,190820.0,349.0,140.53,310.421,264.99564,34406427.0,35335480.0,32242780.47808765,31721720.0,35161474.44444445,30.110709389462265,32.07716590939403,-1.6291525836606646,-6.083392420091882,20.54694317604013,88.99361460032506,295.7699890136719,-20.36645805550895,2.226254761592238,3.9398650839025415,0.1486429361863639,0.4850851619146493,4.237628524345984,3.3709024030300643e-06,402836000000.0,67.64497369361433,30.354795854994297,61.05042733156571,1.0,69.82060775344326,75.9160527674408,61.05042733156571,34.739886065933064,56.66533712062694,1.0,20.0,76.74058418551463,65.0,0.0,0.0,30.0,30.0,89.8,90.0,0.0,48.90625,real_sec,2111078.4858610206,32.809877823211615,37.2794407552105,50.09724925738396,59.65231524521867,0.4461194987319924,2.4585498866043323,9.455057798872078,-15.252148997134674,5.692957428017367,17.375461593622198,25.56621596089482,5.857933154483459,26.721795359917568,4.952511708745748,5.7411456945056765,26.03524113241088,12.15909109483293,17.288804746015536,17.27251220924903,14.562709979300667,5.583479917669922,24.927898733971944,28.62708289212269,2.388535031847134,51.7515923566879,,0.3434197110133673,36.31967277389277,0.6543729684583766,22.959880569832634,0.3296285891242001,1.026258570046865,-1.0181695907239408,0.5485623543110089,1.553397398691291,1.0214038816706728,1.6762605862931539,0.5967918510279117,-0.7888585757389424,0.3425552839062004,2.1233869006435357,3.0,-1.011736139214893,1.480744419467601,0.0,-2.023472278429786,-1.8574954404008501,-1.011736139214893,-0.6440224473729895,0.09391643486382927,1.2526256961708195,-2.023472278429786,1.380842505624312,0.3,0.3,1.6200539043961906,0.44000000000000006,0.44000000000000006,-1.0113152689436185,0.9183333333333332,0.9183333333333332,1.0,0.2,0.45,0.35,64.45927474058372,3.0,2.3876403703606015,2.0812827767366557,1.297297281030124,0.5783447496130579,1.2895111116180937,0.9673022725388237,1.3551239622468276,,0.4366931145373798,3.0,3.0,-0.4269948856478323,-1.054560949340391,2.080460579104813,1.1445171340324223,0.6512228635330761,77.19402173709798,-0.7093996143094837,75.36957042597916,3.0,2.499136308907107,0.3617507808914733,-0.45824777293143665,0.41308843295486986,-0.04357150300900215,1.0450388768077066,2.7495681544535535,-0.048248496019981685,0.42000959172517205,72.09284442033336,74.46027786632673,73.6834608983585,38.962562807248716,67.42990845851126,54.30476864286703,66.69122881049613,91.66666666666666,83.33333333333334,83.33333333333334,33.33333333333333,100.0,85.57779799818016,89.78980891719746,90.42356687898089,89.3248407643312,89.6464318211361,90.08716057660075,88.49256900212315,True
AMZN,"Amazon.com, Inc.",2251864408064.0,432011094589.4396,145730994176.0,77669998592.0,202750324899.83987,178546999296.0,123028996096.0,,0.06928,0.22286,43.435,1.051,0.844,23793125376.0,138341821562.88004,29.256624,22.332802,5.476166,3.1410086,3.218,15.833,1.03,0.0,0.136,0.05,0.059,0.108339995,0.50286,0.10533,USD,Consumer Cyclical,Internet Retail,US,209.77,1.383,389912.0,258.6,161.38,214.998,224.5496,50670081.0,46472030.0,43555237.64940239,46461956.66666666,46609040.400000006,31.998756674857848,30.53280409870609,-4.1883612253084905,-7.386311579487447,-5.683197329941791,7.020055176393125,209.7700042724609,-21.73622311569574,0.4236845947009618,0.6326032575344025,0.0481463567932614,0.1782071847521461,5.021736325280294,3.3709024030300643e-06,716924000000.0,56.498312318261725,33.272284894621215,60.57271014078837,1.0,51.8862111988261,69.58381393108132,37.99624786269426,35.74775358657291,29.54116337696589,0.0,20.0,55.44998961457168,65.0,0.0,70.0,80.0,55.0,90.0,90.0,10.0,48.90625,real_sec,454901.01149238576,10.83378422676507,20.327258589874106,50.09724925738396,50.28566487058879,1.2251820575681245,0.7813853159453548,3.3187793366395497,-18.88244392884765,5.350767491548956,17.65730510173537,25.53568590516239,5.559141984829935,26.79171710678306,5.089939267434301,5.375269148382039,26.03524113241088,12.873678916297392,17.58954054448547,17.65414442102378,13.027837315382538,5.418540090410136,25.90811770489213,28.442779614830712,7.643312101910828,51.7515923566879,,0.3202274740058534,33.733160097310694,0.4079535439685184,22.935552214046268,0.22286,0.38459092949602475,-0.8671444645482257,0.5247886578835312,1.553397398691291,0.09593937373414609,1.2666888633292483,-0.6514705126190227,-0.7368498217106931,-1.057127165983622,-0.4709457328275546,0.01645226703129062,-1.011736139214893,0.3364252709568399,0.0,-2.023472278429786,0.35799248449191456,0.6744907594765952,0.8628557081793109,0.10530024515035424,1.2526256961708195,-1.6862268986914881,1.2572906780883981,0.3,0.3,-0.06926278676159683,0.44000000000000006,0.44000000000000006,-0.48600060733532874,0.9183333333333332,0.9183333333333332,1.0,0.25,0.4,0.35,53.234116113542434,0.3893301837466187,1.0191805604462145,0.01919692720161012,0.012708442747173566,0.17962722542359838,1.093370312858456,0.23080219874709865,-0.41482527996751684,,0.3277566261348141,3.0,3.0,-0.6744907594765952,-0.2515957594873013,0.376471482580325,0.7052146615083452,-0.08399095545330322,65.10540377988008,-0.484188009481413,65.83327981213608,3.0,2.486517146737995,0.19168616718999767,-0.8563846795669271,0.057393149514732615,-0.11608854070667483,-0.0705551462220553,2.7432585733689976,-0.3323492561884647,-0.050384015294866746,69.19430161399708,74.11612539923466,62.4750999040447,40.63085923551681,63.39143176351516,42.066379371443716,66.69122881049613,88.09523809523809,95.23809523809523,78.57142857142857,30.952380952380953,83.33333333333334,54.07188353048225,73.07643312101911,78.99363057324841,80.9140127388535,72.6439620434161,78.18974187060007,79.43029016277424,True
NVDA,NVIDIA Corporation,2648352353209.5527,215938007040.0,133230002176.0,112563088424.96016,153462996992.0,11411999744.0,62556000256.0,,0.19839560260000003,1.01485,7.255,3.905,3.141,51929878691.83979,102717997056.0,36.20204,15.957576,27.408838,12.902124324999992,15.355,31.971,0.1313,0.0082,0.732,0.956,0.945,0.55603004,0.71068,0.65024,USD,Technology,Semiconductors,US,177.39,2.0946,42000.0,212.19,86.62,182.651,179.8177,181054580.0,183987810.0,52154530.716294885,48834466.96666668,46609040.400000006,49.50139370750942,38.05032667464032,-3.24010047674852,-6.063226276046385,-6.077888557325828,60.68810661830768,177.38999938964844,-20.214387999661533,1.3548941495440334,2.158619836118008,0.1865520215284303,0.0002503204613695,4.624516855042291,3.3709024030300643e-06,215938000000.0,72.29979992654799,28.02211140935426,53.49700861663593,1.0,74.42006141457945,74.24256016617694,69.5654289170424,51.18114797585302,68.55035696639331,1.0,10.0,49.99999999999999,40.0,60.0,20.0,50.0,30.0,88.1,90.0,20.0,48.90625,real_sec,5141381.12,47.848053474056094,61.69826423901407,15.47274300013244,71.06808064759659,0.0856563803768799,9.000876214530697,26.91929929187143,-16.400395871624497,5.183972164763176,17.65730510173537,24.8593279966287,5.362183786876451,26.098257198997104,4.473009282385752,5.213037217391064,25.756725312978716,10.645448706505872,17.785165161659595,17.70394693229565,15.452832496227217,5.197489341396445,23.157931247952764,28.62708289212269,13.694267515923569,14.331210191082802,,0.4756828057460616,61.69826423901407,0.8457170703006706,22.959880569832634,1.00652823,1.2942178509006994,-1.1389220452990452,0.17266488403959493,1.553397398691291,1.2587484227215624,1.568018420168377,1.0578343279417446,0.05955605125905234,0.9558552078752803,2.1233869006435357,3.0,-1.3489815189531904,0.04350120749969867,-3.0,0.0,-1.2244988904314889,-0.3372453797382976,-0.6440224473729895,-0.0028459525716318518,1.2526256961708195,-1.3489815189531904,1.0541165616960062,0.3,0.3,1.8182929817336817,0.44000000000000006,0.44000000000000006,-0.7330887731862367,0.9183333333333332,0.9183333333333332,1.0,0.2,0.45,0.35,67.00447506252576,3.0,3.0,3.0,3.0,1.064332284969332,3.0,1.5391928425221204,3.0,,1.0579474196209095,3.0,3.0,-0.6480654174050168,-1.2137621809819303,2.806433228496934,2.3426367791349545,1.4644868549052275,80.53061801907327,-0.9026289610146279,84.89374193429475,3.0,2.499136308907107,-1.3848523171686602,-1.9532940130201697,0.1891885296354482,-0.0424491087166023,-0.08734175756756053,2.7495681544535535,-1.669073165094415,0.01357438813372537,61.57577624198602,82.83043720949244,68.75970926456915,29.640304345641074,80.33318753209207,56.983879040595106,66.69122881049613,100.0,100.0,100.0,8.88888888888889,97.77777777777777,95.06369426751594,93.57643312101911,93.7547770700637,91.28343949044584,93.73131418172365,94.16359369761986,91.87190375088464,True
JNJ,Johnson & Johnson,585701851136.0,94193000448.0,33835999232.0,26804000768.0,64128000000.0,49332998144.0,20102000640.0,,0.086780004,0.35029998,60.499,1.028,0.689,16633249792.0,24529999872.0,22.03445,19.327713,7.1767306,6.218104,6.528,18.174,2.14,0.466,0.091,0.486,0.491,0.28456,0.68081003,0.23966,USD,Healthcare,Drug Manufacturers - General,US,243.04,0.329,138200.0,251.71,141.5,238.9024,198.4114,8859431.0,8075070.0,8213538.44621514,8177410.0,8702582.222222222,17.90141224031133,16.08872298975742,1.4230222984754848,17.835549993519283,32.20956218005136,60.79529514427124,243.0399932861328,-8.443981662752906,2.429454161429486,4.0241803933493605,0.1089284341365226,-0.2023828519679241,6.507608282670773,5.986727795292765e-06,,62.80415891174666,36.12776052076207,56.67356803986766,1.0,64.43353087692309,72.57139665469838,50.61586095864782,71.08737829723148,52.23930356155027,1.0,20.0,66.58929833588837,70.0,60.0,70.0,60.0,30.0,75.687,80.0,60.0,48.90625,real_yahoo,681570.1913748191,28.456467721078027,35.92198897059175,10.166921637047928,68.08149193145448,1.458003288324463,0.4972331055249963,17.658689831398373,-3.444440030193485,5.497332146283652,15.97913046164668,23.724085181436333,5.532242586226923,25.268611710555646,4.959341999708705,5.480232173964011,24.88414692298435,11.836464426179544,15.921294502559167,15.916886154813591,13.432155987428562,5.295370027408053,24.621859027661227,27.096076710592044,55.891719745222936,87.10191082802548,,0.2604227464390199,35.92198897059175,0.2895081873988904,21.41452042015738,0.18706018932,0.7475926902083471,-0.7193294904824625,0.33074703153123314,1.553397398691291,0.7434158024196056,1.4599269004959767,0.031815053572326266,1.0867726399601016,0.11415970018041834,2.1233869006435357,0.6269852183188981,-1.011736139214893,0.935136792539821,0.6744907594765952,0.0,0.35799248449191456,0.0,-0.6440224473729895,-0.7093821380047945,0.8672024050413367,0.0,1.2274980388244192,0.3,0.3,0.7915877976080805,0.44000000000000006,0.44000000000000006,0.11502193278518472,0.9183333333333332,0.9183333333333332,1.0,0.25,0.4,0.35,64.72241701973229,0.9270791792388493,2.318803869318664,1.6727886406230312,1.194433390468934,0.9371736208009205,1.2593538966392335,-0.12320809907911247,0.7154684291204456,,0.04684724215032742,3.0,3.0,0.8272420948350584,0.9367927214952715,1.4786325304378638,0.6372009985659779,0.2978991821857601,44.07141801780231,0.8765398768321544,74.59061932512908,3.0,1.6975552029055518,1.4614951672201455,0.7892478678597661,0.8372993363344627,1.287693630509309,1.5410616888388153,2.3487776014527757,1.1253715175399557,1.228585759755707,77.64485345687683,78.07454258397672,71.68919163247125,46.183067460453785,64.8587040754687,48.34740000902459,65.21912829887594,93.61702127659575,93.61702127659575,78.72340425531915,40.42553191489361,38.297872340425535,80.59599636032758,86.79299363057325,85.67834394904459,85.62101910828027,86.5299623033927,84.94133422728795,84.05874026893134,True
JPM,JP Morgan Chase & Co.,794545750016.0,168235008000.0,1280000000.0,55680999424.0,168235008000.0,504321006960.6403,564954428499.5585,,0.01354,0.16134001,132.9965,2.053,1.46,745699968.0,-18678519787.52,14.707938,12.63386,2.3199043,4.722832,3.286,8.992,2.04,0.2897,0.025,-0.036,-0.07,0.3391,0.0,0.41062,USD,Financial Services,Banks - Diversified,US,294.6,1.043,318512.0,337.25,202.16,299.0528,302.39734,11308637.0,11835810.0,9470886.055776892,11003760.0,10711851.111111112,25.41359050057241,23.96761099332945,0.3576965948598243,-9.079244744211312,-3.3108059652219746,22.301142644228577,294.6000061035156,-15.471740617447216,0.9595903991039728,1.1686183779494737,0.1003923300734532,0.0851781797072821,8.386456304453219,4.479753945989811e-06,,46.01039278599207,42.57931723359294,34.73192806906668,1.0,55.99018970300329,72.76912777695937,39.59912335150175,45.55888497615014,45.558258571671466,1.0,40.0,60.14298020829865,70.0,60.0,70.0,0.0,30.0,74.97200000000001,80.0,50.0,48.90625,real_yahoo,528190.4857587783,33.097153848026686,29.06052331447731,17.19578534504017,100.0,1.101643502674173,-0.0586627255992777,13.686443109622145,-12.646404744255,5.689007189074046,16.18686136034962,27.090164753904997,5.823785267050898,25.84862769600929,5.3139938459330445,5.703958459170018,25.84862769600929,12.671418569487924,16.063733130868087,16.21374768141596,13.177214159364206,5.71504329957211,26.94647882084591,27.401036404672496,40.92356687898089,87.10191082802548,,-0.1110263553916198,0.7608404547999903,0.5358598087364224,21.74935152966829,0.114599809103,-0.21915564124302378,-0.3853617691471113,-0.7611832943128716,1.553397398691291,0.3077160251193089,1.4727162280183386,-0.5646832492079723,-0.23056828298682006,-0.2306007156624094,2.1233869006435357,0.2138573092403198,-0.3372453797382976,0.5886624258323514,0.6744907594765952,0.0,0.35799248449191456,-2.023472278429786,-0.6440224473729895,-0.7500792597791202,0.8672024050413367,-0.3372453797382976,0.6807154829207998,0.3,0.3,0.38465704228584663,0.44000000000000006,0.44000000000000006,0.0423714639890418,0.9183333333333332,0.9183333333333332,1.0,0.15,0.35,0.5,56.202615112045805,-1.3234767966824676,0.3918043401611829,2.1082387879623097,0.6744907594765952,-1.9610848631298017,-1.4069913401863663,0.6130893241837636,2.153978162654861,,-1.6978900490651374,3.0,3.0,0.25909724029612163,0.8297306961815261,0.12751930904447964,-0.4979550412198079,0.43711875279566015,52.2619801917031,0.5158822954445537,48.96449163949914,3.0,1.8712327052935116,0.7848406661543786,-0.3255354707196066,0.689233515542435,-0.21031272740362478,0.030345023419249915,2.435616352646756,0.22965259771738603,0.13174847072705553,70.36945067169258,64.76682794900083,60.56390614251956,42.39156810737724,30.572032484601188,39.99434278570077,65.70281846697972,34.285714285714285,82.85714285714286,14.285714285714285,31.428571428571427,57.14285714285714,45.450409463148326,68.94585987261146,62.127388535031834,59.45541401273885,68.40959313661772,60.3855179349648,55.48124557678698,True
XOM,Exxon Mobil Corporation,669557260288.0,323904995328.0,59385999360.0,28843999232.0,100567998464.0,50487001088.0,10680999936.0,,0.04902,0.110810004,18.936,1.153,0.764,12229749760.0,51969998848.0,23.983583,17.073013,2.588893,2.0671408,2.212,12.067,2.56,0.597,-0.013,-0.11,-0.146,0.089049995,0.31049,0.09527001,USD,Energy,Oil & Gas Integrated,US,160.69,0.288,57900.0,176.41,97.8,151.6898,123.7926,22817144.0,29637650.0,16722359.960159363,24353750.0,20532026.666666668,22.96810281717489,28.118106905707368,6.586633255760743,31.888348930319708,46.6222654637984,40.06168923815194,160.69000244140625,-15.791682878772594,1.4409366830769348,1.9003590503313763,0.0833362835182105,-0.5010442569065618,1.93711278886008,5.7884261528894e-06,,40.56351594764456,50.06995256233908,43.07469632843151,1.0,39.57706821147772,67.82265577358012,57.06520879624664,53.56758067929286,57.06520879624664,1.0,40.0,75.0356888118884,65.0,10.0,90.0,10.0,30.0,67.434996,80.0,30.0,48.90625,real_yahoo,5594214.081658031,8.905080084606704,18.33438823623674,50.09724925738396,31.048609905555967,0.8501498944548536,1.0293738532303611,3.775721256665287,-8.911059463749215,5.085680921751723,16.83749655015152,23.091732293155644,5.178463438072558,26.50371608544688,4.593097604753822,5.028408412351089,25.33409993729564,10.96648993456911,16.632257361403394,17.008196440803673,15.537243600638812,4.826653159305522,24.64498173591537,27.22988252536441,20.063694267515924,51.7515923566879,,0.1604482783458556,18.33438823623674,0.1746174430615965,21.711734345029036,0.044656431612,-0.5327100313460338,0.002394321893703823,-0.34600367802106635,1.553397398691291,-0.5392464783916656,1.1527764542081793,0.3810132623661971,0.18270258484253094,0.3631897692867451,2.1233869006435357,3.0,-0.3372453797382976,1.3891103218031553,0.0,-1.6862268986914881,0.9909890344612758,-1.6862268986914881,-0.6440224473729895,-1.1790783781030143,0.8672024050413367,-1.011736139214893,1.6691301032081114,0.3,0.3,1.3344548774449894,0.44000000000000006,0.44000000000000006,-0.29992366686825395,0.9183333333333332,0.9183333333333332,1.0,0.55,0.2,0.25,74.08864853597402,-0.23322936816391737,-0.12349685178081792,-0.16177943704756145,-0.13830568554966888,-0.6393060452183646,-0.07435155454010843,-0.46659434737337285,-0.49947311299430014,,-0.42274383181356795,3.0,3.0,1.2494030474419824,1.3864532278130017,-0.2131291840274664,-0.2508608113150774,-0.30547520315111204,75.385876405792,1.3110756286089411,53.704142998596865,3.0,1.8517206035519642,1.0051163559666592,0.8532620371619428,1.5549712108103084,2.06983528750246,2.154048326687087,2.425860301775982,0.929189196564301,1.9406399762502025,78.92858349643188,72.68788288048209,74.87709681858159,35.44916451791241,43.07628653548805,72.8678670455848,66.69122881049613,53.333333333333336,93.33333333333333,33.33333333333333,20.0,100.0,35.10009099181074,89.187898089172,78.84713375796179,72.81210191082802,88.96724294813468,77.73382500838083,69.79122434536447,True
PG,Procter & Gamble Company (The),334433288192.0,85259001856.0,24764999680.0,16161999872.0,43642998784.0,36638998528.0,10824999936.0,,0.10898,0.31562,68.719,0.724,0.466,13253374976.0,19069999104.0,21.171597,19.555733,6.3628683,3.9225569,4.216,14.515,2.95,0.6188,0.015,-0.054,-0.067,0.19299999,0.51189,0.26297,USD,Consumer Defensive,Household & Personal Products,US,143.12,0.403,109000.0,171.65,137.62,153.5032,152.0056,11628472.0,14195090.0,8062264.54183267,11079006.666666666,11280403.333333334,17.852391931707285,21.91056116981325,-7.0589064148446345,1.654673030999354,-4.5418753734433714,-13.24625628407724,143.1199951171875,-18.30831633926252,-0.6938149088428797,-0.9856332196853604,-0.0007830568671105,-0.571062603440192,2.0357966446776534,6.717153189105956e-06,,67.18190396114468,47.9521933493382,56.310587841835336,1.0,70.93777820370532,78.94866890581925,39.59379885684107,66.75858095745676,50.04179197246248,1.0,50.0,53.71204251895007,65.0,90.0,50.0,30.0,30.0,70.378995,75.0,70.0,48.90625,real_yahoo,782192.6775779816,18.956355950890856,29.04678584183682,6.926456608639765,51.18872826790979,1.4794669493813617,0.5204836341098804,15.544839474410654,-16.621031168074573,4.9706462858798925,16.23857764854543,23.105124105015104,5.1512664238360015,25.16895954116592,4.931736376489838,5.04021480809742,24.499308711980294,11.599112335481124,15.90270515958056,16.22056267450245,13.569857658399473,5.030474522029813,24.324379043655,26.53570325923428,72.92993630573248,51.7515923566879,,0.2236713858814425,29.04678584183682,0.2280675940989344,20.86638847561305,0.120314344,0.9996015422034128,-0.1072324318006788,0.3126832456683788,1.553397398691291,1.0790529694381024,1.8724114026129466,-0.5649715425432154,0.8633947143180933,0.0007620190660026151,2.1233869006435357,0.8980116697287325,0.0,0.2430147213363656,0.0,1.011736139214893,-0.27500406547744677,-1.011736139214893,-0.6440224473729895,-1.01150874760442,0.6744907594765952,0.3372453797382976,1.3923740095276642,0.3,0.3,0.9083099573948242,0.44000000000000006,0.44000000000000006,0.16709432738753927,0.9183333333333332,0.9183333333333332,1.0,0.3,0.35,0.35,67.45854100805627,1.609251911824027,1.9651400476574368,0.7813633304636342,0.673449772313522,0.21806860107415155,0.7379925108946536,-0.30684216767132827,0.9116058992227337,,-0.12577794108930346,3.0,3.0,1.3196557861200813,1.8039951265366083,1.2063674705332124,0.26781690553996174,0.3331978744167677,40.07550226958776,1.5376084893075186,74.71922299633346,3.0,1.4132381714129525,1.4659106391793275,0.6737100988753492,-0.3415736905481211,0.38710877364312707,-0.02201358569431436,2.2066190857064765,1.0698103690273384,0.045767326584520214,73.15935517951422,78.40463111589837,57.14980501376513,56.110892129911846,32.61186482839173,52.89274680677951,65.30745432957315,96.0,100.0,16.0,64.0,28.000000000000004,48.49863512283894,84.12738853503186,74.68471337579618,73.0859872611465,83.84895359417652,73.4696614146832,70.34324133050248,True
UNH,UnitedHealth Group Incorporated,251662204928.0,432011094589.4396,21624999936.0,12056000512.0,82916999168.0,83003998208.0,28120999936.0,,0.039,0.12538,81.618,0.788,0.704,13863249920.0,19697000448.0,20.956917,13.843702,2.6691954,0.5622895,0.702,14.526,3.19,0.65989995,0.123,-0.8836,-0.89023,0.02694,0.18526,0.00336,USD,Healthcare,Healthcare Plans,US,277.26,0.408,389912.0,606.36,234.6,285.8392,312.5616,9768372.0,10913010.0,8493233.665338645,8626623.333333334,8662776.666666666,41.52873941683947,29.19405195850983,-3.239423014352649,-16.93950303521108,-20.475477595417768,-45.51256270376738,277.260009765625,-60.05506651971514,-0.9139882329164454,-0.917455525623974,-0.0561125815407956,-2.6397800249736605,21.77178770283278,5.130846643482963e-06,,27.86709673826646,74.34010633168458,28.959415050384028,0.0,32.285113409122054,54.647052252437895,57.72194894304578,72.19607326554018,62.21639863776438,0.0,40.0,58.60185839638656,70.0,10.0,90.0,0.0,30.0,84.239,85.0,20.0,48.90625,real_yahoo,1147607.7016615386,2.6936750059174908,4.831678778761696,48.30909549303117,18.52616446077694,3.838335188608252,0.2373018273004297,3.0974691626067883,-54.27468830397784,5.62855592841373,15.974545975838636,24.059782462893917,6.409121695981509,26.79171710678306,5.462135451777431,5.658921779999189,25.141105934387355,12.873678916297392,15.954780482821814,15.970363831652527,13.953190945547128,5.747995831999172,25.142154614775585,26.25135356861123,13.694267515923569,87.10191082802548,,0.0455937375097252,5.005658467301923,0.2530573714796353,21.579736059615925,0.042641744269,-1.2635908828573497,1.2587496965099987,-1.0484536182183546,-0.6437502733315259,-0.9155315316693637,0.30057318539622974,0.4165722814608578,1.1439843693970397,0.6290054245528567,-0.4709457328275546,1.8822562556679434,-0.3372453797382976,0.5058307701130954,0.6744907594765952,-1.6862268986914881,0.9909890344612758,-2.023472278429786,-0.6440224473729895,-0.2226104101529929,1.0599140506060782,-1.3489815189531904,-1.2014783152858897,0.3,0.3,0.6832561751315644,0.44000000000000006,0.44000000000000006,-0.2995833148147873,0.9183333333333332,0.9183333333333332,1.0,0.25,0.4,0.35,48.018697720971204,-0.5411290083486939,0.02508686905606814,-0.7446150744315514,-1.16150315278299,-1.1724193866047194,-1.0850976943134856,-0.23215254885159725,-1.2728320507238595,,-0.9622282442798373,3.0,3.0,1.4521045956170047,2.0609439872895967,-0.6274761189265368,-0.7012723788556359,-0.7496898813595032,25.97446187232234,1.7260823218696713,52.07451009268651,3.0,1.7832528540542272,-0.6667207414363733,0.6659034928628886,0.18928268771814533,-0.6477939346538912,-0.6996855714816033,2.3916264270271137,-0.00040862428674232065,-0.41223843899059387,67.28734654834855,70.5907224751505,35.456592581730206,74.60278599496255,27.935710307804495,45.91607116158289,65.95517855468603,57.446808510638306,87.2340425531915,10.638297872340425,95.74468085106383,4.25531914893617,23.726114649681527,47.55414012738854,44.36305732484077,46.80573248407643,46.613804757571835,41.77003017096882,41.60297239915075,True
CAT,"Caterpillar, Inc.",335644295168.0,67589001216.0,13960999936.0,8883999744.0,19462000640.0,44058001408.0,9333000192.0,,0.07891,0.43526,206.67,1.436,0.871,5838750208.0,11738999808.0,38.1703,25.83023,15.654014,4.9659605,5.451,26.391,0.84,0.3105,0.18,-0.114,-0.139,0.13144,0.28795,0.16025,USD,Industrials,Farm & Heavy Construction Machinery,US,717.22,1.519,118000.0,789.81,267.3,711.2692,549.66833,2841262.0,2610270.0,2692093.426294821,2677030.0,2745348.888888889,31.31446801411101,37.40080157586192,1.577718295894459,20.13470786527536,46.96444930535102,117.2619109248744,717.219970703125,-18.14377641140632,2.429454161429486,3.805085887205351,0.1540908141595325,0.5447786882248633,4.923991451541411,1.2207063775752949e-05,,49.80471740326552,36.69248075447948,41.540393047929584,1.0,56.08412992827986,72.43327045472664,53.127139619106416,56.08412992827986,50.024239561467255,0.0,50.0,48.60686595497697,40.0,70.0,50.0,60.0,30.0,72.585,85.0,60.0,48.90625,real_yahoo,572788.1458983051,13.144150060168275,20.65572753676834,13.799330560667697,28.794626773376347,3.1557912477595185,0.266444219729596,8.638609985285331,-9.190818044846216,6.57677592880052,14.825419088879013,22.95682236420933,6.673057736638866,24.936711102867083,5.592105757431579,6.568455929841646,23.691729716282182,11.678448377988165,14.805830045764134,14.800218902562449,13.258272945249148,6.3111326859893655,24.50877281662451,26.53931779081849,55.891719745222936,14.331210191082802,,0.1736821020699013,20.65572753676834,0.1748047407299435,21.381212302390352,0.30011177,-0.00073191393455794,-0.6900964947821399,-0.4223586033252657,1.553397398691291,0.31256360078745393,1.4509928430210686,0.16778756305646464,0.3125634923628456,-0.0001437339296626275,-0.4709457328275546,0.3339810114552814,0.0,-0.031376455444380114,-3.0,0.3372453797382976,-0.27500406547744677,0.0,-0.6440224473729895,-0.8859450355487947,1.0599140506060782,0.0,0.9450589278813597,0.3,0.3,0.37044441330504185,0.44000000000000006,0.44000000000000006,-0.2838091343877332,0.9183333333333332,0.9183333333333332,1.0,0.4,0.3,0.3,59.26947493661646,0.6852457061996525,3.0,0.23598580605314273,0.037598898665331414,-0.7352604867647069,0.10168057888831579,-0.4660345508117009,0.0472883990551207,,-0.3605831060427407,3.0,3.0,0.3261273762825645,-0.4550136075834174,0.9025023188171374,-0.15379122947669172,-0.07123041688863689,29.756432933202998,-0.02538606645712735,67.99356823326148,1.0355607710335182,1.6802782219479835,0.2533230168867088,-1.068724363105855,0.8587999813985431,1.415658682567015,2.168601746571605,1.3579194964907508,-0.4077006731095731,1.4744839914178507,60.986396947113974,75.61514343229285,67.71090682089334,39.97908969311442,54.412632846097914,48.05778852169766,66.69122881049613,93.02325581395348,97.67441860465115,60.46511627906976,30.23255813953488,9.30232558139535,62.170154686078256,76.90445859872612,75.37579617834395,75.14331210191082,76.7385935265826,74.86758297016428,74.04458598726114,True
NEE,"NextEra Energy, Inc.",194080063488.0,27412000768.0,14138000384.0,6834999808.0,17068999680.0,97220001792.0,2812000000.0,,0.025710002,0.083739996,146.242,0.595,0.39,-4348478955.52,12485000192.0,28.227274,21.271883,3.5531738,7.080113,10.957,21.245,2.68,0.6867,0.207,0.26,0.276,0.24934,0.62268,0.24445999,USD,Utilities,Utilities - Regulated Electric,US,93.15,0.733,17400.0,95.91,61.72,91.004,81.12495,10003598.0,10533510.0,10683472.908366531,10465543.333333334,9819026.666666666,26.13285218137945,21.279833815183363,2.216618384003266,15.88429259923554,20.772858406891448,36.09572413983753,93.1500015258789,-11.13112332693017,1.3010723359204817,1.6515895546059067,0.104531212913403,-0.566486930119302,2.5214969006360213,1.4976226258321817e-05,,71.56844804414924,25.969705644055523,69.82060775344326,1.0,69.82060775344326,78.94866890581925,64.46760192664824,25.96970564405552,47.89515669874939,1.0,50.0,58.977584024968685,65.0,20.0,70.0,60.0,30.0,84.59400000000001,75.0,50.0,48.90625,real_yahoo,1575402.3429885055,24.93433392858717,51.57595209359656,21.452304686195543,62.26834671596052,6.876502981427561,0.1284200777810246,-43.69865726800156,-2.877697841726612,4.544889255103161,16.099832659813888,21.757161811250448,4.573782712746459,24.0342467387234,4.138680376042152,4.521832054364758,23.56052977103976,9.76428295481558,16.184208610925715,16.163598927161537,14.270021888242574,4.408241867976583,25.300242307006428,25.991536609270085,40.92356687898089,51.7515923566879,,0.4554574581281436,51.57595209359656,0.0281110039749788,20.71841961537565,0.0262357407468,1.252116918523862,-1.2451657485170853,0.985012226723292,1.553397398691291,1.0214038816706728,1.8724114026129466,0.7818138529088048,-1.2414241629851939,-0.11001030334005131,2.1233869006435357,3.0,0.0,0.526025134809681,0.0,-1.3489815189531904,0.35799248449191456,0.0,-0.6440224473729895,-0.2024041468944111,0.6744907594765952,-0.3372453797382976,1.6691301032081114,0.3,0.3,1.5860111908785617,0.44000000000000006,0.44000000000000006,-0.2602149968866202,0.9183333333333332,0.9183333333333332,1.0,0.5,0.2,0.3,73.32810459956528,-0.9495108049810693,-0.3995547526700341,1.3422957701868132,2.3806468293395553,0.6897097980093448,2.4464274642652026,-0.9044738019725281,0.755857013209518,,0.9629467370432284,3.0,3.0,1.5384705088835173,1.5149276581894962,0.4762931102934324,0.9385218944582239,0.5430794895446144,34.484972337341325,1.527876226071208,75.3920118238197,3.0,1.3364864558547325,0.7200536447471819,0.1584741020529501,0.9475984264457848,1.1790917997673467,1.0546472767776438,2.1682432279273662,0.439263873400066,1.0723104308739673,71.72141371628479,76.82810268070183,53.14709139897788,21.199038917672365,71.5246881970614,64.56117966277607,66.69122881049613,100.0,91.66666666666666,91.66666666666666,8.333333333333332,16.666666666666664,63.08007279344857,87.25159235668792,80.71974522292994,76.9108280254777,87.07591316781489,79.92289641300705,74.80537862703468,True
KO,Coca-Cola Company (The),330214637568.0,47941001216.0,16078000128.0,13107000320.0,29543999488.0,47914000384.0,15806000128.0,,0.09147,0.43323,139.793,1.459,0.885,-1461250048.0,7408000000.0,25.236843,22.185274,10.259428,6.887938,7.596,22.65,2.69,0.6711,0.024,0.036,0.035,0.2734,0.61626,0.24656999,USD,Consumer Defensive,Beverages - Non-Alcoholic,US,76.72,0.361,65900.0,82.0,65.35,77.083,71.29375,18507527.0,17467060.0,15861742.231075697,17074206.666666668,17905123.333333332,16.291086820054275,14.594923082199562,0.2823926577310676,11.758571068484525,17.68547833932166,10.674340324033428,76.72000122070312,-9.818511833365006,0.6470237678544978,1.0945875646332806,0.0662697730933294,0.2505299917765403,1.950700036262785,7.270727306855746e-06,,72.09101937861459,31.23540436434393,68.84817958058105,1.0,68.84817958058103,77.08681694429806,37.50420023371679,56.310587841835336,56.310587841835336,1.0,20.0,57.42408503790014,65.0,90.0,60.0,60.0,55.0,66.656,77.5,70.0,48.90625,real_yahoo,727481.0503186646,27.339855212756014,33.53705538096703,3.894735540749259,61.6257456845517,2.9800970271518583,0.154610342293059,-3.0480173774767083,-6.439024390243908,4.353112624509239,16.700597505447156,23.48365545989065,4.418840607796598,24.593236950528052,4.194943760778217,4.357772363497873,24.10914649720044,11.095908894882296,16.5794206818179,16.653079559220995,13.497344604621906,4.280737680061574,24.59267358226844,26.52300869685331,72.92993630573248,51.7515923566879,,0.1545232642644023,33.53705538096703,0.2480539862052159,20.91958305017006,0.142489347,1.2821992098857704,-0.9725844970253734,0.9366191342713855,1.553397398691291,0.9712238960904016,1.7519860782544658,-0.6781122995107927,0.32424934757959095,0.3242492391091043,2.1233869006435357,0.750646018705053,-1.011736139214893,0.44252823517303214,0.0,1.011736139214893,0.041494209507233884,0.0,0.8628557081793109,-1.223418091492822,0.770846582258966,0.3372453797382976,1.5307520563678876,0.3,0.3,0.8049595455840493,0.44000000000000006,0.44000000000000006,0.26158429230719704,0.9183333333333332,0.9183333333333332,1.0,0.3,0.35,0.35,68.26492128053397,1.0711957541757797,3.0,1.568013383695796,1.013709809315911,0.6623793847561277,1.0784992719962065,-0.24710670123405273,0.7736111986198925,,-0.45057427471392975,3.0,3.0,1.4881979068936855,1.5256338607208704,1.6003815156218992,0.4819765840425899,0.19680091076947456,45.64702231088271,1.5050440861159187,77.45067964400916,3.0,1.4408302934924895,1.6048578803837057,0.7392855893800182,0.6787672898407567,0.9494650407945447,0.9233379248732345,2.2204151467462445,1.172071734881862,0.8604175807320154,75.91958996860241,65.00254912971839,71.6285767104447,42.216821074339165,47.5005519984616,52.246755868191975,62.53990536772719,100.0,84.0,48.0,40.0,40.0,59.25841674249317,86.91082802547771,80.84394904458597,79.11464968152866,86.65670089691929,79.8692591350989,76.86482661004955,True
CVX,Chevron Corporation,397811384320.0,184654004224.0,37631000576.0,12298999808.0,77362003968.0,46742999040.0,6296999936.0,,0.03794,0.07231,24.323,1.155,0.724,13200749568.0,33938999296.0,30.010557,19.788637,2.1132176,2.154361,2.4,11.777,3.58,1.0317,-0.082,-0.238,-0.145,0.06661,0.41896,0.09462,USD,Energy,Oil & Gas Integrated,US,198.97,0.587,43039.0,214.71,132.04,188.178,162.45285,12995490.0,16453190.0,8850202.390438247,14038953.333333334,11794364.444444444,22.84303509362962,23.699342398073625,4.7762020093391255,28.87518317452032,32.464203107271786,24.901788426221128,198.97000122070312,-19.66722385265616,0.9544452346514308,1.1368955257307929,0.0706391158303146,-0.8699029622025822,5.175040957808708,8.043996396638338e-06,,41.61201417568406,43.07469632843151,50.06995256233908,1.0,36.079440094523946,58.91132788679007,43.07469632843152,67.558093147108,64.0604650301542,1.0,60.0,63.48075551409375,65.0,80.0,80.0,20.0,55.0,67.906,80.0,80.0,48.90625,real_yahoo,4290387.8859638935,6.660564908779522,20.379195530658844,30.513573970992443,41.895654682989566,1.2421407436562124,0.7260766316460981,7.148910538645261,-7.33081831307345,5.298167355296911,16.283132470686116,22.56333915644825,5.373934913006625,25.941749663495912,4.890649834884672,5.242688370787075,25.071761592215605,10.669885194835668,15.995950998690454,16.457346476105528,15.271887936204624,5.096524569543137,24.567930328333297,26.709243821159404,84.39490445859873,51.7515923566879,,0.1837977976087065,20.379195530658844,0.1187217205424404,21.289104945857733,0.0,-0.47235228282812297,-0.3597182485420181,0.002116719042164977,1.553397398691291,-0.7197337713063664,0.5763882271040899,-0.37649928260583587,0.9046517565013358,0.7241643551161475,2.1233869006435357,3.0,0.3372453797382976,0.7680599613554059,0.0,0.6744907594765952,0.6744907594765952,-1.3489815189531904,0.8628557081793109,-1.152269277202042,0.8672024050413367,0.6744907594765952,1.438500025141072,0.3,0.3,1.2378623759055458,0.44000000000000006,0.44000000000000006,0.43395592051007453,0.9183333333333332,0.9183333333333332,1.0,0.55,0.2,0.25,74.87178131333783,-0.5737012257734307,-0.516116990218399,-0.3723893419802693,0.016644078512288277,-0.17754125930302575,0.08071056429994916,-0.6336558679707256,-0.5049424959604601,,-0.3130685713564181,3.0,3.0,2.6502684375048062,2.4784858860132037,-0.3613577326218563,-0.2407543302218545,-0.28024414122328856,66.14611883101993,2.572966289333585,63.509045204231704,3.0,1.632501969444118,1.016381748658767,0.38642699761679944,1.3033458275315997,1.9021304432479575,1.5518918213103163,2.316250984722059,0.7014043731377833,1.6174234719517577,75.86493714542848,62.91525672031108,57.08814229750722,31.74210717101954,31.684329841883,69.52754334568517,64.38493800895783,80.0,73.33333333333333,13.333333333333334,13.333333333333334,80.0,27.752502274795265,85.66401273885351,73.25796178343948,67.39968152866243,85.39093981541664,71.90077103586994,63.883581033262566,True
HON,Honeywell International Inc.,145855791104.0,37441998848.0,8467999744.0,4424999936.0,13829000192.0,35562999808.0,12929999872.0,,0.05945,0.26136,236.613,1.298,0.878,4661000192.0,6408000000.0,33.10967,19.997246,10.4838705,3.895513,4.53,20.03,2.07,0.65989995,-0.033,-0.764,-0.77,0.1263,0.36933997,0.15413,USD,Industrials,Conglomerates,US,229.45,0.915,101000.0,248.18,169.04807,233.635,210.97002,4384045.0,4124850.0,3984283.103585657,3845810.0,4155052.222222222,22.47781249097227,21.523225456628005,-3.7461228927150536,17.719594851137966,16.63924287212104,15.12837643121545,229.4499969482422,-16.032652808700554,0.727461371374028,1.0477232930913962,0.0597101957038843,0.0760132474136819,7.145652458897574,1.2329280245998975e-05,,54.10093453142434,48.81226148810472,53.66017378155483,1.0,53.660173781554825,69.5071916997623,33.272284894621215,74.26380102871772,66.9919325885426,0.0,60.0,60.44850533767266,40.0,90.0,70.0,90.0,30.0,80.80100399999999,80.0,90.0,48.90625,real_yahoo,370712.85988118814,11.818279130779809,22.616313243256045,7.644357952627673,36.93446027852407,4.1996930660275655,0.1801872742624626,12.448588043928568,-7.546941735836898,5.440033919166517,15.23983579538874,23.282816019908054,5.518175526870717,24.34605887519161,5.136081161785739,5.4580311152024645,23.35003368738511,11.52288569676448,15.197868206285085,15.162495061957678,12.823185776843424,5.356444849577616,24.29457160311733,25.705884238368352,95.22292993630572,14.331210191082802,,0.171144709074267,22.616313243256045,0.2666364208715413,20.63355309723364,0.0888885490679999,0.24658370955925912,-0.06271061958042257,0.1807848327732993,1.553397398691291,0.18748075365864572,1.2617329069748426,-0.907248220442866,1.2506848458289133,0.8754361959720005,-0.4709457328275546,-0.21030833929945317,0.3372453797382976,0.6050836795802882,-3.0,1.011736139214893,0.35799248449191456,1.011736139214893,-0.6440224473729895,-0.4182978813021495,0.8672024050413367,1.011736139214893,1.427773044765861,0.3,0.3,0.1866562729984687,0.44000000000000006,0.44000000000000006,0.23261648466992996,0.9183333333333332,0.9183333333333332,1.0,0.4,0.3,0.3,65.41777657716698,0.08726895989269146,1.4118006580920965,0.11157517457294534,0.18616658691263513,-0.38877738477608453,0.250355994241543,-0.1915673924668502,-0.004207152940847031,,-0.3725015200599877,3.0,3.0,1.4521045956170047,0.8618493037756495,0.39543801831570474,0.051490470222766066,-0.09480824119133574,35.51044420598446,1.186489714288395,70.17326457195405,2.0030707783059785,1.2924660393265401,1.049278933658536,-0.12568635680061557,0.1188582784221719,1.2812398736736155,0.8788404875215521,1.6477684088162592,0.4617962884289602,0.8118055792525634,66.84288392270753,67.45840668059182,55.17602132752582,51.406026072963776,19.803633207434178,69.34051798023901,61.864108528206664,97.67441860465115,86.04651162790698,2.3255813953488373,53.48837209302325,23.25581395348837,38.19381255686989,77.80573248407643,66.7484076433121,64.60509554140127,77.50227479526843,65.38384177003017,61.48619957537156,True
BRK-B,Berkshire Hathaway Inc. New,1029582356480.0,371443990528.0,110593998848.0,66967998464.0,97118003200.0,135370997760.0,373311012864.0,,0.051090002,0.09809,18.809,5.95814999999999,4.600999999999992,36799623168.0,45968998400.0,15.3835,21.922483,0.00095725973,2.7718375,0.559,-2.125,2.27,0.0,-0.007,-0.025,-0.025,0.18029,0.26146,0.32956,USD,Financial Services,Insurance - Diversified,US,477.35,0.699,387800.0,542.07,455.19,489.3782,490.5959,4848970.0,4562750.0,4378818.326693228,4857226.666666667,4803981.111111111,17.28112954154265,19.95350345004581,-4.606312564771331,-3.924725724152911,-3.744556948985645,-11.227026684664388,477.3500061035156,-14.948129726959824,-0.5104919232363156,-0.6180161990355985,0.0313685329005105,-0.3811232121773713,7.207088281139873,3.649721965012185e-06,,42.87570140355727,63.44067440823127,45.44099655769726,0.0,44.06941417463853,64.79993305502359,53.0099958209121,33.63642853628475,69.40653469692533,0.0,0.0,68.44178219690664,70.0,20.0,0.0,0.0,30.0,66.137004,27.5,0.0,48.90625,real_yahoo,957823.595997937,18.02909729911268,29.77407137231993,37.96636148895135,26.14606930696301,1.2240356544666895,0.3395778945317275,9.907179576573602,-11.9394174184146,6.1703426821241765,15.384955738426353,26.645677723811374,6.297238225069142,26.640663924001725,6.122909389399602,6.195176930126574,25.299192603924737,12.868247600436153,15.29228968589907,15.395978394156998,13.77241994624138,6.197657037543187,25.631284977738204,27.66017435679653,2.388535031847134,87.10191082802548,,0.1237575504577581,29.77407137231993,0.7338789362848895,21.46053943244944,0.09809,-0.39960698496731073,0.6945357237666249,-0.2282442496544723,-0.6437502733315259,-0.3074289910501736,0.9572655482119198,0.16144484352406696,-0.8458000388428084,1.0000363488286426,-0.4709457328275546,1.371073172911056,-1.6862268986914881,1.034703422649976,0.6744907594765952,-1.3489815189531904,-1.8574954404008501,-2.023472278429786,-0.6440224473729895,-1.2529588515101484,-1.1562698733884489,-2.023472278429786,-0.3076991373665121,0.3,0.3,0.5670730694936265,0.44000000000000006,0.44000000000000006,-1.0788000011721943,0.9183333333333332,0.9183333333333332,1.0,0.15,0.35,0.5,42.662220056945785,-0.16962129720765307,-0.25321449366487037,0.6943557403157702,0.72856143083579,-0.8480303694870939,0.7931441311309745,1.2049302569898601,1.4719145278847412,,-0.5950842167349738,3.0,3.0,-0.6744907594765952,1.0759733544031402,0.09407144956347181,0.978447887767473,0.439994756970153,76.77147177423798,0.11321809176928571,58.50044334747328,2.2984738319647433,1.7214253478539125,1.5173667221159237,0.21155902293768217,-0.0006964168203898602,0.0765741814237428,0.011897161698506317,2.009949589909328,0.864462872526803,0.03398989603293205,70.2805006607728,67.477919367321,53.10661211063826,62.91480173782514,29.136311223130924,38.26815849303638,66.69122881049613,57.14285714285714,88.57142857142857,11.428571428571429,77.14285714285715,94.28571428571428,35.9417652411283,45.617834394904456,56.474522292993626,63.67834394904458,44.61848433640972,54.46865571572242,60.244161358811034,True
META,"Meta Platforms, Inc.",1453128548352.0,200965996544.0,101891997696.0,60458000384.0,164790992896.0,85080997888.0,81592000512.0,,0.16212,0.30238,39.164,2.599,2.423,23432374272.0,115799998464.0,24.445107,15.972401,6.6901145,7.2307186,7.248,14.296,0.37,0.08939999,0.238,0.107,0.093,0.30084,0.81999,0.41314998,USD,Communication Services,Internet Content & Information,US,574.46,1.309,78865.0,796.25,476.6007000000001,639.6422,685.05084,16123606.0,21691080.0,14879407.968127493,15341900.0,16008995.555555556,36.07646129270031,41.5424053554755,-12.961254710653447,-11.601621872264833,-20.855403310668983,-1.3148405731820412,574.4600219726562,-33.296879207231946,0.1542931413566912,0.2352866755205966,0.0520717718443077,0.3604287555455886,7.5967959332435555,3.3709024030300643e-06,40653000000.0,76.64045047859418,43.51006648781062,73.15327631375672,1.0,73.15327631375672,73.32444749069673,65.43551754250448,39.12497627687184,69.82060775344326,0.0,0.0,57.66130877682875,65.0,0.0,0.0,10.0,30.0,87.4,90.0,0.0,48.90625,real_sec,2548227.9407088063,30.08369645795436,50.701113346650914,25.102668954937705,81.99944056701167,0.83501157904317,1.3610559506652504,11.659870164587598,-27.85431711145996,6.355169720967915,16.588661406903455,25.12499706118201,6.681168305890167,26.02640155927648,6.16877502773896,6.462471110746839,25.827943798176943,11.27550548873721,16.515488866696458,16.546098270606098,14.750909142779422,6.530951735766989,25.166869556041352,28.004739967596485,2.388535031847134,51.7515923566879,,0.5762168747718794,50.701113346650914,0.4895334055021116,22.86891926870977,0.2753472310238,1.5440913246159687,-0.33718111734450734,1.1508631782399594,1.553397398691291,1.1933788048242482,1.5086345276638389,0.8342213843106863,-0.5625757821158164,1.0214036647755778,-0.4709457328275546,3.0,-1.6862268986914881,0.4552784505807223,0.0,-2.023472278429786,-1.8574954404008501,-1.6862268986914881,-0.6440224473729895,-0.04268928857446807,1.2526256961708195,-2.023472278429786,1.6691301032081114,0.3,0.3,1.5453071818065256,0.44000000000000006,0.44000000000000006,-1.212217858197334,0.9183333333333332,0.9183333333333332,1.0,0.2,0.45,0.35,63.487426097329205,3.0,1.8301195257657097,1.8254766212026208,2.3143540017458446,1.5296730128056526,2.3800865674409315,0.4746286509993762,2.175266188249429,,1.5301670007223582,3.0,3.0,-0.3863901110685839,-0.9582051265580203,2.1884633073116864,1.5226305050422317,1.2526482254803613,74.27750204772191,-0.6437068680388303,80.69978363649378,3.0,2.4519545174180957,-0.1756103862312292,-0.7408469105825102,-1.1619200335052702,-0.350701573452723,-0.7158441908772144,2.725977258709048,-0.4582286484068697,-0.7036098966958346,66.67185604336936,79.96532123361904,54.45697956005357,58.03093639127089,48.97450074892536,60.62152321214461,63.80836530857326,100.0,91.66666666666666,41.66666666666667,75.0,91.66666666666666,70.04094631483166,85.26273885350321,81.68152866242039,81.0015923566879,85.1309632133108,81.15320147502516,79.81068648266101,True
AVGO,Broadcom Inc.,1491367493632.0,68281999360.0,37218000896.0,24971999232.0,52389998592.0,66056998912.0,14174000128.0,,0.10663,0.33370999,82.704,1.902,1.671,25503750144.0,29684000768.0,61.315784,17.632153,18.651052,12.902124324999992,15.355,41.409,0.83,0.47169998,0.295,0.316,0.335,0.36571997,0.76725996,0.44943002,USD,Technology,Semiconductors,US,314.55,1.253,33000.0,414.61,138.1,324.8316,327.84634,26434185.0,24486780.0,28064626.89243028,27388920.0,30061254.444444444,53.59310752169964,38.869083196537815,-5.276968061315013,-9.323445735348756,-6.613944195457422,84.26325083727792,314.54998779296875,-28.66598630295031,1.547880130091451,2.459071539136652,0.227014748799961,0.902316050657354,9.01648192819296,3.785252819306776e-06,4844000000.0,74.59874837258387,25.706211663237745,60.44470785498548,1.0,73.18215645862632,72.27786435959072,58.90629694044544,72.02493578502396,70.86625671250982,0.0,80.0,56.47488297947567,40.0,0.0,70.0,70.0,30.0,40.0,90.0,20.0,48.90625,real_sec,2069151.495757576,36.57186295957928,54.50631388190212,4.89265341527757,76.72592935626659,1.7748669278768132,0.4493695029582636,37.3506200507366,-24.133523069872897,5.754317148030249,17.218747706035895,23.37467514643565,6.029747320533287,24.94691201623949,4.935193098929397,5.786380683484167,24.68198154351027,10.404293143019792,17.15002054749378,17.125649146523905,14.542649659066006,5.795590589991035,24.913783826161684,28.030714595944225,13.694267515923569,14.331210191082802,,0.4347265904077944,54.50631388190212,0.1766648838678103,22.90116355799105,0.1762989943911998,1.426558896837353,-1.2588056323894974,0.5184185972211772,1.553397398691291,1.1948691002450886,1.440941115063741,0.4806984861089465,1.1351532016622843,1.0753620456126374,-0.4709457328275546,3.0,1.011736139214893,0.39151086749729036,-3.0,-2.023472278429786,0.35799248449191456,0.3372453797382976,-0.6440224473729895,-2.74065232648085,1.2526256961708195,-1.3489815189531904,1.2078699470740328,0.3,0.3,1.631093445651832,0.44000000000000006,0.44000000000000006,-0.7653448266257125,0.9183333333333332,0.9183333333333332,1.0,0.2,0.45,0.35,65.64458904000155,1.5370399203635257,2.1496204019486846,2.434281651710472,2.6027014302560914,1.3051973455067933,2.6686430779820043,-0.4604749421845067,2.480537542209525,,0.8655715709365146,3.0,3.0,0.8456108657254433,-0.4657198101147919,2.0595814315220453,1.2605399689070744,1.2086079096179385,57.24275521573434,0.25551206159733747,79.7822803818087,3.0,2.4686796886150844,-1.7534107397091507,-0.6534129232429514,-0.09390843285210883,-0.22390430931599625,-0.11014073822016625,2.7343398443075424,-1.2034118314760511,-0.15077647504808103,63.763960338542596,78.88932121077815,65.88571360191892,26.779701934268815,71.09623329880428,57.74596418220946,64.38493800895783,95.55555555555556,95.55555555555556,91.11111111111111,4.444444444444445,68.88888888888889,87.78434940855324,88.73089171974522,87.9968152866242,86.19585987261146,88.70889119979205,87.90144150184378,85.79440905874027,True
ADBE,Adobe Inc.,99023159296.0,24452999168.0,9516000256.0,7208000000.0,21859999744.0,6670000128.0,6898999808.0,,0.18905,0.58774,58.34,0.912,0.789,9321374720.0,10506999808.0,14.164432,9.2168865,8.62642,4.04953,4.006,10.294,1.265,0.0,0.12,0.111,0.043,0.29477,0.89396006,0.38762,USD,Technology,Software - Application,US,242.92,1.518,31360.0,422.95,233.16,264.8574,327.7639,5866186.0,5172400.0,3896415.93625498,6163103.333333333,5356456.666666667,33.271880251597466,38.62720164357871,-13.77865883829128,-27.11670955120572,-30.8865396108132,-37.03146898812688,242.9199981689453,-44.176095743426,-1.3135103227882632,-1.6617489113560548,-0.120532160296753,-0.7707310269735709,12.241532665995944,8.575791160301242e-06,23769000000.0,78.80506965491935,55.81290836275245,74.45298628219015,1.0,72.02420658556807,70.96806715519992,55.353252948246464,68.55097115016213,25.70621166323776,0.0,50.0,38.66895478591756,40.0,10.0,90.0,90.0,30.0,88.47,90.0,40.0,48.90625,real_yahoo,779751.2489795919,29.476956795682657,38.91547286540193,1.7521462613055914,89.39598612756964,0.7009247528965178,1.5752623098000635,38.11955603465712,-42.56531504906017,5.496840302679999,15.493813431482916,22.65464228282521,6.049615523750012,23.92001871074328,5.456004642383631,5.582960074808393,23.807924308029666,10.353320361711043,15.17556795451126,15.634091158785887,13.566731518697493,5.795339863966964,22.620885716214275,25.31861959201604,30.095541401273884,14.331210191082802,,0.429681436449309,38.91547286540193,0.5084383403743867,20.66829986995106,0.58774,1.6686995846852075,0.29968099978638113,1.215543518051521,1.553397398691291,1.13511568137641,1.356222911660651,0.28831987216468075,0.955887009928412,-1.2550212902658264,-0.4709457328275546,0.8914356870198967,0.0,-0.5655156974960862,-3.0,-1.6862268986914881,0.9909890344612758,1.011736139214893,-0.6440224473729895,0.01821409645843932,1.2526256961708195,-0.6744907594765952,1.6691301032081114,0.3,0.3,0.6192759807888197,0.44000000000000006,0.44000000000000006,-0.5485066927419066,0.9183333333333332,0.9183333333333332,1.0,0.2,0.45,0.35,59.61603883791467,3.0,3.0,1.7685443340137612,1.4212712076507212,1.8445690109622375,1.4863561949531383,0.5311318506042086,1.960449127375898,,0.8418739278195683,3.0,3.0,-0.6744907594765952,0.0,2.3224200094291207,1.0565052399961201,0.9946481329052513,36.88744548948256,-0.3709699177121274,77.94247515299288,1.9372813936690816,1.310489253210156,0.0770104008851828,-1.067163041903363,-1.2755281184944138,-1.214230358015535,-1.1424784171820899,1.6238853234396187,-0.4950763205090901,-1.2110941039091652,55.957063708206924,81.98716818991811,43.66966147957676,67.56184792190133,48.35183537601416,47.793252745681656,62.07864720741953,93.33333333333333,97.77777777777777,46.666666666666664,84.44444444444444,20.0,61.94267515923566,73.13535031847134,66.84713375796179,66.57165605095543,73.10054595086443,66.42641635936977,65.65286624203821,True
CRM,"Salesforce, Inc.",175387656192.0,41524998144.0,12547999744.0,7456999936.0,32255000576.0,17710999552.0,9564999680.0,,0.05179,0.123959996,29.947,0.76,0.644,16366999552.0,14995999744.0,23.96671,12.571755,2.9402153,4.2236643,4.357,14.418,0.94,0.2133,0.121,0.179,0.138,0.17958,0.77676004,0.19239001,USD,Technology,Software - Application,US,187.18,1.288,83334.0,296.05,174.57,196.2042,237.29845,12935852.0,13157890.0,7952624.103585658,13976966.666666666,11377567.777777778,36.089257255601176,40.61029365502544,-7.055964425708017,-26.196673653710555,-21.516190871522745,-30.617228675069807,187.17999267578125,-38.505313734770105,-0.8429674133417979,-1.1482513044513214,-0.0687384063381736,-1.098788269934702,12.579191590391709,7.522072779850328e-06,2293988000.0,64.7132700546296,53.49700861663593,63.91855747416026,1.0,58.12880810886897,65.07397973544128,48.2471649638485,74.42995772430602,44.23340963216988,1.0,20.0,45.14383776539324,40.0,10.0,80.0,80.0,30.0,90.0,90.0,40.0,48.90625,real_sec,498295.99136006914,17.957857361343365,30.217941733521968,2.975417033667778,77.67610359462608,1.4114599867177045,0.8467054442619862,39.41481103802262,-36.7741935483871,5.237398951578619,16.24715432392412,22.98137640648787,5.69390047480175,24.449561447773885,5.168037823781117,5.284239740116174,24.196938924819317,11.330623907976276,15.889012633834817,16.452921366140096,13.118951546442858,5.473523879677332,23.597451727182357,25.890264539225605,30.095541401273884,14.331210191082802,,0.3611318582603426,30.217941733521968,0.3506745838582666,21.12108322949106,0.0975193288532,0.8574923993097429,0.17979741269592864,0.6912954538119684,1.553397398691291,0.41807465495226726,0.9749909963467449,-0.09643735572385116,1.259258991273656,-0.2989665883669698,2.1233869006435357,0.13333655250594018,-1.011736139214893,-0.2175060374984945,-3.0,-1.6862268986914881,0.6744907594765952,0.6744907594765952,-0.6440224473729895,0.10530024515035424,1.2526256961708195,-0.6744907594765952,1.3616233324520588,0.3,0.3,0.4590871722303126,0.44000000000000006,0.44000000000000006,-0.6929778402215253,0.9183333333333332,0.9183333333333332,1.0,0.2,0.45,0.35,55.75019184590425,-0.14811140376153895,0.010605775312235952,0.6876710733183736,0.7621966823971303,1.3456398863695076,0.8268037717660797,0.05960644810671044,0.3177242742358264,,0.5198890185172128,3.0,3.0,0.012890394653610108,-0.34795158226967215,0.39016113266772584,0.48156497611936355,0.25706196432363376,32.37628058504609,-0.14948849496186692,62.32915826522746,3.0,1.545348801125535,-0.17676297414812478,-0.7080591653301759,-0.3411647939686092,-1.1630235909795663,-0.7439481445412353,2.2726744005627673,-0.44241106973915034,-0.7907433179447798,62.7515578952221,75.68171547927295,45.75685792823927,62.52207722967441,49.173740211715476,46.24809839064149,57.46606560434293,73.33333333333333,88.88888888888889,48.888888888888886,75.55555555555556,13.333333333333334,48.22565969062784,64.9156050955414,60.350318471337566,61.19267515923566,64.4530742233199,58.917197452229296,58.26079263977353,True
CSCO,"Cisco Systems, Inc.",312215470080.0,59053998080.0,16291000320.0,11075999744.0,38274998272.0,31740000256.0,15777000448.0,,0.06994,0.23754999,66.509,0.955,0.737,10129500160.0,13324999680.0,28.42446,17.505577,6.538684,5.2869487,5.556,20.139,2.13,0.5899,0.097,0.312,0.308,0.18756,0.64814,0.24868,USD,Technology,Communication Equipment,US,79.02,0.819,86200.0,88.19,52.11,79.226,73.2569,24214954.0,28768990.0,20602665.936254986,23786680.0,22541070.0,23.92983212151133,26.10828592394313,-0.7021872574133448,4.48208413194795,17.63375912068861,31.63789411072404,79.0199966430664,-13.574550482333525,1.1231524896107214,1.2998053827149334,0.1183936632492892,-0.8307617095140873,13.279433835052425,8.002702458056071e-06,12844000000.0,58.73600409493632,47.707259251344645,47.707259251344645,1.0,62.760607601102,69.00337134861371,54.16890495084681,73.18292399664456,67.39240709333504,1.0,40.0,61.33104521408242,40.0,20.0,90.0,40.0,30.0,40.0,75.0,70.0,48.90625,real_sec,685081.1842227378,18.75571528450187,27.586617078712784,4.231433585718411,64.81355965120117,1.94831499800744,0.419817251812438,17.15294559104642,-10.398004308878562,4.382276603429089,16.93084958097503,23.48181904868088,4.490768925678116,24.80171808400397,3.972365234434308,4.384847651860583,24.36806273336932,11.364437057512568,16.840931088305208,16.98463636014621,13.437294087015202,4.307530702658079,24.180843560141717,26.466959395629047,72.92993630573248,14.331210191082802,,0.2256409407191825,27.586617078712784,0.3320285416640761,21.21063202536529,0.097419250899,0.5134056798744433,-0.11991155503020164,-0.11546321027838999,1.553397398691291,0.6570883304269817,1.229145606556016,0.22419366751659242,1.1949085989069081,0.8961017890066011,2.1233869006435357,0.6364420700466066,-0.3372453797382976,0.6525181124954835,-3.0,-1.3489815189531904,0.9909890344612758,-0.6744907594765952,-0.6440224473729895,-2.74065232648085,0.6744907594765952,0.3372453797382976,0.9003631763179801,0.3,0.3,0.8562603885484289,0.44000000000000006,0.44000000000000006,-0.5456392241532296,0.9183333333333332,0.9183333333333332,1.0,0.2,0.45,0.35,58.648128945136264,0.4096109983695683,1.1689879710492543,0.7625365868849252,0.5628022770928773,0.7980948948048141,0.6272647846723799,0.003877028721956775,0.791365468173326,,-0.11652672536267183,3.0,3.0,1.2265225683312253,0.9260865189638967,0.7395270046307477,0.3467402944946895,0.28741450592866247,35.86398190823051,1.0913263461159275,66.8714936150669,3.0,1.591797923586119,0.9184892233241116,0.024200478638627947,0.5419240382638693,0.5444750046297258,0.9211382549488722,2.2958989617930596,0.4713448509813698,0.6567086898157127,71.9342806609615,69.20331176792733,59.45261364482591,52.39050821725667,55.35013650406104,47.980356793772884,61.309883606906766,77.77777777777779,86.66666666666667,62.22222222222222,57.77777777777777,17.77777777777778,73.88535031847132,75.31528662420384,73.85668789808919,74.91719745222929,74.88950994410506,72.6818638954073,72.55484784147204,True
INTC,Intel Corporation,252958507008.0,52852998144.0,12632999936.0,-267000000.0,19324999680.0,47109001216.0,37416001536.0,,0.0028400002,0.00022,37.282,2.017,1.307,-4348478955.52,9697000448.0,28.42446,50.779125,2.201538,4.7860765,5.173,21.643,1.265,0.0,-0.041,0.168,0.159,0.0,0.36563998,0.051409997,USD,Technology,Semiconductors,US,50.38,1.349,85100.0,54.6,17.67,46.1646,35.29255,108245804.0,98584500.0,52154530.716294885,48834466.96666668,46609040.400000006,62.70664494209621,67.5322357962715,9.6409145410695,27.932960136220903,35.06702975494609,129.20838087965393,50.380001068115234,-24.171577948970977,1.563608028451586,2.624236253885767,0.1244169091299755,0.2400068616630654,7.736023439859451,1.0824833206745486e-05,52853000000.0,32.9877814993345,50.02315899746116,33.81186077464555,1.0,40.759560012995095,56.56029790690105,51.80020895604748,25.70540732019965,53.497008616635945,1.0,80.0,45.9531981378277,40.0,10.0,80.0,20.0,80.0,55.0,90.0,40.0,48.90625,real_sec,621069.3083901292,-0.5051747476511141,23.90214439979528,3.7871094036591,36.5636772910182,3.729043097811981,0.2058417754080197,-8.522695745144519,-7.728937728937724,3.9392489916817377,17.65730510173537,24.34536429844868,4.018183201256536,24.690780276981897,2.9269179575536315,3.8536436112008055,23.684665414912786,11.35159406537374,17.785165161659595,17.70394693229565,13.339199572526471,3.5916124860476133,24.57572992835104,26.256491308306824,30.095541401273884,14.331210191082802,,0.1834711518461101,23.90214439979528,0.4426619380987204,21.704759414078858,0.00022,-0.9688140346160768,-2.7967939749526672e-05,-0.8069706366415541,1.553397398691291,-0.4782266280779111,0.4243226742266592,0.0959412582204146,-1.255062688122676,0.17906076258245862,2.1233869006435357,0.46402621937908867,1.011736139214893,-0.17400482999879582,-3.0,-1.6862268986914881,0.6744907594765952,-1.3489815189531904,2.369733863731611,-1.886866554991489,1.2526256961708195,-0.6744907594765952,-0.022157135950177667,0.3,0.3,0.22679982749471989,0.44000000000000006,0.44000000000000006,-0.5352965504592624,0.9183333333333332,0.9183333333333332,1.0,0.2,0.45,0.35,48.904508685140726,-1.6522718154845817,-1.2512853756545463,-1.0447731886420355,0.283603267069616,-0.40452851495252884,0.34786332617811294,0.3345388862708459,-0.8685246783513778,,-0.3146028624348208,3.0,3.0,-0.6744907594765952,0.0,-0.9185761335945188,0.3418673282198428,-0.4260605869492563,34.10677140605889,-0.3709699177121274,47.313028193403,3.0,1.8481026942468073,-2.5743066107195807,-0.8032997586821949,1.9794748756558198,1.8496887985800932,1.662592633243285,2.4240513471234038,-1.6888031847008877,1.8324957721017687,63.302930010710966,56.85007855592423,65.30634900490833,46.249595282787034,31.413354589683962,53.63368119364094,54.391011202291864,46.666666666666664,66.66666666666666,15.555555555555555,42.22222222222222,15.555555555555555,35.82802547770701,50.79617834394905,50.824840764331206,53.1687898089172,50.025997660210585,48.840093865236334,49.239207360226466,True
AMD,"Advanced Micro Devices, Inc.",354614378496.0,34638999552.0,6744999936.0,4268999936.0,18183000064.0,4006000128.0,10552000512.0,,0.032,0.07082,6.359,2.85,1.784,4587250176.0,7709000192.0,83.333336,20.186607,5.627425,10.237432,10.048,51.604,1.265,0.0,0.341,2.171,2.135,0.12515001,0.52493,0.17059,USD,Technology,Semiconductors,US,217.5,1.963,31000.0,267.08,76.48,211.6366,196.88815,38402113.0,38599090.0,45752961.15537848,36231266.66666666,36186490.0,56.16328845100382,57.55131615106946,9.04988885832967,-2.6715000617944407,28.144703632199608,111.2470881255098,217.5,-27.76075108828485,1.4719142005213344,2.3776580799857503,0.0984774574082107,0.8499018504613693,8.79221239112038,3.403598561571606e-06,34639000000.0,49.54021031079281,32.653910901587295,43.07545975911161,0.0,54.6549584896942,60.48968952007346,56.537600945646126,33.811324801543904,59.28675798192724,0.0,60.0,42.71575664808986,40.0,10.0,70.0,30.0,30.0,90.0,90.0,40.0,48.90625,real_sec,1117387.0823225807,12.324258758083891,19.472271206546885,2.482010208376696,52.49285573823723,0.5939214478889507,1.9243634412584825,13.24302155180212,-18.56372622435225,5.3867860145356445,17.40419643035263,23.0795813009778,5.591285443429055,24.26824603895914,4.350019838538795,5.359584605371339,23.623752932158435,10.34177474101152,17.638767094155487,17.405433051678592,13.926504450407602,5.287701972089088,22.111059106391732,26.59429677826135,30.095541401273884,14.331210191082802,,0.222552622526735,19.472271206546885,0.7248248418815841,22.959880569832634,0.07082,-0.01595850387217136,-0.8991548711181407,-0.34596568573277825,-0.6437502733315259,0.2388143983462321,0.6784772844359294,0.35244607681276946,-0.836774907410308,0.47782785692585156,-0.4709457328275546,1.8008570821044132,0.3372453797382976,-0.34800965999759165,-3.0,-1.6862268986914881,0.35799248449191456,-1.011736139214893,-0.6440224473729895,0.10530024515035424,1.2526256961708195,-0.6744907594765952,-1.1753075262853745,0.3,0.3,0.735476557882483,0.44000000000000006,0.44000000000000006,-0.716675828346851,0.9183333333333332,0.9183333333333332,1.0,0.2,0.45,0.35,47.53560492229553,-0.756228557379975,-0.5313118978935254,0.15905283137476542,-0.05208010416572464,0.27358084232367713,0.011936549404754974,1.1778693172528383,0.13429232187183712,,-0.131032895631887,3.0,3.0,-0.6744907594765952,0.0,-0.2731324841441993,0.5366062949363924,0.0209587048407631,66.34597942946743,-0.3709699177121274,57.13934665772683,3.0,2.499136308907107,-1.984918091387281,-1.761950977012356,1.8973303234995782,0.14632541038187713,1.3681792027762385,2.7495681544535535,-1.8734345341998186,1.0381830220354957,62.95122803054652,64.83913888456183,67.04628540972695,30.561295837362348,75.81600102743752,32.636022360036385,59.77235640588123,66.66666666666666,80.0,97.77777777777777,11.11111111111111,86.66666666666667,69.42675159235668,59.89968152866242,71.95859872611466,75.88057324840764,59.328285454309125,71.11967817633254,74.54529370134466,True
ORCL,Oracle Corporation,420995629056.0,64076001280.0,27441000448.0,16188000256.0,42985000960.0,162164998144.0,39132000256.0,,0.06335,0.57572,415.265,1.347,1.224,-4348478955.52,23513999360.0,26.232977,18.359694,12.547574,6.5702543,8.576,20.026,1.37,0.35909998,0.217,0.245,0.267,0.25298,0.67084,0.32676,USD,Technology,Software - Infrastructure,US,146.38,1.597,162000.0,345.72,118.86,154.1754,218.2116,27336001.0,21867220.0,15118988.247011952,27435543.33333333,28239864.444444444,51.442590840888826,50.293845504005695,-5.433160261060454,-25.00795013475361,-49.08870136162765,1.3734376434836104,146.3800048828125,-58.24985968697592,0.3533358725877442,0.6886768817887141,0.0835578610248237,2.886301957557831,31.55130976712841,9.253232015957647e-06,57399000000.0,62.184426763990125,44.233409632169874,48.8652091244029,1.0,66.23445722027677,72.27786435959072,41.14107697945053,24.7299491039018,62.76060760110201,1.0,0.0,48.38127925513108,40.0,0.0,50.0,90.0,60.0,85.1,90.0,10.0,48.90625,real_sec,395530.8720987655,25.26374919255885,42.8257068166411,4.591278366748778,67.0843999333911,5.90958767889307,0.1450004602048583,-34.80007901017384,-57.659377530949904,4.9930142853388535,17.156245205862824,24.390206390109107,5.848517537788049,24.88333573577753,4.786324395030039,5.044556090031209,24.48411707692945,11.995357787034976,16.53146207773859,17.127349969114302,12.887986649791864,5.390037473381692,25.81188016092029,26.765888288287485,7.643312101910828,14.331210191082802,,0.3669704552449874,42.8257068166411,0.1943993232240863,21.51766799222153,0.3689789595144,0.7119172487794231,-0.2997369356658798,-0.057837591414793006,1.553397398691291,0.8363485870330168,1.440941115063741,-0.4811945836123831,-1.3053990323319449,0.6570881135318871,2.1233869006435357,-0.1434610764640363,-1.6862268986914881,-0.04350120749969867,-3.0,-2.023472278429786,-0.27500406547744677,1.011736139214893,1.164231339289771,-0.17360310686950411,1.2526256961708195,-1.6862268986914881,0.9772398690069933,0.3,0.3,0.36855287279136295,0.44000000000000006,0.44000000000000006,-1.003084855284829,0.9183333333333332,0.9183333333333332,1.0,0.2,0.45,0.35,51.00257727622636,0.20711013721011948,3.0,1.3732058385060844,1.717577773958623,0.8947304681456287,1.782877614498854,-0.4074701276428279,1.4483544714159975,,0.5473135508078644,3.0,3.0,0.4827458026449878,0.11241512657943277,1.5094073036100344,0.7972211305350974,0.7161701762683652,28.06662827455649,0.31609699841548805,72.99064923856851,3.0,1.7510580351831477,-1.5597043683647254,-1.1905074169002403,-0.11561702974236523,-1.0968623808886033,-1.9166345011267643,2.3755290175915738,-1.3751058926324828,-1.0484204116161802,57.50071613862092,58.15987526744184,54.195768225947255,48.76336257821838,68.65648285059706,43.339911522550736,62.84741080793229,86.66666666666667,68.88888888888889,86.66666666666667,48.888888888888886,11.11111111111111,74.81801637852594,61.898089171974526,68.45541401273886,72.10828025477707,61.54946054855064,67.90144150184379,71.3446567586695,True
LLY,Eli Lilly and Company,837361664000.0,65179000832.0,31693000704.0,20640000000.0,54127001600.0,43865001984.0,7267999744.0,,0.19415002,1.01159,165.31,1.579,0.777,1951000064.0,16812999680.0,40.819374,22.241014,31.548811,12.847108,13.386,27.529,0.67,0.26139998,0.426,0.514,0.505,0.31667,0.83044,0.44896,USD,Healthcare,Drug Manufacturers - General,US,926.1498000000004,0.504,50000.0,1056.3706000000004,476.6007000000001,973.7663220000004,886.3304928000005,3215547.0,3282010.0,3588603.784860558,3046846.6666666665,3203940.0,37.51591118273342,35.5698413282308,-4.849174399673439,-13.256547800807695,14.474336977119751,15.18994846995474,935.5800170898438,-30.25947480148628,0.5831126647084932,0.7536708539195259,0.0680761195640382,-0.1056243356368784,7.174872486084059,5.01942117340327e-06,65179000000.0,78.80506965491935,25.70621166323775,74.41062595313718,1.0,74.42006141457945,75.89071969215401,58.90629694044544,53.34825880429228,47.80503908323289,1.0,40.0,64.74604296523411,70.0,40.0,10.0,20.0,30.0,90.0,90.0,20.0,48.90625,real_sec,1303580.01664,31.666640691838705,48.62455744863174,7.035233941887835,83.04361973807067,1.3840596033705248,0.3832896140329056,2.993295446533058,-17.493716654173465,6.832115149058544,14.97989217251894,22.70674695239503,6.963540539367147,24.90040318088884,6.16877502773896,6.882197772528875,24.714599003666116,10.819798284210286,15.093274045610023,14.92961806218794,14.080625663581152,6.78821750907972,24.504382617779235,27.45352190969012,13.694267515923569,87.10191082802548,,0.2579511723927127,48.62455744863174,0.1421391175636791,21.924309759872003,0.7471603942318,1.6686995846852075,-1.2588056323894972,1.2134354473709692,1.553397398691291,1.2587484227215624,1.674622032921855,0.4806984861089465,0.17138496896908945,-0.11466062176288763,2.1233869006435357,2.302367352519979,-0.3372453797382976,0.8360661719798075,0.6744907594765952,-0.6744907594765952,-1.5409971654161694,-1.3489815189531904,-0.6440224473729895,0.10530024515035424,1.2526256961708195,-1.3489815189531904,1.5219194150802142,0.3,0.3,1.4347507868532003,0.44000000000000006,0.44000000000000006,-0.4913665751074799,0.9183333333333332,0.9183333333333332,1.0,0.25,0.4,0.35,67.2128868933495,3.0,3.0,1.9740092478485047,2.1569984175119417,1.574159433132151,2.2226168839577882,-0.5636657904033533,2.476582650159011,,0.03523798697824562,3.0,3.0,0.16789751967020544,-0.6370190506167843,2.4836174763853047,0.9687896804952747,0.999442556808166,28.09356930845638,-0.19431493695893998,79.99666987050308,1.7068110981173088,1.9619838558911498,-0.305267885481743,0.5160166574236452,-0.0344509172532563,-0.44281037781067906,0.7867648817376429,1.8343974770042293,0.10537438597095111,0.04857003822104433,64.4001861741117,77.39123778505939,57.438193983586075,25.713396286591994,81.84355968404694,53.28716175159385,66.69122881049613,97.87234042553192,91.48936170212765,100.0,8.51063829787234,8.51063829787234,88.89899909008192,86.3407643312102,83.12101910828027,80.78025477707007,86.2569868711816,82.73550117331546,79.70629865534325,True
ABBV,AbbVie Inc.,369388322816.0,61160001536.0,29254000640.0,4185999872.0,43803000832.0,68400001024.0,5256999936.0,,0.09807,1.3126597870000016,24.2165,0.671,0.412,18337748992.0,19029999616.0,88.49153,12.958615,-0.9948549107227488,6.0397043,7.071,14.783,3.31,1.7294825825000038,0.1,0.184,0.176,0.0691,0.71620005,0.34108,USD,Healthcare,Drug Manufacturers - General,US,208.84,0.364,57000.0,244.81,164.39,221.601,216.16444,7350606.0,8528000.0,6129068.525896414,7105293.333333333,6744886.666666667,26.23235963441934,26.575246397297786,-10.118359865741043,-8.194028311966782,-10.366106595828594,5.193136260107512,208.83999633789065,-16.30560179468453,0.3033001377979711,0.3860252728671741,0.0601955839822769,-1.1490768514871414,8.423143923363462,9.623310920004425e-06,16618000000.0,72.49873637349772,38.44366026687858,64.43353087692309,1.0,73.30205983355785,75.2268550846629,56.53760094564612,74.41346320215757,74.42872221886783,0.0,60.0,62.90278759457984,70.0,80.0,10.0,30.0,30.0,55.0,90.0,30.0,48.90625,real_sec,1072982.4830877192,6.844342326473024,47.83191613031682,6.601434713628403,71.62033965322365,2.3381417764267884,0.2782163644898602,29.983238279034435,-14.69302724561905,5.346345335558619,15.724295393173472,22.3828263467997,5.50455887978689,24.83675924313808,5.108306321269702,5.405380931194337,24.50296816415091,10.950824090522444,15.628553506162122,15.776350744880958,13.885953628286268,5.380654854582521,24.948638676560297,26.63511429299642,20.063694267515924,87.10191082802548,,0.3111510650436881,47.83191613031682,0.0713713546232333,20.97012175232881,0.0,1.305669807341761,-0.5994459033920104,0.7169232134611181,1.553397398691291,1.2010564463062174,1.6316830064366805,0.35244607681276907,1.258407828270916,1.259195127302452,-0.4709457328275546,1.681253389023312,0.3372453797382976,0.7369955514197937,0.6744907594765952,0.6744907594765952,-1.5409971654161694,-1.011736139214893,-0.6440224473729895,-1.886866554991489,1.2526256961708195,-1.011736139214893,1.4483140710162652,0.3,0.3,1.223374078408541,0.44000000000000006,0.44000000000000006,-0.12547930894498288,0.9183333333333332,0.9183333333333332,1.0,0.25,0.4,0.35,67.7399847386051,1.2740039004052734,3.0,-0.3551449299637888,2.096934280615674,1.0878315447323261,2.162509194282892,-0.7751769678830278,1.5688473316418565,,0.2851237348219356,3.0,3.0,3.0,2.189418417666091,1.5256419997049282,0.8405504213082282,0.6988198663622266,27.3088210550086,2.635238287949741,81.24421246299146,3.0,1.4670448097531859,0.7110905765589292,0.7346016257725418,-0.7667962162456787,-0.16104391979973962,-0.2697239454216858,2.233522404876593,0.7228461011657354,-0.3753736164201052,70.29416080570275,82.80133706420807,52.90882594739416,48.48552873180794,44.30926682395594,58.06213850137656,64.48307804306585,100.0,100.0,42.5531914893617,44.680851063829785,6.382978723404255,71.67879890809827,82.9267515923567,73.64331210191082,71.66878980891721,82.68230859222669,72.52430439155214,69.08704883227176,True
MRK,"Merck & Company, Inc.",298838032384.0,65010999296.0,29105000448.0,18254000128.0,50196000768.0,50533998592.0,14565000192.0,,0.12042,0.36882,95.959,1.536,0.963,11886749696.0,16472000512.0,16.603022,12.405957,5.6858597,4.59673,5.151,11.505,2.81,0.45049998,0.05,-0.193,-0.208,0.28078,0.77212,0.32773998,USD,Healthcare,Drug Manufacturers - General,US,120.87,0.275,73000.0,125.14,73.31,117.2484,96.38555,11879719.0,11246390.0,12375037.848605577,10204606.666666666,12799784.444444444,26.5848709811718,22.93626343484098,4.906741127290992,14.387282915632673,37.19806039523868,44.64295105100433,120.87000274658205,-15.161666005657649,1.4004315462382224,2.1184241938084685,0.012660235742931,-0.5147182804785176,5.460074804578428,9.986892758100707e-06,65011000000.0,75.05956815584707,43.07545975911162,71.08492759439915,1.0,72.19349371397851,75.2268550846629,54.16890495084681,73.30476823384888,57.78213415944701,1.0,50.0,65.36046142211886,70.0,60.0,80.0,40.0,30.0,86.3,87.5,70.0,48.90625,real_sec,890561.6341917808,28.07832570745169,44.76934789985727,7.017100339143556,77.21155083227349,1.7362651714191102,0.3259587796523125,18.284213171187737,-3.4121783602365285,4.802954902835411,16.364938966596583,23.401887240608755,4.837392401235505,24.89782231247981,4.308245532169378,4.772787496625111,24.639201194514417,11.19822841866684,16.33119200569536,16.13834990828045,13.69960871522018,4.57867784235293,24.64591218616905,26.423167565856858,72.92993630573248,87.10191082802548,,0.2533725168106051,44.76934789985727,0.2237361628298925,21.12590751342745,0.2026665973763999,1.4530864043203995,-0.35967872921110583,1.0479313694010186,1.553397398691291,1.1438513658203915,1.6316830064366805,0.22419366751659242,1.2011960988339778,0.4001851026095514,2.1233869006435357,1.1899032226240056,0.0,0.8690897121664785,0.6744907594765952,0.0,0.6744907594765952,-0.6744907594765952,-0.6440224473729895,-0.10530024515035505,1.1562698733884489,0.3372453797382976,1.5955247591441626,0.3,0.3,1.132548428079606,0.44000000000000006,0.44000000000000006,0.3002732359511429,0.9183333333333332,0.9183333333333332,1.0,0.25,0.4,0.35,70.87810807862414,1.9607860319551493,2.507669637131747,1.6373063884205903,1.8648614461594244,1.3258868940468507,1.9302680827597083,-0.3197879792926213,1.4566003228939401,,0.01373153805061471,3.0,3.0,0.777291688662338,1.6541082910973648,1.9501361735924125,0.9177428548361601,0.5860730136702298,40.14066945397538,1.1718591597581,78.7879436800507,3.0,1.547851165932994,0.6793383495492737,0.8735592127943403,1.3214889940574903,1.0957721963393248,1.7532274906761502,2.273925582966497,0.776448781171807,1.3607238239558221,75.305780711784,80.14420993365322,62.33259038493043,58.84581234761741,40.60646336479848,60.59516986767716,63.747027787255746,95.74468085106383,95.74468085106383,34.04255319148936,68.08510638297872,31.914893617021278,59.463148316651505,87.62738853503184,79.77070063694266,78.86624203821657,87.40088392044716,78.77304726785114,76.65958952583156,True
PFE,"Pfizer, Inc.",161094254592.0,62578999296.0,25717999616.0,7745999872.0,47438999552.0,67647000576.0,13596000256.0,,0.05683,0.08886,77.957,1.16,0.796,13430124544.0,11704000512.0,20.823528,10.031489,1.8620554,2.5742543,3.442,8.375,6.0310000000000015,1.2647,-0.012,0.184,0.176,0.124180004,0.75807,0.23945,USD,Healthcare,Drug Manufacturers - General,US,28.32,0.388,75000.0,28.75,20.92,27.0022,25.4579,45823226.0,40758630.0,45185652.58964144,40504336.66666666,46148783.333333336,24.8033497331994,22.01128729231188,6.426151992673956,14.35420698047416,8.20316271835173,22.978345119578456,28.31999969482422,-12.591099029223995,0.9344814197380512,1.4360019582640562,0.0461769654400829,0.3176665785638082,1.972824841269897,1.078597504769412e-05,62579000000.0,67.55998936468114,65.07650734721851,67.75922923566111,1.0,63.324964757343736,70.57980283222498,52.98455695344715,74.42995772430602,71.08492759439915,1.0,30.0,57.987439939501805,70.0,0.0,90.0,0.0,30.0,40.0,85.0,10.0,48.90625,real_sec,834386.65728,12.377954200515823,41.096853425784765,6.754597251826036,75.80658061918267,2.6303367908099125,0.173015808717946,21.461072716224216,-1.4956521739130424,3.3782698770184507,17.647381176926608,23.333041487682895,3.392829131991639,24.859695584279493,3.087399462079815,3.3322830785172024,24.58271050273307,11.225256725762891,17.626290195961648,17.516919629222322,13.634453390229474,3.27555479045787,24.937568853211467,25.80525546288692,7.643312101910828,87.10191082802548,,0.1870276074029216,41.096853425784765,0.1673498038817493,20.969858443437708,0.0,1.0213663703115312,0.7792153481481895,0.8824272914310679,1.553397398691291,0.6862107219337787,1.331109821040449,0.1600674628685037,1.259258991273656,1.086646068439469,2.1233869006435357,1.0385960424407474,-0.6744907594765952,0.47280722992642416,0.6744907594765952,-2.023472278429786,0.9909890344612758,-2.023472278429786,-0.6440224473729895,-2.74065232648085,1.0599140506060782,-1.6862268986914881,1.6691301032081114,0.3,0.3,1.0299088640221363,0.44000000000000006,0.44000000000000006,-0.5518243325443198,0.9183333333333332,0.9183333333333332,1.0,0.25,0.4,0.35,64.14176182588963,0.0067602715409832695,-0.3473413378537404,0.16409124329895355,1.5865701109178802,1.2660750083447163,1.6517749572062677,-0.48831591742950853,0.7137014248852898,,-0.29789779946942785,3.0,3.0,3.0,3.0,0.3915945050996492,0.6887340636201684,0.21100612008675895,36.32448750469422,3.0,73.77805661191024,3.0,1.466908230954907,0.8398077007042782,0.697129916912731,1.5326664923002413,1.0939312771852245,0.5200455891412419,2.2334541154774534,0.7684688088085045,1.0533861353065348,74.14854419022996,80.90968007229958,65.13835934532074,71.21393838954691,34.299611183240486,54.895774918475944,61.53887701982546,91.48936170212765,97.87234042553192,19.148936170212767,91.48936170212765,23.404255319148938,52.775250227479525,81.5923566878981,75.68152866242039,76.97452229299364,81.25568698817108,74.50217901441502,74.6284501061571,True
TMO,Thermo Fisher Scientific Inc,182569648128.0,44556001280.0,11137999872.0,6704000000.0,18301999104.0,41358999552.0,10104999936.0,,0.05031,0.13024001,77.255,1.89,1.361,4390875136.0,7817999872.0,27.703495,18.268877,3.4620588,4.0975323,4.802,19.209,0.36,0.096999995,0.072,0.093,0.073,0.15045999,0.41076002,0.21170999,USD,Healthcare,Diagnostics & Research,US,491.46,0.972,125000.0,643.99,385.46,521.6144,518.47125,2394478.0,1844160.0,1999099.402390438,1998453.3333333333,2131934.4444444445,27.70276888109117,26.81694945712068,-5.183514342851902,-16.972563480501734,-6.218423865658417,0.8605124456958047,491.4599914550781,-27.307989889935435,0.2258648919974306,0.3728043968644959,-0.0152994984590264,0.8557572444497752,5.119658023621749,1.184750587893342e-05,6047000000.0,45.7929192147118,47.707259251344645,31.17654728954272,1.0,57.78213415944701,67.92434440226047,35.21933699245224,56.67434370921838,43.37077460491551,1.0,30.0,51.22883691376951,70.0,0.0,90.0,90.0,30.0,40.0,82.5,20.0,48.90625,real_sec,356448.01024,15.04623352053194,24.99775462794852,4.809246667155995,41.07639504942576,3.713323758960805,0.1890277800886009,9.854733391371337,-23.685150390534016,6.199413239039649,14.572540784468188,23.036296181567455,6.469234812799617,24.52001269067969,5.957028369786855,6.25884390724191,23.63027613153784,11.736077016252436,14.50820783852961,14.507884606401252,12.783946479827092,6.252811467333188,24.44555587809678,25.930397570748944,13.694267515923569,87.10191082802548,,0.1754645759809081,24.99775462794852,0.1963508479040034,20.705587892077887,0.1176067296812,-0.23167470400688736,-0.11991155503020164,-0.9381175662383874,1.553397398691291,0.4001853195046464,1.159353715099746,-0.8018256068528256,0.3430201572799041,-0.3434809437061936,2.1233869006435357,-0.2487306813030099,-0.6744907594765952,0.10954828787304162,0.6744907594765952,-2.023472278429786,0.9909890344612758,1.011736139214893,-0.6440224473729895,-2.74065232648085,0.9635582278237074,-1.3489815189531904,0.6386552863128291,0.3,0.3,0.20655671427440378,0.44000000000000006,0.44000000000000006,-0.4445077176013984,0.9183333333333332,0.9183333333333332,1.0,0.25,0.4,0.35,52.60835191853255,-0.19358959412815274,0.07464888466022307,0.4144642681618399,0.36662553856644675,-0.21244917862827753,0.430945797501306,-0.4016373972331176,0.4802884955840378,,-0.35221063000813674,3.0,3.0,-0.3618983144989855,-0.9689113290893947,0.10523786611584716,0.056283359870815425,0.10406274073158094,38.39498524038494,-0.6350541710646697,57.49898062921912,0.5166906199321685,1.3298306177608812,0.5786444336828362,-0.21468166534266625,-0.08091963376151666,-0.6496339916828756,-0.09331886432246819,0.9232606188465249,0.181981384170085,-0.31212514609834574,56.31703041766225,55.8239747045633,56.08990294466808,49.21962688223993,45.06090497632927,40.183025762246345,60.802826764015364,68.08510638297872,65.95744680851064,44.680851063829785,46.808510638297875,27.659574468085108,47.998180163785264,61.146496815286625,59.91082802547771,60.191082802547776,60.8540231379176,59.091518605430785,58.49256900212314,True
BAC,Bank of America Corporation,354384576512.0,107421999104.0,1280000000.0,29055000576.0,107421999104.0,504321006960.6403,564954428499.5585,,0.00914,0.10217,132.9965,2.053,1.46,745699968.0,12613000192.0,12.96063,9.941815,1.2845659,3.2989945,3.512,8.992,2.27,0.28350002,0.072,0.212,0.157,0.28401,0.0,0.41627997,USD,Financial Services,Banks - Diversified,US,49.38,1.237,213000.0,57.55,33.07,50.7336,50.841,42773165.0,41240270.0,39004348.4063745,44755083.333333336,40657288.88888889,25.538127703350465,27.76319503864239,-0.3028498243953126,-11.243696993844631,-1.1148599381862412,20.646759492005053,49.380001068115234,-17.931674995878954,0.8684832383192521,0.9572176078474274,0.0775903372586387,-0.6310697577790233,7.541869103411946,6.3200208565193454e-06,113097000000.0,48.29016833685375,57.48028664404888,34.73192806906668,1.0,58.97038358509448,73.90758416580732,36.61892946941056,53.01042025106601,44.0677413138431,1.0,50.0,53.68835643938132,70.0,20.0,80.0,30.0,55.0,90.0,82.5,60.0,48.90625,real_sec,504328.6342910798,27.04753292467641,29.06052331447731,10.979912325545712,100.0,1.101643502674173,0.0164430457944276,13.686443109622145,-14.19635099913118,3.919594270924464,17.52068871093984,27.090164753904997,4.069881090043726,25.40003083142557,3.5284172316728752,3.946107473706899,25.40003083142557,12.269052139516225,17.479183721116037,17.616715612618624,13.130985369556807,3.948181341981424,26.94647882084591,26.593648534733138,55.891719745222936,87.10191082802548,,0.117415429774201,1.191562259757217,0.5358598087364224,21.378729179914107,0.0732048029566,-0.0879183003526323,0.38599358293412855,-0.7611832943128716,1.553397398691291,0.4615022791616797,1.5463520394192547,-0.7260450475928703,0.15395156442317262,-0.30751553219310007,2.1233869006435357,0.14958546333997863,0.0,0.24174165052975416,0.6744907594765952,-1.3489815189531904,0.6744907594765952,-1.011736139214893,0.8628557081793109,0.10530024515035424,0.9635582278237074,0.0,1.2737642550931867,0.3,0.3,0.4030338336990396,0.44000000000000006,0.44000000000000006,-0.09103035274456664,0.9183333333333332,0.9183333333333332,1.0,0.15,0.35,0.5,56.80486210443486,-1.4586822275021298,-0.21160696123902098,1.5405838657467947,0.6744907594765952,-1.9610848631298017,-1.3743287827466164,0.6130893241837636,2.201602881516073,,-0.6248738552277225,3.0,3.0,0.23911716805990885,1.0759733544031402,-0.1706658584535899,-0.4799906346279454,0.7244226887994986,55.85955037132943,0.615702451914363,47.09062355720679,3.0,1.678990221826287,0.7736230597703974,-0.6284317840030779,0.5974265241159596,-0.3307804204677798,0.12374079696069665,2.3394951109131434,0.07259563788365975,0.08403802813588496,68.52490110359648,72.69370339185465,52.43971566962836,56.380973176148494,46.152874815273876,43.30862927786058,63.72599777994689,28.57142857142857,97.14285714285714,42.857142857142854,62.857142857142854,65.71428571428571,54.07188353048225,70.56369426751593,63.691082802547776,60.984076433121025,70.0864422202002,62.09855849815622,57.32130219391367,True
WFC,Wells Fargo & Company,248702222336.0,80041000960.0,1280000000.0,20284999680.0,80041000960.0,443507998720.0,449211006976.0,,0.01047,0.11732,132.9965,2.053,1.46,745699968.0,-18678519787.52,12.875399,10.168769,1.5152085,3.1071854,3.267,8.992,2.23,0.2716,0.05,0.131,0.056,0.26659,0.0,0.29938,USD,Financial Services,Banks - Diversified,US,80.6,1.056,205000.0,97.76,58.42,83.977,84.2153,17644978.0,17962530.0,16844164.940239042,18780870.0,16168137.777777778,29.74945697203276,32.032877362065875,-1.838999056151636,-14.9200219118491,1.1453188517093205,13.96294921495964,80.5999984741211,-22.7469745047004,0.6376866387123014,0.7906381684764824,0.0952986696636549,0.2035778723621404,7.134021037327118,1.083099854313903e-05,85063000000.0,34.61151503168371,60.46048052614008,34.73192806906668,1.0,41.08922029254735,59.10765111078374,32.14863864627378,51.52011319608284,42.577224056014735,1.0,30.0,53.68835643938132,70.0,90.0,40.0,50.0,30.0,88.2,82.5,50.0,51.25,real_sec,390443.9071219512,25.343260874682592,29.06052331447731,8.181221540467453,100.0,1.101643502674173,-0.0428425191672719,13.686443109622145,-17.55319148936171,4.401829261970061,16.59855312151328,26.830758563021178,4.592692664476979,25.10580485234337,4.084630870034462,4.442380631639421,25.10580485234337,12.230770136157428,16.639514919808818,16.748349409795644,12.875042155394407,4.445180995177956,26.817981673980984,26.23952212353008,40.92356687898089,99.68152866242038,,-0.2333618965716642,1.5991804008543973,0.5031941788063276,21.029013510690238,0.085455888,-0.8753423456949772,0.5402646533503771,-0.7611832943128716,1.553397398691291,-0.46121524509254364,0.5890864912073348,-0.9680877451702163,0.0770475949411743,-0.3844303487237907,2.1233869006435357,-0.15716280575075267,-0.6744907594765952,0.24174165052975416,0.6744907594765952,1.011736139214893,-0.5915023404621275,-0.3372453797382976,-0.6440224473729895,0.002845952571631043,0.9635582278237074,-0.3372453797382976,0.5818740208920685,0.3,0.3,-0.027658108842820075,0.44000000000000006,0.44000000000000006,0.15481486745972212,0.9183333333333332,0.9183333333333332,1.0,0.15,0.35,0.5,54.04214639538914,-1.4178133131861865,-0.057108403334212694,1.3806666692429268,0.6744907594765952,-1.9610848631298017,-1.3434182256449323,0.5154580643763284,1.2179707763752143,,-2.2725135430671957,3.0,3.0,0.20076813157714965,1.033148544277642,-0.1538074296991756,-0.5069238951353652,-0.08094007521671315,48.99825390324934,0.5753393172923712,41.67208039208066,3.0,1.4975920713812592,0.3942903540759451,-0.34583264635200434,0.38392262001687943,-0.5353949514195693,0.219868453936499,2.2487960356906296,0.02422885386197038,-0.0330206583818142,67.18842208597712,55.59666217145587,53.61699902504239,55.48825316892718,38.11030157344532,39.022119872019,57.795535718848406,17.142857142857142,62.857142857142854,28.57142857142857,60.0,48.57142857142857,46.04185623293903,60.74522292993631,53.595541401273884,51.46815286624204,60.0805927466528,51.50519611129735,46.81882519462136,True
GS,"Goldman Sachs Group, Inc. (The)",256109641728.0,59396001792.0,1280000000.0,16243999744.0,49229000704.0,504321006960.6403,564954428499.5585,,0.00986,0.13861,588.2596750000002,1.528,1.376,745699968.0,-18678519787.52,16.80701,13.239729,2.421053,4.3119,0.559,8.992,2.09,0.2728,0.152,0.173,0.123,0.28917998,0.82883,0.38319,USD,Financial Services,Capital Markets,US,863.04,1.311,47400.0,984.7,439.38,877.0914,808.76526,2444649.0,2138520.0,2274194.820717132,2418153.333333333,2339317.777777778,30.485189554028665,37.34560809364491,3.3011700535432897,-5.113862650826684,11.8687879998576,56.44105743182168,863.0399780273438,-19.42219031289133,1.635805888833486,2.128226497723516,0.1735068644097801,0.3970669591804643,8.327890503664724,9.294854144808198e-06,,54.844523045581056,44.06941417463853,60.73966582716953,1.0,48.53970499777532,61.38456388847968,57.48028664404888,47.04919203113332,51.520327602984935,1.0,50.0,48.15582178030934,70.0,0.0,40.0,40.0,30.0,90.0,70.0,10.0,48.90625,real_sec,1253080.2065822785,27.34864175013863,29.06052331447731,6.0710366368505975,82.8826843874037,1.101643502674173,-0.0586627255992777,13.686443109622145,-12.355031989438414,6.761619064028712,14.665370324342266,27.090164753904997,6.893352048671393,24.807492751167445,6.087637990556639,6.777750688444854,24.61974873201365,10.766398604507042,14.637137062477434,14.698515134974178,14.041116041500636,6.696744403196498,26.94647882084591,26.268871477740756,7.643312101910828,87.10191082802548,,-0.2845607706902544,2.15502720954595,0.5358598087364224,21.397597663222328,0.100797192,0.2893890547072407,-0.3082262339389874,0.5330972427146703,1.553397398691291,-0.07674960998661756,0.7363581140091691,0.40348754110141316,-0.15366431350482102,0.07705855046035366,2.1233869006435357,2.1663462221219425,0.0,-0.055619014015328504,0.6744907594765952,-2.023472278429786,-0.5915023404621275,-0.6744907594765952,-0.6440224473729895,0.10530024515035424,0.4817791139118537,-1.6862268986914881,1.372605717121918,0.3,0.3,1.0204949036639384,0.44000000000000006,0.44000000000000006,-0.7247045315105771,0.9183333333333332,0.9183333333333332,1.0,0.15,0.35,0.5,55.001592447409955,-1.4365577024589125,0.16000541170165342,1.5688378520811157,0.6744907594765952,1.5673055444502695,-1.3012671710485846,0.6130893241837636,1.923173752319993,,-2.5130002867494556,3.0,3.0,0.20463525480713668,0.8832617088383986,0.28625820406725444,-0.43980674819402793,0.14101942924063338,23.7870341768402,0.5100171591212046,48.09726788013785,0.7226646923639324,1.6887773382612195,0.32801972710989047,-0.7439695529874945,1.0983363956854177,0.010389962151611826,0.6759482864135702,1.205721015312576,-0.207974912938802,0.536441389490341,58.52724108294984,63.29764703381907,62.225660921270645,46.34570015638765,49.55108841361218,34.3473714347285,62.73758743643047,31.428571428571427,80.0,48.57142857142857,40.0,2.857142857142857,60.896269335759776,64.97770700636943,61.14968152866243,59.82484076433121,64.62043416092551,60.02681863895407,57.30714791224345,True
MS,Morgan Stanley,263283097600.0,70296002560.0,1280000000.0,16248999936.0,61198999552.0,504321006960.6403,564954428499.5585,,0.012920001,0.15614,455.747,2.053,1.673,745699968.0,-17888999424.0,16.23996,13.412369,2.5760095,3.7453494,2.661,8.992,2.41,0.3771,0.11,0.207,0.184,0.23986,0.87059,0.38625,USD,Financial Services,Capital Markets,US,165.81,1.182,83000.0,192.68,94.33,169.6984,161.21355,7598359.0,7632240.0,6425258.76494024,7386123.333333333,6880290.0,29.7750695824968,35.26836367916255,2.005533340899368,-8.343015080920967,8.009686011720474,42.75141596703871,165.80999755859375,-18.830213175963785,1.4172177114997395,1.7395986816527704,0.1448378058042406,0.1173812343969397,7.561161366730657,1.50689660173944e-05,7764000000.0,57.97921442801586,53.009995820912096,62.26953275411676,1.0,51.5198988798665,65.93838944387154,47.04960805672973,55.99103436103236,63.44446566561187,0.0,40.0,52.766267329536,70.0,20.0,40.0,50.0,80.0,90.0,72.5,30.0,48.90625,real_sec,846939.7898795181,23.115112302624794,29.06052331447731,7.185157150146504,87.0590038171297,1.101643502674173,-0.0348436314559979,13.686443109622145,-13.945401702304338,5.116855440165964,15.744171505526682,27.090164753904997,5.266207312629804,24.975980771571614,4.557344556505487,5.139898256587164,24.837396679157877,11.326607934898927,15.675747618269169,15.815113707902208,13.649386065499431,5.088913677033075,26.94647882084591,26.296495706936927,20.063694267515924,87.10191082802548,,-0.2544810340919619,1.8208716760351729,0.5358598087364224,20.786590018085345,0.097259606,0.46984039843152803,0.15458697730975643,0.6092313919515846,1.553397398691291,0.07703664405575286,1.030901359612836,-0.16127875324572793,0.30775950338717,0.6923770827058798,-0.4709457328275546,1.0724078782530249,-0.3372453797382976,0.19218153977224076,0.6744907594765952,-1.3489815189531904,-0.5915023404621275,-0.3372453797382976,2.369733863731611,0.10530024515035424,0.5781349366942244,-1.011736139214893,1.5702886411793802,0.3,0.3,0.5615656454268174,0.44000000000000006,0.44000000000000006,-0.3702621234950085,0.9183333333333332,0.9183333333333332,1.0,0.15,0.35,0.5,55.97247521988283,-1.3425284402967312,0.3387750301882071,1.1715924941199634,0.6744907594765952,1.7450809428076453,-1.3266069011980484,0.6130893241837636,1.9489215283179768,,-2.371712455134485,3.0,3.0,0.540752715546848,1.2258601898423838,0.2927863924729453,-0.45374359977623296,0.1866404975435696,44.30424207309545,0.8490510789798391,53.08589813816607,3.0,1.371846567096174,0.39198331508484224,-0.5425591178660111,0.9182604689948164,-0.16933612969073328,0.5118168319424732,2.185923283548087,-0.07528790139058442,0.3612887384048935,67.06921827009948,59.074047115117125,58.392165047864275,43.298223697762936,53.19559701401924,51.510901794936615,61.74917709291405,45.714285714285715,71.42857142857143,57.14285714285714,34.285714285714285,37.142857142857146,63.96724294813466,68.53025477707007,65.82165605095541,64.6608280254777,68.03100220980113,64.39155212872947,61.51273885350318,True
BLK,"BlackRock, Inc.",150340222976.0,24216000512.0,9685999616.0,5552999936.0,11310000128.0,14995999744.0,14257000448.0,,0.03467,0.107159995,24.367,2.039,1.46,7034250240.0,3927000064.0,27.396826,15.666712,2.6818569,6.208301,6.472,16.181,2.37,0.5902,0.234,-0.317,-0.325,0.22930999,0.46705002,0.36744,USD,Financial Services,Asset Management,US,926.1498000000004,1.493,24900.0,1056.3706000000004,476.6007000000001,973.7663220000004,886.3304928000005,872019.0,824200.0,681392.4302788845,938226.6666666666,784311.1111111111,25.164952636186943,32.49059117558426,-6.092669637964942,-10.425148148655127,-15.843330538406263,2.561718070732466,966.5599975585938,-22.45444437834501,0.2964618338507228,0.3696869137139706,0.0553133528668273,-0.2412820702500383,6.296024562474637,1.7300088582326936e-05,11012000000.0,49.430056112284575,36.61892946941056,53.0903311924334,1.0,47.04960805672973,56.83073833308781,54.500092761957696,69.40379785588092,66.4255001812686,1.0,40.0,41.70119801139201,70.0,20.0,90.0,70.0,30.0,90.0,60.0,70.0,48.90625,real_sec,972530.1410441766,22.9311191715918,39.99834576812219,2.475187249491704,46.70465761840169,1.5482139519424074,0.2618698406934302,29.04794388534245,-20.76987392822599,6.832115149058544,13.572562321018433,23.38051388261153,6.963540539367147,23.91027942985017,6.16877502773896,6.882197772528875,23.14895313848028,10.122663242288953,13.431895142658098,13.751747913534288,13.787657375601311,6.78821750907972,23.431049318815543,25.73616671584616,72.92993630573248,87.10191082802548,,0.1621655096205508,39.99834576812219,0.4873688289893407,20.26292966928167,0.043914165951,-0.022299629907437783,-0.6939039099796073,0.15242649653009938,1.553397398691291,-0.1536427370078024,0.4418148684055011,0.24212574271651569,0.9998952287251567,0.8462067157672611,2.1233869006435357,1.4106852205435654,-0.3372453797382976,-0.4025397893179257,0.6744907594765952,-1.3489815189531904,0.9909890344612758,0.3372453797382976,-0.6440224473729895,0.10530024515035424,0.09635582278237075,0.3372453797382976,0.9772398690069933,0.3,0.3,0.8569774994239366,0.44000000000000006,0.44000000000000006,-0.14766187277833076,0.9183333333333332,0.9183333333333332,1.0,0.15,0.35,0.5,58.612044175976706,-0.6741834436780436,-0.16071936840389203,1.1543278410436706,1.5033282803359065,0.02718150081465074,1.568472767594641,0.46815914980366496,1.7906484346833116,,-0.41467780761850004,3.0,3.0,1.227489349138722,1.1830353797168855,0.3255236713368967,1.0733316395887018,0.6125899219686997,51.095111608141686,1.2074850628988956,70.48329738510428,-0.46992512586416363,1.1002229965961727,0.8072365577643789,-1.0281300118410603,-0.20727988635042424,-0.2852221546030498,-0.50267573962735,0.3151489353660045,-0.11044672703834074,-0.3270755496345522,49.47619534615067,73.8670393874175,46.68675421444799,26.30609519335846,27.047428560305207,38.63037858478438,58.78394606236482,85.71428571428571,100.0,8.571428571428571,5.714285714285714,54.285714285714285,42.83439490445859,67.56050955414014,57.90127388535032,53.85031847133758,67.81489665930069,58.04894401609118,53.711960368011326,True
WMT,Walmart Inc.,1002848518144.0,432011094589.4396,44027998208.0,21892999168.0,177768005632.0,68425998336.0,10727000064.0,,0.06834,0.21847,64.443,0.79,0.204,10554250240.0,41564999680.0,46.076923,38.295387,10.062395,1.4061981,1.496,24.237,0.79,0.3443,0.056,-0.19,-0.194,0.0307,0.24927,0.04567,USD,Consumer Defensive,Discount Stores,US,125.79,0.661,389912.0,134.69,79.81,124.4856,109.26165,31214570.0,21727720.0,19138706.573705178,21163936.666666668,27918324.444444444,22.952017175148008,21.370999642822262,2.2205494989083974,11.78445861796904,24.193802793985377,41.38391108415833,125.79000091552734,-10.923699764430294,1.5964966817818866,2.731922485928847,0.1641396146265395,0.7644198671356982,6.687220686462654,5.964116427243039e-06,713163000000.0,29.31158502637681,60.48978508808391,31.23540436434393,1.0,33.32500298746822,56.01929265428846,24.966608494971087,43.77299610308963,39.59379885684107,1.0,20.0,56.186737531583454,65.0,40.0,90.0,40.0,60.0,90.0,90.0,80.0,48.90625,real_sec,339601.43530666665,3.069845005111191,6.173623328019361,50.09724925738396,24.92670008208047,1.5541473862322186,0.607444548721067,1.4799211443498823,-6.607765981141878,4.842532174539857,17.14479385714158,23.09602977062118,4.910372872157861,26.79171710678306,4.392100720245356,4.832191010952726,25.90374519801288,12.873678916297392,16.767223416824386,16.867809237748876,12.735530904496876,4.702856177678627,24.949018682004205,27.63386558473366,84.39490445859873,51.7515923566879,,0.0962128061074477,10.191404517016368,0.1355223463524535,21.60183721484041,0.143250779,-1.180437608489062,0.5417816171178425,-0.935188531537634,1.553397398691291,-0.8618703508205053,0.3893302396121035,-1.3569568413162572,-0.3227250925066117,-0.538383347672499,2.1233869006435357,-0.294106894860012,-1.011736139214893,0.3760237305608101,0.0,-0.6744907594765952,0.9909890344612758,-0.6744907594765952,1.164231339289771,0.10530024515035424,1.2526256961708195,0.6744907594765952,0.7004837753265458,0.3,0.3,-0.25492112705422154,0.44000000000000006,0.44000000000000006,0.08014569694632319,0.9183333333333332,0.9183333333333332,1.0,0.3,0.35,0.35,53.91546613217138,0.36044538716241825,0.9744116713899696,-0.7093178625338753,-1.0598143570422303,-0.8999240980784831,-0.6918514591163266,-0.5834420417902694,-0.9168227688693841,,-0.7244649109085055,3.0,3.0,0.4350513472605342,-0.50854462024029,-0.11010458908497249,-0.6430672213196009,-0.54784533527488,41.81939960745885,0.0104331618851633,49.844793542046006,3.0,1.7947167632617191,1.0065652595606542,0.2708892286323826,0.9481447980888237,0.9509058733959626,1.2001434517023968,2.3973583816308595,0.6387272440965184,1.0248488242957512,74.68861489664037,56.619515639766774,70.50623408952714,48.674508166843566,34.054607553727394,42.28858937402004,66.69122881049613,52.0,64.0,20.0,52.0,32.0,45.586897179253874,64.60191082802548,61.59235668789808,61.14968152866242,63.91199792018719,59.6547100234663,57.00990799716914,True
HD,"Home Depot, Inc. (The)",320347176960.0,164683005952.0,25010999296.0,14156000256.0,54864998400.0,65908998144.0,1388999936.0,,0.12977,1.3126597870000016,514.392,1.061,0.215,8622749696.0,16325000192.0,22.618143,19.72048,25.002333,1.9452351,2.337,15.388,2.9,0.6465,-0.038,-0.142,-0.142,0.08596,0.33316,0.100760005,USD,Consumer Cyclical,Home Improvement Retail,US,321.63,1.085,389912.0,426.75,318.66,362.1606,373.5502,4294903.0,4880210.0,3656008.3665338648,4333026.666666667,4419918.888888889,22.44109921057644,25.480754943701527,-10.478795993008305,-6.373174144564242,-17.502228358465167,-11.089578213446828,321.6300048828125,-23.248123217365023,-0.3240867946437408,-0.5298112384528633,-0.0025882939916968,0.1099448662791335,1.2363408916711802,8.125161006136994e-06,66176000000.0,43.29539205258709,48.16342593798511,35.754141735181875,1.0,50.64528277854578,67.71868879478787,33.98608567873912,71.75081508390613,71.74992825458482,1.0,60.0,56.81248701821461,65.0,70.0,90.0,70.0,30.0,90.0,90.0,90.0,51.25,real_sec,348609.2420660457,8.595908347778176,15.187358981830789,13.724293362935567,33.315519159269805,2.63520051174208,0.2476900067018564,5.235968123215619,-24.63268892794376,5.776506155787731,15.301632129203854,21.05184985536225,6.058538912772303,25.82728828697883,5.767257930940508,5.894845160666527,24.72814143024491,12.873678916297392,15.111882773515113,15.281777085808208,12.761709792204574,5.925725839367852,24.91154081154655,26.492671172634253,95.22292993630572,51.7515923566879,,0.0991298409792096,15.187358981830789,0.0206395431606871,20.885284317379483,0.5058046000875001,-0.37544711328414543,-0.09629788228926,-0.7103126163230389,1.553397398691291,0.03190403212888184,1.146051828726463,-0.8685996684456402,1.121007814667933,1.1209619433495592,2.1233869006435357,-0.2698443866165684,0.3372453797382976,0.4096562868211258,0.0,0.3372453797382976,0.9909890344612758,0.3372453797382976,-0.6440224473729895,0.10530024515035424,1.2526256961708195,1.011736139214893,0.8454512529686848,0.3,0.3,0.33517814717969935,0.44000000000000006,0.44000000000000006,0.47023312917922533,0.9183333333333332,0.9183333333333332,1.0,0.25,0.4,0.35,61.494741916046095,2.2480975724469316,3.0,-0.19078999166648467,-0.3767787396102923,-0.5427981840890134,-0.3129975264959872,-0.9268045555340612,-0.4532786157753292,,-0.7107632772379537,2.1060073040368033,3.0,1.4089218806789499,1.7504641138797354,1.1442308284474765,-0.5892106895631205,-0.3590022656196201,32.668106911945344,1.5626158856193033,68.2469320377466,1.757279391163625,1.4230394787296647,1.0525858581707166,-0.39111096122427563,-0.8168919483262975,-0.05969998810043894,-0.5732303175737686,1.5901594349466448,0.3307374484732205,-0.4409166750101954,62.44719667577968,65.91234535554732,60.35778431865659,50.72810700269238,43.562333443730864,50.71071938170965,63.39652766544141,90.47619047619048,83.33333333333334,38.095238095238095,54.761904761904766,11.904761904761903,41.85623293903548,76.8312101910828,71.50000000000001,70.78025477707007,76.62485376316133,70.68722762319813,68.98443029016276,True
MCD,McDonald's Corporation,219176468480.0,26884999168.0,14593999872.0,8562999808.0,15434000384.0,54829998080.0,774000000.0,,0.13508001,0.19437,66.94149999999999,0.955,0.743,6296124928.0,10551000064.0,25.702093,21.377356,-0.9948549107227488,8.15237,10.126,18.655,2.42,0.6,0.097,0.082,0.073,0.3185,0.57407004,0.45071,USD,Consumer Cyclical,Restaurants,US,307.14,0.532,150000.0,341.75,283.47,321.4554,308.6713,3333073.0,3539890.0,3450845.816733068,3247293.333333333,3329598.888888889,18.08167067249393,17.330145964102993,-6.202472683296978,1.845199478932491,3.611156780226787,0.8554364164745865,307.1400146484375,-10.603153441338131,0.0973434202580586,0.1440596445416872,0.0375155909955388,-0.1047745125402279,2.703970124414353,8.344901250983685e-06,26885000000.0,76.50898834592485,24.600393791149223,69.25920908275064,1.0,74.42006141457945,78.94866890581925,27.302482038813874,72.99229996312452,66.78419121015907,1.0,60.0,59.53748182550045,65.0,80.0,40.0,40.0,30.0,90.0,90.0,60.0,48.90625,real_sec,179233.32778666666,31.85047451365426,54.28305867076455,2.240532430841445,57.407479492766335,3.757023335678977,0.1924311587355065,23.418728372117613,-10.1272860277981,5.730554225153629,15.018362701250798,20.46708243284599,5.837001318442423,24.01483431629862,5.650627799851681,5.775964832098608,23.459838729926748,11.918397239722838,15.054130213014131,14.993332694754155,12.096449322486968,5.735511412358875,24.72750329136328,26.1131430344374,55.891719745222936,51.7515923566879,,0.3924493357083075,54.28305867076455,0.0139198623610915,20.781433593871185,0.077748,1.5365235880847206,-1.31604878956718,0.957074103855831,1.553397398691291,1.2587484227215624,1.8724114026129466,-1.230481594823337,1.1850718710947823,0.8647161657809499,2.1233869006435357,-0.7260580495224014,0.3372453797382976,0.5561183185496963,0.0,0.6744907594765952,-0.5915023404621275,-0.6744907594765952,-0.6440224473729895,0.10530024515035424,1.2526256961708195,0.0,1.504394333160226,0.3,0.3,0.42933539592527653,0.44000000000000006,0.44000000000000006,0.14352648003897361,0.9183333333333332,0.9183333333333332,1.0,0.25,0.4,0.35,63.34318482973625,2.411266251925731,0.7286416881882612,1.9912589524408213,2.5857837762621254,0.4827736149840548,2.6517131569202443,-0.9468883838077641,2.4913076854519756,,0.6669906550563066,0.8247731649289246,3.0,1.25907085551695,1.236566392373758,1.748662892267493,1.0323424635926406,1.1632707379448668,56.64639067649952,1.2489438471025136,78.80143527643943,1.6036666332703968,1.3691719205256199,1.4452585078564237,0.4722996637538659,-0.22254102008386661,0.3977129723054451,0.32474299908759435,1.4864192768980082,0.9587790858051448,0.1897457826232964,66.84222174289472,76.10608639037136,60.91708696285655,41.570472839235656,48.51969839787,48.576344541666806,65.04387823796877,100.0,97.61904761904762,47.61904761904761,33.33333333333333,66.66666666666666,61.96542311191992,83.7643312101911,80.51910828025477,79.49044585987261,83.58897699207071,79.89607777405296,78.0608634111819,True
NKE,"Nike, Inc.",65418137600.0,46522998784.0,3864000000.0,2249999872.0,19036999680.0,11178000384.0,8056999936.0,,0.05195,0.16016,79.333,2.139,1.239,1313874944.0,1694000000.0,29.072369,22.637276,4.6432695,1.4061462,1.474,17.744,3.71,1.0658001,0.001,-0.348,-0.345,0.04836,0.40919998,0.06942,USD,Consumer Cyclical,Footwear & Accessories,US,44.19,1.319,77800.0,80.17,43.17,58.8896,66.4837,18179052.0,31863450.0,15245964.342629485,21606720.0,19097474.444444444,39.22505408640321,49.12766167255718,-23.83661103402161,-29.70399704061365,-39.9660603057941,-30.26630670141911,44.18999862670898,-43.21055349025277,-0.5900641771884135,-0.7546223208519562,-0.1026584712712777,-1.2499464273357608,16.99616711689521,1.425001429550127e-05,46309000000.0,41.4387313902266,59.33178172050804,46.9224975177048,1.0,39.47692699602285,56.52793797702712,43.34313077463446,74.23378484234291,74.42872221886783,1.0,0.0,43.868761683606856,65.0,30.0,0.0,10.0,30.0,90.0,90.0,10.0,48.90625,real_sec,597981.9895115681,4.8363173716433145,8.30556950539674,3.8771170087896767,40.91954555291292,2.892857242236025,0.1515476777425023,2.824140701032932,-44.87963078458277,3.810875823423188,16.765066708597345,22.809807107922182,4.3965457207730845,24.56321262479356,3.7880458256084353,4.09250286734273,23.66965027411322,11.261909563554315,16.53982545831706,16.888514981662375,13.301317586895356,4.211886087235655,23.13721343223657,24.904065390308403,7.643312101910828,51.7515923566879,,0.0364120981939494,8.30556950539674,0.4188718378976351,20.32832391335288,0.0,-0.48232746305010654,0.4818370544049647,-0.15451704293008223,1.553397398691291,-0.544414042318496,0.42222962110975004,-0.3619649715168653,1.2491359275216316,1.259195127302452,2.1233869006435357,0.40184057535127254,-1.6862268986914881,-0.28603836388958476,0.0,-1.011736139214893,-1.8574954404008501,-1.6862268986914881,-0.6440224473729895,0.10530024515035424,1.2526256961708195,-1.6862268986914881,1.092554908040513,0.3,0.3,0.44263899845706367,0.44000000000000006,0.44000000000000006,-0.9878584091432946,0.9183333333333332,0.9183333333333332,1.0,0.25,0.4,0.35,52.980660581311824,-0.14319484264082394,0.3797706871372057,-0.5435642150699067,-0.8982614527277055,-0.21909038390733496,-0.8348583690985935,0.26343487087155265,-0.7169830041791503,,-1.0053554141391094,3.0,3.0,2.7601595115505413,2.6176665189210726,-0.25113021082616055,-0.34062641111202774,-0.5381320552064375,44.99559540167731,2.696037664867281,64.98538637739249,3.0,1.1341431093283079,-0.45921780502113724,-0.7564601226074313,-2.6734470293902928,-1.3582319432644243,-1.5286394831887984,2.067071554664154,-0.6078389638142843,-1.803918731079497,57.51728798355363,67.2396087460531,40.12371834770986,53.311932141331525,24.022172425770233,42.81045498980574,55.159774802804634,85.71428571428571,85.71428571428571,7.142857142857142,59.523809523809526,38.095238095238095,25.181983621474068,57.270700636942685,50.96496815286624,51.36305732484076,56.81463668269857,49.45692256118003,48.22363765038924,True
COST,Costco Wholesale Corporation,450509701120.0,286265016320.0,13459999744.0,8549000192.0,37003001856.0,10227999744.0,11125999616.0,,0.08718,0.29650998,60.257,1.058,0.54,6690375168.0,15011000320.0,52.91762,45.199535,27.226784,1.5737505,1.566,33.31,0.51,0.27040002,0.215,0.455,0.456,0.029860001,0.12926,0.036730003,USD,Consumer Defensive,Discount Stores,US,926.1498000000004,0.978,341000.0,1056.3706000000004,476.6007000000001,973.7663220000004,886.3304928000005,2211740.0,1794170.0,2144716.135458167,1828773.3333333333,2399336.6666666665,20.11110807365112,16.307620404089636,3.296458716121764,18.940502801367675,11.01851652185304,5.744848810430425,1014.9600219726562,-19.346944191337624,0.432792642055005,0.6438758692354226,0.0827713271490412,-0.2470556166116032,2.852152188561984,4.78495995009741e-06,275235000000.0,23.35051630516335,58.40018646495962,24.96660849497108,1.0,29.14580574121965,51.50482316357211,41.68339747996535,39.59379885684107,37.50420023371679,1.0,80.0,48.76265249368331,65.0,60.0,90.0,40.0,30.0,90.0,90.0,90.0,48.90625,real_sec,839486.8513782991,2.986393622909039,4.701936658915319,23.256221289816768,12.926134786458285,0.7598811247050199,1.4676379248841718,2.3371263642362767,-4.8843573115417644,6.832115149058544,14.69070328500861,23.13255051417564,6.963540539367147,26.380183849202268,6.16877502773896,6.882197772528875,24.334264877569943,12.739640688812674,14.57851823006716,14.4191565372202,13.640547284136296,6.78821750907972,23.04839486944379,26.833645447882816,95.22292993630572,51.7515923566879,,0.0524374249881097,4.701936658915319,0.5210265032058145,21.40955375692951,0.2163336754778003,-1.5235919192462108,0.433612608964755,-1.247156475839137,1.553397398691291,-1.077528497515906,0.09733255990302529,-0.451830785575638,-0.5383832392020124,-0.6462124210201993,2.1233869006435357,1.052333404337893,1.011736139214893,-0.023003297112523004,0.0,0.0,0.9909890344612758,-0.6744907594765952,-0.6440224473729895,0.10530024515035424,1.2526256961708195,1.011736139214893,0.008593541125427784,0.3,0.3,0.19312727643456656,0.44000000000000006,0.44000000000000006,0.35790971499695556,0.9183333333333332,0.9183333333333332,1.0,0.3,0.35,0.35,54.89094370144375,0.9393704591266088,1.7702575043219881,-0.7171483676965863,-1.1713346468870718,-1.4108155146701655,-1.1081295698720433,0.5687554384096023,-0.9920466382088113,,-0.9300826913787403,3.0,3.0,0.19690107279921643,-0.8083182911187768,0.15862883647840106,-0.3535313161453028,-0.6293393281282096,58.79351643675325,-0.2554476409638805,53.223358931119236,0.6257192315557553,1.6949789857019624,1.2624582727517126,-0.22404959255761897,1.0976815836969538,1.3491923841680264,0.6397853928675655,1.1603491086288589,0.5192043400970469,1.0609170466365663,63.72502810164147,58.187409687445474,62.69519794069676,40.89506523057803,74.79818548621412,42.811558870735,63.92367984865017,60.0,68.0,96.0,36.0,68.0,69.40400363967242,72.05414012738852,74.73885350318471,73.92356687898089,71.70479656830885,73.97921555481058,72.22929936305734,True
RTX,RTX Corporation,264093614080.0,88603000832.0,14734999552.0,6732000256.0,17788999680.0,39956000768.0,7434999808.0,,0.03877,0.109519996,59.513,1.026,0.667,6456249856.0,10567000064.0,39.558468,26.0886,4.0366616,2.9806397,3.361,20.209,1.39,0.53830004,0.121,0.083,0.094,0.07598,0.20076999,0.110240005,USD,Industrials,Aerospace & Defense,US,196.21,0.428,180000.0,214.5,112.27,200.1924,174.3733,6297265.0,4992430.0,5445123.705179282,6220290.0,5718691.111111111,24.147343915595336,28.12665398012961,-3.7525722915630833,5.133083236421054,18.60996097871983,49.847697173573245,196.2100067138672,-14.570018222267857,1.5945681302364143,1.9217199883556133,0.1588483425135127,-0.3273142647374147,10.228484568052618,1.3860309125159328e-05,80738000000.0,36.72078342205453,56.08412992827986,30.63259038766687,1.0,43.96434919465463,65.60575335980982,48.16342593798512,64.56797644181754,56.08412992827986,1.0,40.0,68.11074258529928,40.0,90.0,80.0,10.0,30.0,90.0,75.0,80.0,48.90625,real_sec,492238.8935111111,7.597937082023367,16.63036174129024,18.089660671867545,20.07719773930648,2.711639089434293,0.2644659090221789,7.286716923100251,-8.526806526806519,5.284269150821977,15.559250685307497,22.729464391169223,5.372960909543803,25.20743156343084,4.729774349212622,5.304261664152312,23.601846107757115,12.100717685412471,15.510231216782854,15.643327248186916,13.106721465079048,5.166916844861744,24.411044704862483,26.299569476029102,84.39490445859873,14.331210191082802,,0.1192623270631213,16.63036174129024,0.1568863226695676,20.78941654830032,0.0505653777724001,-0.7539204036657299,0.31372090554060783,-0.9651876958139738,1.553397398691291,-0.3128506348565903,1.009386325579873,-0.10097138281836791,0.7503534573136775,0.31256338389235894,2.1233869006435357,0.11702177240270671,-0.3372453797382976,1.0169108257727206,-3.0,1.011736139214893,0.6744907594765952,-1.6862268986914881,-0.6440224473729895,0.10530024515035424,0.6744907594765952,0.6744907594765952,0.7037018694391091,0.3,0.3,0.35811556696112073,0.44000000000000006,0.44000000000000006,0.1581696351897345,0.9183333333333332,0.9183333333333332,1.0,0.4,0.3,0.3,59.94863674673641,-0.5481965649597218,-0.13665225611650553,-0.28443276836490233,-0.26743203602168525,-1.1063922158487587,-0.20357153511567502,-0.5195892421718417,-0.37351099601686955,,-0.6161987755003978,3.0,3.0,1.0602363983458882,0.1338275316421816,-0.3922243877312503,-0.34577950329095003,-0.3034540922818473,32.87298090000927,0.6433524083292202,55.189513531285364,3.0,1.3733126934333533,0.8988969919628821,0.6346770688130463,0.1179618994736422,0.5807078946442741,0.962657093090125,2.186656346716677,0.7667870303879643,0.5564688556268398,72.49921872345085,71.54118503797017,53.70015825304653,55.03594181067703,38.90942714704864,51.21970668979163,65.08218871639964,65.11627906976744,90.69767441860465,27.906976744186046,60.46511627906976,16.27906976744186,49.29481346678799,72.13694267515925,63.42675159235668,61.433121019108285,71.62680358767712,61.65269862554475,57.466383581033256,True
LMT,Lockheed Martin Corporation,143529492480.0,75048001536.0,8285000192.0,5016999936.0,7685000192.0,22770999296.0,4120999936.0,,0.07569,0.76865,338.804,1.087,0.901,5281625088.0,8557000192.0,28.980455,19.437387,21.220142,1.9125025,2.158,19.546,2.17,0.62119997,0.091,1.61,1.55,0.06685,0.1024,0.090100005,USD,Industrials,Aerospace & Defense,US,622.79,0.24,123000.0,692.0,410.11,634.4694,513.3619,1865718.0,1790190.0,1406241.6334661357,1703380.0,1697655.5555555555,24.30301964437844,25.75852712480438,-4.917560606512406,25.95251379408243,26.326794326939183,41.277767555098286,622.7899780273438,-15.563787451183265,1.4601383913035946,1.7524662963073607,0.0882288748293662,-1.3036627799585496,8.875754178229565,1.4381645273894649e-05,75048000000.0,29.88589253634731,65.77995451518005,24.635292883159526,1.0,37.904458827842014,59.75359584988115,56.8499248799474,69.41588873526763,64.56797644181754,1.0,30.0,66.02104151776474,40.0,80.0,30.0,80.0,30.0,88.3,70.0,50.0,48.90625,real_sec,610146.3539512195,6.685054676097378,11.039601351710536,15.322199802940805,10.240113040603166,2.74846092556373,0.3757850097295967,7.0376625358457305,-10.001445086705209,6.435813773266113,14.34475936129373,22.13936167401554,6.541029999189903,25.041393766250287,6.018860818589742,6.454363938408053,22.762536239050828,11.719947764402807,14.156431906497064,14.348125657464646,13.321455770832102,6.242927103306295,23.848753602620334,25.689806373544908,40.92356687898089,14.331210191082802,,0.1140203605274587,11.039601351710536,0.153242602026265,20.59064057983579,0.2911646430594999,-1.1473770774058936,0.8156296057019821,-1.2636444669120042,1.553397398691291,-0.6255577526786126,0.6308664534874211,0.36935677246258974,1.0005191515712955,0.7503533488431908,2.1233869006435357,0.434605264956319,-0.6744907594765952,0.9045943313566026,-3.0,0.6744907594765952,-0.9080006154468081,0.6744907594765952,-0.6440224473729895,0.008537857714893128,0.4817791139118537,-0.3372453797382976,0.4623448109968589,0.3,0.3,0.47281783558531654,0.44000000000000006,0.44000000000000006,-0.2759212532584839,0.9183333333333332,0.9183333333333332,1.0,0.4,0.3,0.3,55.9104769916538,0.5862999136452632,3.0,-0.3700913902345267,-0.6910841843954704,-1.525160514667271,-0.6275308755875603,-0.5304796195364687,-0.5429751164741878,,-0.6408208689420023,3.0,3.0,1.3273899359019747,0.9689113290893949,0.5318238120185894,-0.5838578103645691,-0.37739526382517574,38.084708696029026,1.166074562836314,66.34841037576095,0.07279617130441847,1.27020723890108,0.8848746033908461,0.9282054548815646,-0.043955672289297414,1.7394623881267401,1.2908617078548443,0.6715017051027492,0.9065400291362053,1.0698567659203602,61.92520606083044,63.58988557719108,51.223161030537995,56.81703061125556,72.72388609932929,49.73249191622532,63.47314862230315,90.69767441860465,79.06976744186046,93.02325581395348,62.7906976744186,25.581395348837212,75.95541401273886,71.12101910828025,72.10828025477707,73.03821656050957,70.8046275835175,71.34428427757292,71.52866242038216,True
GE,GE Aerospace,296571469824.0,45854998528.0,10702999552.0,8600999936.0,14444000256.0,21557000192.0,11992000512.0,,0.0468,0.44692,114.07,1.041,0.69,5210999808.0,8536999936.0,34.97015,32.735924,15.787523,6.467593,6.644,28.466,0.67,0.17889999,0.176,0.374,0.338,0.18982,0.31499,0.19549,USD,Industrials,Aerospace & Defense,US,281.16,1.428,57000.0,348.48,159.36,311.3418,293.65845,5764790.0,6319630.0,5455453.9840637455,5617266.666666667,5444611.111111111,32.02132041785569,37.67389980090193,-13.890458577268516,-12.2152561855839,-5.8635553277683545,41.48680104997276,281.1600036621094,-20.85149392334953,1.1629753208125222,1.4502329077251912,0.1545486769852375,-0.3536110611049931,4.9227577336499095,1.224726441436878e-05,11512000000.0,59.373564643255634,29.420612314304336,45.17632726801716,1.0,68.20391066190511,78.94866890581925,61.81363856106869,54.87215185491734,37.904458827842014,1.0,30.0,49.99999999999999,40.0,0.0,80.0,10.0,30.0,40.0,70.0,10.0,48.90625,real_sec,804473.6583859649,18.756951721954703,23.340965861038093,9.362000786557124,31.499292813585413,2.014108296208588,0.3960198478435863,11.364082379847982,-19.318181818181813,5.642474285927797,15.510137074182865,23.207505640525227,5.856446335429894,24.548750048877935,5.077421287774306,5.744098100993725,23.39354495815448,10.950824090522444,15.512126580565608,15.541355923337486,13.59794474508745,5.685816888965366,23.79396643569072,26.415554071278507,7.643312101910828,14.331210191082802,,0.1861738133256537,23.340965861038093,0.3574473236268468,21.15105030022248,0.3669660164691999,0.5501074293016714,-1.0665280199031706,-0.24141557249569606,1.553397398691291,0.9379778364314996,1.8724114026129466,0.6381157183374219,0.25002206879844147,-0.6255579695737076,2.1233869006435357,0.9580254438877787,-0.6744907594765952,0.04350120749969867,-3.0,-2.023472278429786,0.6744907594765952,-1.6862268986914881,-0.6440224473729895,-2.74065232648085,0.4817791139118537,-1.6862268986914881,1.266868339137694,0.3,0.3,0.9184039288034943,0.44000000000000006,0.44000000000000006,-1.0309499883106517,0.9183333333333332,0.9183333333333332,1.0,0.4,0.3,0.3,60.71733395676375,-0.30144665371383794,3.0,0.7626526056925503,0.24107873069190583,-0.6201492134988199,0.30530795506581976,0.0798488593925007,0.3438085383260191,,-0.30190816416888916,3.0,3.0,-0.09796717016538002,-0.6370190506167843,0.8133696824985499,0.2038513620128262,0.062046374288185366,34.600988588339945,-0.340540516368512,68.97847871324991,3.0,1.5608927749400314,0.1896537529245978,-0.9266441336790723,-1.291066765557764,-0.38485483792094044,-0.07822595165807815,2.2804463874700156,-0.3684951903772372,-0.5647297503331288,63.817212525191145,78.97082223787272,55.405439483974654,31.969061155421073,70.92751989593526,55.29877660954803,65.88670876344788,95.34883720930233,100.0,90.69767441860465,13.953488372093023,20.930232558139537,73.11191992720656,79.06369426751594,77.21337579617834,75.828025477707,78.83790458858702,76.53369091518606,74.23920736022646,True
DE,Deere & Company,155503476736.0,46731001856.0,8588000256.0,4814000128.0,12266000384.0,48473001984.0,8830000128.0,,0.03961,0.19566,376.022,2.253,1.993,4200250112.0,7701000192.0,32.470955,24.804823,5.912662,3.3276298,4.176,22.724,1.13,0.3655,-0.111,-0.085,-0.098,0.10302,0.26248,0.17479,USD,Industrials,Farm & Heavy Construction Machinery,US,575.71,0.992,73100.0,674.19,404.42,582.137,508.91095,1626309.0,1454870.0,1412608.1673306774,1487663.3333333333,1612554.4444444445,28.0505634721444,24.48069385541236,-2.250953973214753,23.69192159141917,25.45822504046913,23.859688332275383,575.7100219726562,-16.828756686496902,0.8059638314472314,1.375034062566136,0.0906747140510733,0.9732612717223604,6.274785745877033,1.938770903208177e-05,45684000000.0,51.36697817714144,52.44819570819229,36.69248075447949,1.0,62.14402029509249,75.35934920969098,58.090853300227714,62.14402029509249,60.93204222172996,0.0,50.0,60.44850533767266,40.0,60.0,40.0,30.0,30.0,90.0,77.5,40.0,48.90625,real_sec,639274.9911901505,10.30151277910578,18.37752223344929,9.540850292805716,26.24810061166089,5.644271138689636,0.1588719467909569,8.988144797201072,-14.60715821949302,6.357339540509178,14.293330711212535,22.901420866171566,6.514994132745532,24.567673632697065,6.004923566792138,6.368422150168003,23.230097075537778,11.199597325534862,14.160949025622068,14.212717886490353,13.36809155120862,6.23423610262951,24.604272819794,25.76993392675305,30.095541401273884,14.331210191082802,,0.1647942454931818,18.37752223344929,0.1540931504904676,20.51655238063053,0.12414627,0.08920104006319284,0.12550514298009263,-0.6636159777646914,1.553397398691291,0.6252707186094769,1.6402527790672945,0.4365465089312972,0.6252706101848686,0.5627290781499771,-0.4709457328275546,0.5130631870686004,0.0,0.6050836795802882,-3.0,0.0,-0.5915023404621275,-1.011736139214893,-0.6440224473729895,0.10530024515035424,0.770846582258966,-0.6744907594765952,1.3473206919517773,0.3,0.3,0.6187566105291104,0.44000000000000006,0.44000000000000006,-0.4254190874150701,0.9183333333333332,0.9183333333333332,1.0,0.4,0.3,0.3,63.31930604129703,-0.5223846190759681,0.741797010940552,-0.03074777363945443,-0.13503711216900582,-0.8436881542973305,-0.07108061110203281,-0.5279374944262203,0.16963240657495224,,-0.4023303460601562,3.0,3.0,0.5033705243236395,-0.14453373417355614,-0.06267269462527916,-0.2766662085979172,-0.03272962388505815,49.43591821260325,0.21181360799990145,60.58889605425497,0.07756302971060638,1.231777555908998,0.547317065331181,-0.24590808939250863,0.3266664750489664,1.6136437993083472,1.253920590274775,0.6546702928098023,0.15070448796933616,1.1196336393204613,57.48083516946003,72.73769706378098,58.70963648363728,49.944467247759874,30.09462112553919,55.647192565579516,64.2776686693514,79.06976744186046,93.02325581395348,13.953488372093023,48.837209302325576,51.162790697674424,40.37761601455869,78.0127388535032,68.55414012738854,65.26433121019109,78.00597946184843,68.03888702648341,63.811040339702764,True
NFLX,"Netflix, Inc.",418504835072.0,45183037440.0,13659992064.0,10981200896.0,21907707904.0,16975837184.0,9062359040.0,,0.15251,0.42762002,63.782,1.186,1.061,24817524736.0,10149272576.0,38.996048,25.603962,15.650381,9.262432,9.394,31.074,1.55,0.0,0.176,0.327,0.294,0.24304001,0.48487,0.24535,USD,Communication Services,Entertainment,US,98.66,1.669,16000.0,134.115,75.01,88.1666,107.12779,49556022.0,41274260.0,38716217.72908367,48834466.96666668,46609040.400000006,33.063013627358515,50.07188554559674,-0.5142628983083264,8.42950431741234,-15.133368549053904,5.460066703376132,98.66000366210938,-43.35127747768319,0.3468691617276708,0.4959718730454933,0.1110729083203229,0.4721018671591559,7.979411795242191,4.215500571701187e-06,45183036000.0,57.95753715594372,25.969705644055523,52.28024690968816,1.0,61.050427331565714,60.36642110697632,69.82060775344326,65.4355175425045,43.51006648781062,0.0,10.0,46.16934561158564,65.0,30.0,60.0,0.0,30.0,86.7,90.0,20.0,48.90625,real_sec,2823939.84,24.30381293108568,30.232566994061745,5.643814629041227,48.48657625794181,1.2427413650362718,0.5978658057327418,43.43565867011251,-26.43626738247028,4.601764392853259,17.65730510173537,22.927395302909687,4.906126267670411,24.53398757549626,4.330864910577949,4.4905065300041205,23.8101043709782,9.680406499268877,17.47176915881372,17.70394693229565,14.853643928367337,4.683313768387348,23.55505682787902,26.759954280149703,13.694267515923569,51.7515923566879,,0.2246257257378401,30.232566994061745,0.3480409688151523,22.06344872905214,0.42762002,0.46859252666475265,-1.2451657485170853,0.11211248189872579,1.553397398691291,0.5688382944244214,0.6705042345172612,1.0716509175934605,0.7951209796229395,-0.33629309696317694,-0.4709457328275546,3.0,-1.3489815189531904,-0.1623874140408118,0.0,-1.011736139214893,0.041494209507233884,-2.023472278429786,-0.6440224473729895,-0.08253262457730509,1.2526256961708195,-1.3489815189531904,0.8042673104567136,0.3,0.3,1.3102725536410909,0.44000000000000006,0.44000000000000006,-0.5375761245637197,0.9183333333333332,0.9183333333333332,1.0,0.2,0.45,0.35,62.592849323287275,2.9468638217285505,3.0,1.2831320056589457,0.7633049436382581,0.10304246928257392,0.8279128366124697,0.051735081319744636,0.7633458295872848,,-0.12129530180509468,3.0,3.0,-0.6744907594765952,0.3051267721441742,1.906307592219836,0.47863284673074347,0.2750145063836403,47.699120140432264,-0.233662870247249,70.61996988807262,3.0,2.0341554909800763,0.09582392427577208,-1.302922543479673,0.568042974832529,0.7641779818510227,-0.4724803485001395,2.517077745490038,-0.6035493096019504,0.33433998064012593,66.67822556491288,82.76689108510473,55.258122787946185,26.38934365357105,72.41379577756909,50.159022482553645,60.92550180665038,83.33333333333334,100.0,91.66666666666666,8.333333333333332,41.66666666666667,77.86624203821657,81.37898089171973,79.57961783439491,78.04458598726114,81.16144546990772,78.92390211196782,76.48973814578909,True
DIS,Walt Disney Company (The),171326914560.0,95715999744.0,19306000384.0,12252000256.0,35686998016.0,46640001024.0,5678000128.0,,0.04366,0.12024,40.909,0.669,0.545,3174500096.0,15630999552.0,14.228277,13.158576,1.581722,1.7899506,2.274,11.273,1.55,0.1841,0.052,-0.043,-0.06,0.128,0.37284002,0.15361,USD,Communication Services,Entertainment,US,96.61,1.441,175560.0,124.69,80.1,103.3866,111.51815,11801780.0,11423560.0,10083517.330677291,11252793.333333334,11458560.0,27.549491643616307,17.5678392579802,-5.663512200325949,-13.625389424833678,-13.2658668018664,-0.2059421870820643,96.61000061035156,-24.9695199827761,0.1540884829095981,0.2083089007957925,-0.0225164234057252,0.0725630714498233,11.887636416837635,1.0255159738375e-05,94425000000.0,48.27010061827311,65.43551754250448,43.51006648781062,1.0,52.28024690968817,62.9580263837204,34.73988606593307,52.28024690968817,47.89515669874939,0.0,90.0,46.16934561158564,65.0,30.0,60.0,50.0,30.0,84.9,90.0,80.0,51.25,real_sec,545203.9174299384,12.80036805630087,20.170086961046664,11.95588854126611,37.28425562230734,2.415829280861989,0.3351414924703068,3.316582498736315,-22.51984922608068,4.580979947186874,16.25424769417642,22.45986491771646,4.8338185579367465,25.28465130789935,4.395682961121367,4.648101314720231,24.29805225819016,12.075741839844277,16.126412800448744,16.236127040957395,13.208916998261158,4.723114541964986,24.565724400965493,25.866839349379937,84.39490445859873,51.7515923566879,,0.1633060260960168,20.170086961046664,0.108528613535973,20.697094957832935,0.098103816,-0.08907351671735936,0.7977996716212148,-0.324337390513557,1.553397398691291,0.1162727071781697,0.8381302931465767,-0.8277853486687345,0.11627259875356136,-0.11001030334005131,-0.4709457328275546,0.25968295106384,1.3489815189531904,-0.1623874140408118,0.0,-1.011736139214893,0.041494209507233884,-0.3372453797382976,-0.6440224473729895,-0.1849869171560283,1.2526256961708195,0.6744907594765952,1.092554908040513,0.3,0.3,0.10052961838393905,0.44000000000000006,0.44000000000000006,-0.11767674114569723,0.9183333333333332,0.9183333333333332,1.0,0.2,0.45,0.35,55.46029828878179,-0.3979341657078698,-0.027330463460810635,0.20372766142936818,0.0007984173523706043,-0.3738774139183085,0.06485341337911281,-0.6641210964240905,-0.008582591999327878,,-0.4093206762748403,3.0,3.0,-0.08120960394274236,0.3051267721441742,-0.10279868292765322,-0.26318511603232864,-0.10576320586844123,53.060344171663914,0.0926417652963701,51.37094782317545,3.0,1.3254253173998631,0.5924507797325489,-0.94694130931147,-0.14763282438866218,-0.4633391280106311,-0.3930536375877487,2.1627126586999315,-0.17724526478946057,-0.3475415897971757,64.49768031833291,48.73791142939082,47.26003550522591,66.52655055959555,37.176348913645114,43.17250874143416,49.39404779895889,50.0,50.0,25.0,83.33333333333334,58.333333333333336,36.30573248407644,60.777070063694275,52.67197452229299,51.55095541401274,60.165085142337205,50.66711364398257,47.193913658881804,True
PAGEIND.NS,PAGE INDUSTRIES LTD,4081549583.392492,547730011.1433796,114629888.52317952,80574150.97343229,323572765.4081962,28840185.694309995,54549566.01054104,,0.07074,0.19437,19.029,1.6789999999999998,0.6355,404191936.0,700106496.0,50.58696,44.503002,26.912296,7.4517546,7.388,35.303,1.47,0.9306,0.056,-0.074,-0.074,0.14711,0.59075,0.21024,INR,Consumer Cyclical,Apparel Manufacturing,India,365.7093686135312,-0.139,20658.0,544.1540281811338,320.5872862213617,350.1215445842745,424.78462945036034,24201.0,32549.0,34518.004108225796,26057.695,27641.566666666666,24.66547521505701,30.340211990636742,8.885324779470727,-4.208979349955488,-17.126796786740773,-19.770428677285626,33945.0,-38.288534943382736,-0.8284047582078726,-1.4220833317018076,0.0129149334722679,0.268552014578935,1.0262767285644108,1.3647244083227447e-05,,76.30269271677368,25.826714372939264,74.4214713111168,0.0,70.50013750303097,68.6512513629346,55.3736173264999,61.81893605015904,74.2327967767977,0.0,20.0,73.16245586192964,65.0,90.0,90.0,0.0,60.0,40.171,85.0,40.0,48.90625,real_yahoo,30088.093418134104,14.710559825859232,20.92817377011916,0.045646527479628,59.07523028229584,0.2515939434807892,0.2681298154033753,5.292047799508525,-32.793042103182444,5.904569623192515,10.227112134158848,17.814620332733227,6.301068375249431,20.12129304493585,5.77326900362959,5.861132444391362,19.594934581412414,9.935906338791629,10.335913003163729,10.168106772678984,10.295990271354192,6.053933653757947,17.177280343810487,22.12974255335288,30.095541401273884,51.7515923566879,,1.2781963408186023,20.92817377011916,0.6541519178952985,16.23771958783182,0.013489278,1.52464799366628,-1.2525677556777086,1.213975168890798,-0.6437502733315259,1.0564694978131084,1.206370346027856,0.28942249596298825,0.6084953632531396,1.2490848321338641,-0.4709457328275546,-1.127780419351115,-1.011736139214893,1.2884284771925483,0.0,1.011736139214893,0.9909890344612758,-2.023472278429786,1.164231339289771,-2.7309191686858716,1.0599140506060782,-0.6744907594765952,0.7630833679447425,0.3,0.3,0.1276217339731299,0.44000000000000006,0.44000000000000006,0.37861084734726114,0.9183333333333332,0.9183333333333332,1.0,0.25,0.4,0.35,58.64639180245466,0.43419380397314317,0.7286416881882612,0.3829669516434181,0.05824411041337014,0.5537814342748858,0.1223407605732165,0.9666415950928158,0.46791955008100655,,3.0,-0.6740635071829797,-0.461620395486001,2.3244633053783934,0.2194771518931779,0.4343292288791974,0.5022761361070363,0.9371678200324026,66.5616635461079,1.3772195363100466,63.47600461639354,-0.9542638353954882,-0.9876607563627829,0.8522266569711758,1.5199461906260776,1.8744581489839014,0.060753375697324384,-0.5572628385823051,-0.9709622958791355,1.1860864237986268,0.41945994339940873,48.18237068183859,39.40518215450907,55.40928355854123,22.668058375652414,32.3545501025896,58.37668433225266,58.45447594785934,83.33333333333334,28.57142857142857,14.285714285714285,4.761904761904762,85.71428571428571,43.6533212010919,68.94585987261146,61.20063694267517,55.57324840764331,69.36500714935657,61.87395239691585,56.369426751592364,False
RELAXO.NS,RELAXO FOOT LTD.,709570033.516188,284630520.1247714,33230074.905883618,18050984.876841992,161323010.8637195,23176293.772184577,25898677.68097236,,0.07074,0.19437,10.214,1.6789999999999998,0.6355,404191936.0,700106496.0,39.31751,33.125,3.1113148,2.4929514,2.521,21.593,1.12,0.44509998,0.002,-0.197,-0.196,0.06342,0.56678003,0.04528,INR,Consumer Cyclical,Footwear & Accessories,India,2.850381843605464,0.411,7355.0,5.657739055609336,2.543831343444122,3.5275228568355383,4.435578143487146,109109.0,202346.0,188208.933467742,135784.73333333334,91268.78888888888,29.655246506943243,53.13673949498047,-18.966816513020067,-33.86498114649049,-40.36789025484253,-35.50352251157489,267.45001220703125,-53.85821453854113,-1.127787771083287,-1.954689430718059,-0.2099715808241932,0.7336934472569869,4.245176572319801,0.0002620140311424,,45.35834834409874,41.95878383658349,68.01828066247032,0.0,29.54949963378025,31.3487486370654,60.72050023844009,59.33596629172227,65.54275694905262,0.0,60.0,56.81248701821461,65.0,65.0,60.57271014078837,60.0,35.0,11.9049996,45.0,60.0,38.28125,real_yahoo,38698.9150407575,6.34190067492731,11.674810871060767,0.0237204363355857,56.67804379973078,0.697449338824122,0.2681298154033753,5.292047799508525,-49.61977186311787,1.3481723235389296,11.421575112468792,17.069702509189725,1.895779945775792,19.4667024800512,1.2652084422887908,1.510174959207865,18.898919197914918,8.903271585724212,12.145313286184424,11.818833432132346,10.5635926836862,1.6929658890625134,16.958640537205486,20.380169759370396,55.891719745222936,51.7515923566879,,2.459702830508476,11.674810871060767,0.5277369892246025,13.691105243473858,0.1078559168874,-0.2566911690997447,-0.41748395823049544,0.8953190401455025,-0.6437502733315259,-1.0566967751606093,-1.206370346027857,0.5789280370651453,0.4803672503994416,0.800654721388797,-0.4709457328275546,-1.104587189724581,0.3372453797382976,0.4096562868211258,0.0,0.1686226898691488,0.059620386669809046,0.0,-0.34264681626252946,-3.0,-0.4817791139118537,0.0,-0.4724349074143974,0.3,0.3,-0.5793980316042965,0.44000000000000006,0.44000000000000006,-0.034944917733962626,0.9183333333333332,0.9183333333333332,1.0,0.25,0.4,0.35,43.18663318535345,0.43419380397314317,0.7286416881882612,-0.40229060739378325,-0.6429497878576077,0.45173950502765525,-0.5793615765800181,0.588811785259074,-0.9201043481632447,,3.0,-0.7337521251727073,-0.8467931884686344,0.7598896341273961,-0.15523993670493044,0.12683474449283846,-0.053683563752426666,0.38195826073470207,46.58740604809221,0.3480813272528491,52.56590125419851,-0.8391897756072292,-2.308594224938925,0.4027762995689512,0.6612195292554123,-1.996611653698702,-1.5898213239941301,-1.545729711482869,-1.5738920002730772,0.5319979144121818,-1.6986309391521233,33.984886456528436,37.829240759792924,40.96582000244964,39.8178797761612,28.299443281495265,48.158960138668796,34.56789264621268,66.66666666666666,23.809523809523807,9.523809523809524,28.57142857142857,42.857142857142854,30.186533212010914,26.528662420382165,26.538216560509554,27.302547770700635,27.01156895879371,27.784109956419712,30.01769285208776,False
ARVIND.NS,ARVIND LIMITED,1022013107.3679682,964912303.2376035,96597024.932774,43591480.09035173,473786174.8090782,165349036.97967085,10948693.471012156,,0.07074,0.19437,39.143,1.6789999999999998,0.6355,404191936.0,700106496.0,23.462784,18.29268,2.4728162,1.0591772,1.238,12.368,1.03,0.24270001,0.136,-0.058,-0.056,0.04518,0.49101,0.08515,INR,Consumer Cyclical,Textile Manufacturing,India,3.899107238894267,-0.19774,25833.0,4.345487791760784,2.9557921910293645,3.771216521458536,3.5066204151876947,670019.0,343765.0,575177.0403225806,446991.8333333333,515012.56666666665,41.30297434111973,39.542468149697896,6.069404247433519,15.20265385990347,21.0840402421294,14.94471931417971,365.25,-29.144466147751647,0.4785553268251672,0.9724095010888756,0.0878922955647843,1.1627105662269197,6.134053566040516,0.0001288999466878,,51.95980847693607,64.29549540162934,58.09085330022772,0.0,46.9224975177048,56.52793797702712,58.04705878246999,56.85299653328549,46.92124303245604,0.0,60.0,66.34996884371506,65.0,65.0,58.090853300227714,60.0,60.0,31.223,35.0,60.0,38.28125,real_yahoo,37351.92595662925,4.517662376579481,10.010964168314434,0.0804135159094592,49.101475151614,1.711740471248926,0.2681298154033753,5.292047799508525,-10.272277227722771,1.58905299237282,13.151948522340971,16.20873078072717,1.6762528016339546,20.68754777873603,1.375180882307246,1.5626013083292971,19.97626667199246,10.15944673279196,13.262434907195976,13.010297840655843,10.528166526358213,1.5055475189919056,18.923569179290304,20.74504015483742,55.891719745222936,51.7515923566879,,0.7255648970905527,10.010964168314434,0.0621034283483014,14.623181228324915,0.1471963990563,0.12332785229034121,0.7387859151579532,0.4012785304628744,-0.6437502733315259,-0.1602019926869109,0.42222962110975004,0.43417526651406657,0.35223913754574293,-0.1602669444934884,-0.4709457328275546,-1.1082153019421817,0.3372453797382976,0.9222733978711231,0.0,0.1686226898691488,-0.018929954209828577,0.0,1.164231339289771,-3.0,-0.8672024050413367,0.0,0.3512439428250292,0.3,0.3,-0.3282858121181668,0.44000000000000006,0.44000000000000006,0.0467235531679266,0.9183333333333332,0.9183333333333332,1.0,0.25,0.4,0.35,50.21813645646757,0.43419380397314317,0.7286416881882612,-0.5734646135789048,-0.7690314263225526,0.12918090189546386,-0.705534637414,-0.802877009791309,-0.5846259726601027,,2.231671090042988,-0.7648975432901568,-0.8111035973476015,0.10763494601432076,-0.2515957594873013,0.03512775524960598,-0.7493387049837892,0.32406738344670594,53.37848322227573,-0.054018871461409164,39.7233818606822,-0.5494525006103568,-1.8251247249835885,-0.6463851011764324,1.611305027204461,1.4830833952854459,1.141153588635914,1.0678821504294917,-1.1872886127969726,0.4824599630140142,1.221751099168847,44.26368868452056,40.32245547652086,54.991962620078425,63.860394016166765,46.402794374423515,59.68593981442681,40.333619650058424,33.33333333333333,30.952380952380953,42.857142857142854,76.19047619047619,59.523809523809526,48.77161055505004,48.968152866242036,45.7484076433121,44.347133757961785,49.330560249577545,46.513576935970505,45.80679405520169,False
TRENT.NS,TRENT LTD,13508676200.580832,2071975940.6260085,266994722.2544907,176128859.11584383,876399932.8815747,252615898.63396797,94513283.51080994,,0.07074,0.19437,37.79,1.6789999999999998,0.6355,404191936.0,700106496.0,76.53596,57.555233225000016,20.585596,6.519707,6.637,51.502,0.14,0.1086,0.148,0.031,0.031,0.08501001,0.42298,0.13364,INR,Consumer Cyclical,Apparel Retail,India,38.000430246316014,0.207,27887.0,67.34430461439175,35.231795202753574,40.82185651285361,48.775594277724,1036655.0,1208285.0,1049303.6068548388,862153.3,929523.9222222222,37.06306103053869,40.09457865609716,-7.74067564879174,-17.022666565640332,-24.94239303125991,-33.22605675707443,3550.60009765625,-47.034149476446366,-0.8476132896187132,-0.9975328527979004,0.0092718267859218,-0.5505941140441657,6.308274671333978,3.3709024030300643e-06,,56.08572105995939,27.067642793219587,48.16342593798512,1.0,60.57271014078837,67.71868879478787,63.3939416944102,34.50626870735452,34.50690042139165,1.0,40.0,71.11870975646526,65.0,80.0,90.0,50.0,60.0,28.735,82.5,70.0,48.90625,real_yahoo,74298.99023294038,8.500526268786201,12.885995296539171,0.1726735887878075,42.29778520578704,0.9461456634831256,0.2681298154033753,5.292047799508525,-43.57291167545121,3.663572678025616,13.742428898287924,18.36425095941794,4.224558232915233,21.45176855009188,3.589937053852024,3.733419085957608,20.591333090242376,10.235951767759802,13.863638223544102,13.667189535947012,11.215866099251471,3.907524789160233,19.347380709818893,23.326597997558,72.92993630573248,51.7515923566879,,0.3378931590240744,12.885995296539171,0.2722712130592094,17.501234777544305,0.1732614179999999,0.3608397406591443,-1.1883305404894617,-0.09276197921975399,1.553397398691291,0.5441867649709947,1.146051828726463,0.7236808076162248,-0.8009138781375424,-0.8008813884150123,2.1233869006435357,-1.0086984633242053,-0.3372453797382976,1.1785819533961206,0.0,0.6744907594765952,0.9909890344612758,-0.3372453797382976,1.164231339289771,-3.0,0.9635582278237074,0.3372453797382976,1.0101870230165704,0.3,0.3,-0.0050484211516341315,0.44000000000000006,0.44000000000000006,0.44339560275959294,0.9183333333333332,0.9183333333333332,1.0,0.25,0.4,0.35,59.305198221248915,0.43419380397314317,0.7286416881882612,-0.19973999156184313,-0.5511696277049439,-0.16042782296689898,-0.48751486621612683,-0.17472608675156395,-0.17661628045675803,,0.41073429191527866,-0.59080678439365,0.6152167072409588,-0.3245161071627635,-1.2044477847796344,0.1244841668903038,-0.3467599154570736,0.03203706079611644,52.60891788627336,-0.7204853620903555,41.74843602726025,-0.19445647650077413,-0.3322731410989018,-0.2644777067646274,0.9797290545638045,-0.43633036531201935,-0.6524225970138856,-0.8896679377776748,-0.263364808799838,0.35762567389958855,-0.6587685297324626,46.543563203444535,47.82087062113095,49.36685066336377,20.48210367242878,52.83065871444177,56.2904290595924,51.86507365774992,38.095238095238095,50.0,54.761904761904766,2.380952380952381,57.14285714285714,47.907188353048234,64.06847133757964,51.503184713375795,42.64490445859873,64.53106720395165,52.0348642306403,42.7830856334041,False
DIXON.NS,DIXON TECHNO (INDIA) LTD,6458292596.063247,5233390426.675272,195438038.420996,170275361.42841777,386679582.3168764,149415940.6260084,69122296.48273636,,0.049575,0.127944998,29.663,1.6615,1.382,312002624.0,678899968.0,35.98981,50.606903,13.191029,1.2340552,1.132,30.31,0.1313,0.0291,0.021,0.476,0.678,0.03254,0.07389,0.029560002,INR,Technology,Consumer Electronics,India,106.378401634936,-0.19774,1567.0,198.67699257825103,103.2591158438206,114.1539206195547,152.07128105840593,756070.0,695330.0,490519.9274193549,720867.3666666667,664708.4666666667,41.29606091005912,56.85481798291829,-2.2707122450990047,-18.025946124607508,-40.51744813526802,-25.15373240666312,9920.5,-47.231465822922914,-0.6501652737851772,-1.066436280709777,0.0796716020652895,-0.1348990410597391,3.24524251787326,3.3709024030300643e-06,,23.791987715191,72.02420658556805,24.635292883159526,0.0,36.12776052076207,29.054556614694103,74.37354355837148,29.17937195506148,29.18006128241253,0.0,30.0,76.74058418551463,40.0,30.0,48.8651715526118,80.0,60.0,38.161,90.0,40.0,38.28125,real_yahoo,3339751.3890716475,3.253633830957883,3.734444069466381,0.3749914440782085,7.388701220262877,0.7645182167872012,0.63941224411525,20.80905518763508,-46.45660765524335,4.676359059755458,13.407105331942198,18.05138792095189,5.296701023860966,22.37832517031992,4.64687929900303,4.746269673620682,19.773106957968487,7.357556200910353,13.103223222560294,13.488211829095134,15.021407227196258,5.030903702170352,18.822244529294508,22.58863081594632,30.095541401273884,14.331210191082802,,0.1297246932962537,3.734444069466381,0.3162938321330975,17.770223767222365,0.1242217985582,-1.498178218362691,1.1388661094195458,-1.2636444669120042,-0.6437502733315259,-0.7172403035526251,-1.354759597238235,1.318168405542498,-1.0757964963888038,-1.075761033659791,-0.4709457328275546,3.0,-0.6744907594765952,1.480744419467601,-3.0,-1.011736139214893,-0.3109211900776377,0.6744907594765952,1.164231339289771,-2.845326462065446,1.2526256961708195,-0.6744907594765952,-1.6365676824194533,0.3,0.3,0.6262741151919298,0.44000000000000006,0.44000000000000006,-0.5754723838666963,0.9183333333333332,0.9183333333333332,1.0,0.2,0.45,0.35,45.60485806197548,-0.21617504677643723,0.05124452529558758,-0.6920723800545685,-1.244648522906461,-1.646529686294876,-1.1814966061161136,-0.043150979539356475,-1.0523772197948635,,-0.5670558904285625,-0.6437040247049289,-0.19013098374685347,-0.5807130211494083,-1.2137621809819303,-0.593229779591906,-0.669241074156573,-0.562714860525086,38.90750061446372,-0.8655851430740432,28.69173257339805,-0.61283839925984,-0.1927480654110818,-0.6457623784343862,1.611305027204461,0.3239203432941006,-0.7082624862919576,-1.5520905572229682,-0.4027932323354609,0.48277132438503734,-0.6517560586954434,46.12738011535571,41.64297841456938,56.904879742187816,46.92944048955128,57.78220869952268,59.22901052501021,60.541120006393996,13.333333333333334,40.0,68.88888888888889,44.44444444444444,24.444444444444443,45.65514103730664,41.37261146496815,43.9140127388535,42.43630573248408,41.40452359287664,44.130070398927245,42.72823779193206,False
BATAINDIA.NS,BATA INDIA LTD,911042743.938905,373892986.7269012,44869043.175217815,19136388.25427557,205541152.6298806,148235559.51382166,60932559.92255566,,0.07074,0.19437,90.391,1.6789999999999998,0.6355,404191936.0,700106496.0,47.51262,33.32202,5.5609937,2.4366403,2.665,22.205,2.89,0.64980006,0.028,0.125,0.126,0.05118,0.54973,0.11437,INR,Consumer Cyclical,Footwear & Accessories,India,7.088308056362267,0.311,3961.0,13.990534581047651,6.507475529740777,8.2567494890825,10.91025599655803,197421.0,361295.0,266451.57862903224,226088.63333333333,158599.45555555556,25.975667359736843,40.04030689096949,-14.60038669083008,-30.31282880020546,-43.17277667414141,-45.416500129072965,657.1500244140625,-52.36756181035884,-1.990153461204878,-2.881866181667193,-0.1310803103655147,0.4339192789841707,2.924125369362994,6.018109345595091e-05,,59.79904238468038,43.19971225686381,65.53642382190966,1.0,53.12713961910642,44.40462459111962,64.73066242239524,70.50933020468776,70.50849399347838,1.0,80.0,59.53748182550045,65.0,50.0,20.0,30.0,35.0,30.896,60.0,80.0,48.90625,real_yahoo,94393.5841269632,5.118145815410325,12.00050409289732,0.0311593598047379,54.97325703517727,3.3037379231589123,0.2681298154033753,5.292047799508525,-49.33497347582071,2.0904195690692804,11.97414346053409,17.925278251910196,2.707418973990132,19.73948018536361,2.0158992614282485,2.2253529599367328,19.14115683282367,8.284504227258497,12.49295156540012,12.328686807296007,11.455238978951376,2.477399877389613,18.814313191528964,20.63010037502239,84.39490445859873,51.7515923566879,,1.8724782781533469,12.00050409289732,0.2913090201639907,14.451395015881916,0.0680683623377999,0.5746004401910669,-0.35324674304224857,0.7718089127248453,1.553397398691291,0.15997471533940996,-0.36191110380835734,0.7960571928917635,1.0569437582410843,1.0569004989574071,2.1233869006435357,-0.9545737176423843,1.011736139214893,0.5561183185496963,0.0,-0.3372453797382976,-1.2244988904314889,-1.011736139214893,-0.34264681626252946,-3.0,0.09635582278237075,0.6744907594765952,1.4220264481362836,0.3,0.3,0.07691186891490796,0.44000000000000006,0.44000000000000006,-0.36186937241935874,0.9183333333333332,0.9183333333333332,1.0,0.25,0.4,0.35,56.23817815012023,0.43419380397314317,0.7286416881882612,-0.5171193674750454,-0.6182696686024507,0.3791562704669465,-0.5546635616582288,-0.1178257577027024,-0.33875995479700255,,3.0,-0.660765766433636,-0.8237794645016114,1.419556662917576,1.7397579113483612,0.10154669287154652,-0.35808654987824196,0.6144960180811989,43.12262369366359,1.5636472247114295,57.423341130135924,-0.7806066252235118,-1.9142305442289043,0.7342119638630005,0.8173516495046242,-1.3897371425899432,-1.392117910282011,-1.6650243269247333,-1.3474185847262081,0.7757818066838124,-1.4732756049672073,37.874702128719065,38.636205333136914,41.92940422267937,33.6944314168921,41.86970545777217,49.74439779618193,46.92302194016785,76.19047619047619,26.190476190476193,33.33333333333333,16.666666666666664,35.714285714285715,43.42584167424933,56.79458598726115,44.60191082802548,37.288216560509554,57.79117379435851,46.53033858531679,40.54670912951168,False
VMART.NS,VMART RETAIL LTD,468692855.5019124,387065699.81714535,30552596.321394,14115306.35688932,130372162.0307626,86182640.93793698,3576672.041819942,,0.07074,0.19437,94.737,1.6789999999999998,0.6355,404191936.0,700106496.0,32.399757,28.438616,4.9938664,1.1839808,1.417,17.953,1.03,0.0,0.097,0.232,0.228,0.03647,0.33682,0.11684,INR,Consumer Cyclical,Department Stores,India,5.736259008282241,0.275,10912.0,10.164569215876089,4.9252447025922335,6.021759707432505,7.687910078519953,460193.0,2404099.0,209359.870967742,722148.7666666667,337285.93333333335,40.189514706570286,49.0834754069189,-1.6603413783129015,-23.82216780188532,-22.93330969215509,-24.46892835233544,544.9000244140625,-48.394073114796186,-0.4770767646558307,-1.0390943557396473,0.0391029650626822,1.3690850476884997,6.234962948409384,0.0002214111695491,,48.04019152306392,60.57271014078837,36.9950701554622,0.0,56.8499248799474,53.73025027258692,56.71033805448494,26.436616992435003,26.437577724199794,0.0,60.0,56.81248701821461,65.0,65.0,33.272284894621215,60.0,35.0,34.554002,60.0,60.0,38.28125,real_yahoo,35471.56339966507,3.646746886525354,7.893387695119311,0.0322571426499756,33.68217904411372,2.8207959818324464,0.2681298154033753,5.292047799508525,-43.56613756613758,1.9075047275491053,12.728689281293535,15.026593511995594,2.4127453011063,19.774105006138186,1.7792219861839396,1.9490138571995317,18.685903710977605,9.29771001811309,12.251814697339348,13.489987829420029,10.47651481467045,2.1619324130597426,18.271979345726837,19.95506665430483,55.891719745222936,51.7515923566879,,1.8087536465533864,7.893387695119311,0.0374930350037672,13.998618010704028,0.19437,-0.10230844166002144,0.5460742695932119,-0.6485575526127103,-0.6437502733315259,0.35208074015520274,0.24127406920557093,0.36179888123852744,-1.2173302449120624,-1.2172807769640028,-0.4709457328275546,-1.1132800544682617,0.3372453797382976,0.4096562868211258,0.0,0.1686226898691488,-0.8044333630062039,0.0,-0.34264681626252946,-3.0,0.09635582278237075,0.0,-0.39006702239045465,0.3,0.3,-0.4988071888419289,0.44000000000000006,0.44000000000000006,-0.19794167178198474,0.9183333333333332,0.9183333333333332,1.0,0.25,0.4,0.35,43.0980319692772,0.43419380397314317,0.7286416881882612,-0.6551853479896776,-0.9294954347402589,-0.5272172942904503,-0.8661149990134489,-0.8764327229897172,-0.3179766192692182,,3.0,-0.7802557327409536,-0.8743079862451917,-0.6744907594765952,-0.2515957594873013,-0.07894901293468129,-0.8707579748027696,0.6228093522923127,37.02417225030124,-0.484188009481413,34.62413992693224,-0.8233532896376554,-2.1490867961251574,-0.546090959135301,0.8735592127943403,0.408753613599602,-1.030864869443814,-0.8042196206265382,-1.4862200428814063,0.16373412682951966,-0.5309857498856064,35.493014280954306,25.583167850513192,45.73229904055702,49.95622182085132,66.24790291614694,51.19908777105603,45.27567136764049,19.047619047619047,2.380952380952381,85.71428571428571,52.38095238095239,21.428571428571427,57.30209281164695,29.085987261146496,31.910828025477706,30.687898089171977,29.575588197062267,33.3221589004358,33.531493276716205,False
RAJESHEXPO.NS,RAJESH EXPORTS LTD,468692855.5019124,79713949823.98624,38727612.26202001,18064451.24233624,81638595.503926,94548881.74680004,278815098.8921157,,0.07074,0.19437,5.254,1.6789999999999998,0.6355,404191936.0,700106496.0,15.390845,1.7484,0.15583192,0.4929727359999999,0.559,2.811,1.03,0.0,1.3302999999999976,1.017,1.013,0.00023,0.00102,0.00043000001,INR,Consumer Cyclical,Luxury Goods,India,1.7227385178014412,0.365,241.6,3.476798967408842,1.5461718834032483,2.0917368828654404,2.844508524255136,253030.0,384780.0,852263.2197580645,374853.3,791420.6,43.25667573053344,50.79443148364145,-27.702474462228327,-41.14454539421677,-51.70696572644392,-54.26775164368773,87.27999877929688,-65.15368366433734,-1.7466475897800655,-2.881866181667193,-0.20692166608165,1.41323938952288,7.288297984890052,0.0002955169330597,,22.174429497363672,74.4108938637906,24.635292883159526,0.0,24.60039379114924,16.881743799574647,74.37354355837148,26.436616992435003,26.437577724199794,0.0,60.0,53.4062435091073,65.0,65.0,44.44064067714415,60.0,35.0,16.306,62.5,60.0,35.9375,real_yahoo,8049339.165131358,0.0226615934629055,0.0485832308492217,6.643172598037138,1.961718021168944,2.4413816454035224,0.2681298154033753,5.292047799508525,-63.25037834202119,1.0016381818318831,13.581586100965096,19.446059395685733,1.4989082748351477,25.101710436598484,0.9345910090124676,1.1287330310064447,18.21781270447845,5.49141399650995,13.655651874822018,12.834292696120585,15.909951842843284,1.3466457727473973,18.364627536465875,19.95506665430483,55.891719745222936,51.7515923566879,,0.0087827349861082,0.0485832308492217,0.7467648550751893,14.199566568762242,0.19437,-1.5912944197198036,1.2624140447981236,-1.2636444669120042,-0.6437502733315259,-1.3120843366783752,-2.1421019648978734,1.318168405542498,-1.2173302449120624,-1.2172807769640028,-0.4709457328275546,3.0,0.3372453797382976,0.22657874716041207,0.0,0.1686226898691488,-0.4509568290478346,0.0,-0.34264681626252946,-3.0,0.1927116455647415,0.0,-1.460849527701709,0.3,0.3,0.3925875701471457,0.44000000000000006,0.44000000000000006,-0.13459400839422384,0.9183333333333332,0.9183333333333332,1.0,0.25,0.4,0.35,45.42894402649435,0.43419380397314317,0.7286416881882612,-0.9952446477708057,-1.523952723779994,-1.956742647940038,-1.4610033317350157,1.2434437798567255,-1.29748596687308,,-1.1351335723946552,-0.2068493822158285,-0.8743079862451917,-0.6744907594765952,-0.2515957594873013,-0.4088048660638128,-0.2440021315187323,-0.8027777798478959,45.77867608363809,-0.484188009481413,28.591434927234637,-0.3419878720097176,-2.04485441543929,-0.8223634649858242,0.7330403045700498,-3.0,-1.9949826351685627,-2.027991894558748,-1.1934211437245037,-0.04466158020788724,-2.3063906224350497,32.26467901082206,47.10523321684194,33.20708411497483,81.88122040641898,78.45792021564773,52.51402126641395,65.86755352423245,7.142857142857142,47.61904761904761,97.61904761904762,100.0,40.476190476190474,63.17106460418563,40.64331210191083,41.11464968152866,37.40127388535032,41.44676979071883,43.211532014750254,41.41542816702052,False
JUBLFOOD.NS,JUBILANT FOODWORKS LTD,3126402739.8085403,983264956.1794128,143573358.11552113,33951275.12100678,516801135.8502743,2297214.1551037966,12688900.075293103,,0.07074,0.19437,2.655,1.6789999999999998,0.6355,404191936.0,700106496.0,90.11539274999996,55.117878,12.833208,3.1796138,3.226,22.091,0.27,0.2474,0.203,0.0485,-0.184,0.0434,0.5256,0.080299996,INR,Consumer Cyclical,Restaurants,India,4.753683984080887,0.046,25780.0,7.829945143594709,4.630525976121329,5.324169086802194,6.255227492739594,2325321.0,2696084.0,2210510.5120967743,2362953.833333333,2115992.488888889,29.66002928478252,32.11075289188408,-11.687927779470009,-20.059074953491564,-26.43933831273508,-32.310125288175385,446.5499877929688,-39.65769632432,-1.4216833230710395,-2.4157016231672026,0.0128755939769665,0.5600238282235445,1.9852739458297228,1.3071132823239607e-05,,53.40387788099424,32.03135647434089,64.29549540162935,0.0,44.44064067714415,53.73025027258692,59.38377951045504,38.230723345009686,48.16267729356248,0.0,60.0,71.11870975646526,65.0,65.0,55.60899645966707,60.0,60.0,40.619,90.0,60.0,38.28125,real_yahoo,38140.61117841012,3.4529121482096032,14.601695831141148,0.0819429827266664,52.5597025097247,0.0109424509083923,0.2681298154033753,5.292047799508525,-39.28841266570507,1.7498403425368294,14.565034994870947,16.356238238249134,2.1781488020931405,20.70638918114057,1.7282028616104816,1.8443786563082896,20.06316871021793,10.15739306550038,14.608734500150176,14.6754234418659,10.549061122058973,1.981722242528151,14.647208145157464,21.86314889647834,55.891719745222936,51.7515923566879,,0.7120222190368128,14.601695831141148,0.8467104868022245,16.167654035970244,0.1462828619999999,0.20645701321942267,-0.9313816797364729,0.7100538490145174,-0.6437502733315259,-0.28827267589743905,0.24127406920557093,0.5065516517896061,-0.6087217088569947,-0.0962055001013359,-0.4709457328275546,-1.1060909799838963,0.3372453797382976,1.1785819533961206,0.0,0.1686226898691488,-0.09748029508946597,0.0,1.164231339289771,-2.705419433644056,1.2526256961708195,0.0,-0.22533125234256937,0.3,0.3,-0.43109379219621313,0.44000000000000006,0.44000000000000006,0.15974531891974653,0.9183333333333332,0.9183333333333332,1.0,0.25,0.4,0.35,47.15929089602918,0.43419380397314317,0.7286416881882612,-0.6733734699720971,-0.4211586512365315,0.2764330817130314,-0.35740961819783396,1.5421619726067923,-0.6254353898435425,,2.1680596415111824,-0.761272157367343,-0.5707244312638196,0.12278114643907667,-1.0652671518717656,0.09944575696992852,0.49739759766424785,0.29184075444037855,71.31748474826898,-0.41184058780080235,51.66237100523237,0.674981904783084,-1.0240038848986215,0.40234549401024067,1.2311017681650356,-0.9849448637873259,-0.821421064754191,-0.9533345128170063,-0.17451099005776877,0.8167236310876381,-0.9100522388829761,49.346177224754015,43.425853628930135,51.06956702098479,24.82083014581774,50.13747463440905,52.52136112153707,39.509944363794745,64.28571428571429,38.095238095238095,50.0,7.142857142857142,92.85714285714286,43.38034576888081,44.582802547770704,47.61464968152866,48.29936305732483,44.39425451709347,47.28796513576936,47.68577494692145,False
DEVYANI.NS,DEVYANI INTERNATIONAL LTD,1284660417.0807788,579456586.511778,67361676.2396472,-4278369.3664623,294299560.5464128,359614283.1451006,17804991.373561364,,0.07074,0.19437,170.712,1.6789999999999998,0.6355,404191936.0,700106496.0,28.382576,57.555233225000016,7.58456,2.2170088,2.99,25.718,1.03,0.0,0.113,0.0485,0.031,0.0,0.50789,0.041690003,INR,Consumer Cyclical,Restaurants,India,1.7227385178014412,0.11,14802.0,3.476798967408842,1.5461718834032483,2.0917368828654404,2.844508524255136,4553732.0,4679227.0,3071154.040322581,2960109.4,4314178.122222222,35.62022340768712,38.22903348391994,-21.31375120043898,-34.82257364364111,-43.253101593925294,-35.14695088987195,96.43000030517578,-49.92588703325996,-1.0671426308083312,-1.7923820989270722,-0.0720857591980313,0.663373124512915,1.431170220327671,5.463273352819792e-05,,41.4387313902266,45.68156909742447,61.8136385610687,0.0,28.308571213499928,36.94412404594578,62.05722096642514,26.436616992435003,26.437577724199794,0.0,60.0,64.98747144007213,65.0,65.0,27.0676427932196,60.0,35.0,19.503,77.5,60.0,38.28125,real_yahoo,39147.181901890144,-0.738341657692994,11.624973778476155,0.048290545453675,50.78888865825859,5.338559002981604,0.2681298154033753,5.292047799508525,-49.282722513089006,1.0016381818318831,15.277417626214884,16.694989446362634,1.4989082748351477,20.17760130423951,0.9345910090124676,1.1287330310064447,19.500108723384084,9.602585141913492,14.93756428343764,14.900737122902012,10.575109261053004,1.3466457727473973,19.70054258208957,20.97376025428416,55.891719745222936,51.7515923566879,,1.2082121634245495,11.624973778476155,0.0471756282088899,15.481479333027124,0.19437,-0.48232746305010654,-0.22477231266575373,0.5865437215938603,-0.6437502733315259,-1.1207321167658735,-0.8444592422195001,0.6513044223406849,-1.2173302449120624,-1.2172807769640028,-0.4709457328275546,-1.1033797838927264,0.3372453797382976,0.849042382006837,0.0,0.1686226898691488,-1.0008092152052974,0.0,-0.34264681626252946,-3.0,0.770846582258966,0.0,-0.8019064475101679,0.3,0.3,-0.8649257638843325,0.44000000000000006,0.44000000000000006,-0.16853502373870546,0.9183333333333332,0.9183333333333332,1.0,0.25,0.4,0.35,38.07834299429982,0.43419380397314317,0.7286416881882612,-1.0666519717691203,-0.6467263030131358,0.20104030621233393,-0.5831408301038482,-0.8474933217033482,-0.9503116810356087,,3.0,-0.7506137646644631,-0.7811020518592343,-0.6744907594765952,-0.2515957594873013,-0.031862751294866744,-0.7020994513236233,0.3698753275857565,39.110878124824964,-0.484188009481413,35.404152445924346,1.31937741489002,-1.379923944964243,-0.13451505971535258,1.13117721120554,-2.322803737170041,-1.6431183921308012,-1.6684406258344098,-0.030273265037111585,0.4983310757450937,-1.854620665753656,46.3161455491364,42.34542720695793,50.92607109826044,31.657609486278545,58.33209857593541,43.72667325402248,33.744217359949,21.428571428571427,35.714285714285715,69.04761904761905,14.285714285714285,26.190476190476193,42.67515923566879,19.764331210191077,29.52229299363057,34.08598726114649,19.335759781619657,28.930606771706337,33.34394904458599,False
SAPPHIRE.NS,SAPPHIRE FOODS INDIA LTD,529514596.4504679,327464229.75153273,32148381.97267936,-1889534.2583629128,171045393.56781757,148405719.5224266,14324620.845434012,,0.07074,0.19437,99.226,1.6789999999999998,0.6355,404191936.0,700106496.0,28.382576,57.555233225000016,3.5079672,1.6170151,2.024,20.615,1.03,0.0,0.076,0.0485,0.031,0.0,0.52233005,0.039619997,INR,Consumer Cyclical,Restaurants,India,1.7227385178014412,0.068,13494.0,3.958266107346456,1.5461718834032483,2.0917368828654404,2.844508524255136,909239.0,1401669.0,781853.6955645161,904069.2,905154.7222222222,35.99690898183985,46.12096939256893,-21.68760452534348,-40.10114431722421,-47.53109735361807,-46.93434276768093,153.97000122070312,-56.29866564953232,-1.6012209456661517,-2.609867688595263,-0.116483011477768,0.3792561381244024,1.4557473929492697,0.0001575124835029,,41.23243576107544,54.36806803938674,63.05456698134903,0.0,27.0676427932196,34.146436341505584,54.03689659851484,26.436616992435003,26.437577724199794,0.0,60.0,62.94372533460775,65.0,65.0,32.031356474340896,60.0,80.0,61.592996,75.0,60.0,38.28125,real_yahoo,30088.093418134104,-0.5770200488146808,9.817372113306028,0.0272900966860399,52.2333061225039,4.616273367927074,0.2681298154033753,5.292047799508525,-58.42391304347826,1.0016381818318831,13.71586227663377,16.477490421992137,1.6010561044894434,19.60688938799545,0.9345910090124676,1.1287330310064447,18.95743954454613,9.510074525452104,13.569424190963815,13.714662291226588,10.295990271354192,1.3466457727473973,18.815460435949387,20.087471290993,55.891719745222936,51.7515923566879,,2.1379632716868464,9.817372113306028,0.0880267368276404,14.113338840574508,0.19437,-0.49420305746854615,0.22488819365197615,0.6482987853041892,-0.6437502733315259,-1.1847674583711376,-1.0254147941236789,0.21704611068744872,-1.2173302449120624,-1.2172807769640028,-0.4709457328275546,-1.127780419351115,0.3372453797382976,0.7391958582104092,0.0,0.1686226898691488,-0.8437085334460225,0.0,2.369733863731611,-1.5115994765724041,0.6744907594765952,0.0,-0.3076991373665121,0.3,0.3,-0.9532478163338767,0.44000000000000006,0.44000000000000006,0.0337575246630783,0.9183333333333332,0.9183333333333332,1.0,0.25,0.4,0.35,41.4167290212783,0.43419380397314317,0.7286416881882612,-1.051514658787072,-0.7837012895070439,0.2625126635171814,-0.7202151377829544,-0.7253972467917627,-0.9677293446965508,,3.0,-0.7578644475936102,-0.8673604708499454,-0.6744907594765952,-0.2515957594873013,-0.05008305026675399,-0.7225470868369182,0.36290826212137967,36.17766164781742,-0.484188009481413,33.77620972797164,-0.39470607620352655,-2.0895808940813394,-0.16844476431053207,1.1967527017102089,-2.374764277707026,-1.9369096882106236,-1.8503880499807477,-1.242143485142433,0.5141539686998384,-2.0423095735905816,35.79411359698978,27.788301814941168,41.774285734309686,43.943087526378456,54.11199957221541,47.20880748606452,32.92054207368532,16.666666666666664,7.142857142857142,57.14285714285714,40.476190476190474,19.047619047619047,39.78616924476797,20.964968152866245,22.340764331210192,22.168789808917197,21.275835174834267,23.21488434461951,23.995046001415425,False
LAURUSLABS.NS,LAURUS LABS LIMITED,6081166293.815209,722989114.5961063,178290846.1654297,90708832.18242444,412268457.8681295,237900389.71711305,6817252.877272238,,0.061005,0.1084700005,44.831,2.5435,1.6395,365095056.0,608511488.0,66.94373,56.291656,11.76735,8.411145,8.7,35.279,0.15,0.1025,0.257,1.719,1.727,0.12546,0.57023,0.20221001,INR,Healthcare,Drug Manufacturers - Specialty & Generic,India,11.261697321716683,0.339,6167.0,12.272776164354092,5.567925137141013,10.842615897601377,10.228544154028182,1927826.0,2385135.0,2328292.3125,1778363.4,1746981.9888888889,33.95755726800246,39.86396150048396,-2.075115078491785,-5.8754490601026665,24.116833248999804,70.00416680927475,1042.9000244140625,-16.269381974828313,1.8771351833314385,2.6470044924652885,0.209925926582391,-0.3247100760509045,2.9510777155695886,1.2620979170645793e-05,,49.81708344411791,31.49596102852904,42.262208485336174,1.0,55.56500192028831,50.66386460749113,73.11847290924138,31.17435943811828,32.83939646891173,1.0,50.0,64.74604296523411,70.0,40.0,44.479501106210186,50.0,60.0,43.405998,55.0,40.0,38.28125,real_yahoo,117235.14100796274,12.546362089157927,24.660239354368542,0.0780373662329104,57.02277524585428,1.3343387775296875,0.4290917182320958,11.500362417405686,-8.238387379491673,2.5064803647850344,14.373400851741303,15.734967291439968,2.585715032518901,20.398904725509173,1.8821979739641288,2.471704542350223,19.83718529430971,8.727129915243166,14.660646073238896,14.39120462343806,11.671945478963789,2.4184591213463285,19.287362617630446,22.528462339333597,30.095541401273884,87.10191082802548,,0.8416606498148197,24.660239354368542,0.0278576272842399,17.082053032280488,0.09735182544875,-2.0051611884794865e-05,-0.9590966646633665,-0.38643730633855233,1.553397398691291,0.2857751585329929,0.04293902648517529,1.2502129418860104,-0.9728496197696754,-0.8869292083215453,2.1233869006435357,-0.8930500330294451,0.0,0.8360661719798075,0.6744907594765952,-0.6744907594765952,-0.44972690317137815,-0.3372453797382976,1.164231339289771,-2.5467861511394356,-0.09635582278237075,-0.6744907594765952,0.5650499422488802,0.3,0.3,-0.12774499281029628,0.44000000000000006,0.44000000000000006,-0.24292161443355237,0.9183333333333332,0.9183333333333332,1.0,0.25,0.4,0.35,50.896035872283086,0.13505178828464012,-0.14736003107073245,0.17989348415649656,0.34104957737382746,0.46642628163376154,0.4053512910629944,-0.9052310959716219,0.40035275799406195,,2.776985611282866,-0.7735046055393401,-0.23320917831936147,-0.3441739835818646,-1.19374158224826,0.1477541797729179,-0.18441078310258294,0.8543875060183412,37.47995610222107,-0.7264794029817425,42.14491143651285,0.7631694770624128,-0.5497034708863253,0.015248495968450888,0.7736346558348448,0.35110569601768554,-0.03199792504249643,1.1968698602276717,0.10673300308804373,0.39444157590164786,0.4515934968566086,52.64516195801052,36.08106375302631,63.196262029890505,24.384688409218086,73.38564971175293,48.43989120894735,49.76207292686393,34.04255319148936,27.659574468085108,93.61702127659575,6.382978723404255,25.53191489361702,75.95541401273886,53.509554140127385,55.1656050955414,53.687898089171966,53.23670869621734,54.54911163258465,52.22222222222222,False
AJANTPHARM.NS,AJANTA PHARMA LIMITED,3721527352.393245,559495536.5386684,148387656.06109497,109127670.08712488,426710767.9466495,26448316.317091536,101116491.94363771,,0.061005,0.1084700005,5.698,2.5435,1.6395,365095056.0,608511488.0,34.080276,27.847082,8.01283,6.6515765,6.571,24.778,2.01,0.3448,0.2,0.179,0.176,0.19504999,0.76267,0.24638,INR,Healthcare,Drug Manufacturers - Specialty & Generic,India,29.7730450683016,0.238,9628.0,34.72087770248467,25.032806281596216,31.19023340862644,28.777680972356677,115155.0,93809.0,142377.0181818182,118810.33333333331,120224.91111111113,32.04482759777019,29.30910884115612,-5.950538943012107,2.357990800207199,14.494116040015005,1.737693550921815,2791.199951171875,-15.400967893641182,0.2072389752573526,0.3317600131560438,0.0661020666096542,0.476677233902515,2.008914566325836,5.202581256037327e-05,,70.30373770291257,34.96981064770381,68.86779535524047,0.0,66.65066311608177,62.61342754233145,64.82803692744375,68.86998836061409,46.69647296365355,0.0,50.0,67.20371679277312,70.0,40.0,71.08431505218519,50.0,35.0,21.611,50.0,40.0,38.28125,real_yahoo,58111.29378257877,19.504654275214715,26.521687193270303,0.0603903395073079,76.2670548877843,0.1782379816431771,0.4290917182320958,11.500362417405686,-14.250309789343252,3.4266391466832564,11.697127844500272,18.431783805637547,3.575735327444511,20.142546109882247,3.2593575227074023,3.4716630962513886,19.871616985586773,9.172534657240284,11.866240899343532,11.685292079789273,10.970132517402805,3.3937591522410324,17.09070309674364,22.03739999983618,30.095541401273884,87.10191082802548,,1.087607403920628,26.5216871932703,0.7926676120342382,15.25983756793736,0.0710695443276,1.1793127242172141,-0.7792712840276886,0.9375953174210524,-0.6437502733315259,0.8578259633912584,0.81584150321834,0.8013295093493897,0.9723491810862254,-0.17186570224871403,-0.4709457328275546,-1.0522999890963165,0.0,0.9681603327264918,0.6744907594765952,-0.6744907594765952,0.3923108688475682,-0.3372453797382976,-0.34264681626252946,-3.0,-0.2890674683471122,-0.6744907594765952,0.27062856599308516,0.3,0.3,0.000145278343033035,0.44000000000000006,0.44000000000000006,-0.14044194413188918,0.9183333333333332,0.9183333333333332,1.0,0.25,0.4,0.35,51.177730688053984,0.13505178828464012,-0.14736003107073245,0.8328118834537264,0.4821048759529453,1.2856575474358063,0.5465088694801465,1.3806382561346073,0.7720125646454294,,3.0,-0.5770502690242175,-0.502744834765268,0.43666264860636217,0.7976120885874023,0.38847204592839196,0.9218670934746539,1.0588050258581718,57.30272189764501,0.5990898965978303,60.62668278339736,-0.8735058187322312,-1.4948899295822138,0.18753635920130857,0.9313280972865489,-0.1875256478705789,0.42625358229476196,0.7876061049991822,-1.1841978741572226,0.5594322282439287,0.35052557005648577,42.55287548122178,39.8505068951915,56.25467483173106,34.86071807846491,52.41826027233944,47.779949702749846,50.49812318267403,74.46808510638297,36.17021276595745,59.57446808510638,21.27659574468085,70.2127659574468,59.599636032757054,56.761146496815286,57.56369426751591,55.70700636942675,57.43858052775251,59.353000335232984,59.27813163481953,False
GLENMARK.NS,GLENMARK PHARMACEUTICALS,6327941724.685383,1775807957.3195655,433450377.5411423,114562436.91513392,1255661071.9156718,131674416.43540928,289366781.7145316,,0.061005,0.1084700005,12.776,2.5435,1.6395,365095056.0,608511488.0,55.351925,25.712847,6.1372457,3.5634155,3.486,14.283,0.24,0.1325,0.151,0.158,0.159,0.06451,0.70709,0.18338,INR,Healthcare,Drug Manufacturers - Specialty & Generic,India,22.415833064429386,0.286,15800.0,24.716575239324516,14.3702269549317,22.312530923953965,21.523889426696783,561271.0,739579.0,843104.9576612903,600785.1666666666,601415.5666666667,30.506921780521505,36.651509679474565,-1.483539738878881,2.781058324203456,6.9590767927680375,43.44854431675158,2091.800048828125,-18.49640375777884,1.278597028218066,2.227730016377034,0.1708655699263677,0.8542794965909744,6.789934177822049,1.3763259121458425e-05,,56.03624634410914,56.97085823581071,62.21639863776439,0.0,50.02217132239159,55.31091685992902,70.74977691444204,34.50044434304438,36.71937788743944,0.0,30.0,69.04697216342738,70.0,10.0,90.0,80.0,60.0,26.610002,50.0,20.0,48.90625,real_yahoo,112392.90869111172,6.451285255420096,24.40862908371013,0.1916756049668606,70.70928287825603,0.3037819858004645,0.4290917182320958,11.500362417405686,-9.30849906436312,3.153412420240043,13.307043095992322,19.483205585734733,3.2471357349561734,21.297521344092928,2.7324323235398404,3.1489910238998395,20.950928022172604,9.6678285081515,13.644847920261428,13.305994354311238,11.62976502183365,3.1145764982476987,18.69584289906276,22.568240858406877,13.694267515923569,87.10191082802548,,0.342667395701108,24.40862908371013,0.6872647688302524,16.754614329488806,0.0940977254337499,0.3579916839076625,0.3596227933316072,0.6065871614811509,-0.6437502733315259,-0.00025024389613912307,0.3435122118814055,1.121960532589832,-0.8012144314588607,-0.6867114266211524,-0.4709457328275546,-0.9060925754199044,-0.6744907594765952,1.0672309532865054,0.6744907594765952,-1.6862268986914881,0.9909890344612758,0.6744907594765952,1.164231339289771,-3.0,-0.2890674683471122,-1.3489815189531904,-0.023792810262709865,0.3,0.3,-0.31154753968870375,0.44000000000000006,0.44000000000000006,-0.26120593133722103,0.9183333333333332,0.9183333333333332,1.0,0.25,0.4,0.35,46.12791901203897,0.13505178828464012,-0.14736003107073245,-0.39202670882593343,0.3219832564640597,1.0490493903308509,0.38627114507728677,1.0656095121210114,0.24191129409870404,,0.4331594067599688,-0.18486697951015177,-0.20502063786654517,-0.24749590283218728,-1.0973857594658891,0.08781918786418727,0.6919734102469629,0.20505436932947382,47.51345609047824,-0.6299463383173531,45.20749795790053,-0.3488450001725351,-0.7195465185322909,0.3260622111451335,0.8563846795669271,0.43332664302274154,0.4498004028055066,0.4671333745688456,-0.534195759352413,0.5912234453560303,0.45005816639967877,48.429638835594055,47.32777543327444,61.193430988016,44.38804903902683,48.9192151571083,46.22344963821371,46.081821647813456,40.42553191489361,51.06382978723404,51.06382978723404,36.17021276595745,46.808510638297875,59.804367606915385,43.834394904458605,48.426751592356695,50.595541401273884,43.715065644092036,48.36071069393229,50.697098372257614,False
TORNTPHARM.NS,TORRENT PHARMACEUTICALS L,14525086903.38819,1370559312.9826827,441295867.4841347,244406804.43153703,1036698965.7739056,303538778.70280737,85403890.97558352,,0.061005,0.1084700005,33.4,2.5435,1.6395,365095056.0,608511488.0,59.57002,57.555233225000016,15.9941,10.597926,10.745,33.372,0.88,0.4768,0.176,0.261,0.262,0.17833,0.75641,0.26703,INR,Healthcare,Drug Manufacturers - Specialty & Generic,India,42.91707002258793,0.188,17059.0,48.21878025169409,33.361299343874364,45.202689039475096,40.83781219748306,370926.0,434199.0,333826.9939516129,393828.56666666665,301764.1,22.361118205361134,21.05327077440499,-8.743024513970642,4.273746077181451,11.9316119089536,24.946921792969626,3987.199951171875,-10.319389312373485,1.1385448496745738,1.8876663115033896,0.0947811521879628,0.3324487543840649,1.2839858999495193,1.2573403111368777e-05,,71.40123703820515,28.022111409354267,66.65066311608177,1.0,69.97636147481981,68.58820900975161,68.38108091964273,54.456953772600976,53.34786968112962,0.0,60.0,74.57673827539017,70.0,50.0,0.0,80.0,35.0,14.887999,90.0,60.0,48.90625,real_yahoo,80342.30101311229,17.832632423594003,32.19823201403547,0.1479342315007128,75.64057651162774,0.6878350808796552,0.4290917182320958,11.500362417405686,-10.99511476945726,3.782303083286241,12.617404179132768,18.262902231204944,3.896275263097413,21.038484751853183,3.536930911996941,3.8330380007115306,20.75930743164377,9.74449182104567,12.718381151138065,12.88367352278184,11.294063995108916,3.733800528654403,19.531019935269367,23.399143122756897,55.891719745222936,87.10191082802548,,0.443987707964076,32.19823201403547,0.2195796389380531,16.47764787479395,0.0567515042616,1.242491265779488,-1.138922045299045,0.8272592654410849,1.553397398691291,1.0294412048487378,1.2022927415849223,0.9937081232936554,0.22859669840602756,0.1713647806662451,-0.4709457328275546,-0.9924208186612641,0.3372453797382976,1.3644428149665457,0.6744907594765952,-0.3372453797382976,-1.8574954404008501,0.6744907594765952,-0.34264681626252946,-3.0,1.2526256961708195,0.0,1.3011033828883676,0.3,0.3,0.10235106617967495,0.44000000000000006,0.44000000000000006,-0.32656512629619894,0.9183333333333332,0.9183333333333332,1.0,0.25,0.4,0.35,56.07656306770875,0.13505178828464012,-0.14736003107073245,0.67592082430307,0.912257528021448,1.259008265977062,0.9769734271915206,-0.3322110265397866,0.9457679811024117,,0.9090720588341594,-0.6097844525517594,0.7313187604791265,0.8620462039049421,-0.41218879745791925,0.4404594363660868,0.3878404230124324,0.6055752071495045,59.79165620197756,0.28864045329165455,55.565618440543844,-0.7301601700982838,-0.8632095197597313,1.0597900944526202,1.009394157411155,-0.5756432598934265,0.5328794589948217,0.6786202498929453,-0.7966848449290076,1.0345921259318875,0.24404488059778434,48.31300184524385,45.98687738664916,69.18812984590775,21.980169755342683,57.381944147649534,54.95001490877346,53.44232420591441,63.829787234042556,46.808510638297875,65.95744680851064,2.127659574468085,74.46808510638297,68.17561419472247,68.64331210191082,66.62101910828024,62.92993630573248,69.04978551930326,67.5628561850486,64.50813871196037,False
ALKEM.NS,ALKEM LABORATORIES LTD.,6778822637.495967,1533042967.3227923,304969889.46972144,255050016.13423684,964537993.0730344,253372052.7481984,554161572.6363343,,0.061005,0.1084700005,17.056,2.5435,1.6395,365095056.0,608511488.0,26.590324,27.580109,4.722001,4.4218087,4.248,21.353,0.97,0.22690001,0.107,0.016,0.016,0.16636999,0.62917,0.19615,INR,Healthcare,Drug Manufacturers - Specialty & Generic,India,56.69570829299774,0.322,18785.0,63.82166290201141,49.60578681295042,59.34183069807465,58.419482628804985,127095.0,136718.0,186550.3393939394,116481.23333333334,113858.43333333332,23.8331397967336,25.71085335514675,-5.533596837944666,-3.0830602016516884,-2.440875235769291,5.481698578770988,5258.0,-11.952930298822007,0.3336646668857556,0.4723309985130898,0.0270085497059645,-0.230564557336275,3.137872732045792,1.6514925415903486e-05,,51.46333244705676,45.39135950522813,50.02217132239159,0.0,52.23930356155028,59.29410450487581,69.5654289170424,57.783038677527074,42.26220848533617,0.0,10.0,68.43255370654262,70.0,50.0,90.0,0.0,35.0,24.975,72.5,20.0,48.90625,real_yahoo,81609.95301159396,16.63684720981042,19.893107758245108,0.165472249964081,62.91656617801401,0.830810061900731,0.4290917182320958,11.500362417405686,-11.165416701778042,4.055182791077,11.642719925620506,20.132966851353267,4.171639851534469,21.15052046535574,3.924065933646669,4.100025572980232,20.687159782041228,9.84086719055446,12.136461758435589,11.6654940367815,11.309718760027677,4.0846221629754345,19.350369534640016,22.6370692716802,13.694267515923569,87.10191082802548,,0.3969304846443184,19.893107758245108,0.6862396254675497,16.174155008902286,0.0838581563018499,0.09474776073152426,-0.23979514212065375,-0.00026112440866772114,-0.6437502733315259,0.11415991707551368,0.6011463707924614,1.0578343279417446,0.40023188671684223,-0.40068602419202,-0.4709457328275546,-0.9890064007141922,-1.3489815189531904,1.0342074130998338,0.6744907594765952,-0.3372453797382976,0.9909890344612758,-2.023472278429786,-0.34264681626252946,-3.0,0.5781349366942244,-1.3489815189531904,-0.5390302187103508,0.3,0.3,-0.17374252365631396,0.44000000000000006,0.44000000000000006,-0.10825863035893855,0.9183333333333332,0.9183333333333332,1.0,0.25,0.4,0.35,45.70479283518227,0.13505178828464012,-0.14736003107073245,0.5637165438833197,-0.02019029011226086,0.7173382064226439,0.043849486907314224,1.0625455565751338,0.34936198020793713,,0.6880391045413549,0.3667820632418569,-0.15351763853898917,0.05671782348615746,-0.3158329746755485,0.1773620106999531,0.5022627182578331,0.31175456821851355,58.10924168839034,-0.11093003568661022,51.3494008484612,-0.8404316260821311,-1.0206318184751102,0.9271987206912692,0.8001771162772108,-0.12957635142533058,0.12341906046625162,0.06734404452651427,-0.9305317222786207,0.86368791848424,0.030697932116855755,45.65563687037464,42.28083590472548,58.32624700760147,43.45706822859957,42.32339281818331,41.16617410542867,47.55392215943365,55.319148936170215,40.42553191489361,38.297872340425535,34.04255319148936,72.3404255319149,46.838034576888084,43.36942675159236,48.3312101910828,50.101910828025474,43.50708436240738,48.94736842105262,51.59943382873319,False
IPCALAB.NS,IPCA LABORATORIES LTD,4057239512.789072,1022498617.9627836,202042590.599118,97867051.47897172,684508963.4936001,137562653.2429816,134987629.73002043,,0.061005,0.1084700005,14.425,2.5435,1.6395,365095056.0,608511488.0,41.299137,27.449615,4.563771,3.9679658,4.379,22.161,0.27,0.0558,0.066,0.236,0.315,0.09571,0.66945,0.17796,INR,Healthcare,Drug Manufacturers - Specialty & Generic,India,15.934172313649563,0.15,16778.0,17.468000430246317,12.56534365924492,16.117478756588145,15.29268043454878,240215.0,331943.0,371482.0282828283,243755.2333333333,225247.0,31.55791914138507,27.21849925930574,-1.632514948570718,7.365466833982781,8.539972420227414,3.0147138843018784,1488.300048828125,-17.545396803837797,0.2408121124529503,0.3900993850610801,0.0584733986607663,0.502612429653696,5.482127795548048,4.272955912662916e-05,,50.91458277941047,52.33905874357768,53.34786968112963,0.0,48.91360520281224,55.31091685992902,66.01238492484342,36.71783427966177,25.633716691645983,0.0,50.0,70.2758090771969,70.0,40.0,51.13070459270394,50.0,60.0,46.652,65.0,40.0,38.28125,real_yahoo,60942.81904653616,9.571362714793793,19.759693269968977,0.1103655608524376,66.94473239068128,0.6808596783235966,0.4290917182320958,11.500362417405686,-8.780788177339893,2.829333610770627,12.324957296407858,18.72069370798288,2.916039527941597,20.74551509523268,2.6075182800505794,2.8401000909775886,20.344212299018416,9.727883383489695,12.82525845779714,12.403923961182691,11.017707719537947,2.790715953863015,18.739590038507803,22.123768656595725,30.095541401273884,87.10191082802548,,0.5951220640399421,19.759693269968977,0.4952760578986148,15.593721939931982,0.1024173744721,0.06315848995038778,0.11985561915070295,0.16524295356128288,-0.6437502733315259,-0.05745532438196589,0.3435122118814055,0.8654557139974788,-0.6867909725849846,-1.2587622314794176,-0.4709457328275546,-1.0446732818529851,0.0,1.1332780336598478,0.6744907594765952,-0.6744907594765952,-0.23921746016664142,-0.3372453797382976,1.164231339289771,-2.3620267963510346,0.2890674683471122,-0.6744907594765952,-0.3182141865185047,0.3,0.3,-0.4448287388779673,0.44000000000000006,0.44000000000000006,-0.14329205622527685,0.9183333333333332,0.9183333333333332,1.0,0.25,0.4,0.35,44.32992963123158,0.13505178828464012,-0.14736003107073245,-0.09926004626184201,-0.030300066000299063,0.8888131356811472,0.03373238037483508,0.49179233005000594,0.19630575621992244,,1.6189667543115172,-0.5064862648316376,-0.46439727406827697,-0.4946695292821955,-1.0652671518717656,0.05989223041916344,0.23985935772866196,0.4832639910658483,54.99628351008566,-0.7514384594475021,41.395945093583975,-0.7019664589273198,-1.3217035016570955,0.2313943172003674,1.0687243631058552,0.41262110984559003,0.7049564670385506,0.534370441508131,-1.0118349802922078,0.6500593401531113,0.5660800522215366,45.06781780631868,38.02110478212434,54.61712078435431,39.136358524531076,56.16760938285354,47.70631075835821,43.137620624573074,31.914893617021278,31.914893617021278,63.829787234042556,25.53191489361702,63.829787234042556,55.868971792538666,37.64968152866242,42.93630573248408,43.82165605095541,37.71610555050046,43.38585316795172,44.8690728945506,False
NATCOPHARM.NS,NATCO PHARMA LTD.,1973245466.7096915,490760453.47961706,191932889.8354308,167494888.07142088,402280288.9534258,28041304.334731635,344659565.53727007,,0.061005,0.1084700005,3.012,2.5435,1.6395,365095056.0,608511488.0,11.7795925,26.05598,2.1206098,4.0207915,3.389,8.665,0.63,0.0575,0.363,0.139,0.139,0.3413,0.81971,0.17379999,INR,Healthcare,Drug Manufacturers - Specialty & Generic,India,11.014305690007529,0.189,4199.0,11.39077121652146,7.8175755620092495,9.88810368936216,9.60540819619232,1487404.0,774412.0,1049967.4092741937,1605731.933333333,1713438.8333333333,37.949707792029855,40.42940664313424,7.4562142565359535,13.979872698831496,29.64023202729107,25.793852626431924,1027.550048828125,-23.218263598773035,0.802158664818512,1.5081827882455616,0.0367700954580604,-0.8296703490203656,10.794720286817007,2.3369336318779825e-05,,60.06041057351524,51.181108870519424,73.30205983355785,0.0,47.8050390832329,41.36976010261533,71.9341249118417,47.80478396274877,26.74228281122533,0.0,50.0,65.36046142211886,70.0,40.0,65.54164548010706,50.0,35.0,12.486,47.5,40.0,38.28125,real_yahoo,116875.55453194024,34.129662829154086,39.10928202844739,0.0529712722745664,81.9708039026282,0.1460995265520939,0.4290917182320958,11.500362417405686,-3.305004721435312,2.4860980805863293,14.354013506364488,19.65806772416378,2.5169519387823134,20.011466693959893,2.1767469526415923,2.387670788573672,19.81265964231544,8.34283980427146,13.864270635275572,14.289090866592955,11.66887356731058,2.361364078194543,17.149189171640977,21.40294546968441,30.095541401273884,87.10191082802548,,1.239935866236772,39.1092820284474,0.924761902636927,16.26346471446751,0.10223297547125,0.5896463363026646,0.059913825605476895,1.158267421380986,-0.6437502733315259,-0.11466040486779229,-0.5582073443072856,1.1860867372379214,-0.11467367821560213,-1.201557150993591,-0.4709457328275546,-0.894018578433646,0.0,0.8690897121664785,0.6744907594765952,-0.6744907594765952,0.21688633301028773,-0.3372453797382976,-0.34264681626252946,-3.0,-0.385423291129483,-0.6744907594765952,0.344233910057034,0.3,0.3,-0.44528081196926406,0.44000000000000006,0.44000000000000006,-0.19249325813788662,0.9183333333333332,0.9183333333333332,1.0,0.25,0.4,0.35,47.44128657446757,0.13505178828464012,-0.14736003107073245,2.205122346914977,1.4359575226735881,1.5284810321653257,1.5010531590897722,1.7754425820425674,0.16130215960901617,,3.0,-0.06967509389668014,-0.702446703317342,-0.4891911047063805,-0.6798438607422824,0.8779870164377227,1.62452839941853,0.8145208638436064,48.3228749039688,-0.5749848449225364,63.045290983257416,-0.1939594631792283,-0.9743067125904468,-0.34434182889177334,1.0078328362086626,1.6758311733437816,1.0730968201756235,1.4317855162252588,-0.5841330878848375,0.33174550365844463,1.3615237349409615,48.78007543161733,45.15128019294431,51.167607429379444,63.44616486716365,58.805604683421016,49.60132542121313,44.609721136193265,78.72340425531915,44.680851063829785,70.2127659574468,76.59574468085107,48.93617021276596,59.09918107370337,49.20382165605096,55.56050955414013,59.97770700636943,49.14857662810347,55.75259805564868,60.87402689313517,False
AUROPHARMA.NS,AUROBINDO PHARMA LTD,8346251033.580725,3569093238.679144,719137103.4957514,375062926.27729374,2069169671.7650852,838388770.915349,956481689.3191352,,0.061005,0.1084700005,22.248,2.5435,1.6395,365095056.0,608511488.0,22.259247,17.598183,2.2141383,2.3384795,2.302,11.423,0.3,0.066599995,0.084,0.076,0.076,0.10509,0.57975,0.15135999,INR,Healthcare,Drug Manufacturers - Specialty & Generic,India,14.3702269549317,-0.006,27707.0,14.627299128751211,10.863719479401958,13.163321501559643,12.446907604603636,1737546.0,1959887.0,1311836.4303030304,1817162.7666666664,1383088.0222222223,28.08319284528393,26.164934160417385,10.186708878951013,12.425178814529891,22.35779368549311,12.030324364552714,1333.699951171875,-18.42605386423706,0.4983087986996803,0.7517162610632452,0.0550778340331545,0.1929725338758625,0.9775135976007788,1.0453399559748507e-05,,41.58583842942362,66.23445722027677,43.37077460491552,0.0,42.26220848533617,54.647052252437895,74.30282090664103,37.82652924797047,27.85084893080468,0.0,70.0,75.80557518915968,70.0,70.0,90.0,10.0,35.0,28.806,87.5,80.0,48.90625,real_yahoo,128815.57868694354,10.50863345940768,20.149014200645844,0.385237662038389,57.97466004364872,1.1658260529736415,0.4290917182320958,11.500362417405686,-1.7574821678064678,2.7324323235398404,14.139829977499543,20.678772204287224,2.749019329037891,21.99557740598826,2.473484959866438,2.650655630077676,21.450413239483755,10.229476459142496,14.086939330978709,14.412787473568152,11.766144800882667,2.598749161739346,20.546992479164835,22.8450782970939,84.39490445859873,87.10191082802548,,0.1704947019611062,20.149014200645844,0.5328973374458339,16.752097115364155,0.10124589900905,-0.47385911332893416,0.8391571416934156,-0.3312692803485689,-0.6437502733315259,-0.40068580729692505,0.30057318539622974,1.3143391465340988,-0.6295792431480465,-1.1443520705077643,-0.4709457328275546,-0.8618581489055538,0.6744907594765952,1.4304898953398884,0.6744907594765952,0.3372453797382976,0.9909890344612758,-1.6862268986914881,-0.34264681626252946,-3.0,1.1562698733884489,0.6744907594765952,-0.6126355627742998,0.3,0.3,-0.38503047740306967,0.44000000000000006,0.44000000000000006,0.4390485354380356,0.9183333333333332,0.9183333333333332,1.0,0.25,0.4,0.35,47.56561410617195,0.13505178828464012,-0.14736003107073245,-0.011312990013228864,-0.0007984173523706043,0.5069536234048874,0.06325542080227027,0.6042350695784654,-0.027514864376198288,,-0.375554674972189,1.2049386843571308,0.025525788086300544,-0.45986543632532517,-1.0331485442776418,0.04519602017084577,0.3066962627515581,-0.10489461449352656,54.08925735916933,-0.7178428349038677,43.6207257202603,0.002111518420957622,-0.7208522020537048,0.5443779960709889,1.3122904706946257,2.0553328844767758,0.9865666665561599,1.1220561541069052,-0.3593703418163736,0.9283342333828073,1.3478433781975683,54.12245120932437,46.6818997040574,64.13763283867804,67.76055170583716,41.63732559575386,56.75200717857363,42.401570368762975,36.17021276595745,48.93617021276596,36.17021276595745,85.1063829787234,61.702127659574465,46.929026387625115,48.62101910828026,51.060509554140125,54.42356687898089,48.15741583257507,49.99329534026148,52.54423213021939,False
BIOCON.NS,BIOCON LIMITED.,6131059512.530924,1809981735.1833923,360118848.4887598,64988704.65741637,1101753244.1002474,1778584443.4979026,656502095.3856083,,0.061005,0.1084700005,50.024,2.5435,1.6395,365095056.0,608511488.0,72.27926,38.319805,1.6929506,3.3873599,3.781,19.004,0.14,0.1025,0.092,4.095,4.729,0.03591,0.60871,0.07625,INR,Healthcare,Biotechnology,India,3.786167580940088,0.253,7085.0,4.570829299774121,3.2160912122189957,4.058094008820049,4.040988813595783,3398294.0,4694740.0,4503570.431451613,3439488.966666667,3223313.288888889,33.08354575294944,29.75547347980217,-9.12489323371154,-10.497589932530504,3.6454488075804425,1.3555445300892144,352.54998779296875,-16.378087597463885,0.1918642131850395,0.2572001219431902,0.0760168014404876,0.2582308245468374,1.36752021450712,1.3012944812620158e-05,,38.65917353531009,58.12880810886897,47.8050390832329,1.0,34.50224564828075,51.327729214982256,50.023686959948,30.065664469809576,32.83939646891173,1.0,80.0,69.04697216342738,70.0,10.0,90.0,70.0,35.0,24.791999,67.5,70.0,46.71875,real_yahoo,362913.9820795663,3.590572401595618,19.89626975170949,0.1953642242902807,60.870959230349065,4.938881846817347,0.4290917182320958,11.500362417405686,-17.16672549711731,1.565730003695594,14.985920670436434,20.302436444977896,1.7175439297101678,21.316582591666823,1.4389084457818342,1.6209897342395545,20.820168607087293,,15.320381291399478,15.050833752853288,,1.61760225601368,21.299083628966628,22.53663341266581,72.92993630573248,87.10191082802548,,0.3361975848548238,19.89626975170949,0.2696011352790012,16.651735443130438,0.09735182544875,-0.642335224161663,0.41956458687683323,-0.11059717638863491,1.553397398691291,-0.8011213706977105,0.08587805297035103,-0.0002480487517175159,-1.030061349206614,-0.8869292083215453,2.1233869006435357,-0.2313145999804387,1.011736139214893,1.0672309532865054,0.6744907594765952,-1.6862268986914881,0.9909890344612758,0.3372453797382976,-0.34264681626252946,-3.0,0.385423291129483,0.3372453797382976,0.8594713185046752,0.3,0.3,-0.21367842219947702,0.44000000000000006,0.44000000000000006,-0.07446829822378585,0.9183333333333332,0.9183333333333332,1.0,0.25,0.4,0.35,52.95733073602789,0.13505178828464012,-0.14736003107073245,-0.6604563762536481,-0.019950683112321135,0.6302384782044468,0.04408926764737851,-0.18270643361839117,-0.6595132950071799,,0.4027699935267957,0.5799888684544616,-0.2275100006940612,-0.3441739835818646,-1.2044477847796344,-0.07613462474927225,-0.057968797922217846,-0.16311281962117308,40.78909078884066,-0.731297194120861,38.11881921730779,2.3918803278555734,-0.7729099830481054,0.09397450660805762,0.9079082792491671,-0.6287178315773134,-0.2892540728800167,0.32620147319468445,0.809485172403734,0.5009413929286124,-0.20645653666679536,57.49886147327937,48.493774500762186,58.56430221007614,40.51159709205358,69.41578853413753,47.6584715287048,40.19341960133269,25.53191489361702,53.191489361702125,87.2340425531915,27.659574468085108,34.04255319148936,57.84804367606915,56.668789808917204,54.74522292993631,53.79299363057325,56.21994020538152,53.4864230640295,51.02972399150744,False
SYNGENE.NS,SYNGENE INTERNATIONAL LTD,1699487454.1034744,400150606.8624287,100153279.89674088,37872431.27890717,273292459.9333118,62557814.34871464,117360434.0324836,,0.061005,0.1084700005,12.283,2.5435,1.6395,365095056.0,608511488.0,45.080273,34.377575,3.3357942,4.2471194,3.709,14.82,0.32,0.143,-0.028,-0.874,-0.886,0.09465,0.68297,0.12943,INR,Healthcare,Diagnostics & Research,India,4.228245670646445,-0.157,6533.0,8.119285791115415,4.087877810046252,4.645165107023771,6.38912305044638,1455052.0,1807237.0,960995.070564516,1529085.8666666667,1088588.6222222222,28.8315657157188,36.96164685493829,-5.130380569189663,-39.9231941469254,-36.33403648457762,-45.59030914210632,391.1000061035156,-47.853401786550265,-1.7709014254534408,-1.9572105299310167,-0.1066690646479624,-1.2350146424412316,7.084182629536214,2.76811267148726e-05,,47.80500132941485,46.54930937828639,58.89070027902636,1.0,40.04507624617747,42.69748931759759,67.19673292224307,38.93522421627917,37.82794400701879,1.0,50.0,66.58929833588837,70.0,40.0,54.45630633595081,50.0,35.0,37.037998,40.0,40.0,38.28125,real_yahoo,61250.66690072382,9.464544256439842,25.02889616538141,0.0431911059594435,68.29739984057288,0.6246207254841022,0.4290917182320958,11.500362417405686,-47.92342849572763,1.6540757859827926,13.90039349179535,18.580760398612885,2.21039148864197,19.80735155386259,1.6268608104283504,1.7307994455394928,19.426053065202453,8.784774592161016,13.77572559904138,14.24018129602905,11.022746342742357,2.0000090608612946,17.951601732695075,21.253592545551268,30.095541401273884,87.10191082802548,,1.5207061480459168,25.02889616538141,0.6522986694703057,15.217511976517851,0.0929587904285,-0.11584737780938649,-0.17985334857542767,0.4410830835112006,1.553397398691291,-0.5150959682685782,-0.47232929133693413,0.9295819186455672,-0.5723675137111084,-0.6295063461353256,2.1233869006435357,-1.0438440943160547,0.0,0.935136792539821,0.6744907594765952,-0.6744907594765952,-0.13396273866427325,-0.3372453797382976,-0.34264681626252946,-2.9092466706623856,-0.6744907594765952,-0.6744907594765952,0.9330766625686241,0.3,0.3,-0.3628114509306883,0.44000000000000006,0.44000000000000006,-0.2711083240008132,0.9183333333333332,0.9183333333333332,1.0,0.25,0.4,0.35,50.64653134051798,0.13505178828464012,-0.14736003107073245,-0.10928315753383111,0.3689853569664084,0.9463687723140906,0.4333073270163138,0.9611025934309653,-0.21204050821869017,,3.0,-0.543209138416489,-0.7337173966170033,-0.2136585745698003,-1.0117361392148927,0.14350025642140146,0.670815196902907,0.6651837967125239,45.33261065637426,-0.5727934786600919,47.705860204910785,-0.2605763303349264,-1.5168442904406514,0.47696880346249726,1.5480499722709358,-0.07353476002536624,-1.9270054519310276,-1.3741658895179303,-0.8887103103877889,1.0125093878667166,-1.2051123756353999,43.77448992868402,35.42809876247157,35.384339670205286,41.3854406989093,24.30289369947975,49.09076608726203,38.7213190897125,46.808510638297875,25.53191489361702,6.382978723404255,29.78723404255319,40.42553191489361,21.67879890809827,40.97133757961783,30.289808917197455,26.070063694267517,41.22253997140258,30.375460945357016,25.782024062278843,False
LALPATHLAB.NS,DR. LAL PATH LABS LTD.,2380049947.811122,286414441.1315478,76914433.12896633,56828871.93718404,167560401.16166505,16779606.324620847,140012906.70108637,,0.061005,0.1084700005,6.441,2.5435,1.6395,365095056.0,608511488.0,41.91018,37.41096,9.261045,8.309812,7.914,29.472,0.98,0.3952,0.106,-0.066,-0.064,0.19840999,0.58502996,0.20794001,INR,Healthcare,Diagnostics & Research,India,14.2540604496074,0.096,4980.0,19.03839948370442,12.646821555340434,14.865827686350435,16.131825319995695,291889.0,336216.0,389033.5362903226,282237.5,293187.1777777778,26.2644562750334,22.11497872268202,-5.491149576895571,-10.156891624616328,-14.77140549494389,9.514492267326323,1328.699951171875,-24.35178577544854,0.3968196116170425,0.7478090456615528,0.0481293953947191,0.2101354106300002,1.442739038078415,2.934717400220849e-05,,51.64624900293886,32.653910901587295,44.47934072449486,0.0,56.67356803986766,49.33613539250887,63.64368893004408,58.89173364583577,50.02217132239159,0.0,50.0,69.04697216342738,70.0,40.0,66.6501793945227,50.0,35.0,31.611001,82.5,40.0,38.28125,real_yahoo,57512.93998625458,19.841482752290062,26.854244089473184,0.0309147512538459,58.50277678027622,0.2181593966438734,0.4290917182320958,11.500362417405686,-25.12994350282485,2.724845726603436,12.588569926823512,18.75724517418852,2.997650406944585,19.472950418216364,2.613506641427866,2.764167594260545,18.936854454145653,8.513385953073284,12.871423400897006,12.55050773716059,10.959782631946494,2.84093786357668,16.63567485733624,21.590387311305,30.095541401273884,87.10191082802548,,2.124583821946728,26.854244089473184,0.8929820946114326,15.528462820718437,0.0656026563024,0.10527751765857017,-0.8991548711181407,-0.2761012543585855,-0.6437502733315259,0.34298023901881963,-0.0429390264851762,0.7372033047013006,0.4574436161537803,-0.0002504607912341007,-0.4709457328275546,-1.053911653767153,0.0,1.0672309532865054,0.6744907594765952,-0.6744907594765952,0.25197124017774397,-0.3372453797382976,-0.34264681626252946,-3.0,0.9635582278237074,-0.6744907594765952,-0.833451594966146,0.3,0.3,-0.23230798305390155,0.44000000000000006,0.44000000000000006,-0.1067957531377425,0.9183333333333332,0.9183333333333332,1.0,0.25,0.4,0.35,43.67857927055336,0.13505178828464012,-0.14736003107073245,0.8644175568300821,0.5073051052089624,0.5294308023395379,0.5717273715369215,1.6804588728470822,0.448566730696169,,3.0,-0.49601706632134324,-0.6559784445791073,0.59908182426582,-0.305126772144174,0.3242105519452397,1.070656547126494,0.9294266922784676,63.35454611007938,0.19218795588132273,58.41921915976661,-0.6888249983984167,-1.3555535248810497,0.708199492829529,1.1530357080404297,-0.1236767579711628,-0.27029170529152635,-0.4570856989888019,-1.0221892616397332,0.9306176004349793,-0.28234541920459993,44.49454163708124,23.61240634095393,56.52351453697062,28.967489524796644,38.867552107127686,41.03395519515737,48.28997241524374,70.2127659574468,6.382978723404255,29.78723404255319,10.638297872340425,80.85106382978722,45.040946314831665,38.009554140127385,45.5764331210191,47.63375796178344,38.12231899129079,46.26550452564532,49.317055909412595,False
METROPOLIS.NS,METROPOLIS HEALTHCARE LTD,943088293.600086,168490460.14843497,27059725.9330967,18097903.065505,130644986.3827041,21601344.433688287,8559481.295041412,,0.061005,0.1084700005,13.916,2.5435,1.6395,365095056.0,608511488.0,52.46898,34.548058,6.1155133,5.59728,5.662,35.258,0.24,0.1236,0.258,0.304,0.32,0.10741,0.77539,0.15513,INR,Healthcare,Diagnostics & Research,India,4.5487791760783045,0.07,4823.0,6.085296332150156,3.536086909755835,4.9885446918360765,5.249527804668173,236957.0,530244.0,563732.7540322581,262399.4,198546.06666666668,28.80093186221159,27.075569084697264,-9.242524441315558,-12.54082748469786,-16.37010322978242,7.057700085608021,421.75,-24.4201420517438,0.3209122949032226,0.5706856259629143,0.0125360602470046,0.5871533666502465,2.291486701257341,0.0001017286728339,,57.3166622352838,39.601610139936845,72.1934937139785,0.0,44.47934072449485,41.36976010261533,62.45934093264442,34.50044434304438,34.50224564828075,0.0,50.0,65.36046142211886,70.0,40.0,46.69656893504144,50.0,60.0,44.067,65.0,40.0,38.28125,real_yahoo,34934.78336065415,10.741203418615688,16.060093793593953,0.0181863758110665,77.5385064932518,0.79828393262726,0.4290917182320958,11.500362417405686,-25.24966858152895,1.7135779352875946,12.198781462673718,15.962550266737724,1.958021697553828,18.942389695759218,1.5120647262409823,1.7898484263208976,18.68799418243409,8.481358738407021,13.242337351702648,12.477626860441154,10.46126689411154,1.832505909641078,16.888266159311218,20.66467046781593,30.095541401273884,87.10191082802548,,3.611548615060579,16.060093793593953,0.2837946603991043,14.757194851795246,0.0950631084382,0.431699982396981,-0.539504109846784,1.1030993953910022,-0.6437502733315259,-0.2862756463252726,-0.5582073443072856,0.6730771000532123,-0.8012144314588607,-0.8011215875928055,-0.4709457328275546,-1.1147258703554486,0.0,0.8690897121664785,0.6744907594765952,-0.6744907594765952,-0.37955708883646583,-0.3372453797382976,1.164231339289771,-2.509162544304368,0.2890674683471122,-0.6744907594765952,-0.1710034983906072,0.3,0.3,-0.6119981862835001,0.44000000000000006,0.44000000000000006,-0.20599644819999513,0.9183333333333332,0.9183333333333332,1.0,0.25,0.4,0.35,43.238060359930195,0.13505178828464012,-0.14736003107073245,0.010509779343165031,-0.3106453423262332,1.3398075250963866,-0.24681617558500998,-0.14028472794335475,0.004207152940847031,,3.0,-0.7698750075567968,-0.8201189814876757,-0.2761770667879249,-1.0973857594658891,0.07087657921650196,-0.19887702414626515,0.7516828611763389,55.73043579470426,-0.6457209784930089,39.40682580800498,-0.558021259289185,-1.7556116159887707,0.47972812760823724,1.1936300593052247,-0.6450669736711665,-0.40297527616983375,-0.5250799073008141,-1.1568164376389778,0.836679093456731,-0.5122341747595276,42.240054864536276,27.996066622101875,53.878537827271586,32.364392487671694,66.09115232934735,45.572714842714554,40.929469857142784,27.659574468085108,10.638297872340425,80.85106382978722,17.02127659574468,65.95744680851064,62.511373976342135,33.87261146496815,40.640127388535035,40.84394904458598,34.09593136617704,41.57224270868254,42.83439490445859,False
GRANULES.NS,GRANULES INDIA LIMITED,1626125657.7390556,547753361.4714425,110515164.20350651,58673118.29622459,339036894.6541895,194357424.88974935,66581477.89609552,,0.061005,0.1084700005,45.369,2.5435,1.6395,365095056.0,608511488.0,27.091473,20.269102,3.7187386,2.9687188,3.157,15.648,0.24,0.066700004,0.22,0.276,0.277,0.10712,0.61896,0.16900998,INR,Healthcare,Drug Manufacturers - Specialty & Generic,India,6.562331935032806,-0.08,4066.0,6.883941056254706,4.539098633967947,6.273615144670324,5.872442723459181,868200.0,1192263.0,1780208.8383838383,834174.0,1005426.8555555556,37.490392072757686,35.83774001418978,6.824503744034893,2.54009868845817,18.93776827842535,21.85227365285487,613.5999755859375,-18.758747475992376,0.7411161743106357,1.209225704453903,0.0942002559225622,-0.8856924168926771,5.816596052737382,2.714327824902487e-05,,47.256251661768566,61.60265772804374,48.91360520281225,0.0,46.69647296365355,40.04203088763307,74.37354355837148,34.50044434304438,28.959415050384017,0.0,50.0,65.97487987900361,70.0,40.0,45.58803502062582,50.0,60.0,21.845,37.5,40.0,38.28125,real_yahoo,134715.5340559376,10.711594382298202,20.17608142223484,0.0591229228926,61.89590397828448,1.7586493789381952,0.4290917182320958,11.500362417405686,-4.671874999999992,2.0231795996432784,13.820923735800273,18.01393700218191,2.0648279128869174,20.121335675118303,1.711831786072047,1.984253436816232,19.64161949616046,8.310660905907225,14.392241802052666,13.634198491463492,11.810928102125745,1.9275196068587197,19.08520942338129,21.209466125983344,30.095541401273884,87.10191082802548,,1.1109224165513865,20.176081422234837,0.2551611782883121,16.27358734361044,0.10123505103277,-0.14743664859052297,0.5993899675125114,-0.055429150398651136,-0.6437502733315259,-0.17186548535361906,-0.6440853972776376,1.318168405542498,-0.8012144314588607,-1.0871469900219382,-0.4709457328275546,-0.8459666317360583,0.0,0.9021132523531493,0.6744907594765952,-0.6744907594765952,-0.4146419960039219,-0.3372453797382976,1.164231339289771,-3.0,-0.770846582258966,-0.6744907594765952,-0.39181953058245356,0.3,0.3,-0.47586198099879934,0.44000000000000006,0.44000000000000006,-0.27796734055568373,0.9183333333333332,0.9183333333333332,1.0,0.25,0.4,0.35,42.69352140445466,0.13505178828464012,-0.14736003107073245,0.007731470516771477,0.0012526608154687065,0.6738734837878543,0.06530798621621008,-0.22586467656619733,0.12099755029264299,,3.0,-0.6489973317833936,-0.7420973311883571,-0.4595431470527354,-1.0973857594658891,0.0661071139487104,-0.06571971203587326,0.7983990201170572,39.39449756028903,-0.7465723226386547,40.460767621606976,0.3527991921520714,-0.9690560865368767,-0.302969268485443,1.4278282396790425,1.5880319817735697,0.43638922616960185,0.9765990643187429,-0.3081284471924026,0.5624294855967997,0.9439450042955345,51.393295794258805,37.1160511497657,53.36953768190218,57.93589973925532,63.37728019722908,46.97604809910458,43.873670880383166,29.78723404255319,29.78723404255319,76.59574468085107,65.95744680851064,29.78723404255319,64.83166515013649,34.10191082802548,42.61783439490446,47.32165605095542,33.48498635122839,41.47502514247402,45.431705590941256,False
PERSISTENT.NS,PERSISTENT SYSTEMS LTD,8789422989.78165,1498830242.8740454,277506621.4047542,186255786.2536302,455446606.8624287,46246960.35280198,238011722.31902763,,0.15131,0.24966998,5.535,2.604,2.143,194454857.4378832,192219217.72614825,47.152393,35.312546,10.501134,5.8641887,5.728,30.936,0.84,0.3161,0.234,0.168,0.178,0.12427,0.30387,0.16750999,INR,Technology,Information Technology Services,India,56.21060557168979,0.154,22205.0,70.97988598472625,44.62676132085619,56.17147466924814,60.51443476390234,774382.0,925825.0,564320.3629032258,916511.6333333332,627579.2555555556,35.48705948846684,39.10814691400445,11.86075030067004,-16.351202861691373,7.718974626654984,-4.647494272880737,5227.7001953125,-30.743544759811147,0.0030255929074031,0.0042364734481729,0.0828696510029462,0.1677112885214212,3.7815243791769935,6.07787357919478e-06,,38.96504745902777,46.54930937828639,26.864161536296,1.0,53.49700861663594,56.56029790690105,73.11847290924138,50.02315976423241,69.70830683945157,1.0,30.0,76.70889229033716,40.0,30.0,59.28706545719727,80.0,60.0,43.476,90.0,40.0,38.28125,real_yahoo,67499.67317604348,12.426743264566104,18.51488003555547,0.1073966341854786,30.38680391110191,0.166651736519645,4.156364359079486,12.973774606056187,-20.807698136081232,4.046739293291534,13.349626839109604,19.287830488065605,4.276386718664165,21.12795080340589,3.820494415450268,4.046055079402683,19.936789051245984,10.008117801614212,13.24337916059176,13.728331130491316,11.119892849789313,4.11927185888018,17.64950631928438,22.896814902664232,30.095541401273884,14.331210191082802,,0.1282461563876393,18.51488003555547,0.837306780154916,17.272482870411256,0.170749299322,-0.6247273151807781,-0.17985334857542767,-1.1527243498231365,1.553397398691291,0.17906097947755323,0.4243226742266592,1.2502129418860104,-0.0001993459855719022,1.0156086267439588,2.1233869006435357,-1.0270124092768071,-0.6744907594765952,1.4790410549897637,-3.0,-1.011736139214893,0.01892995420982835,0.6744907594765952,1.164231339289771,-2.542801703701049,1.2526256961708195,-0.6744907594765952,0.13159624942784884,0.3,0.3,0.12682417872188054,0.44000000000000006,0.44000000000000006,-0.49062425751170996,0.9183333333333332,0.9183333333333332,1.0,0.2,0.45,0.35,48.9338342973198,2.909989613323188,1.2925867153938548,0.16866927433748222,-0.12462852301418441,-0.6674878732146728,-0.06066447463191273,1.5140561093859994,0.10837617561316067,,-0.5740007409294371,-0.29185537326737077,0.07614821257512927,0.34417395135583756,-0.4550136075834174,0.9927034451224532,0.6479597881761477,-0.100149714987095,74.25874472607669,-0.015460450166827178,55.99054248390735,-0.5575812948837926,-0.4509271692606909,-0.12252040753881742,1.0624790782958868,2.2880019323608436,-0.615050701466295,0.49945258694226813,-0.5042542320722417,0.4699793353785347,0.5902160752044154,48.321815686492506,26.999819846610475,61.09214450021784,37.107509456246746,62.65851630811667,50.3351147224094,49.0096659987025,64.44444444444444,8.88888888888889,77.77777777777779,26.666666666666668,93.33333333333333,67.87989080982712,54.93630573248407,60.722929936305725,60.824840764331206,55.05654491095802,61.337579617834386,62.13375796178343,False
LTTS.NS,L&T TECHNOLOGY SER. LTD.,3816594380.12262,1264009915.6286974,187873082.84392816,135312463.63343015,564873733.8926536,67763797.52608368,251231576.63762504,,0.049575,0.127944998,10.149,1.6615,1.382,312002624.0,678899968.0,28.248945,22.79864,5.731363,3.019434,2.875,19.34,1.67,0.4723,0.102,-0.062,-0.061,0.10705,0.44689,0.14609,INR,Technology,Information Technology Services,India,36.00623857158223,-0.052,21028.0,50.83360223728084,32.37603528019791,37.12068409164247,43.79675594277724,190094.0,153658.0,147419.59274193548,283193.2,158845.72222222222,31.76408564592036,55.952143977587085,-2.77938988525206,-24.98095438397144,-15.677990257868768,-24.923595022298382,3347.5,-34.508752401012366,-0.7731628346225484,-1.1636141274211371,-0.0786769802502381,0.3711497748602825,4.1179001993516255,2.830296404379e-05,,42.183575283478,62.760607601102,38.44366026687858,1.0,48.8652091244029,53.28580489592402,70.74977691444205,53.49712439909423,65.07650734721852,1.0,30.0,76.30421210411993,40.0,30.0,69.70895936178273,80.0,35.0,14.37,90.0,40.0,38.28125,real_yahoo,60110.80062909919,10.7050159939709,14.863260210303272,0.0905709043175483,44.68902711191904,0.3606892296666953,0.63941224411525,20.80905518763508,-29.16842996191282,3.611086508473912,11.975695005063756,19.341885691813985,3.948038630795231,20.9575549780744,3.507838135870713,3.6407570243658616,20.152112786069672,9.953657716448705,11.901044955505348,12.55388816036599,11.003961451150996,3.802135724807485,18.031538665268197,22.062624338655343,30.095541401273884,14.331210191082802,,0.5371001917040552,14.863260210303272,0.7875712219848454,15.484730577661027,0.0675165754446,-0.43944985086946303,0.6593317610577378,-0.5764681611871662,1.553397398691291,-0.05995269599716119,0.21252716571893274,1.121960532589833,0.1790668457483001,0.776594951269244,2.1233869006435357,-1.0469143216811034,-0.6744907594765952,1.4572904512399139,-3.0,-1.011736139214893,0.34878109849729394,0.6744907594765952,-0.34264681626252946,-3.0,1.2526256961708195,-0.6744907594765952,0.5159797128729143,0.3,0.3,0.026097211414946645,0.44000000000000006,0.44000000000000006,-0.506455437060124,0.9183333333333332,0.9183333333333332,1.0,0.2,0.45,0.35,49.479828185069955,-0.21617504677643723,0.05124452529558758,0.007114199689135871,-0.4013380358911438,-0.0586411904303843,-0.3375746308341833,1.3654061304398908,-0.07185817222966716,,1.3464316374633378,-0.2643143481785166,-0.4918855658849382,0.8475444917924906,0.4336012025206684,-0.12594151665365247,0.42876671173915004,0.3078646404739676,46.6821779000336,0.6612700116201706,49.28201052788552,-0.8697302574233376,-1.378237518489435,0.21282400531083684,1.3841112460092633,0.2532210519391757,-1.0953598687311676,-0.4956436526779252,-1.1239838879563864,0.79846762566005,-0.5108707277140919,42.29440643571863,37.668837885464626,53.167166370372506,55.83537350883464,32.31578466642647,52.033355815141945,45.934611596651436,51.11111111111111,31.11111111111111,17.77777777777778,62.22222222222222,42.22222222222222,36.28298453139218,46.70541401273885,42.703821656050955,41.202229299363054,47.18412842844144,43.72779081461616,43.197098372257614,False
CYIENT.NS,CYIENT LIMITED,952484641.8414544,779875227.8799613,78458104.59287943,58459716.12348069,239926867.7637948,46875337.5067226,171324088.54469183,,0.0677899999999999,0.189060005,7.224,2.05,1.162,228463192.0,548464480.0,16.390762,12.184358,1.5911088,1.2213296,1.13,11.231,3.98,0.61259997,-0.04,-0.25,-0.249,0.07496,0.30765,0.0904,INR,Industrials,Conglomerates,India,8.626438636119179,0.47,11884.0,14.800473270947618,8.070345272668602,10.215338281165968,12.125535118855543,315393.0,422113.0,499975.8850806452,303194.9666666667,366571.02222222224,35.372017990525435,39.29823012875013,-10.52251522112979,-27.99696364034667,-28.95297371241137,-35.5719609335333,804.8499755859375,-43.144336763502686,-1.3570013462602044,-2.056906648489538,-0.1507728650577967,-2.014169861186246,23.712092021970705,3.161284666616008e-05,,40.04058756654091,73.0518229553552,43.96434919465464,0.0,39.11643690120454,50.00000000000001,65.53642382190966,74.42995772430602,59.72006414836744,0.0,50.0,61.14507236018416,40.0,0.0,90.0,60.0,80.0,50.009996,72.5,10.0,48.90625,real_yahoo,65623.96734095938,7.496034498031117,10.060340652973752,0.1592234812170009,30.76477610604711,0.597456919842247,0.3493282859801764,7.286133386909359,-41.71511627906976,2.2645133376922235,12.811950294569357,18.95906758122208,2.7600398934417574,20.47464450187806,2.2050103309514038,2.417282330795554,19.29584472138749,9.383032379794294,13.122317146496988,12.622134630111304,11.09171150223223,2.574559578606997,17.663002263705522,20.67458454183405,7.643312101910828,14.331210191082802,,0.7032720881402581,10.060340652973752,0.7851720402982301,15.277147125657812,0.0732418516088001,-0.5628128764205068,1.1920611308230131,-0.3017299161055525,-0.6437502733315259,-0.5630163291142082,0.0,0.8396849277435462,1.259258991273656,0.500187654585573,-0.4709457328275546,-1.0320646189324616,0.0,0.642522511052327,-3.0,-2.023472278429786,0.9909890344612758,0.0,2.369733863731611,-2.170892849316489,0.5781349366942244,-1.6862268986914881,-0.42263106995806,0.3,0.3,-0.2525487964071049,0.44000000000000006,0.44000000000000006,-0.6042507058885868,0.9183333333333332,0.9183333333333332,1.0,0.4,0.3,0.3,41.84322891115922,0.3435447083099576,0.6744907594765952,-0.2939946077136141,-0.7652898147442683,-0.6513961345702552,-0.7017903127761562,1.3582354396841194,-0.540450866781209,,2.126959314163517,-0.430786238209774,-0.8190456601218632,1.2996755527537338,2.9067339872681845,-0.022487631001963788,0.2252212758309678,0.31555948182839555,55.13394685882109,2.022851848285237,56.79799736495201,-0.6057583754626958,-1.4859114306705694,-0.1121581205037525,0.5691015783083773,-0.8229683279482587,-1.263222974714316,-1.0602419320630214,-1.0458349030666327,0.22847172890231238,-1.0702522678891104,38.20426245770336,25.936673075167977,23.110498866413934,82.26158676380038,24.1118308872141,48.49850722687033,32.90138683446989,69.76744186046511,6.976744186046512,4.651162790697675,97.67441860465115,62.7906976744186,28.207461328480434,25.305732484076437,26.945859872611464,30.449044585987263,25.633692967632914,27.877975192758967,32.806086341118196,False
MPHASIS.NS,MPHASIS LIMITED,4514911934.60256,1650749768.2263095,288104762.5685705,193552102.9149188,711581686.307411,258262118.10261372,320093258.12627727,,0.093439996,0.18705,23.617,1.302,1.068,179571765.85995483,158851246.46660212,23.33086,19.418903,4.126446,2.7350674,2.707,15.508,2.58,0.6046,0.124,0.032,0.034,0.11725,0.43106997,0.15211001,INR,Technology,Information Technology Services,India,23.67968161772615,0.391,30157.0,32.668602775088736,21.65214585350113,25.374744541249868,29.02860062385716,620216.0,781207.0,693496.5947580645,631668.8,570778.9666666667,30.929778881062965,32.60688252769678,-2.0217290027155888,-20.82617007011871,-17.48255024979265,-10.380780324572711,2209.89990234375,-31.76698134438928,-0.2465851762647722,-0.3708431385063771,0.0048935416974602,0.1023650347516721,1.0176608704757109,1.1148749716299712e-05,,42.41347012808159,63.91855747416026,37.28571039382032,1.0,50.02315899746116,57.21519650909645,68.38108091964273,74.34091220826517,73.18215645862634,1.0,90.0,72.66209042816486,40.0,20.0,90.0,70.0,60.0,52.804,90.0,90.0,48.90625,real_yahoo,54738.52731459725,11.72510253464314,17.452963987275435,0.1182822203066947,43.10657496393219,0.8964173858151545,0.6150776104278937,10.878194219157775,-27.51547477940208,3.205980298537693,13.25475906702894,19.5841229460688,3.516565734690571,21.22449542723965,3.120254587110448,3.272406906109509,20.38300077889335,10.314205506925742,13.44950305046578,13.356122068240415,10.910341347456862,3.4021502816373035,19.369485592656225,22.230651518775208,95.22292993630572,14.331210191082802,,0.0962297554263987,17.45296398727543,0.5534542796393,16.614119034121458,0.0739595699999999,-0.42621574627579745,0.7192735546029638,-0.6340937800507636,1.553397398691291,-0.0001992771284826748,0.46668177592820426,0.9937081232936554,1.254663996151532,1.1948688833499943,2.1233869006435357,-1.0613845283652574,1.3489815189531904,1.2615350174912687,-3.0,-1.3489815189531904,0.9909890344612758,0.3372453797382976,1.164231339289771,-2.0118607919375315,1.2526256961708195,1.011736139214893,0.5928564055619275,0.3,0.3,0.17511568400243496,0.44000000000000006,0.44000000000000006,-0.11294983052451811,0.9183333333333332,0.9183333333333332,1.0,0.2,0.45,0.35,54.10161264662539,1.131730790060555,0.6539928800124727,0.10283212205735476,-0.20509754402337455,-0.1259882243210843,-0.14119184409393354,0.6656758000475164,-0.021203966678810197,,-0.724385298092944,-0.1208542727621278,-0.4121184976482083,1.2738948278985673,1.4078656328757506,0.4133790106929446,0.22189859576971893,-0.18957791119476008,48.31695266241809,1.3341816901383,53.60724150390512,-0.4608622920797062,-0.7924216824688268,0.2879736367694964,0.6924459533052546,0.35852563632499235,-0.8641155520437612,-0.5723933879959577,-0.6266419872742666,0.4902097950373755,-0.4098065463187941,44.90487191123513,28.123615749204028,62.14022686193062,63.40934160115948,39.02023085274421,55.88347918996121,46.703375197164206,60.0,11.11111111111111,28.888888888888886,77.77777777777779,46.666666666666664,51.25113739763422,59.49044585987262,54.36942675159235,52.210191082802545,60.022098011179,55.471002346630904,54.29582448690729,False
COFORGE.NS,COFORGE LIMITED,4361171964.805851,1642712673.4215338,243185978.78885663,121878028.61138,683155878.068194,104496077.44433688,61439173.92707325,,0.049575,0.127944998,10.888,1.6615,1.382,312002624.0,678899968.0,36.05255,21.882929,5.870655,2.6548598,2.827,19.098,1.32,0.4662,0.262,0.155,0.161,0.07888,0.41587,0.13357,INR,Technology,Information Technology Services,India,12.98698504894052,0.126,25620.0,21.44777885339357,10.843282779391204,14.121437022695492,17.73379584812305,3212435.0,3363990.0,2652766.627016129,3733613.533333333,2813498.177777778,36.122102076800026,40.70966975581007,4.360546604572169,-26.86114005016473,-21.466516955273505,-23.70994534841384,1213.4000244140625,-45.57531132582936,-0.5493161218321023,-0.7134252785292095,0.047917225698681,0.0809004844353229,4.564260615633209,4.554579077671905e-06,,38.04546808061343,65.07650734721851,36.12776052076207,0.0,45.39135950522813,53.28580489592403,71.9341249118417,43.075230494508766,63.918557474160274,0.0,30.0,74.28081117303378,40.0,30.0,63.91901830367971,80.0,30.0,68.487,90.0,40.0,38.28125,real_yahoo,64118.37132792872,7.419315050240992,14.803926622318878,0.1177063332542642,41.587058353015486,0.429696144345001,0.63941224411525,20.80905518763508,-39.44834503510531,2.638127257871202,14.849939525613657,17.93355821779219,3.11119167180559,21.21961478208496,2.4717608527988237,2.716113407418824,20.34223361853505,10.15116760669524,14.791114040522404,15.132887366189268,11.068501802057968,2.930329157328344,18.464660101816538,22.196006657684,30.095541401273884,14.331210191082802,,0.4132798017476478,14.803926622318878,0.3702599262019073,17.355061398478462,0.0682970399324,-0.677663733555439,0.7792153481481895,-0.6917193989143602,-0.6437502733315259,-0.23921295260319672,0.21252716571893365,1.1860867372379214,-0.3587317294533159,0.7168415324005659,-0.4709457328275546,-1.0361199385738844,-0.6744907594765952,1.348537432490667,-3.0,-1.011736139214893,0.16553046278203554,0.6744907594765952,-0.6440224473729895,-1.119199308319688,1.2526256961708195,-0.6744907594765952,-0.9446774482183351,0.3,0.3,-0.23168199472405165,0.44000000000000006,0.44000000000000006,-0.4881619467486251,0.9183333333333332,0.9183333333333332,1.0,0.2,0.45,0.35,41.04641017385153,-0.21617504677643723,0.05124452529558758,-0.3011934343375478,-0.40583416884421486,-0.19069561708377977,-0.3420740239536916,0.11814325425009638,-0.17720528186847676,,0.764833645423275,-0.6597103335466673,-0.4296798300002495,0.8278866153733896,0.05888411392256008,-0.20170771271494295,-0.134976248761987,0.12032629860842806,55.483580833287746,0.4818354897205163,42.527945670749446,1.0061153478694034,-0.4080935373244712,-0.17972144975013077,1.106196071965666,1.2455753649729815,-1.2000060348810417,-0.7418354633661003,0.2990109052724661,0.46323731110776767,-0.32888044347035233,52.69783263672823,40.3428264161003,53.929352549289575,53.4619233197739,58.473424005278005,44.978129004084316,43.62832079511313,37.77777777777778,37.77777777777778,71.11111111111111,60.0,64.44444444444444,51.023657870791624,32.617834394904456,43.96496815286625,49.754777070063696,31.905628493435593,42.72544418370767,47.781316348195325,False
TATAELXSI.NS,TATA ELXSI LIMITED,2828378008.906099,398341573.2386792,86121219.66225664,62439228.82650317,130746295.96644078,18188791.73927073,136523695.81585458,,0.049575,0.127944998,6.257,1.6615,1.382,312002624.0,678899968.0,45.23631,31.148527,9.7302685,7.1003838,6.837,31.625,1.77,0.80480003,0.015,-0.453,-0.453,0.15675001,0.32823002,0.20917,INR,Technology,Software - Application,India,45.40174249757987,0.353,11973.0,72.44272345918039,42.661073464558456,50.28232763256964,57.34833064429385,380748.0,362126.0,245124.92943548388,334503.4,372210.4444444445,32.67248903363136,36.82234823627504,-4.674892884962811,-19.0668866580002,-19.99057150183927,-22.951705675650857,4241.2998046875,-40.021114665818246,-0.6165422423927,-1.025669132901752,-0.0954428475943613,1.5129331540986868,11.799202040428804,1.176055818655018e-05,,44.94231341872106,41.91750988605335,29.18006128241252,1.0,59.28675798192722,56.56029790690105,61.27499293524477,59.28706545719727,74.3401063316846,0.0,70.0,69.42464893842703,40.0,40.0,30.0,80.0,60.0,14.926,57.5,60.0,48.90625,real_yahoo,33269.98857752269,15.674795959368948,21.61994264421262,0.0285426214378685,32.8226589314844,0.211199885586875,0.63941224411525,20.80905518763508,-37.327394209354125,3.8373370123542343,12.82721737082194,18.732008760568576,4.2965058297638015,19.80282042191308,3.776456937731099,3.937346202233024,18.688769339027868,9.390492911485298,12.409527355171148,12.720405312425044,10.412441082352943,4.066430748971019,16.71631617881791,21.76296924291732,55.891719745222936,14.331210191082802,,1.704316128693942,21.61994264421262,0.8824348827512071,16.22507385079631,0.02497485977125,-0.28064059574547845,-0.41962052275633227,-1.0374731120959422,1.553397398691291,0.47782807382094544,0.4243226742266592,0.6089508954051239,0.4778438319714202,1.2546223022186729,-0.4709457328275546,-1.119209991543696,0.6744907594765952,1.0875301874924732,-3.0,-0.6744907594765952,-0.9080006154468081,0.6744907594765952,1.164231339289771,-3.0,0.0,0.0,0.3622263274948882,0.3,0.3,-0.05113647869576684,0.44000000000000006,0.44000000000000006,-0.5525273440726682,0.9183333333333332,0.9183333333333332,1.0,0.2,0.45,0.35,47.76616603233974,-0.21617504677643723,0.05124452529558758,0.47344425498190945,0.1106644162869763,-0.5637854723647292,0.17479907664883906,1.6489352933669557,0.45891624278759374,,3.0,-0.5032861664350476,-0.6047670511201001,1.919059983446161,0.5406632278344138,0.01921055664709183,0.8381603741719915,0.9335664971150375,62.68892103466092,1.2987814434208749,58.39325284111956,-0.796574673010124,-0.9942201230458556,0.1310001694296214,0.7517761589999552,-0.010228150979124693,-0.7661984858946437,-0.6790620319468641,-0.8953973980279898,0.4413881642147883,-0.5132664492356541,42.10952941857489,20.534785212485147,53.08315565685293,35.68081970755149,19.76138695157683,56.76165090429724,51.3159568002408,68.88888888888889,2.2222222222222223,2.2222222222222223,22.22222222222222,80.0,30.368516833484982,45.22292993630573,44.038216560509554,42.11464968152866,45.684388405043556,45.16594032852832,44.281670205237084,False
ROUTE.NS,ROUTE MOBILE LIMITED,468692855.5019124,478897473.5075831,52839892.438421,20036570.936861355,74656340.75508228,2297214.1551037966,114415406.948478,,0.048070002,0.30238,1.1622750000000002,0.995,0.84,1484974976.0,1796358016.0,15.610416,8.152236,1.1495341,0.653137,0.559,3.847,2.61,0.3721,-0.065,0.184,0.185,0.041840002,0.15589,0.11179,INR,Communication Services,Telecom Services,India,4.965042486823707,0.11,520.0,12.455630848660858,4.417554049693449,5.503721630633538,7.749306227815424,427327.0,289994.0,280495.70362903224,555375.7,649650.5111111111,34.91059981896376,51.349203061499,-6.151640371320289,-34.220856080743054,-41.14069896863873,-51.02083371309083,459.2000122070313,-61.15601518986071,-1.990153461204878,-2.881866181667193,-0.2099715808241932,1.688885432563963,8.557047198432697,0.0001271214414862,,37.19874457522096,73.15327631375672,25.969705644055523,0.0,47.89515669874939,37.0419736162796,73.15327631375672,61.050427331565714,61.050427331565714,0.0,20.0,61.49196316524311,65.0,30.0,73.15327631375672,50.0,35.0,10.798810000000001,30.0,10.0,38.28125,real_yahoo,920956.6798222752,4.183895728266791,11.033654458731302,0.0598190984920419,15.589211654903446,0.0425646706149961,0.3351414924703068,11.659870164587598,-60.13816925734024,1.785916178210801,13.384191361346984,18.555346312705097,2.5993976688962523,19.98699709177123,1.6896444312486498,1.8723745716114848,18.12840603152377,6.255750041753367,12.54431725210768,13.227401901228347,13.73316936393444,2.1689744089763776,14.647208145157464,19.95506665430483,7.643312101910828,51.7515923566879,,3.7510283836808656,11.033654458731302,0.9803173458587222,14.146736259766508,0.189864402,-0.7264061377254892,1.1973129093371488,-1.1972371353381233,-0.6437502733315259,-0.11001008644495633,-0.8381302931465777,1.252097362888369,0.5688381859998131,0.5688380775293264,-0.4709457328275546,1.2717722130307838,-1.011736139214893,0.6611670721212332,0.0,-1.011736139214893,0.45779313587732,-0.3372453797382976,-0.34264681626252946,-3.0,-1.0599140506060782,-1.6862268986914881,-0.6371706774622827,0.3,0.3,0.49397922143033146,0.44000000000000006,0.44000000000000006,-0.4897711675707382,0.9183333333333332,0.9183333333333332,1.0,0.2,0.45,0.35,49.18081368679999,-0.26242138836114864,1.8301195257657097,-0.6047829859507637,-0.6915348232730544,-1.2974496416276151,-0.6279818412254423,1.9414870735313792,-0.3604688639717732,,3.0,-0.5493445361941975,-0.8743079862451917,0.5246397020885685,1.4399842404698742,0.0029160083436151622,0.5282791704151273,0.6058124544112907,56.91598743272104,0.936544744360156,47.76587794734272,-0.7700912715415561,-2.0722575923130457,-0.07059618309441675,1.13117721120554,-0.21547601830080598,-1.6096283825032873,-1.5785980364489416,-1.421174431927301,0.5302905140555616,-1.1820735694262394,36.55022821826424,32.27327067635936,40.432547849933016,74.75894660639959,41.51033160948706,63.151868945000764,40.74545729319026,41.66666666666667,16.666666666666664,33.33333333333333,100.0,66.66666666666666,42.925386715195636,43.894904458598724,38.18152866242038,35.59872611464968,44.66073053425192,39.85584981562186,38.84642604387827,False
BSOFT.NS,BIRLASOFT LIMITED,1108686000.5593202,568630405.1629558,81291628.35323222,49965582.7040981,219670325.99763364,16279874.884371305,218113916.48919007,,0.049575,0.127944998,4.089,1.6615,1.382,312002624.0,678899968.0,22.15015,16.632946,2.7810454,1.949748,1.61,11.262,1.75,0.39060003,0.013,0.027,0.025,0.087869994,0.38631,0.18621,INR,Technology,Information Technology Services,India,3.9668710336667754,0.447,10882.0,5.098418844788641,3.4957513176293427,4.164149725717974,4.225981499408412,1668512.0,1388367.0,2198810.9375,1585928.0333333334,1693405.0,35.775461009531455,44.37609852564744,-3.575142948983512,-14.412643306902606,7.274135529143311,-4.36846463781444,370.8500061035156,-28.560690055216163,0.0066663255010871,0.0107963487848562,-0.1164007046908355,0.2557294052600447,1.3308949717724556,2.4465105156000204e-05,,45.63199795253183,69.70830683945154,34.96981064770381,0.0,55.81290836275245,53.94070349811943,66.01238492484342,58.12907724557666,61.60265772804375,0.0,30.0,63.75912633138581,40.0,30.0,73.18292399664456,80.0,60.0,30.297002,55.0,40.0,38.28125,real_yahoo,52254.21844908618,8.7870051004007,14.296039679752266,0.0407444351355795,38.63147731867792,0.2002650852758321,0.63941224411525,20.80905518763508,-22.19409282700422,1.602790071154902,14.34225244335163,19.20052804155771,1.8080295318072888,20.158741231240253,1.5031327991464478,1.6417404667000104,19.20763846677502,9.294957217696062,14.603427744051595,14.276680934484345,10.863895039463578,1.6536426269866076,16.60544029469949,20.82644136866785,30.095541401273884,14.331210191082802,,1.193921327167589,14.296039679752266,0.9305447691725524,15.981405035122457,0.07796967794285,-0.2409382819644816,1.0189825223290938,-0.7493450177779571,-0.6437502733315259,0.29856781721491027,0.2548862674204787,0.8654557139974788,0.41808843472679597,0.5973346946632085,-0.4709457328275546,-1.0680760089818864,-0.6744907594765952,0.7830217349945807,-3.0,-1.011736139214893,0.45873147992644947,0.6744907594765952,1.164231339289771,-3.0,-0.09635582278237075,-0.6744907594765952,-0.4834172920842564,0.3,0.3,-0.13276802911245378,0.44000000000000006,0.44000000000000006,-0.5413051455694201,0.9183333333333332,0.9183333333333332,1.0,0.2,0.45,0.35,43.52698476576286,-0.21617504677643723,0.05124452529558758,-0.17285878347674868,-0.4443204174679936,-0.316534716112612,-0.38058817913125065,1.7927264533892884,0.2657237797438982,,3.0,-0.333308626560925,-0.8012031694675976,0.5842579485622835,0.5192508227716648,-0.1963219421704221,0.5974034055029919,0.8562895118975593,60.42427361710797,0.5550047419565052,52.251586779346056,0.6662220023460502,-1.1206115786602517,-0.1484979842924077,0.605011965965696,0.14262217111870903,-0.5071555989190148,0.48053313669072245,-0.22719478815710076,0.22825699083664414,-0.015915647224776508,47.70254951077697,29.302501349162746,62.44770074995056,70.02255561667471,29.297375234758807,52.87077248329173,49.778429599215265,57.77777777777777,13.333333333333334,11.11111111111111,88.88888888888889,75.55555555555556,39.53594176524113,39.697452229299365,47.21974522292994,51.92675159235668,39.57168854803068,47.29131746563863,52.60084925690022,False
HAPPSTMNDS.NS,HAPPIEST MINDS TECHNO LTD,633355796.321394,242615900.3549532,38711143.12143702,19948369.753683984,78740456.31924276,49730019.74830591,177549748.60707757,,0.05313,0.116969995,28.275,1.732,1.649,312002624.0,678899968.0,31.839968,19.197548,3.6044364,2.6105287,2.094,13.125,1.59,0.50810003,0.107,-0.198,-0.196,0.08222,0.32455003,0.14472,INR,Technology,Information Technology Services,India,4.215876089060988,-0.086,6548.0,7.258793159083575,3.5516833387114124,4.131848983543078,5.343097128105841,3127597.0,5611657.0,896523.5443548387,5696555.266666667,2146113.422222222,32.726906768197864,76.14193018032384,13.022850940956454,-14.606863790515243,-25.532663516427768,-36.23261297445867,393.1499938964844,-48.95627414771351,-1.0956189410547492,-2.04188328007806,-0.1208023851278712,2.122310301179529,16.04772264400663,5.209558830742569e-05,,35.0568351007668,66.23445722027677,28.02211140935426,0.0,47.707259251344645,46.73681887397,62.45934093264443,48.2861774468015,72.02420658556807,0.0,30.0,64.16380651760304,40.0,30.0,66.23499472692092,80.0,60.0,11.179,40.0,40.0,38.28125,real_yahoo,37051.90903404905,8.2222021411206,15.955732111869684,0.0174725381408993,32.45477984091046,1.2846435351263747,0.63941224411525,20.80905518763508,-41.92042676150256,1.651707068410616,14.57916951958746,18.99476140708528,2.111278470209793,19.30699009789485,1.5154971290948078,1.635466019886885,18.181667651429,8.787067645218054,13.706280949627835,15.555372386481633,10.52010214408055,1.847367155179303,17.722119347909935,20.266542903276505,30.095541401273884,14.331210191082802,,2.798250102350061,15.955732111869684,0.781194691862999,15.145137518951724,0.0575375370314001,-0.8497070932730884,0.8391571416934156,-1.0950987309595395,-0.6437502733315259,-0.1197061148658397,-0.21106385129651697,0.6730771000532126,-0.08983244185250772,1.135115464481315,-0.4709457328275546,-1.1090233968815737,-0.6744907594765952,0.80477233874443,-3.0,-1.011736139214893,0.2388307170681389,0.6744907594765952,1.164231339289771,-3.0,-0.6744907594765952,-0.6744907594765952,-1.2521842189743877,0.3,0.3,-0.28375437385912117,0.44000000000000006,0.44000000000000006,-0.612259859947672,0.9183333333333332,0.9183333333333332,1.0,0.2,0.45,0.35,38.35160424672773,-0.10693520437555105,-0.06067772793879834,-0.2258560181761556,-0.318553577984623,-0.5794514610668643,-0.25473014554101525,1.3463479132762177,-0.08338577128758809,,3.0,-0.4178162722902831,-0.8554989502240509,0.962913764831853,0.3479515822696724,-0.20873029841742954,0.46575498092673956,0.7166456914849648,41.666515597685844,0.6861807826788717,51.00063042247244,-0.3088485367208873,-1.5543850525434597,0.12609852788751175,1.4371961668939952,2.4495181565192974,-0.5179653978464722,-0.9147727299183789,-0.9316167946321735,0.7816473473907535,0.2532374688416866,45.7246765264554,22.19906984786522,45.51603315214214,59.494159931988804,30.653828572194108,42.47579408865825,44.3970843956259,55.55555555555556,4.444444444444445,13.333333333333334,68.88888888888889,31.11111111111111,31.528662420382165,20.292993630573246,27.6687898089172,33.0859872611465,19.94670479656831,27.163928930606772,32.62208067940552,False
MASTEK.NS,MASTEK LTD,501118659.00828224,394339018.6081532,57582013.63880822,40757232.13939981,180212974.6800043,58524254.447671294,75953534.08626439,,0.049575,0.127944998,20.327,1.6615,1.382,312002624.0,678899968.0,12.363248,10.972805,1.739519,1.2707813,1.231,8.429,1.59,0.1891,0.042,0.144,0.144,0.103360005,0.45700002,0.14104,INR,Technology,Information Technology Services,India,16.16650532429816,0.062,4332.0,30.3108529633215,14.350865870710985,18.10857265784662,23.08783478541465,115727.0,123272.0,157250.80241935485,100695.93333333332,100970.28888888888,38.248379546312606,54.02634687022454,-3.239671440731917,-26.165494900869245,-31.075479638138283,-32.12334922762531,1508.300048828125,-49.20326387438125,-0.9104176878908062,-1.5716484312539756,-0.0763215128509215,0.4799490812044786,1.9144806562445305,8.252656936076165e-05,,41.03410106046007,70.8662567125098,39.60161013993684,0.0,46.54930937828639,42.15252865860217,74.30282090664103,48.2861774468015,48.86520912440292,0.0,30.0,63.35444614516858,40.0,30.0,68.55097115016213,80.0,60.0,23.809999,30.0,40.0,38.28125,real_yahoo,91029.3210083456,10.335581876542491,14.602159796930042,0.0282558238518806,45.70001094897443,1.016363457081814,0.63941224411525,20.80905518763508,-46.664300922640166,2.8429601203728407,11.522591486984624,18.145632330837483,3.443964777487892,19.79272155314054,2.731171880957679,2.9501370646121643,19.00964990764937,8.374015421739909,11.96560363662326,11.519870624750716,11.418947927894804,3.1817069323637592,17.884951849306823,20.032353477329394,30.095541401273884,14.331210191082802,,1.721614996142721,14.602159796930042,0.5648035628359356,14.748539200021296,0.1037505988782,-0.5056203738377896,1.0789243158743198,-0.5188425423235692,-0.6437502733315259,-0.1794595337345182,-0.507577563207333,1.3143391465340988,-0.08983244185250772,-0.05995291289225543,-0.4709457328275546,-0.9636353531579979,-0.6744907594765952,0.7612711312447313,-3.0,-1.011736139214893,0.3121309713542423,0.6744907594765952,1.164231339289771,-3.0,-1.0599140506060782,-0.6744907594765952,-0.790924062840309,0.3,0.3,-0.34144848172601716,0.44000000000000006,0.44000000000000006,-0.6173210092675613,0.9183333333333332,0.9183333333333332,1.0,0.2,0.45,0.35,39.706022647126275,-0.21617504677643723,0.05124452529558758,-0.027550963277214544,-0.4211234932097981,-0.015602090025666005,-0.3573744346778556,0.6995966158643283,-0.11435041693222212,,3.0,-0.6294724543946556,-0.8706040677852731,-0.06509659048446288,0.3479515822696724,-0.13252773067018156,0.11826253806612713,0.7042598332271112,42.661259854537114,0.120775087254898,45.17197819633702,-0.8623692686198678,-1.7601013182265208,-0.371244490127292,1.2061206289251616,0.18924815982153312,-1.1612882639803006,-1.1505142248876137,-1.3112352934231943,0.4174380693989348,-0.7528951251119445,37.88689581830242,33.89471328294284,50.29225332297046,76.53212458364443,37.09022385631438,46.38921423236614,45.165847996138666,42.22222222222222,22.22222222222222,24.444444444444443,93.33333333333333,33.33333333333333,39.626933575978164,24.334394904458605,31.32165605095542,35.58598726114649,24.662030417262446,32.534361381159904,38.61995753715499,False
KPITTECH.NS,KPIT TECHNOLOGIES LIMITED,2040779902.3340864,674655785.9094331,120455608.13165538,77338390.27643326,238172751.46821555,56916424.65311391,122103260.14843498,,0.049575,0.127944998,16.215,1.6615,1.382,312002624.0,678899968.0,26.494099,21.907108,5.797971,3.0249202,2.926,16.386,1.18,0.32369998,0.094,-0.287,-0.287,0.114630006,0.35303003,0.15604,INR,Technology,Software - Infrastructure,India,7.486285898676993,-0.196,12873.0,15.4297085081209,6.721523071958696,8.710766914058299,11.921679036248252,1726737.0,1734216.0,1176339.901209677,2123926.6666666665,1301869.788888889,37.35454892145072,46.14435598837395,-7.616839536895092,-40.43603102317932,-42.27248000713581,-48.64677678582272,696.7999877929688,-55.232680159178926,-1.6217824974376387,-2.2777980525888384,-0.1262081919222466,-0.1021716904288106,3.607594678028761,1.270728143043272e-05,,40.5743113712529,61.60265772804374,32.653910901587295,0.0,51.181108870519424,52.63090629372863,67.19673292224307,40.75925407126755,58.128808108868974,0.0,30.0,71.44804986951317,40.0,30.0,61.60304188043848,80.0,60.0,27.51,70.0,40.0,38.28125,real_yahoo,52408.59053130064,11.46338501672841,17.85438006275774,0.0483415390001046,35.30285464715309,0.4725095455157678,0.63941224411525,20.80905518763508,-51.48135238759149,2.138451436841534,14.079312856341264,18.62037764755665,2.7990911904505844,20.32971317345111,2.0440116336915675,2.273235261064689,19.28850681904032,9.462965052612562,13.977919247414064,14.56877760552239,10.866844878968529,2.5589064462768225,17.85709453323937,21.43659787729831,30.095541401273884,14.331210191082802,,1.0062908851879862,17.85438006275774,0.6820661106838153,15.990991310740204,0.0865292047062999,-0.53208858302512,0.5993899675125114,-0.8645962555051511,-0.6437502733315259,0.0595541417401962,0.17016806401738865,0.9295819186455672,-0.478242523942564,0.41807443805717265,-0.4709457328275546,-1.0676602081085622,-0.6744907594765952,1.1962832062417204,-3.0,-1.011736139214893,0.09223020849593172,0.6744907594765952,1.164231339289771,-3.0,0.4817791139118537,-0.6744907594765952,-1.0215541409073483,0.3,0.3,-0.2629010659957542,0.44000000000000006,0.44000000000000006,-0.5556908959639834,0.9183333333333332,0.9183333333333332,1.0,0.2,0.45,0.35,39.93255287643238,-0.21617504677643723,0.05124452529558758,0.07827434576745645,-0.17467935921137315,-0.458210001650723,-0.1107516029178873,1.0500717268332023,0.011864171293188805,,3.0,-0.5333283719644916,-0.6947324135931033,0.36866566736036865,-0.09100272151668345,-0.10633463322406807,0.41161889547010305,0.7547456685172755,53.112059465680126,0.1618148923656952,48.3839519346683,-0.09933972372435293,-1.115639160150738,-0.29073328624616884,1.6089414991681281,-0.41911882569606945,-1.9555485973901165,-1.6267338122232962,-0.6074894419375455,0.6591041064609796,-1.3959752303318562,43.57844860556224,30.397906801782973,43.851445244280704,57.09726910538507,27.969261081538004,44.76719805485335,47.47213879767697,48.888888888888886,15.555555555555555,8.88888888888889,64.44444444444444,60.0,30.914467697907188,23.67197452229299,28.97133757961783,32.18152866242039,23.596126348628623,29.054642976868923,32.71408351026186,False
NEWGEN.NS,NEWGEN SOFTWARE TECH LTD,668883716.9839734,167069956.04775733,40187941.22835323,32549993.84747768,85840701.81779069,5575088.738302679,105644902.57072176,,0.049575,0.127944998,3.254,1.6615,1.382,312002624.0,678899968.0,20.943575,15.885073,6.533154,4.0078263,3.397,14.109,1.14,0.23709999,0.05,-0.291,-0.294,0.19503,0.51434,0.24278,INR,Technology,Software - Infrastructure,India,4.750994944605787,0.602,4040.0,14.812842852533077,4.313757125954609,5.371453156932344,8.585938905023125,4478491.0,1178076.0,1157305.0745967743,7865613.0,3024042.5222222223,55.28291437372437,85.91876559488796,-9.727343763196606,-41.14454539421677,-49.78619077782083,-54.328898522744765,440.3500061035156,-69.70732586136928,-1.2229319084277928,-2.152216447282792,-0.0572849366248884,0.4807169863011768,4.946405026339191,6.752360785669217e-05,,53.448422669053805,56.97085823581071,41.91750988605335,0.0,60.44470785498549,49.35641328275161,63.643688930044085,39.601265859646944,55.81290836275247,0.0,30.0,58.90296409677905,40.0,30.0,67.39298293854152,80.0,35.0,10.798810000000001,35.0,40.0,38.28125,real_yahoo,41310.49211019844,19.50334832292813,24.079863726876688,0.0174725381408993,51.434145139376575,0.1387254128452184,0.63941224411525,20.80905518763508,-64.66541496383309,1.7493728736851148,14.922105408447246,18.47559406206226,2.760822448626313,18.933923187142632,1.6702991417305864,1.8518275686746148,18.26800384378571,8.304247465078474,13.961605512761109,15.878011158814571,10.628895999569016,2.2602973273625637,15.533818971737444,20.321120788312296,30.095541401273884,14.331210191082802,,3.7808701418572266,24.05455904762758,0.9498733215792806,15.519958888692509,0.0976092402536499,0.2090212742201401,0.3596227933316072,-0.40359130459637527,-0.6437502733315259,0.5375814926896246,-0.041627444490336896,0.737203304701301,-0.5379979211871879,0.298567600319816,-0.4709457328275546,-1.0975529124728267,-0.6744907594765952,0.5220144899963871,-3.0,-1.011736139214893,0.27548084421119057,0.6744907594765952,-0.34264681626252946,-3.0,-0.8672024050413367,-0.6744907594765952,-0.3296639067062301,0.3,0.3,-0.25680215822307095,0.44000000000000006,0.44000000000000006,-0.705847539050735,0.9183333333333332,0.9183333333333332,1.0,0.2,0.45,0.35,41.79183621059212,-0.21617504677643723,0.05124452529558758,0.832689341851029,0.2970703394317071,0.22849843167701508,0.3594212555241236,1.8504957639998993,0.7417210634713309,,3.0,-0.5676161960240556,-0.8514406846776381,0.0895883064889939,-0.1338275316421816,0.20756914905403637,1.0304047843382227,1.0466884253885325,38.07436821791533,-0.010948820670035081,55.211211247242424,-0.11359179952895988,-1.3599645298109606,-1.9056189771524625,0.36300717957941764,-0.7124502824437949,-1.9949826351685627,-1.9462994212843279,-0.7367781646699603,-0.7713058987865224,-1.595617965185862,33.61413435436604,25.155177943336888,41.8484116965356,61.851126670995555,25.56443313819407,48.657848658925246,52.85348400126633,62.22222222222222,6.666666666666667,6.666666666666667,73.33333333333333,22.22222222222222,32.30209281164695,27.402866242038222,29.73566878980892,31.17675159235669,27.91011308982192,31.166610794502184,34.35774946921444,False
DABUR.NS,DABUR INDIA LTD,8005167064.128214,1396653789.22233,257880758.78240293,198618903.8184361,660909976.4655266,139983861.97698182,468507062.14908034,,0.06024,0.12291,11.464,1.679,0.923,255550000.0,923600000.0,40.384983,34.77938,6.795362,5.731676,5.489,29.73,1.92,0.77,0.061,0.071,0.072,0.14220999,0.47320998,0.17336,INR,Consumer Defensive,Household & Personal Products,India,4.513283855006992,0.383,5341.0,6.206303108529633,4.3384962891255245,5.187716467677745,5.434395503925997,1816997.0,2055612.0,2659687.2358870967,1819901.2333333327,1748960.1222222222,22.411549171227872,30.099328191553944,-17.799449372955767,-17.146545881051132,-14.892444119650882,-16.741762259483405,417.25,-25.34526968924784,-0.7227841162537552,-1.0106669902315288,-0.0339675957561494,-0.1470586299467502,2.775467160455371,9.098796901105903e-06,,58.41562642994842,35.4146016105925,50.04179197246248,1.0,62.57938371120818,60.5337621450048,64.66898233433247,52.13139059558677,58.40018646495962,1.0,40.0,59.89878005053352,65.0,0.0,90.0,90.0,35.0,22.801,90.0,30.0,48.90625,real_yahoo,261496.68399594267,14.221055021017698,18.46418638408545,0.1134644044353187,47.32095967988799,0.5428239882569088,0.4789446825710504,3.141376707279573,-27.2790294627383,1.7071604265837186,14.374532525178624,19.965061735621063,1.9749560747953616,21.05734506275863,1.6749440195204075,1.8225661119580503,20.30912819711221,8.583355393669907,14.793719469335167,14.414293339661398,12.47418070583582,1.8616578978517275,18.75703770947999,22.803353053274527,20.063694267515924,51.7515923566879,,0.6612948800391465,18.46418638408545,0.769949137404092,16.300744192711647,0.0282693,0.4949628499134881,-0.7562464807191996,0.0007153013668752274,1.553397398691291,0.6477366760473002,0.6813279193211808,0.7927175410677137,0.1085912008841903,0.4320783124568046,2.1233869006435357,-0.5044818754906121,-0.3372453797382976,0.5755372443974762,0.0,-2.023472278429786,0.9909890344612758,1.011736139214893,-0.34264681626252946,-3.0,1.2526256961708195,-1.011736139214893,1.1156179158472168,0.3,0.3,0.3214607869260931,0.44000000000000006,0.44000000000000006,-0.4028572312908771,0.9183333333333332,0.9183333333333332,1.0,0.3,0.35,0.35,57.21601242602635,0.11154448042622171,-0.00010200474095327016,0.3370351791510422,-0.12846994580064733,0.05340490461890108,-0.06450868285149572,1.3127371226254396,0.15759994916412962,,1.9297877501614198,0.1883373568592475,-0.013435380928038866,1.8069133130984547,0.7012562658050316,0.07491415605328622,0.5552519296131252,0.5454869172060068,54.332549103963856,1.3093676418164144,62.71063162533062,1.0112970626414313,-0.9549697797671329,1.055247558471101,0.7049365229251916,-1.83436345751548,-0.6593173923822907,-0.4622335923539964,0.028163641437149167,0.8800920406981463,-0.9527060719137592,51.306753830564055,40.25977346192343,51.373697120987124,43.441687672154586,41.653261842992,50.05825323344212,45.934611596651436,84.0,28.000000000000004,36.0,44.0,56.00000000000001,41.90172884440401,64.40605095541402,57.49044585987261,54.9984076433121,64.42057714805668,57.16392893060677,54.032200990799716,False
MARICO.NS,MARICO LIMITED,10591020811.7027,1399160997.6551576,236823697.27869207,184360543.65924487,622243727.654082,61847909.30407658,181671511.06808648,,0.06024,0.12291,13.671,1.679,0.923,255550000.0,923600000.0,57.369812,46.847595,24.318575,7.569551,7.51,44.367,1.38,0.7943,0.266,0.121,0.12,0.13177,0.44472998,0.15324001,INR,Consumer Defensive,Household & Personal Products,India,8.176293427987522,0.149,1908.0,8.750134451973755,6.96515004840271,8.176938797461547,7.909540712057653,1842399.0,2253713.0,2251891.22983871,1800400.2333333334,1773166.5222222223,23.29213729347506,24.67097557878665,-2.2845470410542634,1.4321876298501346,8.966646956396861,20.192760004679,761.3499755859375,-10.495463732379571,1.1920955499725057,2.1023081562227337,0.0991366696331797,0.6441872106040302,4.88533271029217,9.149322357220203e-06,,54.55846431622206,29.14580574121965,47.9521933493382,1.0,58.40018646495962,46.990353672855775,74.07217613839174,45.86259472621392,60.48978508808391,1.0,40.0,73.50960262001712,65.0,40.0,90.0,50.0,35.0,24.655001,90.0,60.0,48.90625,real_yahoo,733312.891852808,13.17650677571868,16.92612198850475,0.1136680904982652,44.47263243450147,0.2611559147786402,0.4789446825710504,3.141376707279573,-6.558082360172102,2.2166233570825224,14.38827806577182,19.017710735538135,2.277281074860701,21.059138607248705,2.0750757816532093,2.216693684691999,20.248842420662324,7.554334823725748,14.627281411785209,14.403520105433635,13.5053291181992,2.1871226926858247,17.940188869717467,23.08327238593704,55.891719745222936,51.7515923566879,,0.6601098812415824,16.92612198850475,0.7460247350722321,16.728519943785244,0.025282587,0.2729218253059211,-1.0807535051784598,-0.10327401340029203,1.553397398691291,0.4320785293518996,-0.19466511980605197,1.3018509474218118,-0.21489601915891102,0.5399073858045057,2.1233869006435357,0.7663540714060373,-0.3372453797382976,1.3070867951319207,0.0,-0.6744907594765952,0.9909890344612758,-0.3372453797382976,-0.34264681626252946,-3.0,1.2526256961708195,0.0,0.9772398690069933,0.3,0.3,0.6376912996985671,0.44000000000000006,0.44000000000000006,0.020941615566971758,0.9183333333333332,0.9183333333333332,1.0,0.3,0.35,0.35,61.781877321008366,0.11154448042622171,-0.00010200474095327016,0.23902193824747908,-0.2450201536649441,-0.06783655479724005,-0.18114340180118474,1.2412317040923202,-0.01169580103249575,,1.9242216804577483,-0.4092293725701213,0.2819402272171561,1.8852225585056932,0.12312132911080707,0.019877320358100112,0.4589253958508925,0.47637709970143877,64.58592315097789,1.0922770052779947,57.705754999475914,0.705965172353661,-0.7330817236151241,0.9759291642770175,1.0702856843083473,0.3219974943365909,0.37472582409021354,0.5525173348585908,-0.013558275630731587,1.0231074242926823,0.4122447783946399,55.22289646184961,52.41380147308378,65.06947197364133,24.727019673085294,50.65236846667688,58.116089661444555,50.08593503942038,72.0,56.00000000000001,52.0,4.0,84.0,59.303912647861694,75.48089171974523,69.43630573248407,65.46496815286625,75.53295203431692,69.25243043915522,64.63552724699221,False
GODREJCP.NS,GODREJ CONSUMER PRODUCTS,10948398199.505217,1633217108.31451,320828220.7163601,195943859.39550397,842740655.2651393,442453471.01215446,288133796.27836937,,0.06024,0.12291,33.818,1.679,0.923,255550000.0,923600000.0,55.853455,39.35175,8.366415,6.703578,6.793,34.58,2.01,1.123,0.088,0.0,-0.001,0.119969994,0.516,0.19859,INR,Consumer Defensive,Household & Personal Products,India,10.699688071420889,0.355,2962.0,14.079810691620953,10.401742497579864,12.13566741959772,12.672337313111758,1342657.0,1860872.0,1333873.5040322582,1436681.2,1226431.0555555555,25.71303208647602,30.894303500809595,-15.408164303318983,-18.251993945187696,-14.784104050080929,-10.499699849957922,994.7999877929688,-23.23433815144628,-0.3673407328947254,-0.5690836137405479,-0.0190720949851914,0.2063972359525659,2.9375009330434243,9.428850302333698e-06,,66.48060175864897,33.32500298746822,60.48978508808391,1.0,66.75858095745676,57.524115817860576,73.0273768268296,54.220989218711054,70.93777820370532,1.0,80.0,69.79756010106705,65.0,40.0,30.0,40.0,35.0,19.719,90.0,70.0,48.90625,real_yahoo,551389.9757982816,11.997416534395674,19.64394195254645,0.1326828509244677,51.60003841343867,1.37909773031881,0.4789446825710504,3.141376707279573,-24.00687547746372,2.459562180885994,14.019619744126686,19.478935504102413,2.713356808894975,21.21381759330052,2.4337661943848774,2.575331234149436,20.552169824820467,7.993957547573565,14.103598426094043,14.177846985418336,13.220199411457282,2.6153746173281203,19.90784586888869,23.116458999449627,72.92993630573248,51.7515923566879,,0.5655096283880842,19.64394195254645,0.3943865561015734,16.473812335304434,0.0,0.9592304468202183,-0.8644154888722864,0.5206618752027147,1.553397398691291,0.8633948227427016,0.48666279951512925,1.245280568938023,0.2164202742318906,1.0790527525430074,2.1233869006435357,0.2763450860502588,1.011736139214893,1.1075732812952543,0.0,-0.6744907594765952,-0.9080006154468081,-0.6744907594765952,-0.34264681626252946,-3.0,1.2526256961708195,0.3372453797382976,1.2539959626874406,0.3,0.3,0.7182838073505612,0.44000000000000006,0.44000000000000006,-0.2806747940780071,0.9183333333333332,0.9183333333333332,1.0,0.3,0.35,0.35,61.90087413454568,0.11154448042622171,-0.00010200474095327016,0.12838419950258315,-0.03907137632054635,0.2355651740446694,0.0249547099376128,0.1902530919312613,0.3698928865592706,,1.4798738866457029,-0.18743566763735486,0.3227625526709931,2.9444920632529907,0.7976120885874023,0.06927970096219142,0.09933898183475463,0.5179256262851339,47.98835730204334,1.9783960746534761,61.37184833599073,0.018611487224864182,-0.8651990210334403,0.7578686628434633,0.7486535165949709,-1.5020072725649012,-0.720843710697388,-0.4576257811972355,-0.42329376690428805,0.7532610897192171,-0.8762274004075962,46.976950524929286,51.13186126570259,53.95836237842775,36.034843702086214,36.955549588667985,52.30097826792353,52.85348400126633,80.0,52.0,24.0,28.000000000000004,44.0,42.333939945404914,70.54299363057326,59.52866242038216,53.93789808917198,71.11172494475497,60.41568890378813,55.189313517338995,False
EMAMILTD.NS,EMAMI LIMITED,1871159594.7079704,410611862.2351296,105218615.89760138,85432731.93503281,280136551.2315801,7740131.225126385,86481662.81596214,,0.06024,0.12291,2.457,1.679,0.923,255550000.0,923600000.0,21.895603,19.263325,5.93262,4.5570035,4.362,17.021,3.01,0.5495,0.098,0.146,0.145,0.20806,0.68224,0.29422,INR,Consumer Defensive,Household & Personal Products,India,4.286328923308594,0.123,3217.0,7.02753576422502,4.146498870603421,4.909691298268259,5.690357104442294,610583.0,736803.0,766492.3286290322,569397.9,591720.2333333333,34.41934567537335,26.03009984788472,-13.167652672047748,-23.74734738332605,-26.65532623685426,-26.59352281397756,398.2999877929688,-37.61520102364317,-1.1582512289462557,-2.018079822217159,0.0093528556476757,1.2113990680218414,8.609248245937707,5.3634747130340256e-05,,77.35078589733234,41.68339747996535,70.93777820370532,1.0,74.07217613839174,68.05787796286538,60.4897850880839,60.48978508808391,45.86259472621392,0.0,55.0,67.32286508843367,65.0,60.0,68.84817958058105,50.0,35.0,30.871,77.5,70.0,38.28125,real_yahoo,127638.12938611428,20.806201620670976,25.624835903388927,0.0333581813632767,68.2241739697147,0.0735623744818984,0.4789446825710504,3.141376707279573,-39.006657993418536,1.6651240396167042,13.29079091332316,18.275442970425164,2.082877602184939,19.83315895456994,1.638316652535006,1.7765935962582178,19.45078772879445,8.076515327552329,13.549581273575804,13.252336521966113,11.756962259514282,1.90066725155594,15.861929328769651,21.349824180284127,72.92993630573248,51.7515923566879,,2.2493261518857848,25.62483590338893,0.917852007554101,15.005010911068013,0.055370955,1.5849824252597249,-0.4317394562599392,1.0406084490385528,1.553397398691291,1.2407965794596525,1.1679907188363106,0.5664360271325587,0.5399074942749923,-0.21489612762939767,-0.4709457328275546,-0.8650296060793947,0.1686226898691488,0.9745642720708101,0.0,0.0,0.32153756690809154,-0.3372453797382976,-0.34264681626252946,-3.0,0.770846582258966,0.3372453797382976,1.6691301032081114,0.3,0.3,0.1169211327327894,0.44000000000000006,0.44000000000000006,0.06935088209981231,0.9183333333333332,0.9183333333333332,1.0,0.3,0.35,0.35,62.66862841836324,0.11154448042622171,-0.00010200474095327016,0.9549401566969398,0.41414399956872083,0.9432611085018088,0.47849871435560376,1.7547902400085331,1.174552958025673,,3.0,-0.6075391221131199,-0.7141077172296041,1.0963294195883266,1.8682323417248552,0.3960035610246302,1.052829900899422,1.2198211832102692,68.40838530847795,1.4436857345497645,66.72926174284964,-0.40620769744122653,-1.627068977615085,-0.02634679018715805,1.1108800355731425,-1.190606550182684,-1.0267005626454282,-0.9625206945356672,-1.0166383375281558,0.5422666226929922,-1.0566183984736766,40.3214162968579,44.01015488278751,46.10902467308273,52.6295921315529,52.90256295581639,60.70546006295904,55.62103296311229,88.0,36.0,56.00000000000001,56.00000000000001,88.0,49.24931756141948,74.30573248407643,64.38853503184714,57.251592356687894,75.51020408163266,66.972846128059,61.91436659589527,False
COLPAL.NS,COLGATE PALMOLIVE LTD.,5369207565.795418,634849952.9740777,199350319.8020867,142733142.8202646,436763480.6926966,6452619.4686458,144936003.9582661,,0.06024,0.12291,3.791,1.679,0.923,255550000.0,923600000.0,37.570114,34.21433,31.54903395,8.457443,8.211,26.148,2.79,1.0451,0.017,0.003,0.003,0.22483,0.68797994,0.27304,INR,Consumer Defensive,Household & Personal Products,India,19.74077659460041,0.469,2198.0,29.55146821555341,19.1674733785092,22.35970743250511,23.62112939657954,415061.0,465246.0,490603.8004032258,451344.5333333333,393220.97777777776,24.13065513868174,35.097918567294705,-17.400330458994095,-11.861056846529204,-16.63868537623452,-21.87679217069852,1829.5,-33.10095019923119,-0.9052494043892616,-1.1779197054991386,-0.0644662818133667,-0.2903608010851384,2.0662979375054404,1.0244893814186715e-05,,77.00013479608448,27.056207118095365,73.02737682682961,0.0,73.0273768268296,59.02893898143269,68.84817958058103,58.40018646495962,68.84817958058105,0.0,50.0,54.949390025266766,65.0,90.0,60.0,50.0,35.0,21.504,90.0,80.0,48.90625,real_yahoo,288830.73383716,22.4829728901457,31.401171074864457,0.0515753240895171,68.79790707183538,0.0323682423737865,0.4789446825710504,3.141376707279573,-33.198660551794426,3.032101646391605,12.882129560346655,18.791802857848023,3.419412743891704,20.268899235981177,3.004071077808743,3.151012633588151,19.89490237471656,7.695757990554761,13.103394195518597,13.01998847444012,12.573599561671871,3.2036049928389985,15.679996880473588,22.403946167873386,84.39490445859873,51.7515923566879,,1.4548319578086393,31.401171074864457,0.957377117761025,16.086078634866208,0.0,1.5647968775681271,-1.1889225133315469,1.1445977638057208,-0.6437502733315259,1.1868820427858022,0.5839953594181551,1.0189990550028685,0.43207842092729126,0.9712236791953074,-0.4709457328275546,-0.4308576706963974,0.0,0.30951922594858805,0.0,1.011736139214893,0.041494209507233884,-0.3372453797382976,-0.34264681626252946,-3.0,1.2526256961708195,0.6744907594765952,0.8388618221667696,0.3,0.3,0.335736499026646,0.44000000000000006,0.44000000000000006,0.23826492446556743,0.9183333333333332,0.9183333333333332,1.0,0.3,0.35,0.35,60.28856738435108,0.11154448042622171,-0.00010200474095327016,1.1122768686342166,0.8518584846473121,0.9676964562040941,0.9165305881965468,1.8729231617304716,0.9963379594513931,,3.0,-0.4857607396019092,-0.3145344437023635,2.693451313572995,1.6326958860346157,0.5174573351980324,1.346907246286813,1.1485351837805573,61.92944945592441,2.2161113711807245,70.68377943021113,-0.6127756004674791,-1.0663171930638635,0.9004002225339143,0.5706628995108695,-1.7788913428478348,-0.36514103861305713,-0.5365029737234334,-0.8395463967656713,0.7355315610223918,-0.8406747104166032,43.47827902540599,49.92455797759508,48.459025106644425,29.006998008536662,29.479170276657097,64.79798119983239,57.00480744403527,92.0,48.0,8.0,12.0,76.0,39.26296633303002,69.45541401273886,58.45222929936306,51.783439490445865,70.32692057714807,60.12068387529334,54.56475583864119,False
TATACONSUM.NS,TATA CONSUMER PRODUCT LTD,11123332865.569538,2093689278.5199528,284551195.095192,157907926.25578144,855218894.3530171,277090456.878563,246504258.6640852,,0.06024,0.12291,11.869,1.679,0.923,255550000.0,923600000.0,70.60135,50.884377,5.0865774,5.312791,5.392,39.677,0.79,0.5563,0.15,0.376,0.379,0.07542,0.40847,0.10982,INR,Consumer Defensive,Packaged Foods,India,11.239109390125847,0.357,10595.0,13.132193180595891,10.833602237280845,11.958115521135852,12.110922878347855,1316659.0,1825717.0,1532401.3306451612,1298335.3,1230224.7444444443,23.11732078821737,24.415216279008987,-7.394237005185056,-12.583892617449663,-7.221082481426155,9.385993700100869,1042.0,-16.312056059327418,0.464610050701206,0.7774594136778723,-0.0031291170685527,0.1359692732856682,3.1095514157477555,7.487154339800454e-06,,45.09088458253009,39.59379885684107,45.86259472621391,0.0,45.86259472621392,53.00964632714424,62.57938371120818,41.68339747996535,47.9521933493382,0.0,70.0,69.79756010106706,65.0,30.0,30.0,70.0,60.0,33.398998,90.0,60.0,48.90625,real_yahoo,197611.0692326525,7.542089835193116,13.590898994159426,0.1700916926535916,40.84746018079525,0.9737806821927664,0.4789446825710504,3.141376707279573,-14.415595052829875,2.50463651219226,14.022708242577304,19.32288983188224,2.6484553991314543,21.462193552290827,2.4709431318323225,2.561722273031695,20.566868012090776,9.26823185039196,14.242347212719222,14.07659423359701,12.194061141543266,2.573445690290206,19.439854573580103,23.132310799079,55.891719745222936,51.7515923566879,,0.4411351815551641,13.590898994159426,0.4707921057007053,16.66174622378365,0.054535167,-0.27208796236719773,-0.5399084644130259,-0.20726332816746,-0.6437502733315259,-0.21489591073430267,0.19466511980605197,0.679576784100136,-0.43055416585431205,-0.10706705428169734,-0.4709457328275546,-0.6765576422379267,0.6744907594765952,1.107573281295255,0.0,-1.011736139214893,-0.9080006154468081,0.3372453797382976,1.164231339289771,-3.0,1.2526256961708195,0.0,-1.2368088804365849,0.3,0.3,-0.24876532117665792,0.44000000000000006,0.44000000000000006,-0.31031687825103754,0.9183333333333332,0.9183333333333332,1.0,0.3,0.35,0.35,38.89103126638339,0.11154448042622171,-0.00010200474095327016,-0.28967309085073173,-0.4977540017285468,-0.22219796257814242,-0.43406050832658344,0.41861452502183305,-0.37704504655871046,,0.8956734285096347,-0.2741628063970838,0.3427449021843378,1.118243117891587,-0.50854462024029,-0.15184459585235285,-0.05035674331979603,0.07310033850392447,63.34751568017323,0.38618863573224244,44.25385611852336,0.16725658348715547,-0.7677173730085454,0.9916756456629762,0.7455308741899868,-0.38818009357295835,-0.4053721676674356,-0.13596293474346685,-0.30023039476069496,0.8686032599264815,-0.31939177556190185,50.081023798860684,37.28047850534861,60.2639236525809,27.415424174868836,58.926563951161604,41.21047196228716,39.015739192036534,40.0,20.0,68.0,8.0,80.0,60.919017288444046,28.848726114649683,43.796178343949045,49.78503184713375,28.261081502664766,43.067381830372106,48.91188959660297,False
ZYDUSWELL.NS,ZYDUS WELLNESS LIMITED,1513779915.92987,364569222.76003015,38192427.14854254,22276003.70011832,207647638.59309456,327202331.5908357,15929869.1620953,,0.06024,0.12291,53.314,1.679,0.923,255550000.0,923600000.0,67.672806,36.6253,2.4558637,4.1522427,5.026,47.979,0.27,0.1842,1.089,0.146,0.145,0.061100002,0.56957,0.00497,INR,Consumer Defensive,Packaged Foods,India,4.738625363020329,-0.19774,1247.0,5.710444229321286,3.515327525008067,4.418661933957191,4.661000322684737,1497850.0,524372.0,450931.73387096776,2765348.7666666666,1140182.588888889,32.203660798962744,40.38909979164884,16.915153323947596,-2.54069911031124,-8.931143310797795,37.31779421146744,443.0499877929688,-28.756725090098623,1.0171249763451953,1.81652172006938,0.1001954121776486,0.8052459198129963,2.7095973743807185,0.0002238188504726,,39.48046696256448,45.86259472621392,62.57938371120819,0.0,24.966608494971087,18.398713564985588,70.93777820370532,37.50420023371679,35.4146016105925,0.0,55.0,66.08551758211698,65.0,60.0,39.59379885684107,50.0,35.0,19.808,40.0,70.0,38.28125,real_yahoo,292357.0350922455,6.110226072150095,10.476042618024804,0.0296176690709776,56.95698529378442,8.567204443913488,0.4789446825710504,3.141376707279573,-17.01827086080241,1.7472196978562844,13.946699850289654,16.583706531325415,1.9036651528639243,19.714227005675188,1.507477725767965,1.6898489093190894,19.151353160738743,7.129297548929373,13.01907345851616,14.832677682828685,12.585734477721576,1.733600612055888,19.60608929161255,21.13787561609119,72.92993630573248,51.7515923566879,,2.533400908084717,10.476042618024804,0.046424873932381,14.574818794723178,0.100269978,-0.5950567254327495,-0.21540143995376548,0.624651189969882,-0.6437502733315259,-1.293186644211307,-2.0439837579635447,1.1321398119704462,-0.6462123125497127,-0.7540414943679,-0.4709457328275546,-0.4213595858067216,0.1686226898691488,0.9080597674585877,0.0,0.0,-0.6043585365727882,-0.3372453797382976,-0.34264681626252946,-3.0,-0.6744907594765952,0.3372453797382976,-0.9600527867561378,0.3,0.3,-0.6866481223802626,0.44000000000000006,0.44000000000000006,-0.20172843496046894,0.9183333333333332,0.9183333333333332,1.0,0.3,0.35,0.35,38.21451363249148,0.11154448042622171,-0.00010200474095327016,-0.4240293626455718,-0.733789085271882,0.46361661298156165,-0.6702667419816726,-0.8497371812578169,-1.259285018254332,,3.0,-0.7545202213186794,-0.7549303043758538,-0.0808873436735768,-1.0652671518717656,-0.15734140936401753,-0.7510284396559376,0.24628599269826712,36.05095548216713,-0.5238582573627618,31.66198548446568,-0.6424795379417448,-1.8502104068057537,0.17322956338495196,1.611305027204461,2.9904953855041603,0.1536054457249747,-0.20869352647740175,-1.2463449723737492,0.8922672952947064,0.8959827359980174,45.35245386344519,38.80171382514902,55.20514146856482,39.03311096169766,63.763325391917164,43.69427378260811,33.48064126834462,12.0,24.0,76.0,32.0,20.0,55.64149226569608,21.149681528662423,31.96815286624204,36.78025477707006,20.859872611464965,31.79014415018438,36.939136588818116,False
JYOTHYLAB.NS,JYOTHY LABS LIMITED,821956924.7714317,313778646.5311391,50346077.401312254,36778531.74142197,150422714.25190923,5780359.255673873,62474992.27707863,,0.06024,0.12291,3.737,1.679,0.923,255550000.0,923600000.0,22.376345,19.92255,5.314096,2.6195438,2.437,15.189,1.68,0.3759,0.05,-0.071,-0.072,0.11721,0.47939,0.12869,INR,Consumer Defensive,Household & Personal Products,India,2.2383564590728198,0.307,3035.0,4.301387544369151,2.1098203721630635,2.5258535011293968,3.1553823814133595,579016.0,812844.0,721394.4395161291,616485.5,504191.5777777778,32.45306784467785,40.68058032327072,-15.358014455374525,-26.39306295971388,-32.22023300933036,-35.331682804381494,208.0500030517578,-49.4245570424919,-1.593077072392008,-2.6015391311196128,-0.1310261714873681,1.351728040536257,6.850262013846246,8.645265752571567e-05,,51.051953303743545,54.220989218711054,52.13139059558677,0.0,50.04179197246248,48.49517683642789,56.310587841835336,47.9521933493382,41.68339747996535,0.0,55.0,57.42408503790014,65.0,60.0,54.220989218711054,50.0,35.0,17.488999999999997,47.5,70.0,38.28125,real_yahoo,103386.70396413148,11.721171006380798,16.04509355811628,0.0254914335448873,47.9391175641971,0.1148125048471643,0.4789446825710504,3.141376707279573,-47.961990497624406,1.1750659353831918,13.130713572837797,17.9502769270755,1.6679685871185883,19.564198351114204,1.134564966376152,1.2601225349359542,18.828959990335825,8.01829613851552,13.488942725718438,13.331791703536556,11.546241316810514,1.4244044532940077,15.56997656667751,20.52719854990952,72.92993630573248,51.7515923566879,,2.943476269690464,16.04509355811628,0.9153127318830062,14.294683831742384,0.076708131,0.07106634838995086,0.21727459265858162,0.10470461613404355,-0.6437502733315259,0.0007622359610975927,-0.09733255990302622,0.3401545131974041,-0.1070669458112107,-0.43055427432479865,-0.4709457328275546,-0.9303507685925078,0.1686226898691488,0.44252823517303214,0.0,0.0,-0.14141048483234842,-0.3372453797382976,-0.34264681626252946,-3.0,-0.385423291129483,0.3372453797382976,-0.2681625525550196,0.3,0.3,-0.38224727839197276,0.44000000000000006,0.44000000000000006,-0.13365609397463957,0.9183333333333332,0.9183333333333332,1.0,0.3,0.35,0.35,45.30866189014133,0.11154448042622171,-0.00010200474095327016,0.10246321441864079,-0.3117820181168954,0.07971370532188363,-0.24795367558445366,1.7472008353866753,-0.21826709457114368,,3.0,-0.6575524051400841,-0.8339555148828008,0.536885592316861,0.44430740505204297,-0.006031771286145445,0.6498658543525544,0.6626931621715425,52.389525673752615,0.4952254080476929,51.584519540796094,-0.43997414813372576,-1.9955169190145985,0.1507643882741081,0.8235969343145927,-1.4950371240241407,-1.1739541008305916,-1.1992017269028545,-1.217745533574162,0.4871806612943504,-1.2778532956103352,37.75985580852598,26.899842121242145,42.99001517108611,57.50983142399662,30.69631531948245,54.40875307801156,37.63196471111356,56.00000000000001,4.0,12.0,68.0,52.0,31.98362147406733,32.70063694267516,31.18471337579618,31.20382165605096,33.21201091901729,32.42373449547436,33.82165605095541,False
BIKAJI.NS,BIKAJI FOODS INTERN LTD,1686281037.2378187,310750064.92416906,40513221.21114338,26532859.37399161,106490162.41798428,33314995.202753577,34129180.9400882,,0.06024,0.12291,19.446,1.679,0.923,255550000.0,923600000.0,63.51626,46.603153,10.462177,5.4264865,5.471,41.967,0.16,0.1016,0.105,1.175,1.177,0.08538,0.34269002,0.094069995,INR,Consumer Defensive,Packaged Foods,India,6.722598687748736,0.229,2589.0,8.806066473055825,6.373561363880821,6.832300742174895,7.668678068194041,166548.0,161929.0,377809.6995967742,140406.6,167358.51111111112,34.121826143720746,24.62620907197629,-0.6575337484800436,-16.377699358788966,-13.612563992099568,-4.786555517235335,627.0,-24.69582197643473,-0.1274478597367586,-0.252177936472476,0.0587532313295337,1.1110877919765407,7.598121210859809,8.137636789443603e-05,,39.12981586131662,37.50420023371679,39.59379885684107,0.0,41.68339747996535,37.96141469142308,58.40018646495962,31.23540436434393,29.14580574121965,0.0,55.0,63.6108225694836,65.0,60.0,37.50420023371679,50.0,35.0,18.047,45.0,70.0,38.28125,real_yahoo,120027.06254313215,8.538327861803118,13.037236603966482,0.0252453910317245,34.26874985334938,0.8223240267448817,0.4789446825710504,3.141376707279573,-23.65946011970197,2.04415092497773,12.027899538673209,17.345663351655936,2.283001222020651,19.554499500500427,1.9979008138930967,2.0582563036450785,18.48356317657565,7.859413154693583,12.84214855444464,11.852304900162949,11.695480848950575,2.1597163072174834,17.321518189998688,21.245791371981223,72.92993630573248,51.7515923566879,,2.972163498100578,13.037236603966484,0.5060359973529088,14.747621090603555,0.110422344,-0.6152422731243468,-0.6480774725661126,-0.5192312724689628,-0.6437502733315259,-0.4305540574297037,-0.7786604792242079,0.4532952701649814,-0.9696995325928144,-1.077528714411001,-0.4709457328275546,-0.8855299983449126,0.1686226898691488,0.7750507582341436,0.0,0.0,-0.6704939725357081,-0.3372453797382976,-0.34264681626252946,-3.0,-0.4817791139118537,0.3372453797382976,-1.651943020957256,0.3,0.3,-0.6517094521128408,0.44000000000000006,0.44000000000000006,-0.2206927234971449,0.9183333333333332,0.9183333333333332,1.0,0.3,0.35,0.35,33.974474085814734,0.11154448042622171,-0.00010200474095327016,-0.19619294942225776,-0.5397089854399197,-0.5022281864392587,-0.4760459137873125,0.5239517112290177,-0.5095704062669212,,3.0,-0.7166054538637563,-0.7352259325954092,-0.3470743260043549,-1.1830353797168853,-0.16954258669504432,-0.026046982529963875,0.5461718374932315,60.36007990054978,-0.7232568001749936,37.353463690444244,-0.6972286983442072,-1.7605775432428434,0.0004520853550627365,0.9453799881089779,0.5481302702443929,-0.6165254264828293,-0.4077990146907471,-1.2289031207935253,0.4729160367320203,-0.20451079392703797,40.27807677041095,28.146387777705666,53.18960076645252,30.694585176776435,71.83089644599603,37.76313872514848,34.8644157492676,24.0,8.0,92.0,16.0,72.0,58.16651501364877,21.05095541401274,35.30573248407643,39.07324840764331,21.175094241518266,36.376131411330874,41.7515923566879,False
HONASA.NS,HONASA CONSUMER LIMITED,1061313383.6721524,243994627.0840056,16707889.426696785,16750671.743573196,169594379.95052168,15288157.814348714,54139398.773798,,0.06024,0.12291,11.184,1.679,0.923,255550000.0,923600000.0,63.55346,44.832207,7.7330236,4.349741,4.209,60.639199999999946,2.55,0.0,0.162,0.949,0.929,0.06865,0.69507,0.09053001,INR,Consumer Defensive,Household & Personal Products,India,3.260729267505647,0.335,923.0,3.5947079703130043,2.2857911154135744,3.1078519952672905,3.0803190276433257,977124.0,631752.0,1264771.0202020202,696333.8333333334,1158392.2,45.18541115121474,39.13691637030106,3.842869342442357,4.34185468731032,6.91049533135264,27.538177219990235,304.0,-22.156419804717164,0.8768945249088167,1.800786802902562,-0.0206673278983982,0.4657152577219811,11.48985681366889,0.0001108831366433,,55.6104176199656,43.77299610308963,74.07217613839175,0.0,39.59379885684107,27.42765254641828,66.75858095745676,27.056207118095365,24.983187178737047,0.0,55.0,57.42408503790014,65.0,60.0,35.4146016105925,50.0,60.0,48.277,52.5,70.0,38.28125,real_yahoo,264349.54180282296,6.865180575392777,6.847646452864053,0.0198221672837901,69.50742398607473,0.915026274349198,0.4789446825710504,3.141376707279573,-9.290843806104132,1.4494403351853355,13.962544430430611,17.807072755531863,1.5249051999932466,19.31265676696596,1.189607449552417,1.412900263001326,18.948920149585263,6.828712071641684,14.050402442717797,13.45358590600901,12.485031311227688,1.4061751784089878,16.542589153018668,20.782773020234693,72.92993630573248,51.7515923566879,,3.7808701418572266,6.847646452864053,0.779796977372543,15.232352766589663,0.12291,0.33347846838071166,-0.32357044810685254,1.1965924211893046,-0.6437502733315259,-0.538383130777404,-1.4599883985453892,0.9058582980352915,-1.185357679288215,-1.292331355131223,-0.4709457328275546,-0.49679770908853704,0.1686226898691488,0.44252823517303214,0.0,0.0,-0.7366294084986281,-0.3372453797382976,1.164231339289771,-2.2695333377730207,-0.1927116455647415,0.3372453797382976,0.4237276816460987,0.3,0.3,-0.6220882807895196,0.44000000000000006,0.44000000000000006,-0.15743997005394458,0.9183333333333332,0.9183333333333332,1.0,0.3,0.35,0.35,47.729095650544984,0.11154448042622171,-0.00010200474095327016,-0.3531896116521914,-1.0087387742956886,0.9978793642710888,-0.9454157982745167,1.342170414576626,-0.53935692287353,,3.0,-0.6749180117702106,-0.806614425048313,-0.6744907594765952,1.3757470252816268,-0.1447371218411501,0.08399799750849746,0.534257230850588,49.96724591114147,0.24811624366460472,43.00031105113255,-0.03312808770604656,-1.509146345775649,-0.9960930356315052,0.7798799406448133,1.173625248250487,0.5366702042706396,0.46506715658679904,-0.7711372167408478,-0.10810654749334597,0.7062758031594416,42.992376412632716,45.75602497346514,50.11214824785287,32.711851653397595,70.29064130500205,61.06922864262522,36.24819023019058,36.0,40.0,88.0,20.0,48.0,65.6505914467698,43.76433121019109,44.79299363057326,43.37579617834395,44.13752762251398,45.809587663426086,45.36447275300779,False
SRF.NS,SRF LTD,7712720858.7716465,1665556695.8803916,370155964.97794986,191375720.16779608,792714824.3089168,495317864.7735829,68266104.93707648,,0.0677899999999999,0.189060005,34.719,2.05,1.162,228463192.0,548464480.0,40.370495,30.19667,5.4042583,4.6307163,4.88,21.959,0.41,0.1266,0.063,0.596,0.596,0.1149,0.47595,0.1625,INR,Industrials,Conglomerates,India,26.01914596106271,0.026,7625.0,35.764225018823275,25.610411960847586,28.537097988598475,31.25374206733355,513750.0,783025.0,575223.4032258064,612564.6666666666,496857.26666666666,29.61315924337179,45.798161360351926,-4.765467179493498,-21.28260014144137,-13.489637476908944,-16.24687047518507,2416.10009765625,-27.00277320759829,-0.5261237853138794,-0.7914259569894349,0.0018754946417512,0.832582121372225,6.807050121508745,1.0641153275876444e-05,,64.25562956161794,37.90445882784201,68.20391066190513,0.0,58.50808607500492,57.80287667990493,71.7410659233113,35.48050268111696,30.632590387666863,0.0,20.0,76.74058418551463,40.0,90.0,60.0,20.0,35.0,28.191,90.0,50.0,48.90625,real_yahoo,218433.66503349395,11.490195478853837,22.224158798886776,0.3400489280872257,47.59458661897416,1.3381328727286317,0.3493282859801764,7.286133386909359,-27.24812030075188,3.2965457243738494,13.116060086674798,18.038923948615427,3.604525226106641,21.2334252569762,3.2813025662995847,3.3856470322163768,20.490974099927083,8.939318740417509,13.262515510124995,13.325411426538697,12.294242232938608,3.473634069606077,20.020710267518847,22.766136862367137,40.92356687898089,14.331210191082802,,0.3292979946924526,22.224158798886773,0.1211285426945764,16.52134648862822,0.165125008367,0.8311479105446457,-0.6273579072619682,0.9045569560915772,-0.6437502733315259,0.43764644791626356,0.5046931627899371,1.1756336100870874,-0.7506407082320302,-1.000806510960135,-0.4709457328275546,-0.6204720249769013,-1.011736139214893,1.480744419467601,-3.0,1.011736139214893,0.041494209507233884,-1.3489815189531904,-0.34264681626252946,-3.0,1.2526256961708195,-0.3372453797382976,0.3014401053686916,0.3,0.3,-0.14045470513441552,0.44000000000000006,0.44000000000000006,-0.12653378473224336,0.9183333333333332,0.9183333333333332,1.0,0.4,0.3,0.3,51.637869925480835,0.3435447083099576,0.6744907594765952,0.08079005559212146,0.15645022254097976,0.06506937174072049,0.22061808239903352,-0.6264623413389617,0.06622058728893233,,0.37036185956964024,-0.6454877351961037,-0.046840779759266635,-0.2665092587129572,-0.9153803164325222,0.30846385974733054,-0.16056810828306434,0.119078699807983,44.762056217194285,-0.5585012346867615,41.84848020202513,-0.549417786997003,-0.8405429696902394,0.4065672820705,1.262328192214878,-0.02281674920484005,-0.8895192437845532,-0.40257082746135486,-0.6949803783436213,0.8344477371426889,-0.48342397051367975,46.16492802765357,42.25999315393936,51.32430145957871,41.49211310225789,64.29856901494091,63.32112098999303,42.55562739904881,34.883720930232556,34.883720930232556,79.06976744186046,32.55813953488372,41.86046511627907,60.60054595086443,51.57324840764331,48.14649681528662,45.13057324840764,51.80033796958274,48.55179349648005,45.65109695682944,False
UPL.NS,UPL LIMITED,5374741857.889642,5278799677.487362,782107166.7849845,174357318.188663,2625685706.442939,3229213617.4680004,511993127.0732495,,0.05633,0.06347,79.613,2.084,1.0425,92923064.0,284800000.0,28.244148,13.757462,1.518483,1.018175,1.653,11.16,1.01,0.2865,0.125,-0.517,-0.522,0.0358,0.49740002,0.1309,INR,Basic Materials,Agricultural Inputs,India,6.3585027428202645,0.524,12000.0,8.736151446703238,6.078842637409917,7.154168011186405,7.586519307303432,3286519.0,2943177.0,2799291.7802419355,3540533.7,3071920.0444444446,30.8939804199904,55.10720695185716,-4.792482420482802,-25.42287847667799,-9.354939019423869,-8.273042502297967,593.0,-29.477863112392143,-0.1131327426893408,-0.1246108916356747,0.0660370567287648,-0.7894126254075792,7.763389043588688,9.352688173604203e-06,,64.7598124656168,60.74184174818911,67.87138273150045,0.0,60.7418417481891,72.67468163062846,69.9739478744831,46.4827597815664,46.4827597815664,0.0,80.0,62.94047996215285,65.0,50.0,90.0,0.0,60.0,35.658002,62.5,70.0,48.90625,real_yahoo,439899.9731239468,3.302972812782598,14.816003913170976,5.776476013188964,49.7402035853107,4.128863350968079,0.2768871837812853,2.4356156227078536,-27.21620290568826,1.995856480363724,14.937813671241166,20.053821761181776,2.275845910895307,22.38696457520056,1.9571104250506828,2.09852920894152,21.68860792076053,9.39274525863144,14.844877364757092,15.07978831890152,12.99430491948246,2.150193451004258,21.895504482764736,22.404976383553752,72.92993630573248,51.7515923566879,,0.0539516589755421,14.816003913170976,0.1368524013863421,16.694669995547265,0.045285845,0.8601716552804806,0.5548294429635514,0.8880086337290627,-0.6437502733315259,0.5529144241003642,1.4666074137616907,1.07995347731759,-0.18289378557143898,-0.18289389404192563,-0.4709457328275546,-0.02395299773479703,1.011736139214893,0.7390214271097739,0.0,-0.3372453797382976,0.9909890344612758,-2.023472278429786,1.164231339289771,-2.987794733963201,0.1927116455647415,0.3372453797382976,1.3546345422076032,0.3,0.3,0.3295226678919246,0.44000000000000006,0.44000000000000006,0.15005319846369267,0.9183333333333332,0.9183333333333332,1.0,0.5,0.25,0.25,67.5237768260859,-0.008603981961251105,-0.6062666438077392,-0.6874427485049621,-0.40491898560267175,0.15638368807869177,-0.34115817710862095,-0.5794667641406523,-0.19967147857259993,,-0.9229701677719293,0.2789322133704313,-0.31390227535389525,0.2487849116828226,-0.2730081645500504,-0.35655163445590526,-0.4483970412730351,-0.3106111333720223,37.079238212745395,0.013978027378029778,42.762301791396105,1.115824127125648,-0.7506397530184294,0.29119815953463346,0.48479023337380284,-0.026571501218613645,-1.1199561960314566,-0.22671798042270522,0.18259218705360925,0.3879941964542182,-0.5239693229049783,50.792672691708574,63.81582494735768,50.5694972601414,58.59092953202979,40.78122111383852,81.52005215735383,54.111460802105405,45.45454545454545,77.27272727272727,31.818181818181817,68.18181818181817,22.727272727272727,30.98271155595996,73.91082802547771,55.82165605095542,48.20063694267516,74.1648251657351,55.52463962453905,46.72682236376504,False
AARTIIND.NS,AARTI INDUSTRIES LTD,1597176185.350113,863646336.1514467,115733566.01054104,40644294.20243089,284129281.1014306,427342152.00602347,18177906.851672582,,0.05633,0.06347,69.555,2.084,1.0425,92923064.0,284800000.0,39.24184,25.635834,2.6075976,1.8493406,2.318,17.301,0.24,0.096099995,0.26,1.882,1.891,0.047059998,0.32898998,0.08844,INR,Basic Materials,Specialty Chemicals,India,4.398192965472733,0.505,5868.0,5.324298160697,3.636119178229537,4.569710659352479,4.284903732386791,1119382.0,891958.0,1525041.526209677,836501.8,1005645.7777777778,37.10076204801611,46.31605505454703,-5.6011085151336015,9.307306466600629,9.615128206156577,5.222639959388942,408.7000122070313,-29.962729333287065,0.2591195800871582,0.445382742815377,-0.0758212448057787,-0.0579333906701959,7.388506679467147,3.344673531029736e-05,,44.35118288352937,41.72973245935884,48.85927344267019,0.0,41.72973245935884,47.9386653063065,55.03084472649076,29.84716415383992,29.84716415383992,0.0,65.0,60.35238396972228,65.0,65.0,29.84716415383992,70.0,60.0,22.237,72.5,60.0,38.28125,real_yahoo,147178.9938908396,4.706127091738582,13.40057395788527,0.9450694569701842,32.8988000305262,3.692465088020368,0.2768871837812853,2.4356156227078536,-17.393939393939394,1.6860642615435324,13.821141452457285,16.71571756042546,1.844399065721112,20.57667391096848,1.5338776322716594,1.7173431063336515,19.464939911211903,8.677439540558334,14.237532853673974,13.636985146683749,11.8994115649725,1.6648544039030924,19.87309554542345,21.19150302341917,55.891719745222936,51.7515923566879,,0.3297646132201715,13.40057395788527,0.0408015452733606,15.718726113945625,0.05737053331735,-0.3146695594863822,-0.42934090530937724,-0.0581329818640546,-0.6437502733315259,-0.42816304422922846,-0.1333279467056092,0.2708631654754933,-1.0413365703598327,-1.0413366788303193,-0.4709457328275546,-0.8123963293235115,0.5058680696074465,0.5999173831877591,0.0,0.1686226898691488,-0.9128378436133571,0.3372453797382976,1.164231339289771,-3.0,0.5781349366942244,0.0,-1.0040821652962089,0.3,0.3,-0.558617812437756,0.44000000000000006,0.44000000000000006,-0.08528609567311463,0.9183333333333332,0.9183333333333332,1.0,0.5,0.25,0.25,36.86951788244808,-0.008603981961251105,-0.6062666438077392,-0.5557803777268571,-0.5121762993925908,-0.5605502666239325,-0.4484932636642067,-0.866544224699695,-0.5569429063093293,,0.37255361812302185,-0.7498368669550659,-0.7454041570366431,-0.3647986569214759,-1.0973857594658891,-0.42336401852853045,-0.6366161961301765,-0.12963875799297625,45.23684983935606,-0.6944628530664618,30.290661900878522,0.1617460268188588,-1.2568636103982693,-0.2678736010428293,0.5144553362211531,-0.13895955870372412,0.8130341300508201,0.5800978888443319,-0.5475587917897052,0.12329086758916191,0.45755515106251043,45.594971890899394,30.823104927306144,51.619996342426376,37.337662763979125,78.68708371767738,39.67747929743431,33.669337788470486,13.636363636363635,9.090909090909092,100.0,27.27272727272727,40.909090909090914,60.100090991810724,20.840764331210195,32.88216560509554,37.01910828025478,20.525152736253744,32.70197787462286,37.09837225760793,False
PIDILITIND.NS,PIDILITE INDUSTRIES LTD,13913960355.03926,1522920379.8214478,346764817.8982468,246530054.1680112,832884790.190384,47625042.7449715,342614825.7717543,,0.05633,0.06347,4.539,2.084,1.0425,92923064.0,284800000.0,56.690456,47.481163,13.543177,9.136368,8.979,39.434,0.79,0.4449,0.101,0.118,0.119,0.16188,0.5469,0.21386999,INR,Basic Materials,Specialty Chemicals,India,13.67107669140583,0.355,8153.0,16.940410885231795,13.646337528234914,15.2675486716145,15.8794170162418,722516.0,921305.0,681620.1693548387,760736.7,634746.8,19.88549179190381,32.9115523845931,-13.094508660120264,-14.08527019625866,-13.171534415787711,-9.865722934657528,1273.5999755859375,-18.54173485219459,-0.4084361263078437,-0.5753578008798463,-0.0227889628628253,-0.1127116433441338,1.6940931173771143,1.125707982138486e-05,,71.6841689309679,27.470650492736137,70.24789639260423,0.0,70.24789639260423,76.79735101801545,57.52136191782281,41.72973245935884,48.85927344267019,0.0,40.0,69.41071994322928,65.0,10.0,90.0,40.0,35.0,15.939,65.0,20.0,48.90625,real_yahoo,186792.6382707528,16.187980503413787,22.76972732736708,1.6664987462116632,54.68997599782821,0.1373410458235887,0.2768871837812853,2.4356156227078536,-19.29902536588464,2.685877983558869,13.36098303362945,19.65211742012672,2.887055759670034,21.143895631634365,2.6841903061356467,2.789172244336698,20.54040588467208,9.006263883379198,13.432229312340704,13.542043899373498,12.137759747830527,2.826094951618897,17.678869309940303,23.356158515230007,13.694267515923569,51.7515923566879,,0.1870091199602903,22.76972732736708,0.8779595664430933,16.047510363284346,0.0352321969999999,1.258778496004952,-1.1674686665140739,1.0062763356782025,-0.6437502733315259,1.0434531582651605,1.7332633071729073,0.4057115507825088,-0.42816315265383675,-0.06025921050072637,-0.4709457328275546,-0.7056970628988903,-0.3372453797382976,1.0867815369148117,0.0,-1.6862268986914881,0.9909890344612758,-0.6744907594765952,-0.34264681626252946,-3.0,0.2890674683471122,-1.3489815189531904,0.8828912007068407,0.3,0.3,0.14255577818173396,0.44000000000000006,0.44000000000000006,-0.3913602225024478,0.9183333333333332,0.9183333333333332,1.0,0.5,0.25,0.25,58.749490668935096,-0.008603981961251105,-0.6062666438077392,0.5215979717391983,0.1977918761032746,0.36710875185221054,0.26198971298220647,1.6355594371494895,0.4984633962884971,,-0.29798463702111144,-0.07393491611749126,0.6615113028680542,0.7592451780411187,-0.50854462024029,0.02687118831146806,0.8800960888574838,0.12488919926012099,66.24604963351437,0.1887397688144848,63.95132729799879,-0.4697546092295666,-1.0863226253235567,1.282780510492745,0.7486535165949709,-1.180440524782839,-0.48893487660130436,-0.38904158717332105,-0.7780386172765617,1.015717013543858,-0.6664185842273697,46.07228692305523,49.19094681413352,63.58346246528842,18.18829283604324,59.590186280373445,62.45556870513482,57.256402804203084,95.45454545454545,50.0,72.72727272727273,4.545454545454546,81.81818181818183,43.72156505914468,74.69108280254778,72.46496815286623,67.95541401273886,75.40946314831666,74.20046932618169,71.11818825194621,False
DEEPAKNTR.NS,DEEPAK NITRITE LTD,2017214398.7953105,854730564.0959449,99681074.58319888,57345382.2953641,188255345.3372056,133795848.81144457,36450467.89286867,,0.05633,0.06347,22.412,2.084,1.0425,92923064.0,284800000.0,35.13928,26.30112,3.3979142,2.3600588,2.482,21.281,0.54,0.1919,0.038,0.018,0.017,0.067090005,0.22025,0.077649996,INR,Basic Materials,Chemicals,India,14.78971711304722,0.166,1757.0,23.38388727546521,13.767882112509412,16.37979993546305,18.280934710121542,156638.0,294479.0,280051.8467741936,154245.2,162767.55555555556,31.28411111702174,37.665971718072655,-10.88039786440522,-20.442340473616195,-24.863657858000188,-31.40271829841621,1377.699951171875,-39.00753956378982,-1.2757171545906747,-2.0505647532561166,-0.0738112931679666,-0.719635844594206,7.145246009659223,3.713933529881147e-05,,36.33350697628073,36.97670513715127,34.600191476047485,0.0,39.35321879825505,29.38665306306504,72.46446506581515,36.976705137151264,39.35321879825505,0.0,65.0,70.70476793944457,65.0,65.0,34.600191476047485,70.0,60.0,24.759,65.0,60.0,38.28125,real_yahoo,486471.5788821543,6.709176517633805,11.66228034545978,0.9353131209536258,22.02510981180656,1.3422392301737454,0.2768871837812853,2.4356156227078536,-36.75252989880404,2.7593589125305744,12.00008456620201,17.411464880338084,3.193922556604164,20.566296848694847,2.692454695097908,2.8553086085778414,19.05330982443864,7.471932078245122,12.542733602821784,11.946305306131928,13.094935814954225,2.959116768822676,18.711825687325653,21.424983386647863,55.891719745222936,51.7515923566879,,0.3332044178170171,11.66228034545978,0.2141042966361291,15.236662423129465,0.051290107,-0.7762143224305069,-0.6753834923776096,-0.7677391935588929,-0.6437502733315259,-0.550797727770428,-1.3332794670560832,1.2148018626246055,-0.6734325197362356,-0.550797944665523,-0.4709457328275546,0.10148752278285329,0.5058680696074465,1.1563335588758192,0.0,0.1686226898691488,-0.762405348769982,0.3372453797382976,1.164231339289771,-3.0,0.2890674683471122,0.0,-1.6330732872972256,0.3,0.3,-0.25771724111109906,0.44000000000000006,0.44000000000000006,-0.010920793369181968,0.9183333333333332,0.9183333333333332,1.0,0.5,0.25,0.25,32.23684910046424,-0.008603981961251105,-0.6062666438077392,-0.36782796211984864,-0.6438993159577576,-1.0234643773009697,-0.5803117931873086,-0.348575767337921,-0.6477333004300317,,0.38871075869768745,-0.7117694987416927,-0.6974242421412348,-0.05607330294782635,-0.7761996835246532,-0.4584095497878659,-0.47603058155508426,-0.16191563049759083,55.767000583838254,-0.3801301742073984,33.83317929507297,-0.7704236035175809,-1.5069109191300307,0.25605739436580904,1.0437432238659814,-0.8727091603941023,-0.8427526108986114,-0.8863192523723974,-1.1386672613238058,0.6499003091158952,-0.8648095681893945,40.41229279002934,41.18869394318632,40.85870566495362,34.199916905335925,55.67575283226223,33.30178289988925,41.53169279371468,22.727272727272727,31.818181818181817,63.63636363636363,22.727272727272727,59.09090909090909,27.388535031847137,16.050955414012737,25.14649681528662,27.385350318471335,16.047055764981152,25.615152531009052,28.62349610757254,False
NAVINFLUOR.NS,NAVIN FLUORINE INT. LTD,3241873196.0847588,330980965.3866839,100533504.74346565,58716790.01828547,187392704.91556412,126569858.49198666,92943965.23609766,,0.05633,0.06347,32.677,2.084,1.0425,92923064.0,284800000.0,54.46619,39.674225,8.325394,9.794742,9.912,32.633,0.22,0.1249,0.472,1.145,1.218,0.1774,0.56617,0.30415002,INR,Basic Materials,Chemicals,India,63.16015919113693,0.228,5500.0,74.91663977627192,39.48155318920082,67.24663870065612,59.55112401850059,215599.0,163610.0,215191.5353535353,175921.13333333333,193682.86666666667,33.71787282700567,42.893893131109145,-6.029669803796455,-4.000651837366576,28.953538744469665,40.3982616115028,5891.0,-12.282257196305412,1.1804639432941275,2.0807230936336847,0.1501843149660699,0.832380822308763,5.116622850798243,2.495004799740521e-05,,75.69300688459222,25.094136831632355,72.62441005370802,0.0,73.95525770392614,50.00000000000001,50.04981034382664,27.470650492736137,34.600191476047485,0.0,65.0,69.41071994322928,65.0,65.0,32.2236778149437,70.0,80.0,39.653,85.0,60.0,36.09375,real_yahoo,486471.5788821543,17.74023166247245,30.374406765661792,0.3621852929051377,56.61736610642667,1.258981856993435,0.2768871837812853,2.4356156227078536,-15.69274946159368,4.161382444713799,12.173982555614778,18.347507355942927,4.329635893262524,19.617571428324464,3.700846393541567,4.223128183045021,19.048717004468745,,12.27928841964927,12.077796751879385,,4.103488033303278,18.656304962647027,21.899417146936297,55.891719745222936,51.7515923566879,,0.8604724433843777,30.374406765661792,0.4234082558337146,16.42495755603894,0.055542597,1.4895508774770145,-1.29048996004819,1.1245440376273423,-0.6437502733315259,1.2347632645894313,0.0,0.001166394861460659,-1.1639712539010318,-0.7960673117479212,-0.4709457328275546,0.10148752278285329,0.5058680696074465,1.0867815369148117,0.0,0.1686226898691488,-0.8376215961916696,0.3372453797382976,2.369733863731611,-2.7604032373279708,1.0599140506060782,0.0,1.0401389812070951,0.3,0.3,0.043011431666058086,0.44000000000000006,0.44000000000000006,0.062444226586846105,0.9183333333333332,0.9183333333333332,1.0,0.5,0.25,0.25,62.25925166284423,-0.008603981961251105,-0.6062666438077392,0.66725057082245,0.7740531638759213,0.4491425623490164,0.8386688504334734,0.2769933480556846,1.2581071837170128,,2.8653466750024923,-0.5940761573333688,-0.5575345297555137,-0.2719876832887722,-1.1187981645286382,0.17945734673232835,0.5859148743634685,1.2195795422374283,51.79296921197428,-0.6530523998467119,62.10823035494417,-0.8189869077113282,-0.8905400834423068,0.03683791387322161,0.94694130931147,-0.198523764045049,0.07234833458247956,1.402579766382038,-0.8547634955768175,0.49188961159234584,0.39015613453408854,45.014044237173536,62.11674621508987,70.511526551853,21.622198513494897,75.56430916178657,78.53500333379331,58.828873805251924,90.9090909090909,72.72727272727273,95.45454545454545,9.090909090909092,50.0,74.06733393994541,79.89171974522293,77.16242038216559,72.18471337579618,80.8267255946965,79.43010392222594,76.4189667374381,False
CLEAN.NS,CLEAN SCIENCE & TECH LTD,807918002.6245025,167069956.04775733,40381762.71915672,26403678.08970636,64698934.79617081,2297214.1551037966,41232548.99429924,,0.05633,0.06347,1.1622750000000002,2.084,1.0425,92923064.0,284800000.0,30.610918,25.92359,5.001982,7.735728,7.377,19.08,0.84,0.2599,-0.088,-0.301,-0.301,0.25281,0.61949,0.2409,INR,Basic Materials,Specialty Chemicals,India,7.599225556631171,0.027,458.0,17.209852640636765,7.013014951059482,8.056512853608691,10.70211896310638,285238.0,263740.0,274854.43548387097,263836.1666666667,277308.26666666666,32.098394281141225,42.355355557722405,-4.304481267366955,-18.71937542133023,-35.56027659087428,-40.48864485243402,710.2999877929688,-57.3796048892238,-1.4994254853124536,-2.356980735834597,-0.1042060740791362,0.4085580945546545,2.4265287945083984,8.71395444590966e-05,,75.32856707062638,29.84716415383992,73.95525770392614,0.0,72.62441005370802,50.00000000000001,62.50239630048693,44.10624612046262,41.72973245935884,0.0,65.0,68.11667194701398,65.0,65.0,73.95525770392614,70.0,35.0,20.903,52.5,60.0,38.28125,real_yahoo,228034.5335608566,25.281237565513564,38.6651031401267,0.1142862262156089,61.94853365733701,0.0056868238459673,0.2768871837812853,2.4356156227078536,-55.84374999999999,2.1516721476500624,12.53288864852358,17.534738550801116,2.9019628014847405,18.933923187142632,2.081067088644621,2.203484151218716,17.985255311054104,6.129050210060545,12.524000549276163,12.48308739890415,12.337256744744517,2.459769933363454,14.647208145157464,20.509971130673115,55.891719745222936,51.7515923566879,,1.7046751357173355,24.170571223238664,0.9472265873071882,14.552043731421094,0.046974147,1.4685715700704636,-1.044447372979958,1.1907739507188606,-0.6437502733315259,1.1660878418063598,0.0,0.6754083213965415,-0.30552846911263787,-0.4281632611243234,-0.4709457328275546,-0.5946121061296399,0.5058680696074465,1.0172295149538035,0.0,0.1686226898691488,0.48317570853316366,0.3372453797382976,-0.34264681626252946,-3.0,-0.1927116455647415,0.0,1.197386761707349,0.3,0.3,-0.036010480988125954,0.44000000000000006,0.44000000000000006,0.1601802992843382,0.9183333333333332,0.9183333333333332,1.0,0.5,0.25,0.25,64.00800168532729,-0.008603981961251105,-0.6062666438077392,1.3748468274399472,1.4022988917921664,0.6761297328570453,0.36821870739676243,1.84258518637097,0.7259021684137462,,3.0,-0.7018069520738253,-0.8355591458579641,0.16306368008477556,-0.4550136075834174,0.46932446068987976,1.0316836229351558,1.0403608673654985,62.56365342809787,-0.11507109936591128,67.14792217479976,-0.7743150967895598,-1.8620238733525498,0.1827113755341987,1.2607668710123858,0.04125403893152052,-0.7468569286934649,-1.341257109922231,-1.3181694850710548,0.7217391232732923,-0.6887436927745991,39.77285826573137,39.36423751970874,44.32084498878238,32.06736529100785,31.739181472344836,73.61510435806653,49.39404779895889,100.0,27.27272727272727,13.636363636363635,18.181818181818183,72.72727272727273,23.976342129208373,68.53503184713378,53.605095541401276,44.87898089171974,69.64773170414662,55.688903788132755,48.30856334041047,False
ATUL.NS,ATUL LTD,1994451794.084113,651297175.0887383,110182311.88555448,63918466.60212972,226481660.75077984,20224804.04431537,133497900.82822417,,0.05633,0.06347,3.14,2.084,1.0425,92923064.0,284800000.0,31.16279,24.720394,3.133458,3.0622761,2.899,17.135,0.4,0.123900004,0.111,0.478,0.478,0.09814,0.34774,0.10629,INR,Basic Materials,Specialty Chemicals,India,67.74228245670646,0.183,3365.0,83.76895772829945,51.11326234269119,68.19145961062709,67.78057437883189,26777.0,43157.0,59274.1370967742,30832.4,26640.29333333333,29.01461953360852,28.8738422863759,-3.598223855458582,2.5240188894316784,4.437256365596753,9.426758662642245,6296.0,-26.150829736382008,0.4296284142046261,0.7312808994465981,0.0309849971855447,0.535573056639731,2.706149564560618,5.882810591169103e-05,,53.8266180466414,34.600191476047485,53.61230076487775,0.0,53.61230076487775,47.9386653063065,60.01187910915488,34.600191476047485,32.2236778149437,0.0,65.0,68.116671947014,65.0,65.0,39.35321879825505,70.0,60.0,28.606,45.0,60.0,38.28125,real_yahoo,193550.42350333976,9.81402484870611,16.917363701223223,0.7127003749361044,34.77393567996391,0.1835576300606463,0.2768871837812853,2.4356156227078536,-19.131997945557263,4.230364475070418,10.190217672024431,18.709596319038557,4.439929411255113,20.294476587699982,3.953419471887465,4.236877438975839,19.23817453603692,8.121480374750751,10.989945223824634,10.336353796992231,12.173298510684717,4.230921355926388,16.822420381520732,21.41363506009518,55.891719745222936,51.7515923566879,,0.4372811842170149,16.917363701223223,0.8684332021018955,15.20563914343909,0.05560606674612,0.23079243308394737,-0.7984047859117259,0.1784024220342247,-0.6437502733315259,0.18501037347676677,-0.1333279467056092,0.5405599360895259,-0.7960672032774345,-0.9187019952891204,-0.4709457328275546,-0.6874949828262528,0.5058680696074465,1.0172295149538044,0.0,0.1686226898691488,-0.611972853926607,0.3372453797382976,1.164231339289771,-3.0,-0.4817791139118537,0.0,-0.6895866042957007,0.3,0.3,-0.3532783165975247,0.44000000000000006,0.44000000000000006,-0.025283168959305997,0.9183333333333332,0.9183333333333332,1.0,0.5,0.25,0.25,41.56315587490735,-0.008603981961251105,-0.6062666438077392,-0.07649029647157546,-0.24568383212088532,-0.48073004931768826,-0.1818075614933905,1.6070869737680655,-0.40674754632109056,,0.8775707790672894,-0.5095898286131418,-0.7000243575637892,-0.2752102730900174,-0.9260865189638966,-0.26622548709250865,0.6231949793742647,0.056693676238386115,68.56276015808184,-0.568104583733263,47.075201257700655,-0.9357280067716245,-1.5230027504427717,0.4604803515753014,1.0172007634236153,0.13941423822996288,0.4354942670435759,0.3598778379442877,-1.229365378607198,0.7388405574994583,0.32398532966970556,43.15933995720931,36.533087619781156,62.484276316476986,38.75390019742747,66.46374621163923,43.52619605851971,36.814279790568165,54.54545454545454,22.727272727272727,81.81818181818183,31.818181818181817,86.36363636363636,55.16378525932665,36.05414012738854,48.99363057324841,53.03184713375796,36.26348628623424,50.214549111632586,56.05803255484784,False
FINEORG.NS,FINE ORGANIC IND. LTD.,1439472122.878348,252475400.15058625,49975980.20866946,42669904.87253953,98671051.7371195,2297214.1551037966,125110771.38862,,0.05633,0.06347,1.1622750000000002,2.084,1.0425,92923064.0,284800000.0,33.682384,31.429794,5.402819,5.701435,5.212,26.33,0.25,0.085,0.081,-0.106,-0.106,0.16900998,0.39081,0.14527,INR,Basic Materials,Specialty Chemicals,India,46.94955361944713,0.11,869.0,59.09433150478649,38.72378186511778,46.682327632569645,49.20913197805744,19125.0,26883.0,34518.004108225796,26057.695,26640.29333333333,32.03186022709993,47.689291517668245,-2.325850333146573,6.003099889465902,-3.252775949279374,8.962499366694754,4363.2998046875,-28.621745217420703,0.3337723622346122,0.5661808999361299,0.0255874832790262,0.6812445744084191,2.6231607117314506,0.0001729545385404,,61.84429395389004,32.223677814943706,58.36532808708532,0.0,63.11835540929288,43.81599591891951,64.99291349181898,32.2236778149437,27.470650492736137,0.0,65.0,68.116671947014,65.0,65.0,67.87138273150045,70.0,35.0,13.351,45.0,60.0,38.28125,real_yahoo,290535.5582860601,16.900618772002947,19.794395881286587,0.2762783553067758,39.08145176847654,0.0352312951941322,0.2768871837812853,2.4356156227078536,-20.55151073898799,3.8701494919940846,10.190217672024431,18.64471008195065,4.095915519368948,19.34682438074814,3.6819500477642735,3.8645608393627264,18.40730217604895,6.76849321164863,10.335913003163729,10.168106772678984,12.57948469343553,3.9161969220672126,14.647208145157464,21.087542302687176,55.891719745222936,51.7515923566879,,1.1280306906341533,19.794395881286583,0.981969621878093,14.1849549451304,0.05807505,0.6923371960280722,-0.9214260794458418,0.414937825932504,-0.6437502733315259,0.6755491076415631,-0.3999838401168253,0.8102567067035574,-0.9187018868186339,-1.1639713623715184,-0.4709457328275546,-0.42626572968900456,0.5058680696074465,1.0172295149538044,0.0,0.1686226898691488,0.2906221151336434,0.3372453797382976,-0.34264681626252946,-3.0,-0.4817791139118537,0.0,-0.0605954822946841,0.3,0.3,-0.22353048620636892,0.44000000000000006,0.44000000000000006,0.1056538919372001,0.9183333333333332,0.9183333333333332,1.0,0.5,0.25,0.25,49.533419103310926,-0.008603981961251105,-0.6062666438077392,0.588467057595862,-0.027670399404984503,-0.29737788439306717,0.03636395375334832,1.9464254074825689,-0.07875790305265618,,3.0,-0.5270628004593334,-0.7634182977834888,-0.40056953068584294,-1.0866795569345145,-0.0712961132433788,0.8958916079314976,0.7184968387789376,59.126245731275034,-0.7093190424977451,57.857380285867436,-0.9542638353954882,-2.0524334910571977,0.18870438655995517,1.13117721120554,0.3162568970485459,0.6291307227004097,0.03281309784405611,-1.503348663226343,0.6599407988827476,0.3563732875479445,40.485127512641625,32.95525679381425,58.19386104327526,29.305123563017457,48.517577199808066,54.75605102490696,43.10416379476352,81.81818181818183,13.636363636363635,45.45454545454545,13.636363636363635,68.18181818181817,35.05459508644223,50.76433121019108,52.01273885350319,50.57324840764331,51.46236838684519,53.87864565873283,54.35244161358811,False
SUDARSCHEM.NS,SUDARSHAN CHEMICAL INDS L,650237466.7096913,897996871.592987,50590429.77304507,-6501774.9381520925,441755736.77530384,271915671.72206086,137840158.67484134,,0.05633,0.06347,64.493,2.084,1.0425,92923064.0,284800000.0,29.427533,24.056307,1.7039361,0.72409767,0.913,16.211,0.59,0.6618,1.3302999999999976,-0.0349999999999999,-0.0349999999999999,0.0,0.49193,0.0,INR,Basic Materials,Specialty Chemicals,India,8.271485425406045,0.324,1350.0,17.24212111433796,7.813273098849091,9.246133161234807,12.027232440572227,89315.0,174177.0,253402.1693548387,114189.26666666666,88157.98888888888,42.99301745507253,47.74935506113626,-11.263752095585334,-19.573704506767097,-43.74907658988699,-21.95452346698098,762.2000122070312,-50.9384465395655,-0.4855941503510178,-0.8791963246826938,0.0637087756149952,1.3476593742809715,6.803950308793546,0.000135828600286,,44.715622697495206,65.49486907039667,65.49486907039667,0.0,29.84716415383992,17.018644900904064,73.90896503678775,39.35321879825505,63.11835540929288,0.0,65.0,60.35238396972228,65.0,65.0,36.976705137151264,70.0,60.0,27.549,35.0,60.0,38.28125,real_yahoo,665182.867846657,-0.7240309118915274,5.633697774837566,0.982658502992234,49.193460550887934,5.374844075093022,0.2768871837812853,2.4356156227078536,-52.02744853399876,2.226943606806073,11.386897155274792,18.741605308590422,2.90373326704839,20.615677143624534,2.176258891819528,2.3269003818443097,19.90626765781839,7.208600337960199,12.442737054110763,11.645621341982103,13.407818774423337,2.567041969541752,19.421002549434917,20.292848189073386,55.891719745222936,51.7515923566879,,0.3171503253622517,5.633697774837567,0.3363958446700443,14.555547693956612,0.0214655539999999,-0.29369025207983157,0.8008720300317834,0.7697409317799235,-0.6437502733315259,-1.0413364619352243,-2.133247147289733,1.2930139261026754,-0.5507978361950364,0.6755488907464681,-0.4709457328275546,0.5828459974396283,0.5058680696074465,0.5999173831877591,0.0,0.1686226898691488,-0.6871891013482946,0.3372453797382976,1.164231339289771,-3.0,-0.8672024050413367,0.0,0.25390007870582426,0.3,0.3,-0.14383977977637352,0.44000000000000006,0.44000000000000006,-0.09909779645323435,0.9183333333333332,0.9183333333333332,1.0,0.5,0.25,0.25,52.178143395763286,-0.008603981961251105,-0.6062666438077392,-1.0653091495662574,-1.1007284017567396,0.1330974097136818,-1.0374721278324923,0.016930054037738222,-1.3011041184863514,,0.31330292046519354,-0.500543569145084,-0.8535705992250328,1.4582277018612855,-0.7226686708677806,-0.573615425735479,-0.5629911459908886,-0.4421159172782422,43.0893280140383,0.47682433413320585,35.55558917010147,-0.7903771986026819,-1.8602063616448752,-0.7986146197570558,0.7970544738722265,-0.9259901980158682,-0.7944066281879325,-1.6895349368214552,-1.3252917801237785,-0.0007800729424146668,-1.10242019172637,34.44121349483507,56.68660025223291,49.80187375877421,51.622360005725426,63.65720897818133,69.94667240226829,39.95922179266584,27.27272727272727,63.63636363636363,77.27272727272727,50.0,36.36363636363637,35.282074613284806,51.65605095541402,45.01910828025477,40.248407643312106,52.63876251137397,47.20415688903788,44.33121019108281,False
ANANTRAJ.NS,ANANT RAJ LIMITED,1742856679.2728837,258733376.1858664,67422502.74282026,56703088.56620415,77027280.1979133,60607720.51199312,40575454.79186834,,0.02486,0.06642,12.727,1.275,0.628,440619008.0,608512000.0,29.644268,19.620668,3.5109074,6.7361107,6.848,26.279,0.16,0.0481,0.2,0.282,0.308,0.21916,0.29771,0.24361,INR,Real Estate,Real Estate - Development,India,4.84027105517909,0.278,1725.0,7.998816822630956,4.045928794234699,5.39025492094224,6.056082607292675,3509235.0,2923405.0,2651151.243951613,2327412.3,2958317.911111112,53.636346493962286,55.50289180773341,-11.26497847494714,-17.45843046302299,-35.38582790172987,-9.22353233219444,451.75,-44.84773984883924,-0.0756684834576032,-0.1344724244184487,0.1214858341189884,-0.4630976127997406,5.358339720800121,2.192873776979213e-05,,33.4173121421037,51.7038855027412,25.49026238364589,0.0,41.873776833080456,46.26552801701023,50.06995256233908,33.669839136950664,28.766965273532808,0.0,80.0,63.83337002490164,65.0,75.0,32.04366816341972,70.0,35.0,10.798810000000001,27.5,65.0,36.09375,real_yahoo,647548.5622857143,21.91564513326272,26.058680073183112,1.3306220243835456,29.770909858409293,0.8989242173815204,0.1662316814177771,35.15045221395326,-39.48766220668325,1.7647772093211231,14.90013172952839,17.5186739046196,2.1970931045419344,19.371308657720263,1.6185817387904655,1.8547741613248896,18.159670218339684,,14.790504912498692,14.660268037171022,,1.953890026018708,17.919932860612253,21.278791374213075,67.03821656050955,51.7515923566879,,2.3518882989524434,26.058680073183112,0.4010098978413841,16.367475335529143,0.063225198,-0.9440877147962755,0.08697559199795857,-1.221096729983716,-0.6437502733315259,-0.4207299558037928,-0.24154713111119985,0.0022569898801808033,-0.8440759593617407,-1.097077931243947,-0.4709457328275546,0.5353480331217003,1.011736139214893,0.7870121580832004,0.0,0.5058680696074465,-0.8433188706104631,0.3372453797382976,-0.34264681626252946,-3.0,-1.1562698733884489,0.1686226898691488,-1.1416739732339314,0.3,0.3,-0.13125117486641588,0.44000000000000006,0.44000000000000006,-0.04467948389265409,0.9183333333333332,0.9183333333333332,1.0,0.4,0.25,0.35,40.18421268659751,-0.9756300973918817,-0.5761827661959118,1.0590427242498837,0.44701949445405337,-0.693711447301872,0.5113980474116823,0.2100489813592846,0.7487049373531369,,3.0,-0.7031758815248428,-0.7287634384624805,-0.519483570007946,-1.1830353797168853,-0.15611191688634815,0.3757909676881034,1.0494819749412547,49.35346890567128,-0.8180818843769687,39.702559845231434,1.0049058510687678,-0.9203562152361487,-1.7573054616112849,0.868875249186864,-0.9261606481103248,-0.6766760641195827,-1.333837633275108,0.04227481791630955,-0.44421510621221044,-0.948669910063463,43.67581275666098,37.84284905974275,41.813175464931,40.93558515498171,75.78076983189581,49.47711956521309,36.42116204030595,25.0,18.75,93.75,31.25,50.0,55.16378525932665,24.697452229299365,33.43312101910828,36.092356687898096,24.629533341999224,33.71773382500839,36.988676574663835,False
GALAXYSURF.NS,GALAXY SURFACTANTS LTD,638582128.4285253,546252552.1781219,50182586.55480263,30205441.927503496,139182527.18081102,28787782.38141336,70100030.89168549,,0.05633,0.06347,10.558,2.084,1.0425,92923064.0,284800000.0,21.164053,17.947481,2.3425183,1.1690236,1.08,11.758,1.33,0.2778,0.276,-0.088,-0.087,0.0553,0.2548,0.06669,INR,Basic Materials,Specialty Chemicals,India,18.011186404216414,0.358,1785.0,29.58050984188448,16.241798429600948,19.549811767236744,23.08731311175648,16274.0,25281.0,34518.004108225796,26057.695,26640.29333333333,31.09992744418737,45.43527825781294,-14.529865722022562,-18.786179546496385,-24.211346787428766,-23.161652251775045,1655.300048828125,-43.74857474148588,-0.7868918741403423,-1.2579406782610512,-0.0543056674929685,0.9734125417359472,4.803603019526537,0.0004237853716792,,34.51130790645149,48.85927344267019,36.976705137151264,0.0,34.600191476047485,27.325318369371537,67.48343068315104,51.235787103773966,44.10624612046262,0.0,65.0,56.470239981076425,65.0,65.0,48.85927344267019,70.0,35.0,15.762,50.0,60.0,38.28125,real_yahoo,306023.83875525044,5.529574517695637,9.186700612144524,0.5977523220396402,25.479519798275724,0.5736607926730768,0.2768871837812853,2.4356156227078536,-39.11130504345296,2.945027564033032,10.190217672024431,18.0654338069503,3.420362872758417,20.11859197837344,2.847336577057116,3.022851781155122,18.75129678204436,7.487733761436444,10.335913003163729,10.168106772678984,12.631421550042996,3.18168527498725,17.175461666967564,20.274760853870504,55.891719745222936,51.7515923566879,,0.521370561774753,9.186700612144527,0.7088844274277759,13.691105243473858,0.0458380339999999,-0.8811108594632627,-0.06027702470702933,-0.6494714916097534,-0.6437502733315259,-0.7960670948528262,-1.466607413761692,0.9451050920105737,0.06237558151095916,-0.3055285775831245,-0.4709457328275546,-0.3845480793664967,0.5058680696074465,0.3912613173047365,0.0,0.1686226898691488,-0.3111078642398567,0.3372453797382976,-0.34264681626252946,-3.0,-0.2890674683471122,0.0,-1.3185777262967173,0.3,0.3,-0.43154835366634575,0.44000000000000006,0.44000000000000006,-0.07796887510169802,0.9183333333333332,0.9183333333333332,1.0,0.5,0.25,0.25,34.273736680419475,-0.008603981961251105,-0.6062666438077392,-0.47851372078211857,-0.8314918077491031,-0.8763824804320202,-0.7680403091469779,1.130226496700826,-0.7399540592361751,,1.272547835404273,-0.6416671030234833,-0.8549019593749123,0.22074826826541624,0.06959031645393461,-0.5033570101916941,0.08617975348453383,0.022155335156598177,53.49321801283437,0.1527271899502495,44.5409766532468,-0.9542638353954882,-2.308594224938925,0.27264761719178754,0.7439695529874946,-1.3799356846000577,-0.7505750697831096,-0.8585758122898075,-1.6314290301672068,0.508308585089641,-0.9717834769802034,35.189630898811934,34.7626247384191,47.67701526431591,55.43309847431295,54.20316149390282,36.48238709818635,35.241808789519325,50.0,18.181818181818183,59.09090909090909,59.09090909090909,54.54545454545454,33.30300272975433,19.56050955414013,30.630573248407643,35.464968152866234,19.868711815936567,32.00804559168622,38.910120311394195,False
ABB.NS,ABB INDIA LIMITED,13991278313.77864,1420106506.2708402,219748307.2819189,179563295.8588792,553764661.1164892,9123373.131117566,627607826.6967839,,0.091120005,0.22391,1.1622750000000002,2.049,1.572,94431270.99064216,131172417.4249758,78.07173,57.31789,16.595963,9.852274,9.421,60.639199999999946,0.64,0.5493,0.057,-0.18,-0.181,0.12636,0.38994998,0.14243001,INR,Industrials,Specialty Industrial Machinery,India,66.02129719264279,0.459,6800.0,70.49585887920834,49.88168226309562,63.55297407765946,58.15260083898031,422879.0,305609.0,360236.0282258064,504094.1666666667,321409.84444444446,33.563639512436595,34.10654889961194,2.657529667390945,18.800773694390728,17.938481323180543,12.08615442630947,6142.0,-24.3689086229686,0.6409800607451893,0.9750690688139844,0.0156858779185141,0.0354585563435156,4.82026225857823,7.812338895302092e-06,,54.100934531424336,25.78467809421676,58.508086075004925,0.0,50.024239561467255,50.00000000000001,50.02481856840561,47.6002834147422,69.41588873526763,0.0,70.0,72.29014472036835,40.0,80.0,20.0,10.0,35.0,12.071,85.0,70.0,46.71875,real_yahoo,412504.8379359404,12.644354142873931,15.47407228342132,0.2899365097696879,38.99458658003474,0.0415173761471255,12.125590063430916,6.649590757711266,-6.347268843454379,4.2050104374283706,12.680475472987156,20.25742605117492,4.2696395302493535,21.073997710867147,3.9295029818322913,4.167486190246141,20.132250356835826,,12.79451750551273,13.130520351980056,,4.080120559685634,16.026350264145574,23.361699994914733,72.92993630573248,14.331210191082802,,0.0923680138396315,15.47407228342132,0.984598535476002,16.98449214631713,0.1009162369999999,0.2465837095592587,-1.2547437824636862,0.422042207212725,-0.6437502733315259,-0.0001435170345676499,0.0,-0.00018677811530556408,-0.12522647258798528,1.0005190431008086,-0.4709457328275546,-0.09774173577995877,0.6744907594765952,1.2415438146049564,-3.0,0.6744907594765952,-1.2244988904314889,-1.6862268986914881,-0.34264681626252946,-3.0,1.0599140506060782,0.3372453797382976,-0.744440481214394,0.3,0.3,0.024925752508536844,0.44000000000000006,0.44000000000000006,-0.3468243320360754,0.9183333333333332,0.9183333333333332,1.0,0.4,0.3,0.3,42.50967662430857,1.0604409303667508,1.0298883812911022,0.18908838617344662,-0.3550524094294167,-0.30103905292983235,-0.29125544245436075,1.9542827225577108,-0.10265444761360859,,-0.742524323122926,0.5197932142736493,0.6703431399758608,1.0956848990499957,-0.6691376582109079,0.45928561797028605,0.7192367318010715,-0.22669285982617496,73.64927175468891,0.30151474828258906,58.80653103435894,-0.7103867533996974,-0.6003084789742027,0.05073037793647864,0.5862761115357905,1.0088791135161268,1.3414154312810873,0.934098393980798,-0.65534761618695,0.31850324473613456,1.1194594247615124,47.4985880538358,40.35562524022409,58.07996279838111,18.636205180561912,34.52773532203153,41.62958101349362,47.38274768133827,74.4186046511628,30.23255813953488,20.930232558139537,2.3255813953488373,90.69767441860465,48.47588717015469,37.25796178343949,47.159235668789805,51.12738853503184,37.08891199792019,47.24438484746899,51.748053786270354,False
CUMMINSIND.NS,CUMMINS INDIA LTD,13865665179.907495,1247971412.3695817,295154358.78240293,241130467.03237605,458894260.77229214,2619124.4487469075,361952245.7566957,,0.0677899999999999,0.189060005,1.1622750000000002,2.05,1.162,228463192.0,548464480.0,57.518864,46.77059,16.328249,11.110563,10.816,45.733,1.15,0.6368,-0.013,-0.13,-0.13,0.19322,0.36771,0.22917,INR,Industrials,Specialty Industrial Machinery,India,50.02043670001076,0.449,3025.0,53.64095944928472,27.750887383026782,48.81488652253415,44.68755512530924,774799.0,1248914.0,647057.6633064516,899988.4666666667,677595.2333333333,32.081083104001905,38.08379763804052,-3.5355383572672427,5.259529793678297,16.860166032734746,56.79658858170087,4646.5,-14.60589275714278,1.8541763475195827,2.6072854918392365,0.1115866142932952,-0.6475805599698469,3.909257732649144,7.657273444261212e-06,,64.64619475508691,24.600393791149223,51.23621763482978,0.0,71.83984488199268,51.95071916997623,74.22292276387194,48.81226148810472,62.14402029509249,0.0,60.0,72.29014472036835,40.0,50.0,20.0,30.0,35.0,27.227,77.5,60.0,48.90625,real_yahoo,412552.53301473777,19.32179412463707,23.650730766498853,0.2547924919694554,36.7712157685542,0.0088737447739262,0.3493282859801764,7.286133386909359,-6.749548826950081,3.93222627206572,13.426306863469428,19.70702284605174,4.000783774575512,20.94478520067744,3.3586686322636137,3.90831386551639,19.944330374977213,8.014996894348302,13.380192239089096,13.710138338534255,12.93012125334199,3.821825944082385,14.77835102182606,23.35268149040664,55.891719745222936,14.331210191082802,,0.4394848107606927,23.650730766498853,0.984598535476002,17.292622380448865,0.068666593816,0.853631149044083,-1.31604878956718,0.06015614555358608,-0.6437502733315259,1.1256021071247126,0.12617329069748395,1.3100130830245031,-0.06268504902358119,0.6252705017143819,-0.4709457328275546,-0.09761326918721272,0.3372453797382976,1.2415438146049564,-3.0,-0.3372453797382976,-1.2244988904314889,-1.011736139214893,-0.34264681626252946,-3.0,0.770846582258966,0.0,-0.3421787171439763,0.3,0.3,0.3343030136391102,0.44000000000000006,0.44000000000000006,-0.6530003508893134,0.9183333333333332,0.9183333333333332,1.0,0.4,0.3,0.3,45.90767543958329,0.3435447083099576,0.6744907594765952,0.8156535414902127,0.2645518467878577,-0.3957162872200639,0.3287980916249279,1.9542827225577108,0.627202360421475,,0.8879214553449234,-0.03364911900323946,0.6559946657657414,1.3776626345698877,-0.12312132911080707,0.430978315880246,1.0602661755446803,0.47286130800482085,66.39581641625202,0.7023098509135751,65.47710574112537,-0.4956328305664973,-0.44048076896127303,0.1842706683949701,0.6018893235607118,0.14812667209873806,0.5877455759104074,0.8882365697679769,-0.46805679976388515,0.39307999597784093,0.5460072029241775,48.06322408616795,41.083764414376375,65.438864054707,21.032697726520894,28.203129943085337,49.69180110819918,59.45054838706193,88.37209302325581,32.55813953488372,11.627906976744185,4.651162790697675,86.04651162790698,49.590536851683346,48.13694267515924,55.52547770700637,57.73566878980892,48.14441700246978,55.93362386858867,58.84288747346072,False
THERMAX.NS,THERMAX LTD,3995099795.977197,1111319741.3359149,98358069.22663224,73351619.14596106,522552453.82381415,194772510.013983,271675802.1727439,,0.0677899999999999,0.189060005,35.784,2.05,1.162,228463192.0,548464480.0,54.373352,45.340508,7.3531084,3.594915,3.526,39.838,0.42,0.2313,0.051,0.761,0.762,0.066,0.47021,0.0765,INR,Industrials,Conglomerates,India,35.46520382919221,0.007,5601.0,44.012046896848446,29.50091427342153,33.0595245778208,34.23313434441218,147556.0,185487.0,168418.18383838385,178956.66666666666,127600.14444444444,36.95770348670552,35.67563304250287,6.251205728654452,9.364524678011454,3.064702801902519,-7.243451542984736,3295.699951171875,-29.679299053666497,0.0141494492437262,0.0212955577780798,-0.0254380373983366,-0.0518115257377527,2.224261669203491,4.4398962339950496e-05,,47.26604364571712,50.02423956146725,66.9919325885426,0.0,33.05654653439191,33.418887055202056,70.50013750303097,36.69248075447949,40.32841497456706,0.0,80.0,75.42469632167014,40.0,0.0,60.0,60.0,35.0,20.944999,70.0,60.0,48.90625,real_yahoo,198414.52264522677,6.600406383295707,8.850564384683409,0.2268929588156085,47.02089186282744,1.980239257901626,0.3493282859801764,7.286133386909359,-19.41932645779364,3.5963584861420115,11.756664618852954,19.420120013282222,3.8069301627615615,20.828814103080337,3.4177566593418445,3.528109716764275,20.0742359287716,8.630878955820053,12.034211292582356,12.094904557783677,12.198118709911636,3.561986956446027,19.08734282532395,22.10833439632253,55.891719745222936,14.331210191082802,,0.493525364123103,8.850564384683409,0.5824349559742594,15.602757564390611,0.1453304258434999,-0.14687296418090479,2.7967939749526672e-05,0.8442426124817204,-0.6437502733315259,-0.8757234469362308,-1.0724729709286163,1.1084438736183793,-0.6880992846676254,-0.5004751224448987,-0.4709457328275546,-0.6743935421893207,1.011736139214893,1.4100185562291332,-3.0,-2.023472278429786,0.041494209507233884,0.0,-0.34264681626252946,-3.0,0.4817791139118537,0.0,-0.18127401151580938,0.3,0.3,-0.548856903113907,0.44000000000000006,0.44000000000000006,-0.722749291272571,0.9183333333333332,0.9183333333333332,1.0,0.4,0.3,0.3,41.257547329815225,0.3435447083099576,0.6744907594765952,-0.378034205276134,-0.8569632686930528,0.04063376861401237,-0.793530239563015,0.7522934451597837,-0.6574097185367563,,1.1417558790240685,-0.2217227344726977,-0.4714953385510398,0.07089724310341652,-0.9046741139011476,0.01157274901420208,-0.09790958143775569,0.022475082341314567,50.91078758081938,-0.36810986754863734,39.803837703130476,-0.8540078388175564,-1.3170167069002325,-0.2549876955074302,1.2919932950622282,1.5083513348900417,0.816218744509784,0.30150176666109013,-1.0855122728588944,0.518502799777399,0.8694434282692531,44.442088725130375,37.55799075982423,50.635752516768704,33.316429303616125,61.9355993663374,46.66347664178778,34.510426928566375,30.23255813953488,25.581395348837212,74.4186046511628,16.27906976744186,53.48837209302325,58.16651501364878,27.598726114649683,35.43312101910828,38.00000000000001,27.505524502794753,35.60509554140127,38.648266100495405,False
SCHAEFFLER.NS,SCHAEFFLER INDIA LIMITED,6329818914.832742,1041825287.9853716,189633212.9504141,123733465.50500162,403711928.407013,5880391.868344627,198519951.29611704,,0.11753,0.20212999,1.1622750000000002,2.592,1.661,73516189.39442831,138757661.35312468,51.03009,37.156284,9.741595,6.0757008,5.897,32.397,0.93,0.3804,0.275,0.355,0.359,0.118769996,0.3875,0.14393,INR,Consumer Cyclical,Auto Parts,India,40.49693449499839,-0.025,13494.0,48.05528665160804,30.36463375282349,42.40083898031623,42.684741314402494,98628.0,90428.0,99266.9879032258,139963.03333333333,83480.82222222222,32.63369472670249,46.20631561962762,-12.571713505692973,-2.9543722004704787,-9.096621342857713,8.320695669913958,3764.39990234375,-17.43592821525377,0.4219356213753868,0.7134127907720786,0.0638345998342681,0.3753427002904044,0.90644497729302,6.709565370337772e-05,,54.435356026750064,29.54949963378024,43.19971225686383,0.0,61.8136385610687,50.93256256814673,50.0267344145597,60.577451170940655,72.99136251569125,0.0,60.0,74.52495326557258,65.0,65.0,70.50013750303097,60.0,35.0,17.377001,37.5,60.0,36.09375,real_yahoo,331629.82579700794,11.876604161170924,18.202016704462714,0.08682326268324,38.75044434635394,0.0310092930286544,12.125590063430916,7.056479646082517,-15.728450880766388,3.7256195569179074,11.332384189201854,19.106400168385868,3.892947961072097,20.76424009729959,3.445680944542016,3.770478772263203,19.816212135564957,,11.505578420447412,11.849140763823856,,3.776998872121045,15.587134131987154,22.568537465399896,55.891719745222936,51.7515923566879,,0.1331870736421143,18.202016704462714,0.9712310078480972,15.206794875177543,0.125239741804,0.26583498531162325,-1.059856110112967,-0.3397822340610673,-0.6437502733315259,0.6082221065762594,0.060318517301392274,-8.304513916912265e-05,0.5444313068262906,1.1850233877417113,-0.4709457328275546,-0.3155784080272129,0.3372453797382976,1.3616594930568342,0.0,0.1686226898691488,0.37382175018835934,0.0,-0.34264681626252946,-3.0,-0.770846582258966,0.0,-1.0490101025819958,0.3,0.3,0.1309309190893054,0.44000000000000006,0.44000000000000006,0.11361657612546573,0.9183333333333332,0.9183333333333332,1.0,0.25,0.4,0.35,47.21691844201226,1.8719806467122346,0.8077774812150426,0.11704799526855196,-0.14833642911795317,-0.31146879839122116,-0.08438957144613943,1.9143297638786358,-0.09003307293412627,,-0.5507927090774097,-0.3741288862980849,-0.20480621112957276,0.5513873044293126,-0.35865778480104654,0.6325349653728171,0.8150341294500095,-0.17371140644300295,78.363372178563,0.141867014275651,59.15899110836407,-0.9057838862956586,-1.5224032702987125,0.13449454103392822,1.3419555735419761,-1.1077790904593705,0.1305814945786068,-0.21573147213639168,-1.2140935782971856,0.7382250572879522,-0.3448205709472859,41.604172654620065,45.53597537301788,65.56106462317335,26.741516218411746,68.08965247381896,47.49218344753851,53.512424230277276,78.57142857142857,42.857142857142854,88.09523809523809,9.523809523809524,97.61904761904762,73.93084622383985,54.640127388535035,64.28662420382165,64.73248407643312,55.33926946574808,66.59738518270197,69.66029723991507,False
HONAUT.NS,HONEYWELL AUTOMATION IND,2569416878.9071746,496471987.7810046,60487251.54350866,54340112.466387,187329240.48617837,9981714.531569324,377810026.28804994,,0.0677899999999999,0.189060005,2.215,2.05,1.162,228463192.0,548464480.0,47.149216,37.412704,5.6992497,5.175351,4.409,36.189,0.39,0.1838,0.071,-0.082,-0.083,0.10945,0.37732,0.115430005,INR,Industrials,Electrical Equipment & Parts,India,290.4162633107454,0.298,3140.0,445.8427449714962,282.026460148435,327.48843713025707,376.0258685597505,5589.0,5485.0,34518.004108225796,26057.695,26640.29333333333,27.511640760714663,29.27084232535533,-11.32915567282322,-18.51795726625246,-25.526315789473685,-17.4290293247661,26885.0,-36.10436893203883,-0.7671039078414771,-1.3138285549682478,-0.0632311101104399,1.0892058882268818,8.941869060168187,6.519641398629048e-05,,50.58584779020347,35.48050268111696,56.08412992827988,0.0,46.38830534137968,33.418887055202056,68.01828066247032,34.26852460775444,36.69248075447949,0.0,60.0,68.80730960781078,40.0,60.0,57.29610800164239,55.0,35.0,13.535,32.5,60.0,38.28125,real_yahoo,158112.09801942823,10.94525246213017,12.183416795347933,0.101362365921159,37.7320866225407,0.1650217901600215,0.3493282859801764,7.286133386909359,-34.86127864897467,5.674752703153441,10.190217672024431,19.74990205393953,6.102206731758473,20.023037622498475,5.645540392030222,5.794501638310515,19.04837827635083,8.052296499538647,10.335913003163729,10.168106772678984,11.971065866188685,5.932313801963345,16.116265530465892,21.666944815131227,55.891719745222936,14.331210191082802,,1.1047239189694815,12.183416795347933,0.9742601157248156,16.00719595222287,0.154310776081,0.044234563064317035,-0.7528350823023117,0.30141351999301214,-0.6437502733315259,-0.18776778772778138,-1.0724729709286163,0.9740644006809627,-0.8131821317964343,-0.6880993931381121,-0.4709457328275546,-0.7829480367332967,0.3372453797382976,1.0543496572447593,-3.0,0.0,-0.04408350581527264,-0.1686226898691488,-0.34264681626252946,-3.0,-0.9635582278237074,0.0,-0.6639881284003104,0.3,0.3,-0.5107702229685146,0.44000000000000006,0.44000000000000006,-0.3611680931542733,0.9183333333333332,0.9183333333333332,1.0,0.4,0.3,0.3,39.72118440053298,0.3435447083099576,0.6744907594765952,0.029656341647141152,-0.6044090568147431,-0.35480580881454704,-0.5407928994779235,1.923383182371698,-0.3298407484908774,,3.0,-0.0006124817648717848,-0.6343475335163482,-0.08217638475023921,-0.9367927214952712,0.10407774303166316,0.5680863373544061,0.618063700603649,64.31196416125383,-0.4667537362855036,50.05331600086057,-0.9542638353954882,-1.1072337832910057,0.595860173039973,0.8376488251370217,-0.9350804079991581,-0.7356465263907261,-0.9145027547633399,-1.030748809343247,0.7167544990884973,-0.84913355938504,41.746643779083975,26.868035438602316,42.398225358183616,34.52599509068862,43.816404891772414,41.253442668455875,36.11946702266286,53.48837209302325,9.30232558139535,37.2093023255814,18.6046511627907,81.3953488372093,38.853503184713375,22.324840764331213,29.732484076433124,32.4171974522293,22.357987781099705,30.20784445189407,33.71903750884643,False
GRINDWELL.NS,GRINDWELL NORTON LIMITED,1668481390.5560937,316283563.9883833,55821982.66107347,41845919.15671722,169444662.4932774,8598601.355275895,90134992.36312789,,0.0677899999999999,0.189060005,3.481,2.05,1.162,228463192.0,548464480.0,39.90316,33.436752,6.8005085,5.2752705,4.97,28.161,1.22,0.48380002,0.071,0.097,0.096,0.13231,0.53574,0.14868,INR,Industrials,Building Products & Equipment,India,15.069377218457568,0.412,2429.0,20.26460148434979,14.294933849628912,16.590921802732066,17.14512746047112,45691.0,63099.0,63514.60483870968,53144.43333333333,40986.26666666667,33.11652374272253,26.47198067613381,-14.411689361763312,-11.265261423322226,-10.475393104503928,-20.52027632886079,1387.9000244140625,-25.89163938897981,-0.5421424725294052,-0.9092983990805164,-0.0511782919546885,0.9232339249867084,6.262486312190948,0.0002485981113967,,63.279216577945455,34.26852460775444,74.26380102871774,0.0,52.44819570819229,34.394246640190175,66.77735224219,50.024239561467255,53.660173781554825,0.0,60.0,66.71760854027626,40.0,60.0,66.99193258854258,55.0,35.0,20.773001,27.5,60.0,38.28125,real_yahoo,130211.43021341432,13.2305070263639,17.64934666763896,0.0645741373871435,53.57365408323933,0.1540361152609505,0.3493282859801764,7.286133386909359,-25.63694267515924,2.776915424702098,10.621016728344182,18.316819030785695,3.057043788080888,19.57214972672477,2.7275216526264603,2.8673829623071363,18.94803696241594,7.795646536334594,11.059040900181795,10.880787459727522,11.776922474348734,2.898402065190988,15.96711023118806,21.235179703295245,55.891719745222936,14.331210191082802,,1.734090994434805,17.64934666763896,0.9129110869822098,13.771690886559137,0.0975927707997999,0.7749398142960496,-0.815573669822483,1.206128674140859,-0.6437502733315259,0.12493933009424053,-1.0093863255798738,0.9068746642122553,-0.0001436254591759899,0.18748053676355075,-0.4709457328275546,-0.8580984258039942,0.3372453797382976,0.9420331628286421,-3.0,0.0,0.2627876698155239,-0.1686226898691488,-0.34264681626252946,-3.0,-1.1562698733884489,0.0,0.2209877525546083,0.3,0.3,-0.33175434942893406,0.44000000000000006,0.44000000000000006,-0.31366934593985685,0.9183333333333332,0.9183333333333332,1.0,0.4,0.3,0.3,48.57897965111767,0.3435447083099576,0.6744907594765952,0.2440889512831744,-0.1902162150731164,0.31959980918773917,-0.1262997246244241,1.7400227825593875,-0.05006511999607948,,3.0,-0.599928112317437,-0.7372591417311989,0.8846044871985873,-0.0481779113911853,0.29724339510742387,0.7135454036082911,0.7299739520015682,65.6380848716496,0.46485240783318965,57.881310868226464,-0.9325530123819153,-2.2667943060490026,0.09100403593457751,0.6596582080529202,-1.363510773682567,-0.3319806396326288,-0.27437200957704894,-1.599673659215459,0.37533112199374885,-0.6241570908309363,35.54920159146448,30.8628182117938,44.87570912896536,35.99884339195887,42.38932785777825,53.552672021493734,39.33754721085584,72.09302325581395,16.27906976744186,34.883720930232556,23.25581395348837,83.72093023255815,47.27024567788899,44.130573248407636,41.821656050955404,39.18152866242038,44.92070713635773,43.73784780422393,42.933474876150036,False
AIAENG.NS,AIA ENGINEERING LIMITED,3687745331.3542,463659401.8715715,127265841.45423254,124997753.5979348,282348289.89996773,109913243.41185328,565534680.3484995,,0.0677899999999999,0.189060005,13.852,2.05,1.162,228463192.0,548464480.0,29.48082,27.622177,4.653876,7.953565,6.98,25.431,0.44,0.1285,0.001,0.135,0.136,0.26959,0.60896,0.24579,INR,Industrials,Specialty Industrial Machinery,India,39.51704851027213,0.168,1306.0,45.24147574486394,32.28030547488437,40.73546305259761,37.82288910401204,70424.0,104641.0,74784.59191919192,81047.4,70446.1,25.83169443829761,38.44797393420658,-1.682310411795751,-6.929639075258576,19.743317923607727,8.657532933772206,3676.0,-19.28974829222191,0.4677979527539331,0.8043997489035642,-0.0033649014434688,0.3346646988182411,1.1548813706027534,7.946679206109099e-05,,77.14428094609441,28.208634240941816,74.43347795898849,0.0,73.0518229553552,48.049280830023775,72.98199434359161,39.11643690120454,31.8445684610294,0.0,60.0,72.98671174287985,40.0,60.0,45.176327268017154,55.0,35.0,33.554,47.5,60.0,38.28125,real_yahoo,355022.512918508,26.95896019651033,27.448131309431268,0.094663173576719,60.895624840187125,0.8636507813558156,0.3493282859801764,7.286133386909359,-12.65305152041084,3.701722836408449,11.162617352533507,20.153282180284485,3.833877138752429,19.954660795111785,3.5049657948437054,3.731351200307584,19.45865194093913,7.175489713624222,11.222380524007509,11.30280178606829,12.77993929983747,3.6590099980528006,18.51520192541437,22.02828108720719,55.891719745222936,14.331210191082802,,1.182903825062343,27.448131309431268,0.8372735490843699,14.899099677383608,0.1647657943575,1.5730947810260973,-1.1292666074233422,1.2145726822462388,-0.6437502733315259,1.1881435306891175,-0.1261732906974844,1.242823346555795,-0.5630164375388165,-0.9382650873957297,-0.4709457328275546,-0.25257025529006233,0.3372453797382976,1.2789826460769953,-3.0,0.0,-0.42767247535376807,-0.1686226898691488,-0.34264681626252946,-3.0,-0.385423291129483,0.0,0.8646065750672765,0.3,0.3,0.05399131861732111,0.44000000000000006,0.44000000000000006,-0.39764746544095464,0.9183333333333332,0.9183333333333332,1.0,0.4,0.3,0.3,55.884002714916,0.3435447083099576,0.6744907594765952,1.5322728086153525,0.5523082137478158,0.6313027466333102,0.6167631120342958,1.513956788133383,0.7670481241752302,,3.0,0.39047574679465846,-0.5066036705629776,-0.2603863135988109,-0.8832617088383986,0.734555346082603,1.0205002662788851,1.056819249670092,55.83661778774569,-0.5406802414566254,64.56408185270902,-0.9241147579415467,-1.682005326176017,0.7471802297837906,1.040620581460997,0.4057002159733122,-0.09067135579090564,1.0108598937342108,-1.303060042058782,0.8939004056223938,0.3886994905958946,43.61351274913785,38.769246983752204,61.01985550434209,42.49744068108129,41.613192788317086,67.1882666204086,58.64602834001369,86.04651162790698,27.906976744186046,32.55813953488372,34.883720930232556,65.11627906976744,54.34485896269336,66.69426751592356,63.18789808917197,59.62101910828025,67.4899259066684,65.05531344284277,63.16702052370842,False
ELGIEQUIP.NS,ELGI EQUIPMENTS LTD,1627020724.2766483,412068394.0195762,57160914.70366785,43487147.07970313,206453687.85629773,56749491.83607616,92535224.35194148,,0.0677899999999999,0.189060005,26.275,2.05,1.162,228463192.0,548464480.0,37.539185,31.103897,7.538084,3.9484239,3.87,27.898,0.46,0.1721,0.184,0.182,0.181,0.10553,0.50102,0.12218001,INR,Industrials,Specialty Industrial Machinery,India,5.152199634290631,-0.103,2138.0,6.544046466602129,4.3132193180595895,5.2754114230396905,5.31636829084651,609523.0,509291.0,568507.6108870967,520996.3666666666,662867.8777777777,40.99083819274564,40.08695382962538,-7.767730297120701,1.2559392521438006,0.6504418933730216,-1.4197261267788086,479.7000122070313,-29.98904955956072,0.0799353570253545,0.144117042972014,-0.0078259768568803,1.2961280084773643,5.860714717681416,0.0001230154619142,,58.39715165958316,47.600283414742194,70.62786680863016,0.0,47.6002834147422,30.492808300237712,69.25920908275063,40.32841497456706,34.26852460775444,0.0,60.0,69.85216014157804,40.0,60.0,42.7523711212921,55.0,60.0,17.788999999999998,27.5,60.0,38.28125,real_yahoo,192735.4508978373,10.55338087337928,13.871705652084614,0.0841300785686638,50.10180126711919,0.9928023743195052,0.3493282859801764,7.286133386909359,-21.268902038132808,1.8168096819841628,13.40433247853448,18.34309994460676,2.020758704723922,19.836699900865177,1.670197926131152,1.836639048293181,19.145586678174027,7.668093709082406,13.250771738737168,13.163500266340131,12.169078995299024,1.8431444054670605,17.85415727747662,21.210016403440623,55.891719745222936,14.331210191082802,,1.3310035129118494,13.871705652084614,0.6198573217327712,14.890194058096313,0.1565227781395,0.4938993330530758,-0.12544920710059432,1.0251856433112894,-0.6437502733315259,-0.12522636416337693,-1.2617329069748426,1.0412541371496702,-0.5004750139744121,-0.813182240266921,-0.4709457328275546,-0.6896901097963775,0.3372453797382976,1.1105079044528179,-3.0,0.0,-0.5043902692614673,-0.1686226898691488,1.164231339289771,-3.0,-1.1562698733884489,0.0,0.38189245818277523,0.3,0.3,-0.4769486525262287,0.44000000000000006,0.44000000000000006,-0.3987052790714109,0.9183333333333332,0.9183333333333332,1.0,0.4,0.3,0.3,48.48016265172519,0.3435447083099576,0.6744907594765952,-0.007114199689135704,-0.47647526044508925,0.17179420978716248,-0.4127663377311187,0.864141669786001,-0.27304414171791314,,3.0,-0.594927690389187,-0.7419950899757132,-0.1198808362426133,-0.8618493037756495,0.1749703958985095,0.1618422656515852,0.6407823433128348,52.42834096325737,-0.4537666466324796,46.61226622303608,-0.5544461480872169,-1.6866246870152617,-0.6182696435254956,1.4637386273363613,-0.44009059441141263,0.364916305089654,0.19882084358423197,-1.1205354175512392,0.42273449190543283,0.0735855967877074,41.58941298763347,30.064702261519006,50.87758318749304,43.62248955992536,61.09900306756673,56.51501039610883,37.728507116759346,46.51162790697674,13.953488372093023,72.09302325581395,37.2093023255814,58.139534883720934,59.463148316651505,44.681528662420384,44.461783439490446,42.707006369426765,45.183933445989865,45.74589339591015,45.22292993630573,False
TIINDIA.NS,TUBE INVEST OF INDIA LTD,5332124072.711627,2283118242.185652,213459711.47682047,64313219.31805959,723856072.6255782,338519949.23093474,258146710.20759383,,0.0677899999999999,0.189060005,27.724,2.05,1.162,228463192.0,548464480.0,83.12885,40.1442,6.589075,2.3354568,2.562,27.398,0.16,0.113299996,0.207,-0.142,-0.143,0.028169999,0.31705,0.07277,INR,Industrials,Conglomerates,India,27.5486716144993,-0.19774,3219.0,36.784984403571045,23.286006238571584,27.160030117242123,30.33720017209853,580730.0,350269.0,351305.8830645161,547192.4666666667,512098.63333333336,36.5245827713688,41.04430135545357,-9.525656876435216,-1.7071134619326631,-17.07627674989404,-5.161453940900406,2567.300048828125,-35.69204243767199,-0.0545923972584529,-0.092533845111604,-0.0507516452619402,0.2747375036352968,1.248897453137468,2.0154335284175624e-05,,35.74437043838206,58.50808607500491,46.38830534137968,0.0,30.632590387666863,21.71457203534468,74.37354355837148,28.20863424094182,28.20863424094182,0.0,60.0,76.12126334418164,40.0,60.0,35.48050268111696,55.0,60.0,33.492002,35.0,60.0,38.28125,real_yahoo,709263.2004304602,2.8169026960466104,9.349481228465567,0.4661335833669965,31.704712408264218,1.585872794865529,0.3493282859801764,7.286133386909359,-25.108921313488707,3.351610406630724,13.146274481444395,19.369038629358283,3.631911785704861,21.54880799605065,3.1899003095109317,3.3379036007936063,20.40010313725314,8.077136638538454,12.769415431186133,13.21255770564805,13.471983374226689,3.4448058957353638,19.6400935857466,22.39701550863048,55.891719745222936,14.331210191082802,,0.2402260513125897,9.349481228465566,0.4326481229075434,16.085367005171868,0.16763950718974,-0.8101284999143251,0.43919808058095167,-0.18110122888584,-0.6437502733315259,-1.00080629406504,-1.8295127151135218,1.318168405542498,-1.125889249618457,-1.1258893580889435,-0.4709457328275546,0.7015762789895387,0.3372453797382976,1.4474573877011718,-3.0,0.0,-0.7345436509845646,-0.1686226898691488,1.164231339289771,-3.0,-0.8672024050413367,0.0,-0.9857975396566446,0.3,0.3,-0.27918039297123626,0.44000000000000006,0.44000000000000006,-0.4034200358145071,0.9183333333333332,0.9183333333333332,1.0,0.4,0.3,0.3,38.2113329441872,0.3435447083099576,0.6744907594765952,-0.7330522334302174,-0.8191567490070841,-0.6113796416449838,-0.7556963061978079,0.30460952643037564,-0.6887950794754751,,-0.04801885652302186,-0.24990799675031913,-0.3187703983970353,-0.3093698874023915,-1.1830353797168853,-0.11707089370532049,-0.2785586815151253,-0.28752274592094557,48.63300013066463,-0.7025193589439137,33.47569906257454,-0.7170730820105701,-1.0666863166740281,-0.21597463279993917,1.611305027204461,-0.6844185412307925,0.20000062032333663,-0.55511417105471,-0.891879699342299,0.6976651972022608,-0.2918595655563161,44.196471754042705,58.44514490787962,52.29656272164976,36.90170756262412,49.32505608160892,41.72612007940402,46.57822763429003,16.27906976744186,69.76744186046511,48.837209302325576,25.581395348837212,48.837209302325576,42.99363057324842,24.573248407643312,33.70063694267516,37.101910828025474,24.457298843104123,33.88199798860207,37.862703467799015,False
KAYNES.NS,KAYNES TECHNOLOGY IND LTD,2553683515.9728947,362288798.8813596,56878860.363558136,41804238.27040981,125352480.3269872,95231581.45638378,113231258.9437453,,0.049575,0.127944998,18.899,1.6615,1.382,312002624.0,678899968.0,59.901825,40.270603,4.9462194,7.048751,7.051,44.91,1.265,0.0,0.216,0.089,0.153,0.115389995,0.346,0.12302,INR,Technology,Electronic Components,India,38.066042809508446,-0.054,9790.0,82.87619662256643,35.4404646660213,39.81271377863827,56.90374636979671,1698130.0,1680409.0,860783.3608870967,1313626.8,2270423.0444444446,53.641075330507135,48.76631089166254,-5.314994713531696,-11.836531273361572,-49.81916176157719,-27.39808807649457,3538.0,-56.10430659818253,-0.4215259929250736,-0.604997690752363,0.1057742912841121,0.120403493845615,6.02825290599065,1.2021326916264315e-05,,33.677466033145265,43.07545975911161,30.338011155470777,0.0,44.233409632169874,51.976007691533226,50.023686959948,26.86339553182026,28.022111409354267,0.0,30.0,72.25741024194764,40.0,30.0,45.39120691774998,80.0,35.0,20.469,72.5,40.0,36.09375,real_yahoo,369391.2542494886,11.538926513734046,15.699867216205194,0.0259593091265289,34.600153444997055,1.6742877907131548,0.63941224411525,20.80905518763508,-54.06878650227125,3.6652536193074097,14.635477175731962,18.544942833524484,4.429341861927084,19.70795224145249,3.5956798238478145,3.708993645090638,18.646640177562023,,13.665599300110182,14.088303180671954,,4.058782086627294,18.371822193236657,21.66080267026644,30.095541401273884,14.331210191082802,,1.8739192878616229,15.699867216205194,0.5431723885485117,17.30492078877493,0.127944998,-0.9291117208350808,-0.3596787292111062,-0.9798474932323452,-0.6437502733315259,-0.2989663714718752,0.12780896231584363,-0.0002480487517175159,-1.195307290878052,-1.1355144525284697,-0.4709457328275546,-0.2138680812422191,-0.6744907594765952,1.2397844137414198,-3.0,-1.011736139214893,-0.4208715715067928,0.6744907594765952,-0.34264681626252946,-3.0,0.5781349366942244,-0.6744907594765952,-1.7134443751084667,0.3,0.3,-0.34567429121775806,0.44000000000000006,0.44000000000000006,-0.7246385997467807,0.9183333333333332,0.9183333333333332,1.0,0.2,0.45,0.35,35.004335028842895,-0.21617504677643723,0.05124452529558758,0.08536264157145704,-0.3379423024493188,-0.488137357582579,-0.2741329288579336,0.634945213111194,-0.26597620892034896,,3.0,-0.5518114809215219,-0.6361447162260204,-0.6744907594765952,0.0,-0.14056229830404268,0.1349522350281738,0.6436095164318604,44.759476448857,-0.3709699177121274,43.7458678360797,-0.3356085285196852,-0.4341015623082888,-1.7577314084434845,1.3872338884142474,-0.09919362164772955,-0.36377601001467563,-1.9477017100903533,-0.38485504541398696,-0.18524876001461854,-0.7595790035272951,42.09281219185612,43.250197420839996,49.55879787789209,36.36172041837641,50.014349366432626,37.60541009369953,48.24090239818973,40.0,42.22222222222222,51.11111111111111,24.444444444444443,37.77777777777778,47.77070063694267,21.34235668789809,32.191082802547776,36.12579617834395,21.322955933965943,32.71203486423064,37.66277423920736,False
MOTHERSON.NS,SAMVRDHNA MTHRSN INTL LTD,12144932451.84468,12973384468.624289,1094294973.088093,367107667.7637948,5704664899.214801,2127295951.8124127,745983680.585135,,0.07074,0.19437,49.937,1.6789999999999998,0.6355,404191936.0,700106496.0,33.01852,20.729506,3.0546515,0.9361422,1.062,12.585,0.55,0.1751,0.145,0.164,0.165,0.028299998,0.43972,0.05523,INR,Consumer Cyclical,Auto Parts,India,1.7227385178014412,0.976,13494.0,3.476798967408842,1.5461718834032483,2.0917368828654404,2.844508524255136,18967578.0,25730239.0,24640262.018145163,19696123.23333333,18024791.944444444,34.97048040615064,44.47913851216072,-16.718638944205686,-10.67077697562534,0.2446433867592468,19.84028827821971,106.80999755859376,-22.10027984531191,0.7769995454646637,1.271920465621066,0.083821078498368,-0.0799586251880587,1.413703605301348,7.892982458055834e-06,,41.23243576107544,66.77735224218999,53.12713961910642,0.0,34.51321331490155,50.93256256814673,50.0267344145597,46.3003750599292,39.47263746581741,0.0,70.0,61.58122793096482,65.0,0.0,90.0,60.0,35.0,25.982,77.5,40.0,46.71875,real_yahoo,331629.82579700794,2.8296985158470624,8.434922866385484,1.0811712679658514,43.97206382815023,1.94398768533972,0.2681298154033753,5.292047799508525,-21.42489900844656,1.0016381818318831,16.70725875393724,20.430214283378024,1.4989082748351477,23.28616574723461,0.9345910090124676,1.1287330310064447,22.464550080623795,,17.019892371010332,16.795932434927774,,1.3466457727473973,21.478117504440835,23.22017783765965,30.095541401273884,51.7515923566879,,0.0539648306649036,8.434922866385486,0.259627942986762,17.563807540176626,0.160335813,-0.49420305746854615,0.8672603455344478,0.1542582756215604,-0.6437502733315259,-0.8005554087395527,0.060318517301392274,-8.304513916912265e-05,-0.1923053420824751,-0.5446356108464027,-0.4709457328275546,-0.3155784080272129,0.6744907594765952,0.6659648423461236,0.0,-2.023472278429786,0.9909890344612758,0.0,-0.34264681626252946,-3.0,0.770846582258966,-0.6744907594765952,0.02177240272925864,0.3,0.3,-0.3405166028986171,0.44000000000000006,0.44000000000000006,-0.3458717922108034,0.9183333333333332,0.9183333333333332,1.0,0.25,0.4,0.35,45.5017173857648,0.43419380397314317,0.7286416881882612,-0.7318515614896874,-0.8884594176799522,-0.0891644089701924,-0.8250492265506808,-0.21251437945861668,-0.8363820046403889,,-0.9229082988980942,0.7664065492834948,0.45943966860720475,-0.11021302816764557,-0.7654934809932786,-0.04226976369059608,-0.549408545359252,-0.5652798765806791,47.41241977529924,-0.40508923193918045,40.44107499519474,3.0,-0.2998165358946529,-0.07598988748250413,-0.22092695015263472,-1.6841454699926717,-0.29889320608509057,0.1815618285808816,1.3500917320526735,-0.14845841881756944,-0.5703323748575732,57.30521085286831,52.741325070686386,65.10847265866377,60.44399058127671,60.43634293582268,52.72959479534815,41.1572949363221,35.714285714285715,59.523809523809526,71.42857142857143,71.42857142857143,45.23809523809524,59.32666060054595,44.455414012738856,52.439490445859875,57.85350318471338,43.770310672039514,51.09285953737848,55.61217268223638,False
BALKRISIND.NS,BALKRISHNA IND. LTD,4300095965.580295,1144739171.431645,239038409.809616,141141223.19027644,574321805.313542,396038525.9761213,153365604.56061095,,0.07074,0.19437,35.269,1.6789999999999998,0.6355,404191936.0,700106496.0,30.501474,22.892498,3.8298993,3.756398,4.076,19.521,0.75,0.2357,0.069,-0.15,-0.15,0.1233,0.50171,0.16359,INR,Consumer Cyclical,Auto Parts,India,22.24373453802302,0.321,3758.0,30.305474884371304,21.677960632462085,25.35508228460794,25.762692266322468,207260.0,178332.0,275060.6129032258,160668.33333333334,196404.4555555556,30.718109415164665,39.228701027563545,-10.223231846640758,-10.730164908664284,-9.27102225713975,-19.39306979922929,2067.199951171875,-26.09170856993516,-0.5544477619921766,-0.9136144625967456,-0.003614965427266,1.5563934259487326,10.6872555017055,2.742587482190948e-05,,65.7816156300642,30.79042805406057,59.33178172050805,0.0,66.77735224219,51.86512513629346,71.41426606232048,51.88705701641194,45.6798087713496,0.0,10.0,67.0312175455365,65.0,90.0,30.0,10.0,35.0,30.794,65.0,40.0,48.90625,real_yahoo,304613.93598500383,12.329553029426,20.881473769318777,0.0953998630396076,50.17053837646511,1.6567986972953397,0.2681298154033753,5.292047799508525,-26.601597160603376,3.146035613480934,12.187936452294483,18.848335207680844,3.4437929986836,20.858442651000004,3.1213935556129657,3.271661132465375,20.168700435361878,8.231908243564177,12.524750398474769,11.987103701737263,12.62680375299154,3.2870088380589806,19.797022054830094,22.18190317720626,30.095541401273884,51.7515923566879,,0.6115860393983252,20.881473769318777,0.2791489834828557,15.626807301521678,0.148556991,0.9189926783258315,-0.9956188949247198,0.463033594173203,-0.6437502733315259,0.8643634729973163,0.120637034602785,1.1579391192694597,0.09598291183834588,-0.2243283888856409,-0.4709457328275546,-0.38834564946311817,-1.3489815189531904,0.9588889058032649,0.0,1.011736139214893,-0.9080006154468081,-1.6862268986914881,-0.34264681626252946,-3.0,0.2890674683471122,-0.6744907594765952,0.18650817277714374,0.3,0.3,0.09918142344686517,0.44000000000000006,0.44000000000000006,-0.1961483690679366,0.9183333333333332,0.9183333333333332,1.0,0.25,0.4,0.35,51.158566605602765,0.43419380397314317,0.7286416881882612,0.1595496094745787,0.05470531527827288,0.17473159065082589,0.1187993994416845,-0.154169759120231,0.07539218069997893,,1.6962998576299924,-0.4681992872528011,-0.4366563886827527,0.08507669494670247,-0.5513694303657881,0.35103301705600404,-0.004036721911177474,0.4542318366874897,55.92129151279313,-0.2013240614439183,53.96635110226755,-0.7741607241614502,-1.3045420647317914,0.3070396242735381,0.8017384374797031,-0.7813719989169322,-0.30219858151680173,-0.2231489168709937,-1.0393513944466208,0.5543890308766206,-0.42223570734309845,41.79528182157397,46.269267847468875,54.56328595576605,37.48723011080104,37.00760410533945,51.57585305794254,55.98345008906831,69.04761904761905,45.23809523809524,21.428571428571427,23.809523809523807,64.28571428571429,41.60600545950865,54.671974522293,51.4936305732484,48.07006369426752,55.35876771090602,53.09755279919544,51.075725406935604,False
ENDURANCE.NS,ENDURANCE TECHNO. LTD.,3381536706.9807467,1449222338.7329247,185493574.2712703,98998925.58889964,621300726.8581263,132182429.2567495,133652795.00914274,,0.07074,0.19437,19.638,1.6789999999999998,0.6355,404191936.0,700106496.0,34.106518,26.475437,5.0229344,2.3333457,2.35,18.356,0.44,0.1528,0.262,0.202,0.202,0.06831,0.42870998,0.08293,INR,Consumer Cyclical,Auto Parts,India,24.04001290738948,0.665,4370.0,33.12789071743573,18.285468430676563,26.21178874905884,28.522372808432827,81140.0,79782.0,146875.56048387097,80635.93333333333,73009.4,32.54048276440457,37.65377891407904,-15.15391961545346,-13.050697430202774,-17.678672917428262,13.086046980369348,2251.89990234375,-27.34446491080542,0.532296803189331,1.003770485343923,0.0567249537800067,0.7706991691532092,2.708403223791777,7.896549365640647e-05,,47.4213046356104,44.44064067714414,50.64528277854578,0.0,45.68156909742447,39.74181175038597,72.75098679030552,41.95517798266485,36.98976894360453,0.0,60.0,59.53748182550045,65.0,65.0,46.92249751770479,60.0,35.0,20.501,57.5,60.0,38.28125,real_yahoo,331629.82579700794,6.831175792905303,12.799524911646747,0.1207747721746555,42.87131865503386,0.7125984270670352,0.2681298154033753,5.292047799508525,-27.432708854183584,3.220475061702591,11.198357175736673,18.71075592071304,3.5301149595859087,21.094292932083693,2.959351881262866,3.3036502892988824,20.24732578654157,8.382747094863314,11.897347788395155,11.297712053481542,12.711777658709808,3.3851483761914567,18.69969357380177,21.941596090452137,55.891719745222936,51.7515923566879,,0.4830911567455638,12.799524911646747,0.5027655585456248,15.077060909728225,0.1646702639999999,-0.13793522491534319,-0.28900952785400136,0.030748148200903557,-0.6437502733315259,-0.22423733429217516,-0.6635036903153215,1.2303155045449985,-0.4165295395764471,-0.6727584996307073,-0.4709457328275546,-0.3155784080272129,0.3372453797382976,0.5561183185496963,0.0,0.1686226898691488,-0.37240648816819744,0.0,-0.34264681626252946,-3.0,0.0,0.0,-0.6371706774622827,0.3,0.3,-0.2448128723338666,0.44000000000000006,0.44000000000000006,-0.09378411412339338,0.9183333333333332,0.9183333333333332,1.0,0.25,0.4,0.35,44.69929776220988,0.43419380397314317,0.7286416881882612,-0.3563803871408467,-0.557722111048473,-0.1360348757188197,-0.49407210079510655,0.5141770011878652,-0.6033057317174636,,1.0927452591944677,-0.5092671363640454,-0.5415811161081676,-0.18207706819157238,-0.8832617088383986,0.0942848858306052,-0.040360004902769225,0.031864022111631474,61.6416247196052,-0.4976101564826442,44.17112164695466,-0.8701375944135696,-1.589696512933891,0.14289054704668547,0.2646439438224141,-1.4666707099877885,-0.4313532901029797,-0.5807346805538472,-1.2299170536737303,0.20376724543454977,-0.7867629332036825,37.23058396773349,48.58190855155786,58.477803330971554,42.36524895555524,69.0097820471921,57.419541577810534,42.80464550884946,45.23809523809524,52.38095238095239,90.47619047619048,35.714285714285715,78.57142857142857,65.44585987261146,42.41082802547771,50.61146496815287,51.54140127388534,43.139867411932926,52.923231645993965,56.52512384996461,False
EXIDEIND.NS,EXIDE INDUSTRIES LTD,2740376702.3340864,1892614757.2765408,191390501.3660321,88825429.96665591,606217075.7878885,176903296.97751963,86908681.94041088,,0.07074,0.19437,11.151,1.6789999999999998,0.6355,404191936.0,700106496.0,30.796507,19.58763,1.732181,1.4479316,1.49,14.732,0.67,0.2058,0.046,0.245,0.237,0.04693,0.32031,0.0721,INR,Consumer Cyclical,Auto Parts,India,3.223082714854254,0.415,5133.0,4.635904055071529,3.08701731741422,3.4402387867053887,3.948838334946757,1647711.0,1763617.0,3866641.370967742,1473674.066666667,1526842.6333333333,33.674529968661474,36.21383634007877,-7.295535527737629,-17.379903391899788,-22.982882665936543,-16.229855528505897,299.25,-32.63133502173221,-0.5992741842212034,-0.884447476773582,0.0139479258927269,1.4541220074137315,11.565191600744049,1.4755710148362827e-05,,36.90022754890094,58.09085330022771,34.51321331490155,0.0,41.9587838365835,37.876686614092506,74.08770751829057,49.40408725797517,44.43837451024316,0.0,60.0,61.58122793096483,65.0,65.0,54.36806803938674,60.0,35.0,23.233,55.0,60.0,38.28125,real_yahoo,368715.1290232887,4.69326521021505,10.112491230991012,0.1577260507344345,32.03066410938435,0.9243055204667352,0.2681298154033753,5.292047799508525,-30.475638051044086,1.4405653625121206,14.238713177734963,18.280368504005995,1.7291575703059257,21.36122517989268,1.4078154417677364,1.4907081557875006,20.22274869241207,8.543640361431086,15.167897084018332,14.203269884191885,12.81778232892121,1.5991528692302477,18.991113802130453,21.73136123086512,55.891719745222936,51.7515923566879,,0.3699149514227862,10.112491230991017,0.3294341761768421,16.338235172073098,0.154368654,-0.7435905402557901,0.4175998392167171,-0.7720676800333675,-0.6437502733315259,-0.41634335910796755,-0.7841407249181074,1.302691889820538,-0.032145201015352086,-0.28838983327779344,-0.4709457328275546,-0.21568922309311345,0.3372453797382976,0.6659648423461241,0.0,0.1686226898691488,-0.13675546552928478,0.0,-0.34264681626252946,-3.0,-0.09635582278237075,0.0,-1.2137458726298813,0.3,0.3,-0.18485100385823178,0.44000000000000006,0.44000000000000006,-0.03596073890203659,0.9183333333333332,0.9183333333333332,1.0,0.25,0.4,0.35,42.60168040289213,0.43419380397314317,0.7286416881882612,-0.5569872484462446,-0.7613379901486147,-0.5975015813326024,-0.6978356226945286,-0.003877028721956941,-0.6944326644162102,,0.5611441732536533,-0.6066495098574599,-0.6148192203391295,-0.011279125533809142,-0.6370190506167843,-0.03270633281188103,-0.3855542554068714,-0.13748702245307076,63.19931660502472,-0.292862091821148,36.27549262524703,1.9149880799366996,-0.9355231409315525,0.0407419932456189,0.6549742444454438,-0.37446192717366944,-0.6723054548336077,-0.8063280086178947,0.48973246950257354,0.34785811884553136,-0.6231591626709123,52.879233262176506,44.52514442844934,52.24202748368083,56.44462462883279,55.92292629768479,55.17881258250739,41.98097022258578,23.809523809523807,40.476190476190474,61.904761904761905,61.904761904761905,80.95238095238095,51.910828025477706,35.28503184713375,42.904458598726116,46.902866242038215,34.601260886520215,41.542071739859196,44.47098372257608,False
SUNDRMFAST.NS,SUNDRAM FASTENERS LTD,1693548364.2465312,658934054.081962,102427392.57825103,59611702.35559858,384209954.6950629,79722491.81456384,7454017.424975798,,0.07074,0.19437,18.193,1.6789999999999998,0.6355,404191936.0,700106496.0,28.382576,22.256432,3.8863504,2.5701332,2.687,17.287,1.0,0.3015,0.069,0.0,0.002,0.09047,0.58308,0.118590005,INR,Consumer Cyclical,Auto Parts,India,8.059589114768205,0.127,3185.0,11.616650532429816,7.853070883080564,9.34889749381521,10.238469398730771,160443.0,375228.0,141036.8282828283,253395.86666666667,128146.14444444444,25.47516497204856,24.70130992886677,-11.45876219306855,-18.692395712966803,-24.046133536019376,-20.04337548362376,749.9000244140625,-29.73920382545941,-0.7932806310291801,-1.4332032486198865,-0.0595330884846381,0.4440719686690983,1.4836885473726271,0.0001692827645033,,66.81309377582002,40.71785541630316,72.98199434359162,0.0,58.09085330022772,43.472062022972885,68.74082460635039,55.6115116540671,56.85271712130755,0.0,60.0,65.66872014189359,65.0,65.0,59.33178172050805,60.0,60.0,29.653,27.5,60.0,38.28125,real_yahoo,206886.67318114976,9.046687143624808,15.544407204899224,0.0549140101783493,58.30780065394416,0.7783317509879846,0.2681298154033753,5.292047799508525,-30.62037037037037,2.203823767455636,11.760934448628962,15.824263830842249,2.535017412411081,20.30613401929872,2.1807643912703667,2.3368799917007763,19.76669972075598,8.066521490469993,11.856783419071952,12.442712181625666,12.23993128332729,2.419342660702813,18.19406232244572,21.250091789156794,55.891719745222936,51.7515923566879,,1.062483402797265,15.544407204899224,0.0855048853182913,13.94363978539303,0.135767445,0.9783706504180321,-0.48172117341874304,1.1423392949868167,-0.6437502733315259,0.4161160817604666,-0.42222962110975054,1.0131863487183814,0.28817508111889356,0.35222461064373056,-0.4709457328275546,-0.6515738228382699,0.3372453797382976,0.8856578899389796,0.0,0.1686226898691488,0.02034521622999046,0.0,1.164231339289771,-3.0,-1.1562698733884489,0.0,0.6807154829207998,0.3,0.3,-0.08263113083983399,0.44000000000000006,0.44000000000000006,0.03911986705798569,0.9183333333333332,0.9183333333333332,1.0,0.25,0.4,0.35,53.95419025929763,0.43419380397314317,0.7286416881882612,-0.14849200216683617,-0.34972262626694134,0.5211296788773507,-0.2859217946418928,-0.732934573958939,-0.30325154190472425,,3.0,-0.7721780290157754,-0.7343958040017864,0.2971239520576613,-0.2837143670814249,0.24317891524133065,-0.4870775453345636,0.6286993832381103,68.25160799541824,0.035746708445072495,49.87649634107723,-0.8745092682735067,-2.1776041010783453,0.7792943862563783,1.104634750763174,-0.9530939560952874,-0.7453553094146674,-0.8515491280158289,-1.526056684675926,0.9419645685097762,-0.8395350489992017,38.94449850226912,49.96677352819946,48.831295417777945,47.42756571679608,40.93031557374988,60.41141992605754,49.39404779895889,59.523809523809526,54.761904761904766,30.952380952380953,45.23809523809524,88.09523809523809,42.47042766151047,58.544585987261144,50.26114649681529,44.4235668789809,59.524892759651635,52.35333556821991,48.19179051663128,False
SUPRAJIT.NS,SUPRAJIT ENGINEERING LTD,607879046.4020652,393655823.2548134,34027265.56953856,14929224.99731096,168643757.25502852,99708401.0756158,43832635.55985802,,0.07074,0.19437,67.961,1.6789999999999998,0.6355,404191936.0,700106496.0,40.711464,21.374838,4.1479573,1.5441891,1.69,19.551,0.73,0.2967,0.177,-0.626,-0.625,0.037920002,0.4284,0.056799997,INR,Consumer Cyclical,Auto Parts,India,4.431537054963967,0.167,2188.0,5.567925137141013,3.764655265139292,4.552038291922125,4.830138754436915,179147.0,82118.0,196873.3830645161,81727.93333333333,142097.27777777778,35.125506826755334,35.206869579931535,-4.534914876770502,-10.898969208121144,-10.493431798719854,5.646350411338319,411.5499877929688,-19.313122968275152,0.2144480418595495,0.3777449319918555,0.0267213702695867,0.934127184021208,5.995847841193523,0.0003648309965683,,40.2009576153196,55.60899645966706,49.40435435826545,0.0,35.754141735181875,24.82081066003829,67.40410387836533,50.64557213719356,55.61128286020111,0.0,60.0,60.21873052732191,65.0,65.0,49.40435435826544,60.0,35.0,21.864,37.5,60.0,38.28125,real_yahoo,179915.82415667886,3.792456281701509,8.64391266670345,0.0328063479965363,42.840407099951726,2.930250180457504,0.2681298154033753,5.292047799508525,-20.409543127595864,1.6922221611023964,11.864274194221302,17.59588922481482,1.8821979739641288,19.790987543001144,1.5612251871939669,1.7141651201407564,18.943299108736813,7.691200097522863,12.190321154916573,11.311163359321784,12.100249935058327,1.7630408001541262,18.41776050495813,20.22548648494624,55.891719745222936,51.7515923566879,,1.7784736174138116,8.643912666703452,0.3053665807860377,13.691105243473858,0.136700421,-0.5535810295607475,0.28912540884022303,-0.031006915509425036,-0.6437502733315259,-0.7365200671342884,-1.6285999671376066,0.9408099634428418,0.03191885541149727,0.28816316625157806,-0.4709457328275546,-0.724219747009273,0.3372453797382976,0.5927338264818388,0.0,0.1686226898691488,-0.29385614728856,0.0,-0.34264681626252946,-3.0,-0.770846582258966,0.0,-0.8842743325341105,0.3,0.3,-0.5012557904420271,0.44000000000000006,0.44000000000000006,-0.10668655479423496,0.9183333333333332,0.9183333333333332,1.0,0.25,0.4,0.35,41.15426848295511,0.43419380397314317,0.7286416881882612,-0.6415129780291837,-0.872622756524175,-0.1373544834291362,-0.8092010821599289,-0.07581042365627712,-0.8231715696490469,,3.0,-0.6963901715549575,-0.8584090956675212,0.281655459137713,-0.5727818354285372,-0.02585372221323431,-0.4791752858332856,0.4207313721403812,51.893685915789625,-0.10284132341709956,42.47319083380771,-0.8327023830520107,-2.308594224938925,-0.08995379004871316,1.042181902663489,0.009226893243956216,-0.31159378279154637,-0.2751392132237835,-1.570648303995468,0.47611405630738796,-0.20441120911056673,37.436630459686896,32.38825438102621,51.07563609366398,46.71064480341209,33.10379184051388,50.6874209346298,36.215243218740035,40.476190476190474,14.285714285714285,16.666666666666664,42.857142857142854,54.761904761904766,41.51501364877162,24.863057324840764,28.426751592356688,30.050955414012737,25.22098011178994,29.53737847804224,32.576079263977356,False
CRAFTSMAN.NS,CRAFTSMAN AUTOMATION LTD,1742276181.3057976,816620449.6074003,116053564.63375282,35961063.74099172,354629450.70452833,356117020.8024094,19038399.48370442,,0.07074,0.19437,109.273,1.6789999999999998,0.6355,404191936.0,700106496.0,48.317085,27.862125,5.3457537,2.1335201,2.546,17.915,0.1313,0.0356,0.305,7.284,7.284,0.04404,0.43425998,0.09592,INR,Consumer Cyclical,Auto Parts,India,73.03431214370227,0.178,2893.0,88.41561794127138,39.79778423147252,79.93202108206948,74.84304291707002,42806.0,30053.0,63100.60808080808,40939.73333333333,52139.05555555556,39.06097253522909,42.82153961110839,-11.457450277143788,-5.1285634432643885,0.1401283280477949,39.1505692275451,6789.0,-19.368148786796404,1.148802188553449,1.8909233830087613,0.1206243900553892,0.8451074947071018,4.11799739722314,7.798335378168105e-05,,50.51573907287791,46.92249751770479,51.8862111988261,0.0,49.40435435826545,36.01156147779905,70.07754533433544,30.78181406969936,30.78259763807233,0.0,60.0,64.98747144007213,65.0,65.0,40.717855416303166,60.0,35.0,34.638000000000005,37.5,60.0,38.28125,real_yahoo,282274.6109946078,4.403644772584426,14.211444825995592,0.0680552225276417,43.42647197667173,3.068557367679828,0.2681298154033753,5.292047799508525,-17.39659367396593,4.304528663356519,10.86168875299432,16.761968575589805,4.493295364251324,20.520684980140626,3.708627771883236,4.393609556408061,19.686584004287752,7.970394907191429,11.05250153284496,10.619880771446974,12.550639216583118,4.328665979993528,19.690769947730164,21.278458246039577,55.891719745222936,51.7515923566879,,0.8573217782344102,14.211444825995592,0.0507480325599046,15.343415262337562,0.187450428,0.04019869136126058,-0.16053509747750688,0.09250321191123215,-0.6437502733315259,-0.03213130947638241,-0.9047777595208929,1.085562733993921,-0.9931060474180899,-0.9930657215914697,-0.4709457328275546,-0.44851657355272573,0.3372453797382976,0.849042382006837,0.0,0.1686226898691488,-0.5687823403672913,0.0,-0.34264681626252946,-3.0,-0.770846582258966,0.0,-0.14296336731862683,0.3,0.3,-0.3804393570790096,0.44000000000000006,0.44000000000000006,-0.1415974755860187,0.9183333333333332,0.9183333333333332,1.0,0.25,0.4,0.35,45.80281620300295,0.43419380397314317,0.7286416881882612,-0.5841632432859657,-0.4507307783201916,-0.11240811659804778,-0.3870031881652348,-0.8368160949644938,-0.4940038983142578,,2.850547654215554,-0.7480441959772758,-0.7288297472938349,-0.5597661036536449,-1.2137621809819303,0.07248925705931485,-0.5894189962249015,0.5150353542281854,40.725456086770784,-0.8540643384513733,37.91254546996762,-0.932862987003511,-1.4515380282610546,-0.4444382675424881,1.025007369436076,-0.9529116175789533,0.00957175488855706,0.17711669894886495,-1.1922005076322828,0.29028455094679395,-0.22890977363360362,39.45396627783414,35.38335165152402,63.45990218967685,38.415457609953044,80.22645503243663,57.95727789211056,44.45199608137682,28.57142857142857,19.047619047619047,100.0,26.190476190476193,30.952380952380953,78.343949044586,41.646496815286625,47.93630573248408,47.52547770700637,42.2429481346679,49.805564867582966,51.42604387827318,False
GABRIEL.NS,GABRIEL INDIA LTD,1341109350.543186,487306984.0163494,45318784.81230505,26893407.163601164,124335166.01054104,11160696.82693342,12993331.35420028,,0.07074,0.19437,8.126,1.6789999999999998,0.6355,404191936.0,700106496.0,28.382576,0.29290208,9.75533,2.752083,2.773,29.815,0.55,0.2643,0.159,-0.089,-0.091,0.05519,0.25515,0.06906,INR,Consumer Cyclical,Auto Parts,India,9.336345057545444,0.618,3160.0,14.929547165752393,5.001613423685059,9.866171883403249,11.349357857373343,340810.0,457095.0,486428.5887096774,329649.2,407776.06666666665,50.80765323191788,47.11716897462882,-8.05935468195118,-13.180825628334825,-27.96231674436893,53.9422875560758,876.7000122070312,-37.3985300781753,1.0295321176179135,2.1777883586770765,0.2338888491924915,1.3753974440023755,5.744769174234072,0.0001156346537298,,32.56801933672645,34.51321331490154,30.790428054060573,0.0,38.23599857574253,28.55106093262521,66.06738315038028,46.3003750599292,51.8869800768818,0.0,60.0,56.13123831639314,65.0,65.0,50.64528277854577,60.0,35.0,19.474001,30.0,60.0,38.28125,real_yahoo,154211.07089124978,5.518781393598675,9.299843076081295,0.0406110148875777,25.51475149930737,0.2462708758224039,0.2681298154033753,5.292047799508525,-37.46397694524496,2.3356663305334604,12.918475898823804,16.379946888019006,2.768175697011475,20.004404841830333,1.7920283370273784,2.385654466465775,18.638491436905284,8.058643712215618,13.094847439835046,12.70578737124534,11.946084017794991,2.513604066367796,16.227909042257675,21.01676298269629,55.891719745222936,51.7515923566879,,1.436684716130625,9.299843076081295,0.5379364161026007,15.328760458422757,0.1429980089999999,-0.9929780230430336,-0.8029072493599785,-0.9573328711643531,-0.6437502733315259,-0.6084493839237599,-1.3873258979320355,0.8684335781673023,-0.1923053420824751,0.09597883307512127,-0.4709457328275546,-0.7934554449608073,0.3372453797382976,0.37304077888898246,0.0,0.1686226898691488,-0.254580976848741,0.0,-0.34264681626252946,-3.0,-1.0599140506060782,0.0,-1.7079531827735368,0.3,0.3,-0.5137469905522548,0.44000000000000006,0.44000000000000006,-0.13212174960676193,0.9183333333333332,0.9183333333333332,1.0,0.25,0.4,0.35,36.53966570991368,0.43419380397314317,0.7286416881882612,-0.4795264734979251,-0.8229181890319682,-0.8748925046316113,-0.7594604736599482,0.6192959025880148,-0.7200121542965602,,3.0,-0.7606379333215894,-0.7746540313297492,0.17724313192806143,-0.7654934809932786,-0.05726930992878874,-0.13902010434836487,0.4619951382813759,57.591206650322675,-0.24698834388654156,45.144628592745065,-0.6159017352501516,-1.4591395015698712,-1.5025127821002118,0.33802604033954375,-0.48062242778063097,-0.4385958817721741,-1.0181083036835283,-1.0375206184100114,-0.5822433708803341,-0.6250575721481174,34.64172405516809,26.955191666905193,59.123988879587415,49.21709603522379,45.231584758518494,42.028573548414,38.686269077531065,47.61904761904761,4.761904761904762,40.476190476190474,50.0,69.04761904761905,50.77343039126479,23.7484076433121,35.80891719745223,40.37898089171975,24.155076043156118,37.492457257794165,44.440905874026896,False
CHOLAFIN.NS,CHOLAMANDALAM IN & FIN CO,12419012082.177046,1334940281.9834356,1280000000.0,521345594.3207486,1333830304.3132193,20211007745.29418,1196373002.9041626,,0.013725,0.117285,588.2596750000002,2.053,1.46,745699968.0,759008000.0,23.562859,17.47778,4.39692,9.303047,15.355,8.992,0.15,0.0348,0.196,0.181,0.185,0.39054,0.9949569,0.51919,INR,Financial Services,Credit Services,India,14.5756695708293,0.537,45194.0,19.699903194578894,13.976551575777131,17.282779391201462,17.359120146283747,1798379.0,2687551.0,1691226.3245967743,2032997.3666666667,1752148.7444444443,33.0010508797372,36.50646413370678,-20.390908745685763,-20.26116547573092,-14.72548904935599,-10.794857822909307,1356.300048828125,-24.907881460342075,-0.2182273202811353,-0.3811542782338085,0.0471338227465823,0.5663046671440465,1.0451040398000244,7.496159322530874e-06,,75.36250300333612,27.678347823136992,72.97860124274735,0.0,66.42086829032246,73.90758416580732,64.93077134927685,29.165507371335224,29.16256873555944,0.0,45.0,76.74058418551463,70.0,55.0,30.65854170522818,65.0,60.0,35.292,90.0,50.0,38.28125,real_yahoo,30088.093418134104,39.05385142368621,29.06052331447731,0.1364480960908835,99.9168518857962,1.101643502674173,0.2113335453325208,13.686443109622145,-26.011466011466013,2.7457100538508685,14.376354017399386,20.90256032002564,3.0301290236699967,21.012152395950512,2.706485749704516,2.9059595999388024,21.011320568936917,10.718741740232511,14.340965050895672,14.525022289199766,10.295990271354192,2.9101264617283333,23.72949323086417,23.24249436787077,40.92356687898089,87.10191082802548,,0.5685707519981916,95.8844389726703,0.0558860057181376,17.020318171036536,0.113203482,1.4705251227207574,-1.1567171212283514,1.1421704366099843,-0.6437502733315259,0.8459679142676064,1.5463520394192547,0.8068920370636572,-1.076511947288804,-1.0766636975000072,-0.4709457328275546,-1.127780419351115,-0.1686226898691488,1.480744419467601,0.6744907594765952,-0.1686226898691488,-0.8871578840757892,0.1686226898691488,1.164231339289771,-3.0,1.2526256961708195,-0.3372453797382976,0.48303255886333735,0.3,0.3,-0.17129646884286098,0.44000000000000006,0.44000000000000006,-0.07836634306396531,0.9183333333333332,0.9183333333333332,1.0,0.15,0.35,0.5,50.227961998040676,-1.3177920228866409,-0.05746533069570888,2.6671744207589123,0.6744907594765952,2.2745200038701916,3.0,-0.8214596853875603,3.0,,1.494252320970225,1.704706119520849,0.49074709949557926,-0.5623441858069697,-1.19374158224826,0.5519706980385334,1.280343141575598,1.5735630802425564,39.383558860240335,-0.8464730142055503,59.516554699026386,0.2861747065411503,-0.5817254551242252,0.10140517789140553,0.46449305774140526,-2.1945411550686136,-0.8326688892365421,-0.45513282678649897,-0.14777537429153748,0.2829491178164054,-1.1279697502511505,45.895346545079,32.92892828279921,58.99494673673441,27.491467875412532,61.10502994566974,51.06025976154388,47.91143228368426,60.0,14.285714285714285,74.28571428571429,8.571428571428571,25.71428571428571,55.732484076433124,52.340764331210195,55.544585987261144,55.375796178343954,52.642012218900305,56.49011062688569,57.35314932767161,False
MUTHOOTFIN.NS,MUTHOOT FINANCE LIMITED,13735485603.011724,1833816164.009896,1280000000.0,937780367.5164032,1833816164.009896,14982918283.661396,1210326013.4667096,,0.05766,0.26691,384.601,5.95814999999999,4.600999999999992,745699968.0,759008000.0,14.642347,10.983278,3.58288,7.4901104,15.031,8.992,0.82,0.1197,0.765,0.975,1.018,0.51138,0.9949569,0.660158,INR,Financial Services,Credit Services,India,34.19382596536517,0.544,31565.0,44.63267720770141,21.135850274282028,37.41049801011079,35.20618479079273,1016041.0,1699723.0,699010.3205645161,1135875.0,794043.2777777778,32.33539566892337,40.112863595151886,-8.44205944179912,-16.604137535777706,3.723043021311789,39.08074265325505,3178.800048828125,-23.85560684223844,1.0466019991862832,1.3084010313159875,0.1696667244437562,-0.1185002082852006,5.337945107830791,1.051031310744656e-05,,78.80506965491935,29.16844476418259,74.45298628219015,0.0,72.38125605450482,77.32295333235123,72.38125605450483,38.10734970123427,73.87808647041044,0.0,40.0,76.74058418551463,70.0,20.0,90.0,40.0,35.0,15.987000000000002,72.5,40.0,48.90625,real_yahoo,58096.50448312674,47.848053474056094,29.06052331447731,0.1874396387140728,100.0,1.101643502674173,0.2113335453325208,13.686443109622145,-23.38836004337872,3.5608706685086817,13.584894504137631,20.91415559370795,3.8206240653133143,21.32966496857552,3.097198478560504,3.648330807910594,21.32966496857552,10.359835870958864,13.457422216456072,13.942914717375825,10.969877989819889,3.589229954812813,23.43017660812225,23.3432485110934,30.095541401273884,87.10191082802548,,0.4138953592492732,69.7997991903998,0.0747426513957652,16.989465928143876,0.234960873,1.6686995846852075,-1.0795815860202271,1.215543518051521,-0.6437502733315259,1.1535404223523467,1.767259473622006,1.2102965330259017,-0.6150881303968128,1.2307807984207149,-0.4709457328275546,-1.052339824042764,-0.3372453797382976,1.480744419467601,0.6744907594765952,-1.3489815189531904,0.9909890344612758,-0.6744907594765952,-0.34264681626252946,-3.0,0.5781349366942244,-0.6744907594765952,0.8783984069782622,0.3,0.3,0.24830114965372185,0.44000000000000006,0.44000000000000006,-0.1535153043825012,0.9183333333333332,0.9183333333333332,1.0,0.15,0.35,0.5,53.76712647641984,0.03226493235469244,1.4683991397007887,3.0,0.6744907594765952,2.2745200038701916,3.0,-0.7651008128604122,3.0,,0.7677249867205894,1.733774534702063,0.6411245781864495,-0.28874521728538294,-0.47642601264616646,1.3375161702962088,1.3057046342128147,1.3919312466801474,58.54413658853319,-0.37320157519773556,71.49902370838143,-0.4567339624785267,-0.5977285693404965,0.1613636318777473,0.45356380932396045,-0.5338131976978322,-0.6291283770945176,0.3295016324538635,-0.5272312659095115,0.30746372060085386,-0.31294482041099764,44.90945023519661,48.394662995591695,55.221251809363366,36.41053281492101,77.8859583642179,50.74378814171596,54.83030468829916,88.57142857142857,45.714285714285715,94.28571428571428,20.0,71.42857142857143,85.32757051865333,67.34394904458598,71.14649681528662,70.09235668789809,68.02937735603795,73.11431444854175,74.12951167728238,False
MANAPPURAM.NS,MANAPPURAM FINANCE LTD,2586533814.8650103,378888547.1012154,1280000000.0,43905239.109390125,366136602.51694095,4126753703.775412,293634516.76885015,,0.013725,0.117285,301.609,2.053,1.46,745699968.0,759008000.0,54.35244,9.808429,1.7229195,6.826635,15.355,8.992,0.78,0.53220004,-0.017,-0.143,-0.145,0.115880005,0.96634,0.28581,INR,Financial Services,Credit Services,India,2.753576422501882,0.626,24650.0,3.476798967408842,2.359793481768312,3.0089706356889323,3.022801441325159,5939052.0,5331939.0,8127800.627016129,5475151.466666667,5013175.855555556,37.1949386534109,33.91588187030418,-9.290779059660348,-16.955217832616608,-9.211992950598624,10.997772378446168,255.8000030517578,-21.37333880824689,0.4294218247973234,0.7238249476637907,0.1002707366231253,-0.1625539281668394,3.660054925204691,1.1349312603781112e-05,,52.27977555086167,33.638735587319374,68.38900046190565,0.0,39.59912335150175,49.99999999999999,60.46048052614008,36.61704264625109,61.9539484077835,0.0,45.0,63.83133664767999,70.0,55.0,36.61892946941056,65.0,60.0,27.711,55.0,50.0,38.28125,real_yahoo,30088.093418134104,11.5879034732769,29.06052331447731,0.038727291085852,96.63438109126376,1.101643502674173,0.2113335453325208,13.686443109622145,-20.398009950248763,1.322709098154511,15.427580375008048,19.49784641512673,1.4989082748351477,19.75275265146561,1.2118795083267078,1.388534509036122,19.71851705538413,10.112572746599298,15.910801042377582,15.515730681072094,10.295990271354192,1.3919785358771664,22.14075690693803,21.673584521308467,40.92356687898089,87.10191082802548,,2.0032487279095306,317.3483051898422,0.0664273140997322,16.923701548036583,0.0548659183086,0.14174704620555095,-0.8481749803958551,0.9137679888992409,-0.6437502733315259,-0.5381083721137292,-9.19163727223097e-16,0.5648493394863113,-0.6919920998788114,0.6154622661751887,-0.4709457328275546,-1.127780419351115,-0.1686226898691488,0.7869028688624072,0.6744907594765952,-0.1686226898691488,-0.6985126395154372,0.1686226898691488,1.164231339289771,-3.0,-0.09635582278237075,-0.3372453797382976,0.08766671074841252,0.3,0.3,-0.44137874572587804,0.44000000000000006,0.44000000000000006,-0.16361913856931268,0.9183333333333332,0.9183333333333332,1.0,0.15,0.35,0.5,46.1037179148953,-1.3177920228866409,-0.05746533069570888,0.08995830343389558,0.6744907594765952,2.1526957510624043,3.0,-0.7899537502650421,1.1037886455606263,,3.0,-0.17597597395359127,-0.632392308719559,1.0405785219267871,-0.5192508227716645,0.02434504929275114,1.2945208123807312,1.1915154582242504,49.87770424896374,0.3386553168124839,45.77579412703442,3.0,-0.631840672304319,-0.2763564966461701,0.32553547071960676,-0.651773711007906,-0.6486685787541413,-0.2206383416208972,1.1840796638478406,0.024589487036718316,-0.5211910472902975,57.05296905396932,29.857226304217996,52.12139671408023,34.39810987728259,20.581801793364153,50.67516674943165,35.06209781797088,25.71428571428571,8.571428571428571,2.857142857142857,17.142857142857142,51.42857142857142,33.93994540491356,34.86942675159236,33.97133757961784,35.828025477707016,34.00818926296633,31.702983573583637,31.245576786978056,False
IIFL.NS,IIFL FINANCE LIMITED,1987324216.5859957,710018271.7005485,1280000000.0,137857374.03463483,707257161.4929547,6312947465.720125,631135840.9809616,,0.013725,0.117285,401.134,2.053,1.46,745699968.0,759008000.0,14.565873,7.993745,1.422948,2.7989762,11.055,8.992,0.92,0.0,0.659,8.893199999999984,8.523859999999997,0.19416,0.9949569,0.41535,INR,Financial Services,Credit Services,India,4.673550607722921,0.228,14782.0,7.260406582768635,3.291384317521781,5.289534258362912,5.494643433365602,2349590.0,1461803.0,2211567.201612904,1274984.1333333333,1946935.3111111112,43.25051231073844,36.512938925669424,-12.932934154857978,-28.236218152021063,-0.1554404617000737,33.40983917484157,434.8999938964844,-34.80643662860431,0.9342620441975298,1.2617047977213725,0.0822745381904079,0.6019353556847351,4.298925795351055,2.8620802515539577e-05,,67.66826051917796,61.95057746718567,71.44873431580012,0.0,57.48028664404888,61.38456388847968,67.91096523136804,39.59765675621745,26.1815342199027,0.0,45.0,70.2859604165973,70.0,55.0,39.59912335150175,65.0,60.0,24.257,30.0,50.0,38.28125,real_yahoo,48032.62560550321,19.41603188668029,29.06052331447731,0.0725730151908635,99.61112124607992,1.101643502674173,0.2113335453325208,13.686443109622145,-35.62962962962963,1.7358151312272647,14.481767572525582,20.26303167781293,2.111473809416946,20.38080126386642,1.4566093656254149,1.838887023195528,20.37690489533816,9.60123315090109,14.609212415341512,14.058445076375964,10.77965657807899,1.8709777499805664,22.565868514852657,21.410054956599478,40.92356687898089,87.10191082802548,,1.0689978416782393,180.27705074889147,0.0908882876407763,16.151131144161685,0.117285,1.0275990972156883,0.6174001885585007,1.0660362873730702,-0.6437502733315259,0.38460915214049407,0.7363581140091691,0.9682538354485546,-0.538184160914814,-1.230493330561389,-0.4709457328275546,-1.0794468602783185,-0.1686226898691488,1.1338236441650036,0.6744907594765952,-0.1686226898691488,-0.604190017235261,0.1686226898691488,1.164231339289771,-3.0,-1.0599140506060782,-0.3372453797382976,1.0760813310357247,0.3,0.3,-0.3033803514031025,0.44000000000000006,0.44000000000000006,-0.15125725324488767,0.9183333333333332,0.9183333333333332,1.0,0.15,0.35,0.5,50.359849209474135,-1.3177920228866409,-0.05746533069570888,0.8244961665340286,0.6744907594765952,2.2745200038701916,3.0,-0.7168446240048357,2.1937778294752737,,3.0,0.5271431538094946,-0.7008385229202342,-0.6744907594765952,-0.3693639873324211,0.18343504719355652,1.327419919197824,1.6275111317901096,42.89436012346222,-0.5371837120117169,50.885085827950164,0.675773087145397,-1.0325743387782769,-0.8218082990137516,0.94694130931147,-1.1579838604410975,-1.2765392486498985,0.16454586368545243,-0.17840062581643995,0.0625665051488592,-0.808647098486653,45.14960371690632,35.462669360418964,57.97226170982119,57.50867466520772,79.02549463453576,56.140894963468455,40.004149535552955,40.0,20.0,97.14285714285714,65.71428571428571,34.285714285714285,74.65878070973612,52.968152866242036,56.42993630573249,57.283439490445865,53.340699337059675,57.572913174656385,59.791224345364476,False
CANFINHOME.NS,CAN FIN HOMES LTD,1172148227.0840056,167069956.04775733,1280000000.0,104764540.13122512,162208098.44035712,3870217659.54609,32786523.30859417,,0.013725,0.117285,588.2596750000002,2.053,1.46,745699968.0,759008000.0,11.171886,9.842735,1.9915899,7.133977,15.355,8.992,1.7,0.1777,0.282,0.249,0.248,0.63762003,0.98724,0.660158,INR,Financial Services,Mortgage Finance,India,8.787781004625147,0.406,1108.0,10.449607400236635,6.615037108744756,9.326438636119178,9.033168764117455,178595.0,133017.0,492247.9294354839,143616.3,199713.61111111112,29.33109806071888,37.104123033380986,0.1460860891416393,-11.5531437683272,10.392643787523536,24.527257631355106,822.5999755859375,-16.64386680512949,0.8972927471909881,1.4061694701014151,0.0298637035079382,-0.0217560624155588,1.1855547576610186,6.02483057411477e-05,,78.80506965491935,30.65854170522818,69.91886738885289,0.0,74.3183820778641,52.276912777695934,74.3183820778641,43.32342439367538,36.61515502470127,0.0,45.0,65.67551486737065,70.0,55.0,42.57931723359294,65.0,60.0,30.856,55.0,50.0,38.28125,real_yahoo,148289.73283955967,47.848053474056094,29.06052331447731,0.0174725381408993,98.72376054304296,1.101643502674173,0.2113335453325208,13.686443109622145,-15.903242408646424,2.2811347714667374,12.204644682030969,17.305528144684573,2.437955441223455,18.933923187142632,2.030124859446841,2.3347074643582006,18.904390633296277,7.011213987350367,13.10673982165997,11.874907401877511,11.906930036892028,2.3058964807047726,22.07657658544169,20.88210399457842,40.92356687898089,87.10191082802548,,3.7808701418572266,317.3483051898422,0.0084003300464346,15.280100255730508,0.0964434555,1.6686995846852075,-1.0024460508121034,0.9899021381361556,-0.6437502733315259,1.253501487479888,0.14727162280183326,1.3151817019760847,-0.34592423720981774,-0.6920896148465538,-0.4709457328275546,-0.8094045563404183,-0.1686226898691488,0.8860230903774348,0.6744907594765952,-0.1686226898691488,-0.509867394955085,0.1686226898691488,1.164231339289771,-3.0,-0.09635582278237075,-0.3372453797382976,0.779556944949531,0.3,0.3,-0.038797510516697296,0.44000000000000006,0.44000000000000006,-0.11288069712609053,0.9183333333333332,0.9183333333333332,1.0,0.15,0.35,0.5,51.77294945667984,-1.3177920228866409,-0.05746533069570888,3.0,0.6744907594765952,2.2416685917154013,3.0,-0.963385200020432,3.0,,3.0,-0.7194026229265574,-0.7939540380070268,-0.10183426116934023,0.4657198101147921,0.6152506726712719,1.2164766599908057,1.9500000000000002,37.77298258227644,0.1535650709085193,56.187573509386226,-0.6115445805019801,-1.484379636758105,0.43197375702432944,0.6690261352678728,0.6598225259164089,-0.34800341028165727,0.6131664015801931,-1.0479621086300426,0.5504999461461011,0.24269531413631767,43.37008041262026,28.674059702481,61.76713047325944,44.69817067553778,62.852871812516845,53.129708705563345,56.80712537533199,51.42857142857142,5.714285714285714,77.14285714285715,37.142857142857146,22.857142857142858,66.87898089171975,58.195859872611464,59.12420382165606,56.97929936305732,58.84407903288705,60.84478712705331,60.37331917905166,False
ABCAPITAL.NS,ADITYA BIRLA CAPITAL LTD.,8424892118.834033,3400130264.8166075,1280000000.0,376457998.2359901,916274098.5694312,16905770041.604818,736610726.7290524,,0.013725,0.117285,459.779,2.053,1.46,745699968.0,759008000.0,22.532026,14.804274,2.4300644,2.4778144,7.282,8.992,2.27,0.0,0.314,0.327,0.335,0.11071999,0.26948,0.15164,INR,Financial Services,Financial Conglomerates,India,3.2160912122189957,0.637,66340.0,3.972249112616973,1.8224158330644296,3.561514467032376,3.3891739270732493,6923698.0,5247193.0,5921320.653225807,8638506.066666666,6097076.111111111,33.245212687395004,41.275213521235095,-11.786455304385534,-16.620075532069734,2.898048549112131,64.38847601839363,298.25,-19.722562889852536,1.6908173125397596,2.974194776762557,0.1015120437429095,0.2612571696800849,2.6574933742288365,1.4110020848848053e-05,,32.33173948082204,67.91096523136804,46.97086348464449,0.0,29.16844476418259,47.72308722230406,69.40106217241365,26.930046788860466,26.1815342199027,0.0,45.0,68.44178219690664,70.0,55.0,24.698153941045803,65.0,35.0,10.798810000000001,50.0,50.0,38.28125,real_yahoo,51253.09413350328,11.071869867206251,29.06052331447731,0.3475371200919191,26.94820572172555,1.101643502674173,0.2113335453325208,13.686443109622145,-19.03601408069321,1.4389084457818342,15.623320052195757,20.417570125715308,1.603872275494105,21.947079581310057,1.0375931966021674,1.5176546883499085,20.635826113214247,11.102563386249358,15.594070234177206,15.971740332639897,10.844550779341748,1.47914103787109,23.55092082324333,22.85445650833538,40.92356687898089,87.10191082802548,,0.2232290944420444,37.645616500197214,0.0417523426345716,16.76223683073023,0.117285,-1.0065796865853678,0.9259423293909963,-0.15211010041755796,-0.6437502733315259,-1.0763602612620264,-0.14727162280183462,1.048934734641004,-1.1918679015118017,-1.230493330561389,-0.4709457328275546,-1.0707725351850326,-0.1686226898691488,1.034703422649976,0.6744907594765952,-0.1686226898691488,-1.0758031286361411,0.1686226898691488,-0.34264681626252946,-3.0,-0.2890674683471122,-0.3372453797382976,-0.9007479095388992,0.3,0.3,-0.7099790390294621,0.44000000000000006,0.44000000000000006,-0.29568154183856976,0.9183333333333332,0.9183333333333332,1.0,0.15,0.35,0.5,39.63156882866252,-1.3177920228866409,-0.05746533069570888,0.04153725024294596,0.6744907594765952,-0.8138886382891496,1.3900602656749583,-0.8637024749953339,-0.02515877458626516,,-0.12785543263282884,0.746879801780393,0.03450876262756468,-0.6744907594765952,1.0759733544031402,-0.28199760028059423,0.37586703237332686,-0.042027367992713276,33.37583287503018,0.11321809176928571,35.48633506460577,3.0,-0.7155927133452712,0.07941246413832893,0.30836093749219345,-0.9986388531444881,-0.6300154438550298,0.29441379516192684,1.1422036433273643,0.1938867008152612,-0.46327369493678033,57.839816915012705,31.674974173451382,68.55096549404888,38.89887804609632,70.39144429268681,46.16792391279059,33.08527713093805,8.571428571428571,11.428571428571429,91.42857142857143,25.71428571428571,14.285714285714285,64.49044585987262,25.945859872611468,40.35350318471338,48.01910828025477,24.844014038736514,38.27019778746229,44.47275300778486,False
MASFIN.NS,MAS FINANCIAL SERV LTD,578691268.4952135,167069956.04775733,1280000000.0,37706787.13563515,87744430.93471012,1065944943.2720232,179936537.6357965,,0.013725,0.117285,347.367,2.053,1.46,745699968.0,759008000.0,15.338852,11.86,1.9134711,5.797014,14.702,8.992,0.66,0.088,0.296,0.309,0.16,0.37772998,0.87898004,0.55834997,INR,Financial Services,Credit Services,India,3.1892008174680004,0.212,1758.0,3.794772507260407,2.430891685489943,3.37403463482844,3.363068731848984,163002.0,109255.0,185058.77822580645,120820.56666666668,154214.83333333334,29.17354040139188,35.86294714254433,-6.262882390278735,-8.292564094091615,-1.144154273652176,16.27439458807021,295.6000061035156,-18.722952208561484,0.5577171294319329,1.0054672243881206,0.0196385691788298,0.5746000308707043,2.4780831582251674,0.0003631892861119,,71.3728957893282,38.10902641045615,63.79939968106399,0.0,67.91096523136804,48.86154361115203,70.89115911345924,35.126735591267924,32.14360325121617,0.0,45.0,67.51969308706131,70.0,55.0,35.12883252836497,65.0,60.0,16.580999,35.0,50.0,38.28125,real_yahoo,56783.701643024535,37.772606851757104,29.06052331447731,0.0174725381408993,87.89759470108011,1.101643502674173,0.2113335453325208,13.686443109622145,-15.958049886621318,1.4325099800538537,11.946108415341598,19.008114783555023,1.5675262634685991,18.933923187142632,1.232820194007527,1.4756858405653477,18.28993896456148,7.472500744737558,12.128434177411544,11.70207008055674,10.947022231160751,1.4731756473634785,20.787127514331942,20.17627968002144,40.92356687898089,87.10191082802548,,3.7808701418572266,317.3483051898422,0.1444250840815809,13.691105243473858,0.10696392,1.2408597761625741,-0.6167683747714834,0.685365541188499,-0.6437502733315259,0.922861041288791,-0.07363581140091754,1.1296156338334529,-0.7688960693608098,-0.9228340644386258,-0.4709457328275546,-1.055875855685187,-0.1686226898691488,0.9851433118924624,0.6744907594765952,-0.1686226898691488,-0.7456739506555251,0.1686226898691488,1.164231339289771,-3.0,-0.8672024050413367,-0.3372453797382976,0.3841910968346061,0.3,0.3,-0.2831241747466554,0.44000000000000006,0.44000000000000006,-0.18815774389613563,0.9183333333333332,0.9183333333333332,1.0,0.15,0.35,0.5,47.94265346374025,-1.3177920228866409,-0.05746533069570888,2.546951220490244,0.6744907594765952,1.7807979615632563,3.0,-0.5568334779239068,3.0,,3.0,-0.41284385618511654,-0.8617431425592799,-0.39090172261087525,-0.6477252531481589,0.47855385375410603,1.399424934934242,1.9500000000000002,47.557917466182595,-0.5064723113526529,54.38091141945325,-0.8415484128681492,-2.308594224938925,0.4461656592486114,0.9719224485513439,-0.2309371498474705,-0.1665281610708796,0.12249487967150131,-1.5750713189035372,0.7090440538999776,-0.09914394548114261,39.02868756127479,26.520051506401167,55.78549127508241,40.122830569895555,65.30253739420705,47.62536056784408,48.89984262720068,48.57142857142857,2.857142857142857,82.85714285714286,28.57142857142857,45.714285714285715,63.762511373976345,48.06050955414013,52.082802547770704,50.933121019108285,48.82035616794489,54.25410660408984,55.389242745930645,False
POONAWALLA.NS,POONAWALLA FINCORP LTD,3398119493.16984,272383559.4277724,1280000000.0,37576636.59244918,272222221.8780252,3869975168.592019,24473487.10336668,,0.013725,0.117285,364.414,2.053,1.46,745699968.0,759008000.0,88.063065,25.10572,3.0931587,12.475494,15.355,8.992,2.27,0.0,1.3302999999999976,6.708,7.02,0.13795,0.9949569,0.25529,INR,Financial Services,Credit Services,India,4.205657739055609,0.293,3594.0,6.135312466387006,3.420458212326557,4.573002043670001,4.9070560395826615,1580382.0,1203507.0,2241035.326612904,1325903.6666666667,1404563.788888889,39.12620971814234,40.91775919579111,-10.29764469312938,-18.56300282598012,-21.57527661157153,14.915993511459092,393.2999877929688,-32.09216702368951,0.5231751312421534,0.8935301535367175,-0.0075449700690498,0.0479592529741897,7.3940319283928915,2.7116538260772985e-05,,52.27977555086167,26.1882508820914,74.45298628219015,0.0,35.12883252836497,27.230872223040635,73.87135299555042,26.930046788860466,26.1815342199027,0.0,45.0,73.97431685597864,70.0,55.0,26.1882508820914,65.0,35.0,16.896,40.0,50.0,38.28125,real_yahoo,75788.4138641548,13.7954862883027,29.06052331447731,0.0278411091432168,99.94076824971148,1.101643502674173,0.2113335453325208,13.686443109622145,-31.4516129032258,1.649746060856736,14.155238053966874,17.01310097137237,1.9650560434368884,19.42272177956592,1.4862433586636412,1.7179338752964657,19.4221292865759,8.187299270155147,14.62244896265298,14.097605551718509,11.23571390309303,1.7761475752587093,22.076513927841425,21.946488025607813,40.92356687898089,87.10191082802548,,2.7865411612746955,317.3483051898422,0.0062841981669409,16.05887932204883,0.117285,0.14174704620555095,-1.2338526564364751,1.215543518051521,-0.6437502733315259,-0.7687877531772852,-1.4727162280183395,1.2909774322183503,-1.1918679015118017,-1.230493330561389,-0.4709457328275546,-1.0046867039586203,-0.1686226898691488,1.3320640871950595,0.6744907594765952,-0.1686226898691488,-1.0286418174960532,0.1686226898691488,-0.34264681626252946,-3.0,-0.6744907594765952,-0.3372453797382976,-0.1100162133090497,0.3,0.3,-0.791010725692399,0.44000000000000006,0.44000000000000006,-0.27323589027119694,0.9183333333333332,0.9183333333333332,1.0,0.15,0.35,0.5,41.76173801657089,-1.3177920228866409,-0.05746533069570888,0.29710272901449664,0.6744907594765952,2.2745200038701916,3.0,-0.9697099095624115,0.8469840300513237,,3.0,-0.7367212357626037,-0.539686905903921,-0.6744907594765952,1.0759733544031402,0.07795635968965013,1.213630540696915,1.0887936120205295,36.27989905123672,0.11321809176928571,43.73791034452356,0.6978369577474517,-1.0804255258400237,-0.45031446375692236,0.8454554311494824,-0.7917143751080017,-0.7381536432209054,-0.7464611199646679,-0.191294284046286,0.19757048369628002,-0.7567141058101631,45.963083405218086,34.22406886357621,47.1033241894726,21.390610885858088,80.4003926180074,46.910065550436194,34.07368747445447,22.857142857142858,17.142857142857142,100.0,2.857142857142857,20.0,70.35941765241128,27.07643312101911,35.21019108280255,37.831210191082796,26.842584167424935,35.03519946362722,37.753007784854915,False
OBEROIRLTY.NS,OBEROI REALTY LIMITED,5913087284.07013,581840875.2931054,324034661.33161235,240650067.07540068,362304967.8821125,325597503.1945789,334581057.287297,,0.02486,0.06642,18.083,1.275,0.628,440619008.0,608512000.0,24.588484,16.550745,3.2833776,10.162723,10.116,18.164,0.53,0.13,0.058,0.006,0.007,0.4136,0.62269,0.55242,INR,Real Estate,Real Estate - Development,India,16.260083898031624,0.206,1470.0,21.566096590297946,14.963966871033668,16.078842637409917,17.58913090244165,671555.0,801534.0,806111.1229838709,611281.7,563040.3444444444,32.971010070363185,31.41390555023925,1.0867427230712767,-9.676826689099183,-5.6274646647451965,-6.505286081733052,1506.9000244140625,-28.77354135083291,-0.1156163773361569,-0.1759054969069776,0.0173440239623956,-0.0638945158579165,1.5228442401991438,1.5093900510489293e-05,,62.500795462106446,28.766965273532808,48.42718261285428,0.0,71.36410284206266,64.93788793195908,73.50406094592941,41.86771105615214,38.59707394319354,0.0,20.0,74.20839754357786,65.0,20.0,20.0,20.0,35.0,24.228,82.5,0.0,48.90625,real_yahoo,395810.1192470104,41.360117051620335,55.69128521064771,2.9923092828790523,62.26873759936504,1.004823070027583,0.1662316814177771,35.15045221395326,-24.603491271820445,2.848396546479599,13.2411083403837,19.62838973489456,3.116448629053542,20.181707559881723,2.770334111954672,2.8378404247887588,19.70799687059906,7.293697720601438,13.599978122215637,13.323314815272823,12.888692404851025,2.9225770498304757,19.60117252681321,22.500433915230374,2.388535031847134,51.7515923566879,,1.0458392076587244,55.6912852106477,0.5068038820331888,16.38869022187212,0.0577854,0.7301292989376275,-1.1003643515795105,-0.07963607284645156,-0.6437502733315259,1.1010525009225904,0.9661885244447981,1.2710905027083366,-0.42104307510909184,-0.5898171123351527,-0.4709457328275546,-0.14270892486740097,-1.011736139214893,1.3446453710208257,0.0,-1.3489815189531904,-1.2244988904314889,-1.3489815189531904,-0.34264681626252946,-3.0,0.9635582278237074,-2.023472278429786,-0.27681118048253356,0.3,0.3,0.27457176503323705,0.44000000000000006,0.44000000000000006,-0.8520108587675053,0.9183333333333332,0.9183333333333332,1.0,0.4,0.25,0.35,43.64455571903541,-0.9756300973918817,-0.5761827661959118,2.8835785644599112,2.69249523542794,0.6897523687464993,2.7585019930500554,0.5262467702523093,3.0,,3.0,-0.09067172834372159,-0.2524084233526364,-0.2555524095613271,-0.7869058860560277,0.7962367809552721,1.7539871427910698,1.9500000000000002,63.37634847003489,-0.4946614739839424,59.459818383983134,-0.3765436468083962,-0.9093520153012176,0.10411108397807488,0.9812903757662966,0.7905610372595143,-0.24357255946027032,-0.06818478041457286,-0.6429478310548069,0.5427007298721858,0.11928385326937428,46.40449630266086,39.96993242289387,60.85172721204521,50.42747136363576,56.772825585737905,39.83812260247649,47.23190017251673,56.25,25.0,68.75,56.25,81.25,39.03548680618745,43.78025477707006,56.410828025477706,61.719745222929944,43.83530482256597,57.21756620851492,64.01273885350317,False
GODREJPROP.NS,GODREJ PROPERTIES LTD,4887619473.636657,408199420.88845867,-89013658.9437453,170200067.6347209,159161023.81413358,1755879289.4051845,1065228572.8299452,,0.02486,0.06642,87.886,1.275,0.628,440619008.0,608512000.0,28.658815,17.720758,2.481299,11.973607,13.731,-62.969,4.24,0.0,-0.1439,0.137,0.2,0.41695,0.38991,0.0,INR,Real Estate,Real Estate - Development,India,16.226739808540387,0.304,4199.0,26.960309777347533,15.4243304291707,17.883360223728083,21.33427987522857,1537601.0,1236704.0,899964.7782258064,1319441.7,1156002.788888889,38.971557838152,39.27833024653879,-12.99105573532593,-24.750547273165203,-24.467923762447963,-29.211053485096905,1508.300048828125,-40.36801281923788,-0.7997801109706741,-1.1898033645610775,-0.0716839930996713,-0.0532113219178942,2.2134422043637154,1.022837334428168e-05,,24.743290801050257,25.49026238364589,28.766965273532808,0.0,25.49026238364589,46.26552801701023,57.06520879624664,28.75111598542978,25.49026238364589,0.0,80.0,65.56254127801435,65.0,30.0,90.0,70.0,35.0,24.055,77.5,70.0,48.90625,real_yahoo,97213.48437448406,41.69532314971814,-21.806414803334192,2.09930063056342,38.99099696606984,-16.31077890121734,0.1662316814177771,35.15045221395326,-39.81248753241572,2.8464628166490256,13.960479605794632,20.78645523639401,3.3307859966085096,19.8272663920932,2.798763798192452,2.938281122832857,18.885426982394797,8.34283980427146,13.710112017389962,14.092720008442624,11.484674995545117,3.106122712297666,21.286235588569436,22.30997120689757,72.92993630573248,51.7515923566879,,1.4907223500600633,-21.806414803334192,0.3775922881537671,16.496771461664505,0.06642,-1.4434155960853337,-1.2699843435191491,-1.0580309218212496,-0.6437502733315259,-1.266164653985117,-0.24154713111119985,0.3810132623661971,-1.0978956899133299,-1.266164870880212,-0.4709457328275546,-0.9469783223559649,1.011736139214893,0.8799510269061382,0.0,-1.011736139214893,0.9909890344612758,0.3372453797382976,-0.34264681626252946,-3.0,0.770846582258966,0.3372453797382976,-1.57410536960963,0.3,0.3,-0.7780024861162725,0.44000000000000006,0.44000000000000006,0.04200250534718804,0.9183333333333332,0.9183333333333332,1.0,0.4,0.25,0.35,33.79565282360552,-0.9756300973918817,-0.5761827661959118,2.9150320049238303,-3.0,-0.3012092507369762,-3.0,0.14005826817317554,-1.3011041184863514,,3.0,1.4314919106580153,-0.3695450473493436,-0.6744907594765952,3.0,-0.43506773998588005,-1.586973779322071,0.22955835260545943,54.92464065140331,0.9790300822878727,32.21202927186428,-0.30627195816896247,-0.8532900806454002,-0.4363842976894695,0.8282808979220689,-1.1660619716595815,-1.0825360177503447,-0.8694882868041239,-0.5797810194071813,0.1959483001162997,-1.0436794846392494,41.981338021782875,31.05531765657412,53.056713590303325,47.950762095260515,63.15152629494963,37.80989284862334,34.259014413863795,6.25,6.25,81.25,50.0,62.5,25.955414012738853,19.235668789808916,31.614649681528665,36.19108280254777,19.17977382035617,32.12202480724103,37.77070063694267,False
PRESTIGE.NS,PRESTIGE ESTATE LTD,5339535202.495429,1090674438.6361191,298367760.43885124,104377750.75830913,738991094.417554,1560761480.9078195,424061519.0276433,,0.02486,0.06322,89.294,1.275,0.628,440619008.0,608512000.0,51.31345,27.916697,3.136464,4.895627,5.975,21.843,0.16,0.0802,1.3302999999999976,8.893199999999984,8.523859999999997,0.095699996,0.67754996,0.16178,INR,Real Estate,Real Estate - Diversified,India,12.39647198020867,0.254,9014.0,19.51167043132193,11.2729912875121,14.831773690437776,16.87157147466925,872673.0,1196236.0,963941.1935483871,864075.8,741776.3888888889,40.38715798297989,36.87776257658913,-16.35809488424991,-27.765239231933737,-24.25039696127768,-3.616412854012807,1152.0,-37.55624363943443,-0.0070020458905391,-0.0113707653132944,0.0061563972843714,0.1613106882197481,1.874490894258361,1.5535757864037893e-05,,44.13227968105208,64.81069706228885,61.53399417240193,0.0,32.04366816341972,57.468943965979534,67.558093147108,33.669839136950664,32.04366816341972,0.0,40.0,70.75005503735245,65.0,80.0,60.0,20.0,35.0,28.119,77.5,60.0,48.90625,real_yahoo,120997.82989084972,9.570018977324963,27.35626231526596,5.609154299593828,67.75542437224964,5.230999081845134,0.1662316814177771,35.15045221395326,-36.46637265711136,2.5949913872322155,13.516804462161478,19.86538909707588,3.020994013493441,20.81006209379914,2.507401017724473,2.762018913758847,20.420796429337248,9.106645135637418,13.77878660659593,13.6694169327247,11.703536154208564,2.883211264570113,21.16843966853953,22.39840444558634,55.891719745222936,51.7515923566879,,0.5579226746717747,27.35626231526596,0.2136520581640941,16.296197567277538,0.058149756,-0.3272709202627321,0.7654555597565122,0.5726271598034138,-0.6437502733315259,-0.9279907747125873,0.4830942622223984,0.949147671095223,-0.8440759593617407,-0.9279909916076823,-0.4709457328275546,-0.8829152385697944,-0.3372453797382976,1.1587676333749506,0.0,0.6744907594765952,0.041494209507233884,-1.3489815189531904,-0.34264681626252946,-3.0,0.770846582258966,0.0,-0.0605954822946841,0.3,0.3,-0.48826611948814097,0.44000000000000006,0.44000000000000006,0.10189204707180091,0.9183333333333332,0.9183333333333332,1.0,0.4,0.25,0.35,48.465398213708575,-0.9756300973918817,-0.6088161249612839,-0.09938613336680462,0.5453466389288316,0.9232952624933792,0.609796489345773,-0.3499274207991478,0.06016228705411263,,1.444237130464754,0.09574361197408307,-0.3179238435719657,-0.41603802360579134,-1.1830353797168853,-0.21458992822654807,0.17792072978055865,0.3851241974378336,42.58864677745793,-0.7611868338557837,34.94362810187617,-0.2583704595408439,-0.9573281226070295,-0.56389354687412,0.9063469580466749,-1.6340347367325438,-1.250325806429411,-0.8602366551104621,-0.6078492910739367,0.17122670558627745,-1.2484117401246662,41.087471772929945,59.026682725126555,60.04066424650554,34.547733541723126,82.96023063637246,59.27464530304522,40.74545729319026,12.5,68.75,100.0,12.5,31.25,61.373976342129204,48.59235668789809,50.687898089171966,49.04140127388535,49.22656960873522,52.433791485082125,52.54423213021939,False
BRIGADE.NS,BRIGADE ENTER. LTD,1789002566.8495214,613102074.2174895,156253357.25502852,80210822.071636,306038497.4077659,578132711.0250618,253803372.95901904,,0.02486,0.06642,75.557,1.275,0.628,440619008.0,608512000.0,22.222221,15.841794,2.563542,2.9179523,3.589,14.081,0.36,0.08180001,0.076,-0.234,-0.21,0.13083,0.49916,0.21002,INR,Real Estate,Real Estate - Development,India,7.314187372270625,0.068,3043.0,14.327202323330107,6.464450898139185,7.644186296654834,9.54012842852533,809026.0,3377486.0,446228.3125,1143769.2333333334,615909.4888888889,37.8463057867456,39.70821461570739,1.31889368243836,-22.3107358426024,-22.551395348581384,-29.37305968721261,687.5499877929688,-50.20868547970607,-0.9089772676065904,-1.6193993812506189,-0.0363883392001417,0.3392712510226364,1.7711549174073986,5.659091518890423e-05,,32.39683904315625,73.59226080718577,32.04366816341972,0.0,35.32037105330663,38.79658405103069,71.05572126406177,38.58856228847155,35.32037105330663,0.0,80.0,70.75005503735245,65.0,75.0,35.32037105330663,70.0,60.0,34.612998,55.0,65.0,38.28125,real_yahoo,201479.4854477455,13.082784326575664,25.48570031416984,3.153080345393765,49.91640222362109,3.6999698514091066,0.1662316814177771,35.15045221395326,-48.94894894894895,2.11796337753471,13.33085692171179,19.35207040692696,2.729629179381796,20.234041997521658,2.010151871438989,2.1568869905473838,19.5392214637931,8.020927718981577,13.008588252457978,13.94984058576148,12.213447809265784,2.355189727908557,20.17531400586101,21.30492407682664,67.03821656050955,51.7515923566879,,0.9925133604818612,25.48570031416984,0.3050755675166454,14.998402255549117,0.0609868433358,-1.0028321714185169,1.2200371381547426,-0.8949651136587834,-0.6437502733315259,-0.7589038350763225,-0.7246413933335991,1.1385258073382312,-0.5902562288101514,-0.7589040519714174,-0.4709457328275546,-0.666138071435074,1.011736139214893,1.1587676333749506,0.0,0.5058680696074465,-0.7396117893818104,0.3372453797382976,1.164231339289771,-3.0,-0.09635582278237075,0.1686226898691488,-0.9254582750460819,0.3,0.3,-0.49482515160845464,0.44000000000000006,0.44000000000000006,0.1259171401894331,0.9183333333333332,0.9183333333333332,1.0,0.4,0.25,0.35,41.34514736873262,-0.9756300973918817,-0.5761827661959118,0.23022766663076052,0.4036006946905895,0.16387605267641717,0.4679477644791904,-0.07668020612097326,0.4660684027870339,,3.0,-0.25895650494485156,-0.7234923091037012,-0.41088182707311494,-0.9689113290893947,-0.2447999383650367,0.22286517770911676,0.9364273611148135,45.11319661910417,-0.6619951029804408,37.63631259681591,-0.646001162765719,-1.6304968991912516,-0.33502796147931607,1.1967527017102089,0.8228268712947596,-0.9467425602595411,-0.787976422886023,-1.1382490309784852,0.43086237011544637,-0.3682418895811954,40.37933122836867,33.91627680889366,50.21787011671461,74.92657544448144,53.324991319085875,51.42271448949661,38.58330966674811,18.75,12.5,62.5,100.0,37.5,27.45677888989991,28.363057324840767,34.095541401273884,37.19745222929936,28.616924476797088,35.05196111297352,39.561217268223636,False
