# Cross-sectional momentum proxy, not time-series returns
strategy,n_companies,avg_ESG,avg_financial,avg_momentum_proxy_6m,avg_momentum_proxy_12m,cross_sectional_ir_6m,cross_sectional_ir_12m,pct_positive_momentum_proxy,n_sectors
Our Multi-Factor (Top 20),20,60.143865243831655,61.521214721529056,8.657735398445515,19.951894304315843,0.4753100175631829,0.9741982331986381,70.0,10
ESG-Only (Top 20),20,64.6236982172288,59.44614564041535,-3.6259656460597434,-6.571250738866956,-0.18567165934329746,-0.26487381924414816,45.0,9
Financial-Only (Top 20),20,61.28208147086072,64.71197029560523,-7.877405049270318,-8.70025466361687,-0.3481051316347709,-0.37282692166960496,35.0,10
Growth-Only (Top 20),20,47.25345827726876,47.70556647316854,5.551357089803832,27.045118416750235,0.18087562334001236,0.7154427821096957,70.0,11
Full Universe,276,48.38698603441462,48.740663891371526,-1.9898993025227085,7.319689763872472,-0.06882752166430499,0.1753376346356542,42.391304347826086,11
