removed_factor,kendall_tau,spearman_r,top10_overlap,mean_rank_shift,max_rank_shift
financial_score,0.7457627118644068,0.9156432342317312,7,5.566666666666666,22.0
market_score,0.8101694915254237,0.9398721867185332,8,4.333333333333333,21.0
ESG_composite,0.855367231638418,0.9636565712697974,8,3.3666666666666667,13.0
growth_score,0.8655367231638418,0.9674353987218672,9,3.1666666666666665,15.0
value_score,0.8847457627118644,0.9719366490691862,9,2.6,19.0
stability_score,0.9005649717514125,0.981050291747708,9,2.4,11.0
risk_adjusted_score,0.9016949152542372,0.9819394276187832,9,2.3,10.0
operational_score,0.9107344632768362,0.9857738260627955,8,2.1333333333333333,8.0
