return,risk,cross_sectional_ir,frontier_type,w_ESG_composite,w_financial_score,w_market_score,w_operational_score
8.102714053785126,21.256132228659265,0.38119418747415684,original,0.3246757171249298,0.3154901162043157,0.3220494205571397,0.037784746113614744
1.5341159786332355,21.955405356549264,0.06987418149256004,original,0.014232233398534218,0.2391858568224978,0.23215517534604774,0.5144267344329202
-1.5913537145833583,18.75084174667013,-0.08486838810089538,original,0.034697272773258694,0.45795037286628487,0.03082126860365966,0.47653108575679687
11.366763105677002,22.70796054869745,0.500562922912025,original,0.49415934909221304,0.11042839146972537,0.351521951292702,0.04389030814535946
6.90777775406965,21.69749884439387,0.31836746730937715,original,0.053213482286030615,0.183143517682574,0.5236665500376122,0.23997644999378326
11.78426805678707,20.766429280115805,0.5674672278885207,original,0.27499578401909686,0.04928912320509844,0.4051946182877172,0.27052047448808764
11.417636439457572,22.463140962510238,0.5082831674547277,original,0.40903415376740687,0.2601459415901273,0.2827452316969235,0.048074672945542234
2.4225636042150906,22.705440386171343,0.10669529253790092,original,0.07134379812237882,0.27218588398074023,0.15437051880963845,0.5020997990872423
4.7006676530513,24.93406973320111,0.18852388331830347,original,0.3457627751610857,0.11611631559906789,0.22502370048313008,0.31309720875671626
13.60008292842732,21.561525537801476,0.6307569890878407,original,0.18670295005576512,0.17479913626745305,0.47725434008637285,0.16124357359040895
8.102714053785126,21.256132228659265,0.38119418747415684,original,0.3435891726460902,0.35831516635808014,0.27928205670797007,0.018813604287859692
8.102714053785126,21.256132228659265,0.38119418747415684,original,0.2914970246862979,0.34811463451920555,0.2884054251471267,0.07198291564736999
12.802914507368348,21.541158206792083,0.5943466170390068,original,0.37224003741765865,0.1922299262549359,0.4110109451910115,0.02451909113639391
11.849188412799771,19.84952763598376,0.5969506494078756,original,0.027700181319328655,0.2176631063087298,0.6613620739247761,0.0932746384471654
4.7259195266981475,18.94178144427415,0.24949709933971292,original,0.24219520459231275,0.33915912722763547,0.3081095815772651,0.11053608660278673
0.148837910722461,22.128165297295475,0.00672617493236005,original,0.11677706078992538,0.14830966256865916,0.1625343240370283,0.572378952604387
6.110347260900766,24.07131447130776,0.25384352267753063,original,0.39102439110538745,0.30530915859718233,0.1936860128784828,0.10998043741894734
1.6774711475811614,22.129159308544313,0.0758036545439795,original,0.01420059571636347,0.30558476252626227,0.19849952963293768,0.4817151121244367
2.8867318539677207,26.55097792843098,0.10872412540653408,original,0.6081614634531889,0.09958150831337954,0.014919352971046124,0.2773376752623854
11.428842574584843,22.46307131461041,0.5087836126442972,original,0.40799558352828696,0.13119410982927013,0.34049059322007696,0.12031971342236593
8.923102288676,25.617154727098587,0.34832526811426273,original,0.6990538043163607,0.15363452476635056,0.07151089514676097,0.07580077577052788
15.17120421926277,29.395986611409967,0.5160978068115768,original,0.05034400634199304,0.02338893293691795,0.7343514296181658,0.1919156311029232
0.14883791072246125,22.128165297295475,0.006726174932360061,original,0.11268475243572933,0.272849342549292,0.05465029356352101,0.5598156114514576
6.344396255119283,28.176995841505097,0.22516226679323229,original,0.5491120093175997,0.13993575499394514,0.0852562864990488,0.2256959491894063
0.8556014115119768,22.040990135856273,0.03881864681370203,original,0.09720347538365755,0.02415130973460873,0.16057350918582558,0.7180717056959082
1.9254842674567783,21.68901726926312,0.08877692536934934,original,0.13904459195895352,0.42483286685466193,0.2820492296052103,0.15407331158117413
8.610083709442831,25.6074033320656,0.3362341584485319,original,0.45970805676022214,0.18057701318273262,0.2652646717729511,0.09445025828409426
0.38237945766323955,18.578672389153372,0.0205816352025467,original,0.0813670196110812,0.7967233188031977,0.052115126828059154,0.06979453475766201
1.177154666342196,21.760617083518298,0.054095647279615744,original,0.13056965270749196,0.4071858901099076,0.17417006768665133,0.2880743894959491
9.17211713031141,25.697679342634927,0.35692394663273314,original,0.4282135315395127,0.30567270873675917,0.23221997855623006,0.033893781167498055
6.440601956672985,28.123484853968275,0.22901151795707508,original,0.5488566299918759,0.2097183913541894,0.05711053892801245,0.18431443972592226
1.9454016460408856,15.956232483334075,0.12192111440220126,original,0.03133630372349071,0.4064119637126525,0.4315457700338333,0.1307059625300235
-0.8262431060848251,18.696893420397384,-0.04419146472638154,original,0.009039874138533866,0.538216846824926,0.1592970550460833,0.2934462239904569
5.712303005204961,18.22861942603883,0.3133700293843337,original,0.09373869383826347,0.4454249011577415,0.43609089651924965,0.024745508484745216
10.00659145039624,24.412174565410066,0.40990168342207917,original,0.7011539726579368,0.08695329816353899,0.18043407740110923,0.031458651777415025
13.476592630993599,21.55665140219918,0.6251709683237824,original,0.29393379551445825,0.08552008797203454,0.48219421437953214,0.13835190213397502
9.911875788576335,23.444532536635926,0.4227798431487225,original,0.30758141478436873,0.20847809061527964,0.29747981546391705,0.18646067913643452
3.742923961614838,21.92913550389151,0.17068269567368752,original,0.12935437599285224,0.006060831885454616,0.33499716958299197,0.5295876225387011
0.27374872340716444,19.78928080625204,0.013833182018383182,original,0.08373849949139335,0.49065952752299935,0.024227696039921722,0.4013742769456855
14.63333023938086,20.98926169142886,0.6971817520044922,original,0.10129589397682304,0.18589683518409109,0.6775202718679283,0.035286998971157696
1.9254842674567794,21.68901726926312,0.08877692536934939,original,0.06811497950619141,0.4788142044137077,0.35036643763393255,0.10270437844616845
13.600082928427321,21.561525537801476,0.6307569890878408,original,0.12846179814515812,0.2172671985513472,0.5504486915306186,0.10382231177287593
-0.5110871286511832,22.370067734265735,-0.022846919138560857,original,0.2150804124435514,0.09957104011810854,0.08555216071481149,0.5997963867235286
1.9972074242452125,21.653489610456937,0.0922348988622829,original,0.2333930082685015,0.5616637079221745,0.1269328392056717,0.07801044460365229
1.9254842674567785,21.68901726926312,0.08877692536934935,original,0.24316382801714737,0.30170785289801305,0.20239811357319645,0.25273020551164316
1.4819272028937658,21.97930612465632,0.06742374825129725,original,0.1417245917990209,0.15189345145884936,0.3136312613838478,0.39275069535828216
12.276611911951814,20.201263632442995,0.6077150486851203,original,0.2205629991153507,0.0302177908272715,0.46743929497431524,0.2817799150830626
2.6891911151601344,26.47858777828456,0.10156097212085531,original,0.522090048262327,0.22344463283068913,0.03000794013435231,0.22445737877263164
2.538052493962578,22.67411006281739,0.1119361459797032,original,0.1290024807387117,0.02594634444903367,0.061713110409610625,0.783338064402644
0.6145275881733465,22.109829121354977,0.02779431649143865,original,0.1270070898066759,0.08135307276816525,0.13998707261934024,0.6516527648058186
2.664649628999303,26.459143681741498,0.10070808265907756,original,0.6284064284550279,0.11410270138689976,0.00469178162686288,0.2527990885312094
-1.6671718081556726,19.42485561439837,-0.08582672845770473,original,0.050060141130105075,0.6871110585277239,0.03542407328919219,0.22740472705297865
1.2912083716371874,21.712601505231174,0.0594681559149028,original,0.17206010181895756,0.4853072139304838,0.049118773465127316,0.2935139107854313
1.9972074242452125,21.653489610456937,0.0922348988622829,original,0.23980158782645894,0.5432475993671592,0.11245725191641945,0.10449356088996249
1.2635197332373438,21.957505376059473,0.05754386537048147,original,0.08987882352131525,0.37117970971545156,0.23098855317643474,0.30795291358679844
4.260149600497258,24.2610195380361,0.17559647869705947,original,0.26282340897328743,0.23644516456619138,0.21415870156009081,0.28657272490043045
3.851308919852763,19.017085760158928,0.20251835472609897,original,0.010503991801540262,0.45903989698881875,0.3966541632363356,0.13380194797330533
13.78622441128134,21.471559131987167,0.6420690889968564,original,0.07260140990866375,0.21520951626935989,0.6134817870682622,0.09870728675371418
-0.9386475382449201,21.302579456465697,-0.044062623503353174,original,0.15743607876362598,0.3261287528031313,0.04380790045816196,0.47262726797508087
14.52948802718799,29.81706297213278,0.48728769968788055,original,0.02322674209940593,0.01430038555371169,0.7142731815424048,0.24819969080447754
3.851308919852763,19.017085760158928,0.20251835472609897,original,0.10334145214848434,0.3340739687440537,0.4220307055607441,0.14055387354671764
9.196422950115187,25.42215100308125,0.36174841967402266,original,0.5454880905962594,0.2616590432187166,0.12985278033334827,0.0630000858516757
8.102714053785126,21.256132228659265,0.38119418747415684,original,0.21215122591124527,0.3298972652493903,0.4114134884566936,0.04653802038267087
13.639248830291152,21.525417934136335,0.6336345650505502,original,0.29547083347208375,0.1478516662825264,0.4931030152306889,0.06357448501470093
1.3350781552477087,22.02047321463209,0.06062894935221091,original,0.061298849954393955,0.3753170210001238,0.07348019272295209,0.48990393632253015
17.32423283681543,28.241464152941298,0.6134325310803619,original,0.12225486167022431,0.028413502853888932,0.7736101174719606,0.07572151800392608
12.068028834767532,22.399025269899045,0.5387747319045748,original,0.5994332003910269,0.10053627162649212,0.2548295483908864,0.04520097959159442
15.17120421926277,29.395986611409967,0.5160978068115768,original,0.05612551382722114,0.0053110859788990964,0.7693634586857842,0.16919994150809575
0.1488379107224616,22.128165297295475,0.006726174932360078,original,0.14817129929215708,0.18588923708118243,0.03846647330297703,0.6274729903236835
4.755025833530708,25.204620937493644,0.188656907211741,original,0.44573204105238406,0.06146071792406096,0.08809867165468081,0.40470856936887417
12.378596468211015,19.523543754895556,0.634034303585058,original,0.10256526802127106,0.26355987479550325,0.6003594345610553,0.03351542262217033
-0.8262431060848254,18.696893420397384,-0.04419146472638155,original,0.12069114866252244,0.5279308284754056,0.025060580129426746,0.3263174427326453
-1.0969801919290791,19.42280463993547,-0.05647897985175203,original,0.01563571496331863,0.8296864139493968,0.078750673777662,0.07592719730962258
4.193701912186216,19.095266316858023,0.21961997505433564,original,0.13765825127043688,0.2853118906571365,0.4025460626238239,0.1744837954486027
3.4435498176620074,24.488448416554192,0.14061935485141255,original,0.41304264924456224,0.2622373433146145,0.04603223188583189,0.2786877755549913
1.925484267456779,21.689017269263122,0.08877692536934935,original,0.07316534568383541,0.4336787123680872,0.33638895525946855,0.15676698668860872
1.1771546663421968,21.760617083518298,0.05409564727961578,original,0.3139177957006293,0.3988396098491824,0.10242995469330117,0.18481263975688714
-0.7651029871748404,22.449026693957155,-0.03408178882772602,original,0.22839553015635006,0.06074184574065263,0.15649241730895747,0.55437020679404
8.610083709442833,25.6074033320656,0.33623415844853194,original,0.43193772521564217,0.20743251871718973,0.2168333721546434,0.14379638391252475
8.610083709442831,25.6074033320656,0.3362341584485319,original,0.36788616383326234,0.12810611021955454,0.3021524926804343,0.20185523326674878
1.925484267456779,21.689017269263122,0.08877692536934935,original,0.0913344674461154,0.4371740443035371,0.32634558280878767,0.1451459054415598
1.0404514494986312,22.255914167975227,0.04674943665046554,original,0.3839320911516451,0.04762362978372691,0.14917691024365964,0.4192673688209682
19.064889308183066,29.125506688785393,0.6545770863948072,original,0.2322940344628485,0.053750678927745876,0.7052404802930337,0.008714806316371879
14.395345966153243,21.114635691655334,0.6817709846528026,original,0.2966067754875876,0.025688896030072125,0.6546391176339612,0.023065210848379022
19.064889308183066,29.125506688785393,0.6545770863948072,original,0.2264749760141549,0.02642912671607847,0.6627203976589624,0.08437549961080422
0.22063465766002274,22.244281532724994,0.009918713595421864,original,0.27529239510615244,0.2296018308121835,0.15704537116847653,0.33806040291318745
-2.5447525501559474,18.66261442614533,-0.13635563014028995,original,0.08314257781206925,0.3079146613127984,0.006858685419341386,0.602084075455791
0.007466005709491145,22.04489008072882,0.00033867284808935855,original,0.28040602530164205,0.0998679156842326,0.19868039652621317,0.42104566248791225
1.9254842674567785,21.68901726926312,0.08877692536934935,original,0.15808416790129184,0.33105555004186865,0.3609069906315849,0.14995329142525465
2.6891911151601353,26.478587778284556,0.10156097212085537,original,0.5418595903625397,0.23135435925135978,0.03958719028407018,0.1871988601020304
-0.8262431060848254,18.696893420397384,-0.04419146472638155,original,0.0780108317619164,0.5231970100597928,0.06073509252767124,0.33805706565061955
1.0404514494986303,22.255914167975224,0.046749436650465506,original,0.3810592879279791,0.022442993681712743,0.15916893351973443,0.4373287848705737
11.164483923195771,22.801043107700135,0.48964794594754535,original,0.27473558154032807,0.2620468213814688,0.3535639495207549,0.10965364755744811
3.8513089198527637,19.017085760158928,0.20251835472609903,original,0.028689804297737993,0.49499275591026587,0.3825065924811011,0.09381084731089488
6.907777754069651,21.69749884439387,0.3183674673093772,original,0.039532749296828575,0.16426570307459812,0.5313432309566963,0.26485831667187687
2.35424232668538,21.981671394383092,0.1071002420351094,original,0.16231657311620537,0.22114090379042423,0.36582224455264406,0.25072027854072637
2.1044933774422616,22.481445036265495,0.09361023608749701,original,0.06206635368345559,0.06150780487534108,0.2074374753935678,0.6689883660476356
14.378525216520638,21.201976560869753,0.678169093111335,original,0.04770022949952575,0.2959489049040737,0.6531809056964397,0.0031699598999609052
1.6372062245667693,21.91505707092723,0.07470691129211046,original,0.07852208754944946,0.19290937799565447,0.3253584203180174,0.4032101141368786
0.7248628020940736,22.910024697267982,0.031639546952446085,original,0.21480988412646412,0.04539680901771225,0.219548792895388,0.5202445139604357
12.735084123935911,19.24284179557116,0.6618089084326816,original,0.1242677075850248,0.2015291939228941,0.665955772659459,0.008247325832622181
10.062529389869994,25.488302695322865,0.39479009293455236,original,0.6312579286725122,0.007513162279947032,0.34024567922784865,0.020983229819691966
14.63333023938086,20.98926169142886,0.6971817520044922,original,0.09712385860274575,0.17725633892435358,0.6601252732963526,0.06549452917654805
4.902290824147217,24.510012634439445,0.20001176242720178,original,0.6316249878272833,0.35404746069927945,0.012875326030049435,0.0014522254433878322
17.73723147896938,28.351758527338273,0.6256130977485449,original,0.02213976597982024,0.12709315301143553,0.8044496938516504,0.046317387157093624
3.0856051396950965,22.18051695667293,0.13911331037543254,original,0.2778024607344358,0.01667242905928696,0.3103520775889654,0.3951730326173119
8.102714053785126,21.256132228659265,0.38119418747415684,original,0.3576916683758022,0.3631437829162585,0.2654841061869765,0.013680442520962885
-0.5110871286511824,22.370067734265735,-0.022846919138560823,original,0.2079713696731587,0.11011661908796751,0.11822521549466525,0.5636867957442087
3.4435498176620074,24.488448416554192,0.14061935485141255,original,0.46064060702535026,0.24995016663571715,0.05377010743392048,0.23563911890501216
0.2737487234071644,19.789280806252044,0.013833182018383176,original,0.09127119019482846,0.4714034377473719,0.06143109126943471,0.37589428078836495
19.064889308183066,29.125506688785393,0.6545770863948072,original,0.22884959911525957,0.045498508447468215,0.6645279984026692,0.0611238940346032
7.774266278103916,22.487591166541492,0.345713608029143,original,0.7788326666323075,0.12008860937117678,0.06472683607902466,0.03635188791749114
6.7365154733058175,21.504385938393767,0.31326239645128245,original,0.15274271673422135,0.29128250162423724,0.37191425207680945,0.18406052956473204
1.9496788672500496,27.208671672084343,0.07165652519682623,original,0.4055225604179732,0.18573601593806335,0.021359995618448126,0.38738142802551534
-0.6892904579970919,18.958643268767037,-0.03635758362145097,original,0.08703720224959784,0.732769180375814,0.06686129520830224,0.11333232216628597
14.504430957439997,21.113450385536968,0.6869758704767202,original,0.26639855439178245,0.017125653594649255,0.6122058210846008,0.1042699709289677
8.923102288676,25.617154727098583,0.3483252681142628,original,0.6921327294196242,0.1620506238780248,0.0679958603166985,0.07782078638565246
2.1044933774422616,22.481445036265495,0.09361023608749701,original,0.09398818111219573,0.0900011563359698,0.25155442793996813,0.5644562346118662
1.9254842674567785,21.68901726926312,0.08877692536934935,original,0.3098036862549623,0.2881082108880687,0.1463290259191434,0.2557590769378256
10.629198627493684,23.46212458064253,0.45303649253563427,original,0.5791969076967342,0.038842154408217096,0.1944003570342135,0.1875605808608352
-0.09462436371439771,21.963118871364003,-0.004308329990297517,original,0.036635956233751855,0.21803961634558122,0.028273314337130425,0.7170511130835365
0.9171253167996095,23.24567382193588,0.03945359140031531,original,0.31660230829317537,0.02215211506200284,0.01771855642840804,0.6435270202164138
1.5341159786332355,21.95540535654926,0.06987418149256006,original,0.1079443526307536,0.24242527845967063,0.21152120436211963,0.4381091645474562
1.1771546663421963,21.760617083518298,0.05409564727961576,original,0.2280047998625461,0.5033907407110036,0.04146635189888546,0.2271381075275647
17.03677809317602,28.368144077396916,0.6005601933857379,original,0.0737118564914971,0.12260564839115634,0.7108646202148894,0.0928178749024572
4.086308814892699,25.840926490879085,0.15813321617238474,original,0.5792978506466506,0.314539942326668,0.09651404888916343,0.009648158137517817
3.9742173029351022,27.05601450456776,0.1468884969088652,original,0.5641688048777228,0.034589811852971705,0.07098482975424103,0.33025655351506444
8.102714053785126,21.256132228659265,0.38119418747415684,original,0.22836400753015695,0.37420544064921574,0.3826559529918142,0.014774598828812876
1.348014264858513,22.03445348920669,0.06117756746327762,original,0.29979711292196554,0.5510720549173311,0.09300970595093626,0.05612112620976699
4.700667653051301,24.934069733201103,0.18852388331830355,original,0.3882130370127385,0.09166341985103843,0.16642414249844675,0.35369940063777644
1.1771546663421963,21.760617083518298,0.05409564727961576,original,0.09516995895620063,0.4254674126226218,0.25259353383284866,0.2267690945883289
9.293593392498728,25.058666107458382,0.37087342768398696,original,0.7421312933155755,0.006144362666466523,0.15691909069711088,0.09480525332084713
0.22063465766002296,22.24428153272499,0.009918713595421876,original,0.2048174207878991,0.2631359341124232,0.16044522311954715,0.3716014219801306
6.8572233899390636,21.76118622741157,0.3151125732874719,original,0.19226244088868122,0.30556169290120566,0.3545271354092676,0.1476487308008454
8.102714053785126,21.256132228659265,0.38119418747415684,original,0.24665796701534407,0.29893038573293906,0.3960219312325189,0.058389716019198
1.1771546663421966,21.760617083518298,0.05409564727961577,original,0.33267042481158865,0.46009398021753806,0.01598331187584762,0.19125228309502537
10.53877739294101,21.509319337790707,0.48996331438419594,original,0.21694993554605219,0.06792078782050813,0.4195537686210501,0.29557550801238974
11.706454803044638,19.867188427587305,0.5892356055137773,original,0.03843150312850989,0.1208722723683925,0.679093826023274,0.16160239847982377
1.5176466512804243,21.974658154634245,0.06906349307433758,original,0.3100746351349955,0.539467017029233,0.12929240317881785,0.021165944656953668
1.605912725570797,22.067673597265642,0.0727721804695582,original,0.10742207102781522,0.28723283868808414,0.2540878715400251,0.3512572187440754
0.1488379107224616,22.12816529729547,0.006726174932360079,original,0.19491036763602199,0.22471421902426839,0.15759552676622035,0.42277988657348925
9.425269646573213,25.4192967141225,0.37079191263775707,original,0.48972091386273703,0.1767931331196704,0.26370331153541277,0.06978264148217991
12.966559273298111,19.70652559713356,0.657983022391242,original,0.038604320838953605,0.2252732995942002,0.6932942608767546,0.042828118690091635
4.7259195266981475,18.94178144427415,0.24949709933971292,original,0.21222927956820878,0.4835795385356922,0.27823203080704273,0.025959151089056158
6.9737815743841445,27.148166253919857,0.2568785497013644,original,0.7261604750887851,0.13580196467815805,0.05105263255919271,0.08698492767386433
3.9410291858471815,18.9327416637104,0.20815945497108798,original,0.008962570227969124,0.24489427707987124,0.5006459088560301,0.24549724383612956
11.417636439457572,22.463140962510238,0.5082831674547277,original,0.3433992064921548,0.15621121834864846,0.33689247566515856,0.1634970994940381
12.380910562873316,21.840972878929623,0.5668662578103705,original,0.12983499991057385,0.24412759385291308,0.5577115678719275,0.06832583836458558
10.629198627493684,23.46212458064253,0.45303649253563427,original,0.666602932308873,0.021679614832958556,0.1757873664660566,0.13593008639211188
0.14883791072246125,22.128165297295475,0.006726174932360061,original,0.11652491609676305,0.2494211890126272,0.06668877113142642,0.5673651237591834
1.925484267456779,21.68901726926312,0.08877692536934936,original,0.20451828913982426,0.37654570919013475,0.2290860831273587,0.18984991854268254
15.095140830825825,29.42813866823883,0.5129492218638483,original,0.10328141016903031,0.004375904383955625,0.7053284351898399,0.18701425025717397
1.925484267456779,21.68901726926312,0.08877692536934936,original,0.31248498338081176,0.4578585924341435,0.17540315824463942,0.05425326594040532
8.558632847921508,20.52626027112124,0.416960163947697,original,0.14818807793139355,0.023289038797677953,0.5538482490304392,0.27467463424048927
0.6182686706890733,22.043734798635647,0.028047364765272677,original,0.3938311178497461,0.34731875999512896,0.005884084333823868,0.25296603782130095
9.32204891045608,20.890541255894302,0.4462330006782963,original,0.07418944728958383,0.03884513963753739,0.5776213827642777,0.3093440303086011
1.1771546663421963,21.760617083518298,0.05409564727961576,original,0.24928500638452197,0.5175059781677477,0.08705120636102036,0.14615780908670992
15.87563223748163,28.851068280886057,0.5502615044568132,original,0.0022853105747052305,0.16896536080911162,0.8196129330416039,0.009136395574579346
0.14883791072246141,22.128165297295475,0.006726174932360069,original,0.22117940867896185,0.20950564789787324,0.02053799012498788,0.548776953298177
1.1771546663421955,21.760617083518298,0.05409564727961572,original,0.26792989878639717,0.4423988424864301,0.03067786688951481,0.2589933918376579
2.013823696851094,21.672542245762465,0.09292051084757055,original,0.0825055986229579,0.5978145595416665,0.1304411890608985,0.18923865277447705
3.9410291858471815,18.9327416637104,0.20815945497108798,original,0.09510375812769983,0.18779782278311274,0.4068251546329416,0.310273264456246
3.1045177557257486,22.101330474480598,0.14046746006066682,original,0.006457042909586515,0.01652771747892362,0.2823418508550166,0.6946733887564731
2.1044933774422607,22.48144503626549,0.09361023608749698,original,0.15234665230363448,0.032710037513955834,0.2647881064723364,0.5501552037100733
1.9254842674567794,21.68901726926312,0.08877692536934939,original,0.20548072306110315,0.3256215234846308,0.29502502091134525,0.17387273254292088
6.110347260900765,24.07131447130776,0.2538435226775306,original,0.40691721779186746,0.34200527995011337,0.19384888692472557,0.05722861533329359
2.6922020474591357,21.51342480247141,0.1251405609365064,original,0.10651508844365291,0.6855042818460199,0.12271345391749663,0.08526717579283052
7.688662432029579,26.05960468484569,0.2950414069969075,original,0.3332241310864709,0.11089863224928484,0.30679745616460496,0.2490797804996393
-0.76510298717484,22.44902669395716,-0.03408178882772601,original,0.2199454586893741,0.06888344543253123,0.16167529540552147,0.5494958004725732
-0.1969172664413087,21.917306229083344,-0.008984556057309146,original,0.31208525914837726,0.2806770255489433,0.13909996743476566,0.2681377478679139
11.366763105677006,22.707960548697454,0.5005629229120251,original,0.5097699701926875,0.12486031425766288,0.24653813922361498,0.11883157632603454
10.629198627493682,23.462124580642534,0.45303649253563416,original,0.727664249471604,0.06713731258967838,0.06166271165841537,0.14353572628030223
8.402602747580657,20.683035155049385,0.40625578811573454,original,0.1738353640575879,0.06424699367928564,0.47925475432117304,0.28266288794195327
4.330187625176529,24.80777363117098,0.17454962664276294,original,0.5175525359279367,0.34546712012619235,0.07258721357297684,0.06439313037289417
6.438049311183851,19.798645222228757,0.32517625518755544,original,0.020111361700926547,0.2769488915178004,0.5923173642482058,0.11062238253306722
15.426634123889427,27.16797086701516,0.5678243030863317,original,0.17372986732340848,0.0022989577981564206,0.8122961244593566,0.011675050419078471
10.629198627493684,23.46212458064253,0.45303649253563427,original,0.6541687780859045,0.02358169731251159,0.14870501174688583,0.17354451285469796
10.629198627493684,23.46212458064253,0.45303649253563427,original,0.5824861806934393,0.036647405704301375,0.24741411852289044,0.13345229507936882
0.9057223508718416,18.786995254229,0.048210069711022055,original,0.05093651891810776,0.7062478404640105,0.20171028095849755,0.04110535965938417
7.196573583767251,27.919478221917878,0.25776175065090884,original,0.6511183743793567,0.22258833170000145,0.001255324072171364,0.1250379698484704
12.396590052918436,23.34118150336009,0.5311037939994927,original,0.5033024412687681,0.0007311413051133734,0.20099305924095603,0.2949733581851626
10.430361384868739,20.69336138653548,0.5040438423699034,original,0.08394599443330039,0.2262916281539083,0.5137830671193816,0.1759793102934098
0.04378567807320247,22.468722354003845,0.0019487391131167346,original,0.15916989715470703,0.0410993008565192,0.17119836375064687,0.6285324382381269
13.78622441128134,21.471559131987167,0.6420690889968564,original,0.12707543973779784,0.1588855915323454,0.6269353127939802,0.08710365593587663
0.9057223508718427,18.786995254229,0.04821006971102212,original,0.015132788430165292,0.7049986157855839,0.23191145965785098,0.047957136126399874
12.966559273298111,19.70652559713356,0.657983022391242,original,0.037244214726847406,0.2834733630184825,0.6661089571598016,0.013173465094868622
0.6145275881733467,22.10982912135498,0.027794316491438653,original,0.05385566214996399,0.08258270898247747,0.12570731039515418,0.7378543184724042
1.5341159786332355,21.955405356549267,0.06987418149256003,original,0.005959425441859466,0.20128346533276917,0.2656769188777827,0.5270801903475888
12.966559273298111,19.70652559713356,0.657983022391242,original,0.0095075927183452,0.2100789701596928,0.712570052072089,0.06784338504987301
0.38177994825136413,21.947975159977762,0.017394768559142633,original,0.40527583335004985,0.3305852626915731,0.06734584812224712,0.1967930558361301
3.9523380519367177,25.083920610016563,0.1575646053648689,original,0.3892995657892257,0.14186521101405775,0.09182351310779806,0.3770117100889184
1.1771546663421955,21.760617083518298,0.05409564727961572,original,0.1252941679369387,0.5197458454880761,0.2116473501719675,0.14331263640301753
7.19294447428089,23.51889766761303,0.30583680306392225,original,0.4657022044284773,0.31896959178449985,0.20542461864381573,0.00990358514320694
2.538052493962578,22.674110062817388,0.11193614597970321,original,0.0799251661695328,0.004705404764798324,0.06441295159602133,0.8509564774696475
0.9264548997456025,22.16419341424546,0.0417996216882843,original,0.29938052047924724,0.291012065332457,0.0484647985242605,0.3611426156640353
4.720655471502057,23.29726720259802,0.2026270047224837,original,0.45284639357625683,0.017698771676003006,0.10338142590210267,0.42607340884563755
17.737878881488324,28.35164891829041,0.6256383511430469,original,0.10229497285773204,0.0684609304915899,0.825799609041857,0.0034444876088210482
0.9761530274097788,22.014853936539403,0.044340654279116695,original,0.007019583507536992,0.3881096924259172,0.06958365825421613,0.5352870658123297
4.736275328117261,24.506781374244706,0.1932638666730631,original,0.46783944361960433,0.3495799275780737,0.13016504885626648,0.05241557994605551
-1.1223815438915836,19.43132858390537,-0.05776144122309046,original,0.04261146971120258,0.787543201300371,0.057679735954774033,0.11216559303365237
14.771538895954446,21.106929669883055,0.6998430907249196,original,0.3928459957420124,0.020212105071662125,0.552549657229044,0.03439224195728143
6.668772992294309,18.44621216365591,0.3615253328484135,original,0.032903915868963865,0.01325800280244685,0.37629987360194417,0.5775382077266451
-0.19691726644130939,21.917306229083344,-0.008984556057309178,original,0.336248693520993,0.30043085567656164,0.07446376664280087,0.2888566841596446
4.260149600497258,24.261019538036095,0.1755964786970595,original,0.2013578204886716,0.2433431403174427,0.2729595211779485,0.28233951801593715
1.5341159786332357,21.955405356549264,0.06987418149256006,original,0.004628631894281599,0.27764883367579274,0.23088186169288424,0.4868406727370415
-1.6629121365937232,18.665014824175955,-0.08909246267679995,original,0.04953485537367177,0.44128670691047484,0.2515490047089851,0.2576294330068682
6.353316738977812,18.388144707104303,0.34551156955430323,original,0.06710090856605999,0.5952950404992725,0.2925900374939701,0.04501401344069744
3.210801240400531,26.614313855925566,0.1206418943494046,original,0.6134327131273957,0.07678403788585392,0.04202363085743904,0.26775961812931137
0.3817799482513637,21.947975159977762,0.017394768559142612,original,0.4050500070874827,0.33537653342207446,0.01562434633531724,0.2439491131551257
11.632601193652619,22.480322422002672,0.5174570442199458,original,0.4690418233735823,0.14741769074178074,0.3136453666330216,0.06989511925161526
-0.8262431060848249,18.69689342039738,-0.04419146472638153,original,0.04186986701639257,0.6053645485094133,0.15267436415414753,0.20009122032004642
1.9254842674567785,21.68901726926312,0.08877692536934935,original,0.24701779848211683,0.4744326475030372,0.23969902281276023,0.03885053120208574
4.720655471502058,23.29726720259802,0.20262700472248377,original,0.44215281880959095,0.04151160118377115,0.08523908786275586,0.43109649214388207
12.25237328695577,21.885493864113073,0.5598399269842715,original,0.25375373828959663,0.20189080376267837,0.5029506527225631,0.04140480522516192
9.423519926620376,20.292368068483682,0.46438739405726226,original,0.10252476661126246,0.0965925021531744,0.5360137967497328,0.2648689344858303
13.639248830291152,21.525417934136335,0.6336345650505502,original,0.2061589525005202,0.1563004648678919,0.4328510547684499,0.2046895278631379
13.437426729129765,21.59239535018346,0.622322188490003,original,0.27471354908091283,0.06640171429760314,0.5277460833273991,0.13113865329408494
-0.8262431060848254,18.696893420397384,-0.04419146472638155,original,0.030183248704012663,0.49588795801998226,0.20927154849903093,0.2646572447769741
-0.28110760610544644,22.134666434576395,-0.012699879934267291,original,0.02533665725109611,0.1180871996719138,0.18076858642780438,0.6758075566491857
1.6329581271608329,22.793545657274407,0.07164125106760305,original,0.3179426113161239,0.0020829617131847664,0.11308519397627712,0.5668892329944142
9.293593392498728,25.058666107458382,0.37087342768398696,original,0.7411682111700112,0.05522146967486365,0.08191674468491175,0.1216935744702134
8.848210425211676,20.45909396662494,0.4324830043599474,original,0.13299865163943925,0.3527207742682941,0.46957179545365785,0.04470877863860883
5.539454290132716,25.00977900704515,0.2214915329139904,original,0.4627115933167552,0.06491103017168165,0.10243904073936098,0.36993833577220214
2.1044933774422607,22.481445036265495,0.09361023608749697,original,0.14430090400608242,0.035731930961906536,0.29385530286365386,0.5261118621683571
11.366763105677004,22.707960548697454,0.500562922912025,original,0.4879175144425638,0.14113629370407166,0.28813225519971125,0.08281393665365315
16.89404448342089,28.408030296600003,0.5946925678047933,original,0.06499685123809933,0.09633019189864088,0.7057157709586941,0.13295718590456573
0.14883791072246141,22.128165297295475,0.006726174932360069,original,0.14839880482620268,0.12894383224107028,0.23166963840844962,0.4909877245242774
2.4225636042150898,22.705440386171343,0.10669529253790087,original,0.10075107105686602,0.31230556059518133,0.09605767451587072,0.4908856938320819
14.198390986719474,21.157921971543633,0.6710673669062825,original,0.13231348268148216,0.12868100858353532,0.6633670447029847,0.07563846403199782
0.1488379107224608,22.128165297295475,0.006726174932360041,original,0.07975850599343738,0.19273259354521063,0.07487597618421675,0.6526329242771353
1.961751572973514,22.889480317448115,0.08570537844275766,original,0.22734692670565285,0.18790990051383188,0.2162872500154329,0.3684559227650825
1.3699651782701479,21.65913629592816,0.06325114536175533,original,0.05675224462646149,0.221715241128511,0.40074032684212474,0.3207921874029029
-0.5110871286511823,22.370067734265735,-0.02284691913856082,original,0.24907186712976198,0.0838987323931947,0.11295696307303817,0.554072437404005
0.4443601822349895,23.132697207460954,0.019209181629271915,original,0.27838469325149673,0.11892552713146401,0.00959899698368139,0.5930907826333579
1.177154666342196,21.760617083518298,0.054095647279615744,original,0.11076053355801271,0.3991596858570685,0.20978909988757394,0.28029068069734486
16.049859224470083,28.32219482566473,0.5666883983818058,original,0.0229347765383115,0.09453727069139031,0.7110091396077616,0.17151881316253662
1.9254842674567794,21.68901726926312,0.08877692536934939,original,0.25366715197398293,0.3851326022509401,0.18934690113615493,0.171853344638922
-0.8733572191011272,18.690041488848372,-0.046728479421383466,original,0.005939746552895508,0.4739007922292136,0.36662464892646424,0.15353481229142674
9.196422950115187,25.42215100308125,0.36174841967402266,original,0.5551626917283987,0.28714124641329547,0.06932436482286747,0.08837169703543844
4.68904048150807,24.22671759086019,0.19354831969716405,original,0.5160020836756716,0.19594044297336974,0.0690658521618807,0.218991621189078
1.2635197332373436,21.95750537605947,0.05754386537048147,original,0.1518195164957531,0.3231031496781382,0.2298264151080135,0.29525091871809533
-2.3592759836991375,18.23803713539142,-0.12936019189849993,original,0.0011818676821597751,0.8863131805762131,0.009788185176396538,0.1027167665652306
1.1916101749853572,21.726823121992336,0.05484511786602159,original,0.10055856144561767,0.16445125387555182,0.39994998251724634,0.3350402021615841
12.46893551657542,22.511182010481765,0.5538996357771967,original,0.39819668883974774,0.06703190313917494,0.4144740538308141,0.12029735419026313
4.7259195266981475,18.94178144427415,0.24949709933971292,original,0.1934461847035747,0.3548315328254357,0.3359432656629998,0.11577901680798972
-1.6671718081556723,19.42485561439837,-0.08582672845770471,original,0.08598784524769355,0.6769942668215094,0.023505314090481955,0.21351257384031508
11.366763105677006,22.70796054869745,0.5005629229120252,original,0.5563037163358279,0.06955487576651992,0.306420344789477,0.06772106310817505
10.629198627493682,23.462124580642534,0.45303649253563416,original,0.6907359896091917,0.03318540160612108,0.11708848284199042,0.15899012594269682
12.802914507368348,21.541158206792083,0.5943466170390068,original,0.34952994290497374,0.21911256911557278,0.3922467890537941,0.03911069892565947
4.7259195266981475,18.94178144427415,0.24949709933971292,original,0.27162722006935003,0.4186031159820705,0.24419098779777076,0.06557867615080866
0.14883791072246125,22.128165297295475,0.006726174932360061,original,0.12890303712686965,0.179518198210582,0.07235334748801191,0.6192254171745364
0.14883791072246141,22.128165297295475,0.006726174932360069,original,0.1642711712327036,0.1645001331684391,0.19941071216454637,0.4718179834343109
2.42256360421509,22.705440386171343,0.10669529253790089,original,0.03304468733713769,0.24640527937906562,0.11973124932693474,0.6008187839568621
11.955912164688094,22.420732241488377,0.5332525287693766,original,0.6768025911380419,0.10799813487913361,0.1998774714442069,0.015321802538617642
10.25426878090979,23.414632034956963,0.43794276867374415,original,0.24001638665988112,0.13988361117702522,0.3667941554283621,0.25330584673473155
1.0143074639578524,22.85665144284662,0.044376905623717676,original,0.3451643529307877,0.11837536385116042,0.13625124119711274,0.40020904202093927
-0.9386475382449209,21.302579456465697,-0.04406262350335321,original,0.17846140089749932,0.30498580696301286,0.07810936614449648,0.4384434259949914
1.925484267456779,21.68901726926312,0.08877692536934936,original,0.24737804720194115,0.2569735154507369,0.2701904602757151,0.22545797707160703
5.591525756053269,19.453680874848796,0.28742764888539307,original,0.018886112056664354,0.08547558684933593,0.4877510398553794,0.4078872612386203
1.925484267456779,21.68901726926312,0.08877692536934936,original,0.2742729686717294,0.4679909983005483,0.13375450493836755,0.12398152808935489
0.7248628020940737,22.910024697267986,0.031639546952446085,original,0.24549325656356005,0.023809656858321634,0.26057379413189213,0.4701232924462261
-1.6629121365937223,18.665014824175955,-0.0890924626767999,original,0.06920843935608956,0.4687774491036312,0.2109720755847601,0.25104203595551927
1.1771546663421963,21.760617083518298,0.05409564727961576,original,0.23224301675644274,0.4215510585440202,0.15307492652373783,0.19313099817579926
0.14883791072246086,22.12816529729547,0.006726174932360045,original,0.08927618545818557,0.23513021217999214,0.08841463287830857,0.5871789694835138
12.802914507368348,21.541158206792087,0.5943466170390067,original,0.24064368216019547,0.23695154857871462,0.45211844737498824,0.07028632188610166
-0.8262431060848254,18.696893420397384,-0.04419146472638155,original,0.050793343458435905,0.6035566862122649,0.17977459982940724,0.16587537049989196
5.651096691040091,19.40608870633643,0.2912022497952299,original,0.0036855816876483014,0.11048083107488699,0.5138277268769003,0.37200586036056454
1.177154666342196,21.760617083518298,0.054095647279615744,original,0.19372651041508512,0.40032920561175267,0.17683524977977422,0.22910903419338802
7.318876308456735,19.654494605140233,0.3723767237701139,original,0.20278823249383393,0.11504035838118136,0.3680766409230996,0.31409476820188503
9.75169352220125,26.490541653304778,0.3681198236634729,original,0.5876058654746087,0.02222989588998016,0.11430674674222047,0.2758574918931906
2.2126412744943487,21.852758457777544,0.10125226427406604,original,0.18050994832811323,0.6578833345827422,0.12062286738894801,0.040983849700196535
10.629198627493684,23.46212458064253,0.45303649253563427,original,0.6729488133668713,0.022127361745813156,0.17452500480557429,0.13039882008174128
0.9264548997456025,22.16419341424546,0.0417996216882843,original,0.19404529411685448,0.2737688719059267,0.13505298627840998,0.3971328476988089
3.9410291858471815,18.9327416637104,0.20815945497108798,original,0.026427348454290872,0.21887695121498082,0.48837283068412096,0.26632286964660734
1.3699651782701483,21.659136295928164,0.06325114536175533,original,0.11860439485629998,0.17470951798688306,0.3856747252862369,0.32101136187058005
4.987254136867423,24.050069948935082,0.2073696312499714,original,0.2852872037421666,0.25833496158976077,0.24433513677089938,0.2120426978971732
1.177154666342196,21.760617083518298,0.054095647279615744,original,0.2037245087395294,0.4312811977464139,0.05089678040212712,0.3140975131119296
0.23575295245240974,17.175844660208018,0.013725843305815154,original,0.004601958809917496,0.9267727821491819,0.032231370759332696,0.036393888281567865
3.548824798847248,26.402569112294355,0.1344121014792192,original,0.7609210394743041,0.2224986035012688,0.016485249280834825,9.510774359207128e-05
-0.8262431060848254,18.696893420397384,-0.04419146472638155,original,0.1068469858395579,0.558512952433592,0.04110177330219077,0.29353828842465923
1.7291638287145343,22.748404927679555,0.07601253073365773,original,0.23485149699186317,0.029621123264749957,0.04644379589100366,0.6890835838523832
12.802914507368348,21.541158206792083,0.5943466170390068,original,0.3093841695023638,0.1852275011330318,0.477435866071162,0.027952463293442295
2.733552733813789,21.730001057605566,0.12579625406159184,original,0.41478996920378663,0.36631626290938224,0.12141902523554574,0.09747474265128526
-0.25918971241972555,21.26513492032172,-0.012188481916040692,original,0.1340565297497615,0.23640538309562514,0.261497363966962,0.3680407231876514
14.63333023938086,20.98926169142886,0.6971817520044922,original,0.09902371915151058,0.1363107790931764,0.6654256797407508,0.0992398220145622
1.3860550985221927,21.651494461099077,0.06401660176419212,original,0.009250571836273987,0.24448148848734433,0.37179529919556015,0.3744726404808216
-0.11055219954616048,22.118463513759938,-0.004998186220163347,original,0.2790617826268144,0.2516746893595977,0.14701738090832442,0.3222461471052634
8.810254406596805,21.81670302717792,0.40383069777230524,original,0.10690027447975183,0.16680388420417977,0.5009737069801766,0.2253221343358919
7.375013524744859,21.49351567512171,0.343127370886419,original,0.07122815983187837,0.038920056247512456,0.6449879110916743,0.24486387282893482
0.6145275881733471,22.10982912135498,0.02779431649143867,original,0.16636606107745525,0.0810567601491275,0.0813010230549568,0.6712761557184606
6.806935127887862,27.72236450264158,0.24553948589827887,original,0.7792857765812143,0.020753766813724428,0.059411746215704414,0.1405487103893568
13.437426729129763,21.59239535018346,0.6223221884900029,original,0.18612639877882192,0.08597324216967565,0.48481777921628394,0.24308257983521847
9.377206131131375,25.630141090029955,0.3658663484588656,original,0.556568376185055,0.1118486126593873,0.19125085057806643,0.14033216057749134
2.29162917087378,22.54656014633154,0.10163985796460742,original,0.16250592005315367,0.044170985301156256,0.27039463352749926,0.5229284611181908
6.668772992294308,18.446212163655908,0.3615253328484135,original,0.05014766274848945,0.0031628068410943107,0.3859255976513543,0.5607639327590619
3.6131822040839183,24.419298273248454,0.14796421107757193,original,0.3833599054739032,0.1578803733050794,0.18402002873118428,0.27473969248983304
-1.17946556058274,19.7335122965093,-0.05976967216248681,original,0.12258858925949444,0.8318477097944909,0.016249922752930124,0.02931377819308464
13.437426729129763,21.592395350183462,0.6223221884900028,original,0.23227141223913952,0.0964307340927665,0.5384759274027412,0.13282192626535275
13.877299627806819,21.441975362645927,0.6472024798572312,original,0.14738392586918336,0.11382181269538129,0.6236956595121592,0.1150986019232761
6.857223389939065,21.76118622741157,0.315112573287472,original,0.16271147714492631,0.32857612721225066,0.3709241962477022,0.13778819939512094
-0.10391069074672124,21.21217927568578,-0.004898633440522437,original,0.02840266374652482,0.2716908768979648,0.32711032848779736,0.37279613086771296
3.320565900029836,15.627063137463436,0.21248816049434463,original,0.045816387544385946,0.7060966064084434,0.23234847238002662,0.01573853366714396
12.966559273298111,19.70652559713356,0.657983022391242,original,0.035711199013038895,0.2521017898748074,0.675621309879598,0.036565701232555606
3.944369061290103,24.480200756505504,0.1611248657846808,original,0.26531998368846954,0.1760084273920646,0.27443764524997155,0.2842339436694944
11.881493229955096,22.260758689703227,0.5337416121130472,original,0.2555866767232483,0.17434626402147707,0.38575616852688466,0.18431089072838983
12.802914507368348,21.541158206792083,0.5943466170390068,original,0.25420317612371784,0.22390358732606963,0.41783986932232625,0.10405336722788634
6.440601956672985,28.123484853968275,0.22901151795707508,original,0.5840137395028951,0.21894016248920808,0.024352741402171002,0.1726933566057257
10.629198627493684,23.46212458064253,0.45303649253563427,original,0.5604559550783427,0.0557496555829871,0.23827985654174186,0.14551453279692833
7.803412948348444,21.356261427361517,0.3653922749940782,original,0.07833814134096316,0.11481447748292987,0.5328165057777043,0.27403087539840265
11.39204125001415,20.003244932611423,0.5695096614742081,original,0.11629162811279294,0.07690363340958474,0.6011938496908874,0.20561088878673484
1.0143074639578522,22.85665144284662,0.04437690562371766,original,0.3488675291953958,0.16042511580960636,0.08622265636204479,0.40448469863295294
1.4819272028937653,21.97930612465632,0.06742374825129724,original,0.11620377869064177,0.1661581087612057,0.30391827258813403,0.41371983996001854
12.802914507368348,21.541158206792083,0.5943466170390068,original,0.30597760410112274,0.23433440662054172,0.3819791663097853,0.07770882296855028
1.1771546663421955,21.760617083518298,0.05409564727961572,original,0.15766897905122604,0.5314532848166658,0.15664277757083267,0.1542349585612755
1.6272706120974256,21.840647342251216,0.07450651927069872,original,0.4409186591931525,0.3507979980801056,0.08263063991744311,0.12565270280929874
12.261125912961973,22.33449101590939,0.5489771808174713,original,0.5274167248475302,0.029842281811014927,0.3859781940599988,0.056762799281456076
3.548824798847247,26.402569112294355,0.13441210147921917,original,0.7051341016480618,0.23134543602053143,0.06334568600708752,0.00017477632431920823
17.741982378236223,28.34907826754059,0.6258398319245544,original,0.016210995289667633,0.19814773491363008,0.7675920960191267,0.018049173777575613
1.1771546663421961,21.760617083518298,0.05409564727961575,original,0.2503990674116531,0.41890229788408,0.08031144482217357,0.25038718988209346
3.516851950928001,22.155410321146523,0.1587355819610085,original,0.016633637530029024,0.13170796299385001,0.28975606172909923,0.5619023377470217
1.1771546663421961,21.760617083518298,0.05409564727961575,original,0.29672593384163626,0.4168629151727479,0.11399611128502543,0.17241503970059038
7.606681143283896,26.352284862491103,0.2886535715194134,original,0.5683661413481887,0.11221319565188666,0.07538382957895982,0.24403683342096488
11.716684076461064,23.65945067603441,0.4952221518938237,original,0.5708434928126567,0.056414574683346964,0.11537489820663624,0.2573670342973601
2.3542423266853802,21.981671394383092,0.10710024203510943,original,0.16740914776664356,0.22039709067208277,0.29135259813319364,0.32084116342808006
0.14883791072246125,22.128165297295475,0.006726174932360061,original,0.2367198271923062,0.21239938880348525,0.09656984861542858,0.4543109353887801
2.29162917087378,22.54656014633154,0.10163985796460742,original,0.1558973114668056,0.07371257091509596,0.26769288164948246,0.502697235968616
1.9254842674567778,21.68901726926312,0.08877692536934931,original,0.19068433032964482,0.5456589578217036,0.24357564485377112,0.020081066994880416
3.851308919852763,19.017085760158928,0.20251835472609897,original,0.08917042837210346,0.3753900278436902,0.45054005142440423,0.0848994923598023
12.802914507368348,21.541158206792083,0.5943466170390068,original,0.394339485677217,0.2222867898097029,0.3679413057765806,0.015432418736499797
1.5341159786332355,21.955405356549264,0.06987418149256004,original,0.12443361541294323,0.1716523073801574,0.2706338780118966,0.43328019919500266
-0.09462436371439778,21.963118871364006,-0.004308329990297519,original,0.137083637421187,0.13416010079281546,0.03358858338271355,0.695167678403284
10.940183759692118,20.046094578590086,0.5457513789904012,original,0.12541458921201182,0.2401757555796933,0.5934678244705731,0.04094183073772168
12.757520752672391,21.97007877888709,0.5806770599691299,original,0.2279315716178058,0.13555344328528915,0.4570522782409527,0.17946270685595234
15.42663412388942,27.167970867015157,0.5678243030863315,original,0.1325921976062934,0.004090592873870649,0.8283454549050969,0.034971754614738955
18.97381409165759,29.16439783951893,0.6505813765125044,original,0.20324770386657864,0.07712791007774267,0.6850064467749335,0.034617939280745316
0.14037008113772248,23.42701903510121,0.005991802923231666,original,0.3725797399224676,0.5686338867524355,0.043438961169370204,0.015347412155726778
-1.3854380286453896,22.33968269144744,-0.06201690721281334,original,0.34138138422628556,0.09822924832346155,0.12591627524939386,0.43447309220085895
11.300906413078986,22.47018116320822,0.5029290298527876,original,0.4402151564375934,0.1931811544306337,0.3412293629460713,0.025374326185701637
4.472269794847383,25.746812096164863,0.17370188503827175,original,0.8165698041861313,0.04491195219783042,0.0389433941435473,0.09957484947249086
19.06488930818307,29.125506688785393,0.6545770863948073,original,0.19926194423322965,0.04851294731683034,0.6851531309511127,0.06707197749882723
0.8400898328504544,21.967758817230894,0.038241945381687605,original,0.28767160442639034,0.33476705997290257,0.07625508474734077,0.30130625085336643
10.507421297171593,23.09624596175299,0.4549406563528211,original,0.33184621802680275,0.1040676021515183,0.33435952540344277,0.22972665441823625
-0.8262431060848251,18.696893420397384,-0.04419146472638154,original,0.048127633046505615,0.5397665147185339,0.14098133694728282,0.2711245152876778
1.1771546663421952,21.760617083518298,0.05409564727961571,original,0.24692197751531544,0.46827709379781607,0.12430236655939624,0.16049856212747243
12.252373286955773,21.885493864113073,0.5598399269842718,original,0.1734637734288003,0.24601785762098016,0.4959041599371199,0.08461420901309957
0.5820265112674913,19.191451878263294,0.030327382990949007,original,0.007920098036281728,0.049011948141945406,0.05107269571787562,0.8919952581038971
13.877299627806815,21.44197536264593,0.647202479857231,original,0.08758449452606588,0.09130701897315095,0.63555237636135,0.18555611013943324
6.784944953978777,24.6419942118281,0.27534074132257064,original,0.5346873639057047,0.03909181609064616,0.122248832197847,0.3039719878058021
6.306682169526489,21.94520834678905,0.28738310750285145,original,0.13006870571753673,0.29446442294252845,0.43944049571061833,0.13602637562931658
13.639248830291152,21.525417934136335,0.6336345650505502,original,0.21822143183553216,0.14109784046610313,0.44783172963661905,0.19284899806174563
11.164483923195771,22.80104310770013,0.4896479459475454,original,0.31579586303239493,0.2179990452753755,0.3015779951589453,0.1646270965332844
1.177154666342196,21.760617083518298,0.054095647279615744,original,0.1477223634867943,0.44466721201995296,0.20857194752893576,0.19903847696431698
8.440451323020921,25.70818036290593,0.3283177262583209,original,0.5350505669480022,0.19408701774733444,0.08508919953886382,0.18577321576579944
1.5176466512804236,21.974658154634245,0.06906349307433755,original,0.27057471688433654,0.5951094450922613,0.1255951096596984,0.008720728363703705
17.45003518926614,28.216127704301663,0.6184418844455388,original,0.1637206190673322,0.01964656474487806,0.7809285200931028,0.03570429609468695
-0.8262431060848251,18.69689342039738,-0.044191464726381545,original,0.019395317291614846,0.6279121205493328,0.15672155650715985,0.19597100565189263
2.013823696851093,21.672542245762465,0.09292051084757051,original,0.12308761128254848,0.5581727578838118,0.18351611439202062,0.13522351644161887
-0.7707746043265052,18.7860845983556,-0.041029018063182286,original,0.018671114286595573,0.48257765137768355,0.04333066680966212,0.45542056752605886
0.8327978584618521,21.835331014607053,0.03813992368152909,original,0.007066352433640901,0.2923266200573818,0.08033279991315873,0.6202742275958185
8.653915681431561,26.249677496852293,0.32967702869630766,original,0.7294828100121913,0.0531017949863986,0.05576699001334088,0.1616484049880692
8.344245621467218,25.774588321633484,0.3237392394908297,original,0.49568537723446665,0.12704123220243826,0.1250674296885437,0.25220596087455144
11.539100237621641,22.318572894562593,0.5170178349701372,original,0.23720837944350623,0.22932146563609934,0.3699285382987885,0.16354161662160585
6.068555453757645,26.785800197501487,0.2265586769478348,original,0.3725759419263913,0.14032607790537005,0.21271807252324645,0.2743799076449921
8.976747701129218,20.434077473166443,0.43930281231796964,original,0.10476073615618231,0.35982343725606136,0.49704462602112987,0.03837120056662652
9.751693522201249,26.490541653304778,0.36811982366347284,original,0.6150557876116998,0.022891350890838436,0.07876109526889448,0.28329176622856744
1.5176466512804243,21.974658154634245,0.06906349307433758,original,0.2888279292644733,0.5463911250199475,0.15593254767031628,0.008848398045262919
10.006591450396236,24.412174565410066,0.40990168342207906,original,0.7253056722469268,0.1101346475658175,0.11962742907538877,0.04493225111186684
8.40972021835403,20.684019778206526,0.4065805539005612,original,0.15140881831424546,0.09218405041607207,0.4673928087593329,0.2890143225103494
11.881493229955096,22.260758689703227,0.5337416121130472,original,0.24293821187417372,0.2007130371966439,0.3973055469107573,0.1590432040184251
2.4225636042150906,22.705440386171343,0.10669529253790092,original,0.02485227513425633,0.21110767255493712,0.13839602835678733,0.6256440239540193
13.437426729129767,21.59239535018346,0.622322188490003,original,0.25582570596159826,0.06241477972639633,0.4818902289040287,0.19986928540797674
4.700667653051301,24.93406973320111,0.1885238833183035,original,0.3012487762658372,0.14876439396790309,0.23221118664665202,0.31777564311960754
1.1771546663421963,21.760617083518298,0.05409564727961576,original,0.24945064187486382,0.5322570809942659,0.08373398648586353,0.1345582906450067
3.9410291858471806,18.9327416637104,0.20815945497108793,original,0.07787165953154115,0.21039587146531405,0.42437914967028106,0.2873533193328637
5.591525756053268,19.453680874848796,0.287427648885393,original,0.011277171002858178,0.09560448625975095,0.49267293046577565,0.4004454122716152
9.423519926620378,20.292368068483682,0.46438739405726237,original,0.10901994327837906,0.12482433220423281,0.5157337943664018,0.2504219301509864
0.9922843292617847,22.107464274048034,0.044884583639116835,original,0.17923416182767618,0.1122865877940158,0.2688153254309707,0.43966392494733736
7.554166387244077,27.285890298945187,0.276852479594863,original,0.6509496886371554,0.2180478981481685,0.10029687028614918,0.030705542928527108
-0.18432833306979865,18.63524485883209,-0.009891382402815488,original,0.007327533758974635,0.6213902149138201,0.27150543819565875,0.09977681313154665
10.719622559075704,19.843323712224223,0.5402130567682066,original,0.13754097810487168,0.271697537894989,0.5589337651384503,0.031827718861689
13.60008292842732,21.561525537801476,0.6307569890878407,original,0.10586947877555601,0.18575657652948818,0.5425695231492358,0.1658044215457201
-2.1140306753804565,18.886893643210513,-0.11193109440361668,original,0.2689244201551508,0.31762331476492217,0.097293488418966,0.3161587766609609
14.9855345034185,20.867989493946,0.7181110814577578,original,0.3892317631371662,0.060649690680804565,0.5284968896373927,0.021621656544636346
2.538052493962578,22.674110062817388,0.11193614597970321,original,0.11002329186489507,0.04089770576984289,0.019316871790181996,0.8297621305750801
8.848210425211674,20.45909396662494,0.4324830043599473,original,0.1468808926841354,0.3334185455707564,0.45462781244474076,0.0650727493003675
0.1488379107224611,22.128165297295475,0.006726174932360055,original,0.20240384372729545,0.19138114031501297,0.2189556177297873,0.3872593982279043
1.1771546663421955,21.760617083518298,0.05409564727961572,original,0.12160275374817787,0.5053241484271795,0.2162778396071953,0.15679525821744725
2.0138236968510936,21.672542245762465,0.09292051084757054,original,0.09703692949107182,0.5371882633336148,0.18200568798044278,0.18376911919487046
11.716684076461066,23.659450676034414,0.4952221518938237,original,0.6882619263027614,0.012230123932870022,0.10853432593102638,0.1909736238333422
1.6887539026212228,23.070086062511038,0.0732010230927631,original,0.4547653467535219,0.43580544967486323,0.10698829875947745,0.002440904812137371
0.3817799482513637,21.947975159977762,0.017394768559142612,original,0.3953770996439213,0.31872184237133644,0.032982873331952524,0.25291818465278965
2.7839730260385256,22.24995326255465,0.1251226460197233,original,0.08928406432678423,0.05272862432834497,0.37076427885106866,0.4872230324938022
8.868990712999015,24.111465017402715,0.3678329253971478,original,0.3369783548767133,0.12816290850692738,0.3222942474644075,0.21256448915195186
1.1771546663421963,21.760617083518298,0.05409564727961576,original,0.1848186641235236,0.3270498473308409,0.23230405538428692,0.2558274331613486
9.697569158410213,25.878039167854457,0.37474126596187396,original,0.4230321398039569,0.11895925860345774,0.19110432208129993,0.26690427951128554
11.366763105677004,22.707960548697454,0.500562922912025,original,0.4603689151248946,0.0764885662935031,0.37969380931090146,0.0834487092707007
-0.09462436371439853,21.963118871364003,-0.0043083299902975545,original,0.12331724640650776,0.17076113055627404,0.0360491309828794,0.6698724920543387
1.9254842674567785,21.68901726926312,0.08877692536934935,original,0.27872032529731394,0.4336891344528402,0.1272172850430136,0.1603732552068324
19.064889308183066,29.12550668878539,0.6545770863948072,original,0.1828008394115341,0.014877695982608975,0.6884297225434363,0.11389174206242056
-1.7566138404319516,19.736397274771573,-0.08900377388878752,original,0.052211912330745236,0.9009677343212453,0.030007520592332138,0.01681283275567745
-0.8262431060848251,18.696893420397384,-0.04419146472638154,original,0.03916961327538776,0.5342707383383593,0.2237852963326347,0.2027743520536183
2.538052493962578,22.674110062817388,0.11193614597970321,original,0.22533905992732894,0.03027506499098521,0.040022570843757946,0.7043633042379277
12.68618448098976,21.55641924456047,0.5885107511133665,original,0.3872164770703485,0.1513134213632007,0.44698432536076715,0.014485776205683702
9.191888722979543,23.820696364547377,0.3858782540304469,original,0.17327118397657268,0.2451090733742589,0.39727536843179373,0.1843443742173746
12.802914507368348,21.541158206792083,0.5943466170390068,original,0.3476024059752853,0.1423425008836052,0.4541308328666669,0.05592426027444261
7.1965735837672495,27.919478221917878,0.2577617506509088,original,0.6290671348046093,0.21878879607988777,0.036884600637926875,0.11525946847757604
2.0138236968510945,21.672542245762465,0.09292051084757058,original,0.09134564041380842,0.5135747144353097,0.16511918850160173,0.22996045664928008
6.344396255119284,28.176995841505097,0.2251622667932323,original,0.6328062822761711,0.18735092580142715,0.010383617470661488,0.1694591744517404
3.428065691533874,26.91974576057947,0.12734391037753054,original,0.5202390423384649,0.13226955798818704,0.0620311070927749,0.2854602925805733
8.344245621467218,25.774588321633484,0.3237392394908297,original,0.551486715127581,0.13586205615539773,0.1815184522956198,0.13113277642140164
13.78622441128134,21.471559131987167,0.6420690889968564,original,0.09085958964801508,0.2050209565793009,0.6273267294280087,0.07679272434467531
-0.7707746043265056,18.7860845983556,-0.0410290180631823,original,0.004421793234372234,0.5946627768964597,0.0390329055540034,0.36188252431516466
4.260149600497257,24.2610195380361,0.1755964786970594,original,0.24589347019969557,0.22655303467309765,0.2901457954579056,0.2374076996693013
3.9742173029351013,27.05601450456776,0.14688849690886518,original,0.5523471527584596,0.09106179462779919,0.027770600163003582,0.3288204524507377
2.7826530406620966,22.444614983272437,0.12397864889745534,original,0.2878654362864512,0.008905474420222489,0.28574657303242706,0.41748251626089916
1.1771546663421957,21.760617083518298,0.05409564727961573,original,0.2760072674377152,0.38291120829802433,0.09354998568514983,0.2475315385791107
0.7248628020940737,22.910024697267982,0.03163954695244609,original,0.2029617942707431,0.0056244909579493,0.26900877275450474,0.5224049420168028
1.335078155247708,22.020473214632094,0.060628949352210866,original,0.07282606624029732,0.3642568404527408,0.14781762619404612,0.41509946711291573
5.79456672169361,24.317581512961862,0.2382871305923715,original,0.46751621451146713,0.3150862662642779,0.1546057440103093,0.06279177521394552
7.061268220206408,23.115235240907758,0.3054811316684899,original,0.8567005960720917,0.06523692767581968,0.07696693329083541,0.0010955429612532427
7.798045197527905,26.27558782027677,0.296779095898304,original,0.4495014340555338,0.15362420035398416,0.20117763559182333,0.1956967299986587
3.9784034003838116,18.90661944678005,0.2104238365595455,original,0.1304711079363862,0.1444720401236183,0.4106517058873522,0.31440514605264314
9.609661409474397,20.23733960828392,0.4748480578688964,original,0.016852865238098192,0.13889677733112799,0.6580713675558241,0.18617898987494988
9.32204891045608,20.890541255894302,0.4462330006782963,original,0.129692181664374,0.03935287789201133,0.5168813410074765,0.3140735994361381
3.6131822040839183,24.419298273248454,0.14796421107757193,original,0.3565422287374846,0.21967334463215707,0.16170771408855447,0.26207671254180387
0.787737371557701,21.925466019930063,0.035927964807592305,original,0.06750118384365297,0.11384581740509608,0.020190125322077652,0.7984628734291733
8.733147743210157,21.402516546131913,0.4080430319652153,original,0.030603755083869658,0.018530115160797365,0.6799037828611413,0.2709623468941918
1.177154666342196,21.760617083518298,0.054095647279615744,original,0.25536051344549326,0.3431198048997779,0.13534402166557932,0.26617565998914944
2.78168767901464,21.559059807059665,0.12902639094172624,original,0.11169294419690017,0.5764235697462498,0.25688445175109487,0.054999034305755104
13.437426729129767,21.59239535018346,0.622322188490003,original,0.28850873505188324,0.08905844361860825,0.5106709145403412,0.11176190678916728
8.102714053785126,21.256132228659265,0.38119418747415684,original,0.2815876038634362,0.29110972110951266,0.3167883106463929,0.11051436438065815
1.1771546663421955,21.760617083518298,0.05409564727961572,original,0.22312235358498297,0.5602941670782368,0.0888312054244507,0.12775227391232954
13.437426729129767,21.59239535018346,0.622322188490003,original,0.20377858468934756,0.038648603823146235,0.5123726491800049,0.2452001623075013
0.38177994825136335,21.947975159977762,0.017394768559142598,original,0.3944332003305474,0.3397869212548198,0.10078160387082168,0.16499827454381105
12.802914507368348,21.541158206792083,0.5943466170390068,original,0.22077003117550206,0.2371477440993416,0.4266055087881001,0.1154767159370563
4.838269357860869,18.987646148429267,0.25481143476205076,original,0.08277685319361897,0.4769674291052455,0.3914188130636467,0.04883690463748893
8.344245621467218,25.774588321633484,0.3237392394908297,original,0.512198986352462,0.11535079358340798,0.19071217248150185,0.1817380475826281
3.200180593238231,22.658335414641442,0.14123635009640664,original,0.14506926174791182,0.35884085324933584,0.08627578618275097,0.4098140988200013
8.610083709442831,25.6074033320656,0.3362341584485319,original,0.43853700810650537,0.14850188277017473,0.22427708598327364,0.18868402314004626
4.421250670440927,24.3967727873814,0.1812227670009528,original,0.41468093775228926,0.2082762333505177,0.16524518567018723,0.21179764322700584
1.4437004513140728,26.619683113596263,0.05423432146610586,original,0.5122671151192532,0.1745603236015171,0.014440899123373244,0.2987316621558565
-0.18432833306979945,18.63524485883209,-0.009891382402815532,original,0.05492338146255705,0.733389416955172,0.10277329275108761,0.10891390883118328
1.7558518810348682,21.75295523689789,0.08071785474225948,original,0.3515445582514554,0.381874360493163,0.05671075149561886,0.2098703297597627
3.351680360582845,22.17883355785827,0.15112067782212948,original,0.017358815603393297,0.0002878540038612665,0.15152402442278692,0.8308293059699585
11.366763105677006,22.707960548697454,0.5005629229120251,original,0.5073955424549393,0.05819943041850073,0.2736419883452182,0.16076303878134174
11.428842574584843,22.463071314610406,0.5087836126442973,original,0.39562607063755106,0.11724376133433842,0.3178788641306685,0.169251303897442
12.252373286955772,21.885493864113073,0.5598399269842717,original,0.22641191363860602,0.21017663293384872,0.4826200382043457,0.08079141522319956
8.477330368210998,20.79605029031138,0.40764136698206177,original,0.2079769321780476,0.3164291560733066,0.36252676627423064,0.1130671454744152
0.14883791072246086,22.128165297295475,0.006726174932360044,original,0.1751606890640018,0.2906338450808679,0.06548591913912055,0.46871954671600985
1.9254842674567796,21.68901726926312,0.08877692536934939,original,0.30256167351984914,0.28018116295815426,0.23643008918787592,0.18082707433412074
9.190603417545129,20.44363622913184,0.4495581566063926,original,0.1559714327666946,0.25856118614891316,0.4515079737210029,0.13395940736338938
2.0394278713029643,16.02016102830194,0.12730383094697295,original,0.028647703371902707,0.4934598286847806,0.4074215047652198,0.07047096317809688
1.1771546663421955,21.760617083518298,0.05409564727961572,original,0.15337472010046008,0.4815093451372217,0.1797434778070932,0.18537245695522506
11.428842574584843,22.463071314610406,0.5087836126442973,original,0.3694349096322559,0.12707434699504566,0.38912702953610356,0.114363713836595
2.27064046819043,22.671711359042614,0.10015302471971398,original,0.15037006811903297,0.11604538406234977,0.02727649148609086,0.7063080563325265
14.856555356010919,29.354830390274007,0.5061025786366887,original,0.04832424309230786,0.044614027156741856,0.797774743061196,0.1092869866897543
-0.1039106907467212,21.21217927568578,-0.004898633440522436,original,0.03187871953817702,0.3343677967807457,0.24712724123860164,0.38662624244247573
0.08707180242678893,22.040915260904274,0.0039504621925043224,original,0.11760357557495375,0.10677310271476914,0.05394818446096112,0.721675137249316
-0.7707746043265052,18.7860845983556,-0.041029018063182286,original,0.009229405463179111,0.48311566795302824,0.054841060290589626,0.4528138662932029
0.38177994825136363,21.94797515997776,0.017394768559142612,original,0.4477897505375075,0.38591233092021154,0.01365241967253773,0.15264549886974332
12.396590052918436,23.34118150336009,0.5311037939994927,original,0.5380482490533142,0.010733008490685658,0.19126921792041146,0.25994952453558884
0.9326793259722002,23.238307771816554,0.04013542359135725,original,0.349735021090111,0.04457670889757016,0.03673807759353707,0.5689501924187818
5.651096691040091,19.40608870633643,0.2912022497952299,original,0.12744455780963823,0.128049104677057,0.4019418974705316,0.34256444004277325
0.9264548997456025,22.16419341424546,0.0417996216882843,original,0.1846224904437275,0.30651263011227936,0.12933727398061912,0.37952760546337405
13.78622441128134,21.471559131987167,0.6420690889968564,original,0.19861998122833746,0.1989140850809598,0.5789203431677415,0.023545590522961218
1.9254842674567794,21.68901726926312,0.08877692536934939,original,0.1656040997065356,0.4705347683646345,0.2704096736851196,0.09345145824371046
6.440601956672985,28.123484853968275,0.22901151795707508,original,0.603380163093789,0.18962935169769954,0.029036470909376316,0.17795401429913507
-0.13228311614327573,23.979755648823204,-0.005516449711997621,original,0.530038383243683,0.28643541805762956,0.011640704053678872,0.17188549464500838
0.8385682325559957,22.057175985166463,0.03801793271795693,original,0.25597565776753184,0.2662180450304656,0.04150701255405271,0.43629928464795015
7.061268220206408,23.115235240907758,0.3054811316684899,original,0.837303693094545,0.033917483148310786,0.12419929263323214,0.00457953112391205
2.013823696851094,21.672542245762465,0.09292051084757055,original,0.19629820116946448,0.5432128688714349,0.0022728313818206223,0.25821609857727984
4.193701912186216,19.095266316858023,0.21961997505433564,original,0.06646058043803188,0.32642620919820126,0.4242145998827117,0.1828986104810553
-2.2740324978529434,18.590026799560466,-0.12232540180600908,original,0.022978861259836666,0.13635742080765786,0.03228205357563917,0.8083816643568663
3.2756169721459005,22.178683819782833,0.14769212631136222,original,0.13860373466205358,0.054819428675164456,0.07716975864372559,0.7294070780190564
4.529312171632155,19.611404997067407,0.2309529670253789,original,0.027706954588972075,0.31563809840877927,0.5317438481061212,0.12491109889612723
1.6025862574762502,21.89514384938962,0.07319368479570902,original,0.36056953848333195,0.2684348143195565,0.20177776790622018,0.16921787929089147
2.4225636042150906,22.705440386171343,0.10669529253790092,original,0.05785510186238172,0.28127633000487123,0.1605142651781851,0.500354302954562
9.377206131131375,25.630141090029955,0.3658663484588656,original,0.5848427095199727,0.1137129270765248,0.13778938032595003,0.16365498307755255
0.9264548997456026,22.16419341424546,0.04179962168828431,original,0.2590221957833998,0.3296727701049855,0.024733809464153645,0.38657122464746096
13.134154531101759,22.521966290202926,0.5831708635829372,original,0.42276960666409646,0.02637876521666405,0.30439598738082374,0.24645564073841572
11.78426805678707,20.766429280115805,0.5674672278885207,original,0.28104620528802304,0.030658932172418735,0.39438822639882165,0.29390663614073664
12.735084123935913,19.242841795571156,0.6618089084326818,original,0.1294156853367771,0.24526550625294144,0.6059049211830039,0.019413887227277545
3.200180593238231,22.658335414641442,0.14123635009640664,original,0.11154909920582576,0.37490419516273665,0.11431577684824151,0.39923092878319605
10.815157608918046,19.996849026929638,0.5408430895437203,original,0.03906827603357193,0.3218215140636336,0.6057936635646082,0.03331654633818653
4.741456402091823,25.14891127521214,0.1885352550727059,original,0.7693979721971806,0.13212192666609057,0.0533990575444248,0.04508104359230421
3.1372448430688715,22.768687531706483,0.1377876892853982,original,0.388252553216321,0.01090521399117453,0.21045360497817198,0.3903886278143326
8.610083709442833,25.6074033320656,0.33623415844853194,original,0.41803832921678535,0.1652158789764693,0.2727973120536216,0.1439484797531236
1.335078155247708,22.020473214632094,0.060628949352210866,original,0.08253315139747996,0.3546966809170746,0.1583719912038546,0.4043981764815907
2.1044933774422607,22.481445036265495,0.09361023608749697,original,0.11854456668665156,0.01168158584129072,0.33062688090016273,0.5391469665718951
-0.8262431060848254,18.69689342039738,-0.044191464726381566,original,0.058346144760080855,0.6605624701877393,0.07157252229151452,0.2095188627606655
13.690175330598947,22.33171052071714,0.6130374705438377,original,0.3073548033172634,0.03821755578542087,0.36763538351586356,0.28679225738145203
1.1023117123941115,23.184825755376,0.047544532963926106,original,0.34704454380292155,0.025939971036067384,0.09418709843494316,0.532828386726068
3.6830125283374473,15.607822154471334,0.2359722254561146,original,0.007505821092285509,0.5498615688558603,0.41199406859291055,0.030638541458943513
2.0138236968510936,21.672542245762465,0.09292051084757054,original,0.05817760269907101,0.5219637810286636,0.22934484485760245,0.1905137714146629
1.2635197332373436,21.95750537605947,0.05754386537048147,original,0.16767841134290798,0.30832675191184394,0.23911163328591398,0.2848832034593342
12.635962436780316,22.57271343033663,0.55978925509869,original,0.4097068508997375,0.0080202531348413,0.5043102391439763,0.07796265682144493
4.400774895714612,19.6067174535372,0.2244524054636302,original,0.07820981172732328,0.2666715226222901,0.4625417514557351,0.19257691419465153
13.08954216651028,21.736036563571517,0.602204644262858,original,0.2756504794110733,0.10889788484355466,0.5384591320085247,0.07699250373684723
9.542030429886031,25.87834453439201,0.3687264622807659,original,0.3676802579308617,0.06697056550187165,0.24946848425761292,0.3158806923096538
1.9254842674567794,21.68901726926312,0.08877692536934939,original,0.2494015210847555,0.384556826138255,0.24251057735151751,0.12353107542547198
0.926454899745602,22.16419341424546,0.04179962168828428,original,0.31504988724343846,0.29203700248356157,0.038221004577771986,0.3546921056952279
1.9254842674567794,21.68901726926312,0.08877692536934939,original,0.078849448756566,0.4703143874699105,0.32418932517185844,0.12664683860166498
12.481624793268931,22.853274000794862,0.5461635296885773,original,0.40064380986059045,0.0606225061100268,0.28855651699796325,0.25017716703141935
17.18188817564307,28.5485582468661,0.6018478420874027,original,0.08568192449367658,0.11431421173627634,0.771979289827839,0.02802457394220802
2.4225636042150898,22.705440386171343,0.10669529253790087,original,0.042338395312188914,0.2821036259179833,0.18829949478572158,0.4872584839841061
3.8513089198527637,19.017085760158928,0.20251835472609903,original,0.06901710121759795,0.476265469882856,0.4036675634655997,0.05104986543394643
-2.2085975106759816,19.704036482073608,-0.1120885820869301,original,0.08382818266912094,0.7045689919225944,0.021015115964134946,0.19058770944414982
10.629198627493682,23.462124580642534,0.45303649253563416,original,0.5533661874942466,0.03767463151263938,0.23726785114610582,0.17169132984700816
9.653813295403017,26.087717130881412,0.3700520534983217,original,0.4243500318023943,0.05821662356862835,0.21638225610241416,0.3010510885265632
1.7090029715043313,22.027176273064406,0.07758611227833143,original,0.07427773700964395,0.2953390915360757,0.3385489995364543,0.29183417191782596
9.293593392498728,25.058666107458382,0.37087342768398696,original,0.7664720839442727,0.022377637299420598,0.1183304507440627,0.09281982801224421
-0.15609946648619158,21.23266707811232,-0.007351853910353609,original,0.07853815847372071,0.23148118851480912,0.3399245228943333,0.3500561301171368
-0.7707746043265052,18.7860845983556,-0.041029018063182286,original,0.02133764913071467,0.4982319377169039,0.11840472194618445,0.3620256912061968
4.7259195266981475,18.94178144427415,0.24949709933971292,original,0.3079892835856222,0.4264913979700823,0.22486826082534575,0.04065105761894975
3.104517755725748,22.101330474480598,0.14046746006066682,original,0.002117716392047638,0.08912271766700584,0.2834331576445273,0.6253264082964193
4.922264113437635,19.771634345459102,0.24895585399814066,original,0.19222496087155028,0.0648720022938225,0.3917745582406095,0.35112847859401775
1.9254842674567785,21.68901726926312,0.08877692536934935,original,0.24058831747098744,0.40850676475215003,0.2275666431524273,0.12333827462443527
12.802914507368348,21.541158206792083,0.5943466170390068,original,0.3048081104521534,0.19565820970216732,0.4511814309307263,0.04835224891495275
1.433041940290655,21.979739290867496,0.0651983138343938,original,0.09976357727756925,0.4051801718448398,0.08023759673063506,0.4148186541469559
9.917707953915293,20.00456994660335,0.4957721150886166,original,0.1639611328981432,0.2754765100619707,0.505766053483444,0.05479630355644218
0.38177994825136297,21.94797515997776,0.017394768559142584,original,0.4229024314762512,0.38406888496709557,0.04096828335936301,0.1520604001972902
0.8154704281731383,22.160789646024597,0.03679789579681088,original,0.024754007125011423,0.19154269866522453,0.13032095591367082,0.6533823382960934
1.494950076769404,21.968038033507664,0.06805114204929745,original,0.016080380932715722,0.18072313566873874,0.286616182467856,0.5165803009306896
0.14883791072246105,22.128165297295475,0.006726174932360053,original,0.12767707989561242,0.18230072826159682,0.12973299559937126,0.5602891962434194
-0.8733572191011275,18.69004148884837,-0.046728479421383494,original,0.07489051446114132,0.3535342010843,0.3552504185462962,0.21632486590826236
2.29162917087378,22.54656014633154,0.10163985796460742,original,0.1682354559989992,0.05402351210997833,0.26055147861564015,0.5171895532753823
2.1135572003529113,23.101380679596737,0.09149051434014363,original,0.9400110532799656,0.036848761302841496,0.014168855548793588,0.0089713298683994
6.344396255119282,28.1769958415051,0.2251622667932322,original,0.577033460533237,0.17858989579156404,0.09185577338684969,0.15252087028834907
12.252373286955773,21.885493864113073,0.5598399269842718,original,0.185697856899654,0.2528503045440199,0.4449688610088627,0.11648297754746341
1.5440809191372236,21.919579738755168,0.07044299833906711,original,0.41753655248911026,0.48884632558218527,0.04479890546014542,0.04881821646855909
0.3012881014332741,22.10196308483067,0.013631734895019135,original,0.07538908138539191,0.18100611681923012,0.05970306568608634,0.6839017361092917
9.596154793677067,26.491175398691766,0.3622396760135731,original,0.4217493707829913,0.013849644012087724,0.22460972769737836,0.33979125750754263
-0.1843283330697994,18.63524485883209,-0.00989138240281553,original,0.054468225254097,0.7542852299922012,0.0981159236196919,0.09313062113400992
13.148841493032794,22.152081477224836,0.5935713764186054,original,0.4035346741672616,0.028410827548647495,0.44782599295700953,0.12022850532708132
0.5445943147088003,21.160240598116264,0.025736678757551923,original,0.07040760899883754,0.3547451955105721,0.2014409589468075,0.37340623654378297
1.9254842674567794,21.68901726926312,0.08877692536934939,original,0.15644447587937477,0.4276867371992858,0.3178091000818307,0.09805968683950872
12.635962436780318,22.572713430336634,0.55978925509869,original,0.4201293284540317,0.049185081231843605,0.4839176376447859,0.04676795266933874
2.4225636042150898,22.705440386171343,0.10669529253790087,original,0.008655438611765006,0.24472473310168058,0.20683859725903025,0.5397812310275241
-0.10391069074672157,21.21217927568578,-0.004898633440522453,original,0.012214276176780193,0.3281648720413149,0.262549954215398,0.3970708975665068
1.1771546663421966,21.760617083518298,0.05409564727961577,original,0.10396993510422145,0.4459733876202316,0.19495723994824643,0.25509943732730045
3.61318220408392,24.419298273248458,0.147964211077572,original,0.368108939266783,0.19350968862191859,0.15762731274231628,0.2807540593689821
4.700667653051301,24.934069733201106,0.18852388331830353,original,0.38497967694903246,0.09329625319242718,0.20447879586819054,0.3172452739903499
2.1035052482956225,22.435424559002495,0.0937582100465395,original,0.24053086154207057,0.08937441658110286,0.322049044351531,0.34804567752529564
7.259745062984971,18.664458197492333,0.3889609323843893,original,0.038067463098909626,0.01706352254076047,0.5184673917287674,0.42640162263156245
7.196573583767251,27.91947822191788,0.2577617506509088,original,0.6257605123454085,0.21536545852705347,0.01605092550150286,0.14282310362603517
1.5698354270198946,21.9506626830548,0.07151653914415099,original,0.2589220332672047,0.6015012724954798,0.07412570562996273,0.06545098860735261
1.7291638287145343,22.748404927679555,0.07601253073365773,original,0.24719361423036912,0.0381077010994641,0.04151506369768618,0.6731836209724806
6.110347260900765,24.07131447130776,0.2538435226775306,original,0.42047157629280413,0.31772100400867637,0.20131478664235963,0.06049263305615971
10.839623850805056,19.97632468864527,0.5426235315904802,original,0.06974774912017351,0.32389550166425257,0.6054915874716081,0.000865161743965867
9.29359339249873,25.058666107458386,0.370873427683987,original,0.6856128932510955,0.030100384475844393,0.25012772831931757,0.034158993953742695
0.14883791072246125,22.128165297295475,0.006726174932360061,original,0.10799770156827342,0.24584175590278218,0.06633337176322252,0.5798271707657218
7.8732367963415895,21.631286670999337,0.363974502120611,original,0.030390155066145313,0.013712670093546004,0.6310382643249485,0.3248589105153603
1.5341159786332355,21.955405356549264,0.06987418149256004,original,0.12366247907767752,0.16802343431760508,0.2859818063091955,0.4223322802955219
1.517646651280424,21.974658154634245,0.06906349307433757,original,0.2571213709118969,0.5533040503326128,0.17129816667093883,0.018276412084551545
0.11967960669305615,25.06518907507809,0.004774733848370375,original,0.4387741028865734,0.026612216665960215,0.005020230153466261,0.5295934502940001
11.366763105677006,22.707960548697454,0.5005629229120251,original,0.5543745753559769,0.14330787933369651,0.19509262187105006,0.10722492343927653
3.613182204083919,24.419298273248454,0.14796421107757196,original,0.3620368934028372,0.1887105546805182,0.16712076747980387,0.2821317844368409
1.9254842674567794,21.68901726926312,0.08877692536934939,original,0.22870756038135637,0.4088602514084082,0.2057135244798555,0.15671866373037996
12.802914507368348,21.541158206792083,0.5943466170390068,original,0.31624661226872935,0.16404756283401956,0.4869789469939662,0.03272687790328476
11.887245653751341,22.1838888375279,0.5358503975907244,original,0.5353525979324121,0.1710889507828593,0.29174570497213576,0.0018127463125928122
-0.8262431060848254,18.69689342039738,-0.044191464726381566,original,0.04531545695037151,0.6126955477515518,0.011770418345719182,0.3302185769523576
13.471810858250853,21.62944648612438,0.6228458442906036,original,0.11833840142455629,0.17440642029351086,0.5803295653772251,0.12692561290470777
1.335078155247708,22.02047321463209,0.06062894935221087,original,0.13818969685523783,0.3519056006693524,0.06395893601801457,0.44594576645739525
2.733552733813787,21.730001057605566,0.12579625406159176,original,0.3569101808568632,0.45292408595939626,0.14250502385337516,0.047660709330365474
0.4399053364917117,21.929753240188795,0.020059748583195577,original,0.10481971448443836,0.10310654932558959,0.019660117998003036,0.7724136181919691
1.3350781552477082,22.020473214632094,0.06062894935221087,original,0.11099594843138383,0.36290869503106993,0.021153589013189127,0.5049417675243572
2.664649628999303,26.459143681741494,0.10070808265907757,original,0.617083898787812,0.12578953504316956,0.020097090846148358,0.23702947532287
11.366763105677006,22.70796054869745,0.5005629229120252,original,0.5537482520103083,0.06433123203233096,0.35829117716751147,0.02362933878984921
4.280066979081364,19.305097421188552,0.22170657239789696,original,0.1328218283427887,0.2235047584741116,0.3983414506815193,0.24533196250158026
-1.1223815438915845,19.43132858390537,-0.05776144122309051,original,0.02632586580475228,0.857527040380194,0.0030905117495866794,0.11305658206546702
7.798045197527905,26.27558782027677,0.296779095898304,original,0.43521989201488454,0.2265101723950914,0.21203311732429,0.12623681826573402
11.366763105677004,22.707960548697454,0.500562922912025,original,0.4614187230191055,0.07630902944966884,0.29324317611688216,0.16902907141434345
4.217640241468255,24.226755955283764,0.17409017737395396,original,0.14569836532257144,0.3937819101706897,0.10678491015634001,0.3537348143503989
0.6686701978422154,17.158715270923775,0.03896971231706436,original,0.09021098206486614,0.8512079281917517,0.045979777764306645,0.01260131197907555
2.521781771916142,21.90677892923431,0.11511422012568658,original,0.32580150151305387,0.5020148964430095,0.16536772965188076,0.006815872392055912
3.850014127152295,21.5194439288701,0.17890862514199518,original,0.0031788005255327036,0.018758691852538954,0.3671311466247436,0.6109313609971847
0.033439287257240005,22.047328835650035,0.00151670469952885,original,0.06160986638627009,0.07018475604481855,0.08720483001493522,0.7810005475539762
0.6182686706890731,22.043734798635647,0.028047364765272666,original,0.3875605280340733,0.3673503346887535,0.003785049646253422,0.24130408763091987
-3.166276051170677,24.2102301249501,-0.13078256732035606,original,0.32768346107069135,0.13246064191089793,0.022501975566945467,0.5173539214514652
4.922264113437635,19.771634345459102,0.24895585399814066,original,0.2135774137618933,0.07531837375659091,0.3695869248846242,0.34151728759689143
18.973814091657587,29.16439783951893,0.6505813765125043,original,0.1858645253228063,0.089574025362515,0.6828618850148427,0.04169956429983607
1.9254842674567785,21.68901726926312,0.08877692536934935,original,0.13709659236075045,0.413633424179758,0.30265211901016376,0.14661786444932778
1.9254842674567778,21.68901726926312,0.08877692536934931,original,0.2774410573700406,0.49980541588313715,0.18570580682462096,0.03704771992220135
1.3350781552477087,22.020473214632094,0.060628949352210894,original,0.11497047510595557,0.36680120691081314,0.024406097085366337,0.4938222208978649
9.982387169168303,20.85300672614534,0.4787025343738366,original,0.04923605751651747,0.24158145405112796,0.5975890732571624,0.11159341517519218
-2.2085975106759816,19.704036482073604,-0.11208858208693012,original,0.09899506740570883,0.7583336671418678,0.009347005955222724,0.1333242594972006
13.60008292842732,21.561525537801476,0.6307569890878407,original,0.16772938946882668,0.17118956005762725,0.46458190436616403,0.19649914610738206
0.2739331674357974,23.26271797494873,0.011775630333893672,original,0.3948069722231091,0.08334472175027696,0.08669815126137088,0.4351501547652431
12.94508287396502,22.149302742266368,0.5844465184542421,original,0.24966259051983355,0.08937080104982448,0.39102418427651425,0.2699424241538277
12.802914507368348,21.541158206792083,0.5943466170390068,original,0.28285319160437444,0.20324439678683567,0.4073634373649849,0.10653897424380483
5.651096691040093,19.40608870633643,0.29120224979523,original,0.07109628026622951,0.09293027251377503,0.46888979791393487,0.3670836493060605
0.4443601822349893,23.132697207460954,0.019209181629271904,original,0.36443721528350537,0.09001383597691133,0.03824913417521178,0.5072998145643715
11.164483923195771,22.80104310770013,0.4896479459475454,original,0.36159783505439447,0.2409141585109735,0.3233166442391339,0.07417136219549807
4.658309376841183,18.804483571692028,0.2477233346534949,original,0.0674641550131827,0.09156910247841935,0.5010040089738917,0.33996273353450607
0.8327978584618524,21.835331014607053,0.0381399236815291,original,0.01280799341628868,0.23697363706082689,0.07056736028773958,0.6796510092351448
5.794566721693609,24.317581512961862,0.23828713059237147,original,0.4244060197169412,0.3043920465883694,0.21356714395084475,0.057634789743844866
12.802914507368348,21.541158206792083,0.5943466170390068,original,0.2914320508803494,0.1819030482580098,0.4288131295378373,0.0978517713238035
10.629198627493684,23.462124580642534,0.4530364925356342,original,0.6606479689184018,0.06467804332709394,0.14004006469871924,0.13463392305578506
2.0138236968510945,21.672542245762465,0.09292051084757058,original,0.11410312598921488,0.5263050265122343,0.164123434107307,0.19546841339124374
-0.5309642267676735,18.860339989810083,-0.02815242074383225,original,0.04741988398794655,0.34235499343209125,0.37544555356900033,0.23477956901096173
2.6217471465233686,24.6349646046949,0.10642382437249685,original,0.37551928898792636,0.24149941700303243,0.06288350001263568,0.3200977939964054
0.8621934182826668,26.619361029336496,0.032389711283047976,original,0.4183990137449194,0.2479866951022319,0.016093087316386468,0.31752120383646226
6.363499777162567,23.80828455290579,0.26728090228404033,original,0.45667241915912593,0.3410417179356835,0.1625766918610328,0.039709171044157644
0.8385682325559957,22.057175985166463,0.03801793271795693,original,0.25495196386244634,0.29249845707809186,0.008207528505367302,0.44434205055409437
7.774266278103915,22.48759116654149,0.3457136080291431,original,0.7828651058491402,0.07136649285392228,0.1256193807564128,0.020149020540524837
7.688662432029577,26.05960468484569,0.29504140699690745,original,0.34778338524851177,0.15738032652558712,0.26593107936478855,0.2289052088611125
4.68904048150807,24.22671759086019,0.19354831969716405,original,0.4768123091904028,0.21661960678139255,0.10214667818895924,0.2044214058392454
0.40778080962574453,18.56758423611621,0.0219619743978522,original,0.033210383317295075,0.7990778371156892,0.10542298770084366,0.062288791866172234
2.35424232668538,21.98167139438309,0.10710024203510943,original,0.1918647990320116,0.20374450221313986,0.30140126954504276,0.3029894292098058
17.18188817564307,28.548558246866104,0.6018478420874026,original,0.06749412999351138,0.13634611901546556,0.7715286173748659,0.024631133616157166
1.4330419402906551,21.9797392908675,0.0651983138343938,original,0.023907471626104446,0.40231255410707406,0.19312299279465672,0.38065698147216465
0.8400898328504546,21.96775881723089,0.038241945381687625,original,0.22996933046686274,0.385344088031472,0.016678059815340294,0.368008521686325
4.354873867738838,18.879981375684665,0.23066091968312902,original,0.2101505888988999,0.5487407591921631,0.23902351409307823,0.0020851378158588656
5.414607968602381,19.362239229904343,0.27964781884379014,original,0.12396405020924509,0.07462830196958034,0.44528566700139954,0.35612198081977514
1.925484267456779,21.68901726926312,0.08877692536934936,original,0.2647229480550399,0.3908249976403488,0.18050659478511302,0.16394545951949832
0.27374872340716444,19.78928080625204,0.013833182018383182,original,0.060917970951414234,0.41844588011750744,0.17727258259802858,0.3433635663330499
1.7558518810348678,21.75295523689789,0.08071785474225947,original,0.3641035255130752,0.37974858742476564,0.10227281779981377,0.1538750692623453
12.966559273298111,19.70652559713356,0.657983022391242,original,0.007226189839239486,0.2718851033352137,0.702150077989501,0.018738628836045667
1.1771546663421955,21.760617083518298,0.05409564727961572,original,0.2693880306244155,0.33665375036613515,0.1239493282226415,0.2700088907868078
4.0863088148927,25.840926490879085,0.1581332161723848,original,0.5824383370320988,0.31001712791112335,0.059642861792536285,0.047901673264241655
1.177154666342196,21.760617083518298,0.054095647279615744,original,0.2406432010451569,0.362767578144801,0.10383470190632686,0.29275451890371523
1.9254842674567794,21.68901726926312,0.08877692536934939,original,0.2253254454950805,0.3687458924290999,0.20761021628853688,0.19831844578728264
1.9254842674567783,21.68901726926312,0.08877692536934934,original,0.2470855032256485,0.5454654756805148,0.17418066662497456,0.03326835446886203
12.092595255053345,22.37971691808732,0.5403372750093215,original,0.5269209798526339,0.06767565189425512,0.3902537914815072,0.015149576771603737
3.4435498176620087,24.48844841655419,0.14061935485141264,original,0.4770223210921969,0.18920929289575428,0.06631288966708052,0.26745549634496835
4.280066979081364,19.30509742118855,0.221706572397897,original,0.08521498270108152,0.24959708073982165,0.4268001808461071,0.23838775571298967
15.001665438477968,29.54052375806485,0.5078334277783949,original,0.017567337359419725,0.03692401376557223,0.8735826592940558,0.0719259895809522
4.725919526698148,18.94178144427415,0.24949709933971298,original,0.12869493589419131,0.42542160246406047,0.4104720758454942,0.035411385796253976
14.172736176866366,21.1502462301352,0.6700979280612734,original,0.30860127398753906,0.04258914551789869,0.6219368559235894,0.026872724570972964
1.1771546663421952,21.760617083518298,0.05409564727961571,original,0.16422259779677237,0.44507515203399106,0.12471709485909332,0.2659851553101433
4.193701912186216,19.095266316858023,0.21961997505433564,original,0.12300567279850241,0.2773867332414643,0.424312472586327,0.17529512137370631
9.377206131131375,25.630141090029955,0.3658663484588656,original,0.5875164743307147,0.098149538171653,0.17891770679678007,0.13541628070085218
4.809748398141319,24.465612811880586,0.19659218982595972,original,0.512440527173588,0.3258710133301314,0.07183007549741932,0.08985838399886147
10.629198627493684,23.462124580642534,0.4530364925356342,original,0.7175084830951253,0.0627339352283522,0.11591989512196682,0.10383768655455582
2.237422390016826,15.757080254644423,0.14199473213593253,original,0.016968062986820017,0.561364858217276,0.3386700385496874,0.08299704024621667
5.629812396755505,19.42270787696716,0.28985723475781433,original,0.004576650663882627,0.14394706857501965,0.4485430365858489,0.40293324417524884
9.917707953915293,20.00456994660335,0.4957721150886166,original,0.19516415482534955,0.2591958378486528,0.47700611025484085,0.06863389707115682
13.437426729129763,21.592395350183462,0.6223221884900028,original,0.2272497635272678,0.06627589834526865,0.47402449823974147,0.23244983988772205
4.193701912186216,19.095266316858023,0.21961997505433564,original,0.0732746789106834,0.32480633102326617,0.44818656812616725,0.1537324219398832
-1.6629121365937232,18.665014824175955,-0.08909246267679995,original,0.03964485686390275,0.4097353485019799,0.24955952926114,0.30106026537297725
8.102714053785126,21.256132228659265,0.38119418747415684,original,0.31629044870293227,0.29567045392159264,0.337028860517563,0.051010236857912276
9.377206131131375,25.630141090029955,0.3658663484588656,original,0.5148360827667204,0.10466335339700006,0.1633945206091039,0.2171060432271757
3.613182204083919,24.419298273248454,0.14796421107757196,original,0.36526834512241446,0.18158828634697854,0.18133293153625388,0.2718104369943531
1.1771546663421955,21.760617083518298,0.05409564727961572,original,0.2787448035542304,0.4923016782396095,0.030113956005994945,0.19883956220016502
13.399992619077368,22.270170747860494,0.6017013866094647,original,0.35455086454567164,0.05546416738864823,0.2920959484104295,0.2978890196552506
4.7006676530513,24.934069733201106,0.1885238833183035,original,0.3007268104531201,0.09634758539386278,0.2684567714668236,0.3344688326861936
11.096975025281337,23.364738852609968,0.47494539079747733,original,0.2943825607275032,0.07992511682155792,0.3258888752327468,0.2998034472181922
11.164483923195771,22.80104310770013,0.4896479459475454,original,0.3240459104977521,0.22110189909875647,0.3109265441727015,0.1439256462307899
3.1709749313028412,21.486152849061053,0.14758225698029767,original,0.3272976122840574,0.2957995856154403,0.23712085135957867,0.13978195074092353
-0.8262431060848251,18.696893420397384,-0.04419146472638154,original,0.02279240312116625,0.47983384255589073,0.17902686685962277,0.31834688746332024
0.3817799482513632,21.947975159977762,0.01739476855914259,original,0.3671470396023105,0.31367895844669275,0.11413736116935534,0.2050366407816414
-0.10391069074672128,21.21217927568578,-0.00489863344052244,original,0.006645274021312802,0.24824180358544015,0.3464804938921967,0.3986324285010504
3.388207205152365,22.43988933390987,0.15099037052812922,original,0.12439694150351484,0.1114568677243068,0.3062028698780656,0.4579433208941128
1.177154666342196,21.760617083518298,0.054095647279615744,original,0.208986063402964,0.4540866454777559,0.1717203411844251,0.16520694993485507
8.35693119318103,25.87534581852307,0.32296886974033634,original,0.34056768335961607,0.2487442960190899,0.24112004863349087,0.1695679719878032
0.14883791072246125,22.128165297295475,0.006726174932360061,original,0.11886370111010897,0.2400020695836876,0.11786227366568719,0.5232719556405161
9.377206131131377,25.630141090029955,0.3658663484588657,original,0.5952190291597307,0.1434673908040848,0.1280701121681688,0.1332434678680158
2.4225636042150898,22.705440386171343,0.10669529253790087,original,0.1110850599890493,0.29733526985124564,0.10230800013084526,0.4892716700288597
10.770468348520724,21.26841870052526,0.5064066351206491,original,0.26253106815859684,0.035128818734857944,0.3873761506931985,0.3149639624133467
-0.8262431060848251,18.696893420397384,-0.04419146472638154,original,0.0021202285325777675,0.5370503554996144,0.2570457369692377,0.2037836789985702
2.864852602969336,24.537305288328156,0.11675498060173733,original,0.33175950573344976,0.23663953324681458,0.12469385709165835,0.30690710392807735
2.117655324722032,25.625955781209477,0.08263712552983343,original,0.4754129144270485,0.031155890164698438,0.027372243724273184,0.46605895168397987
-1.6629121365937232,18.665014824175955,-0.08909246267679995,original,0.023719579119585967,0.43862591674075574,0.2405931610521359,0.2970613430875224
11.417636439457572,22.463140962510234,0.5082831674547278,original,0.38665236747494497,0.2261107713230121,0.2958633697581112,0.09137349144393167
9.99251802270554,20.316197408894357,0.4918498192128054,original,0.11435815567753928,0.3145742104752964,0.5539995403113722,0.017068093535791983
4.7259195266981475,18.94178144427415,0.24949709933971292,original,0.23384883722648978,0.3612059448465835,0.31135222772318977,0.09359299020373676
4.421250670440927,24.3967727873814,0.1812227670009528,original,0.3939740220134446,0.28711933920045213,0.15207841205456793,0.1668282267315352
-0.8262431060848247,18.696893420397384,-0.04419146472638151,original,0.05634570016658871,0.551516264803774,0.02538024120962891,0.3667577938200083
9.196422950115187,25.42215100308125,0.36174841967402266,original,0.5882920315448733,0.21666173156442423,0.12274404118700562,0.072302195703697
6.629406225454597,24.62290184899691,0.2692374061385353,original,0.45496293391742054,0.022795717489051796,0.16290333933249343,0.35933800926103426
1.7558518810348678,21.75295523689789,0.08071785474225947,original,0.3534549640792212,0.426706328471195,0.07999474184671986,0.13984396560286397
3.9410291858471806,18.9327416637104,0.20815945497108793,original,0.018644438920370807,0.26900008918248003,0.4623650310140353,0.2499904408831138
9.754338683032966,21.123154076434435,0.46178419414499244,original,0.06935971921034263,0.23003675188952807,0.5507181101281821,0.14988541877194717
8.610083709442833,25.6074033320656,0.33623415844853194,original,0.3938435152437408,0.16651390388693246,0.2336584384215223,0.20598414244780439
9.196422950115187,25.42215100308125,0.36174841967402266,original,0.506018959868027,0.20509845060967546,0.2534649497354647,0.03541763978683259
1.4437004513140734,26.619683113596263,0.054234321466105885,original,0.4961278419062745,0.1669115094401737,0.042752891184223485,0.29420775746932837
1.3350781552477087,22.020473214632094,0.060628949352210894,original,0.09474055916821329,0.3587772696585216,0.07834825785316644,0.4681339133200988
8.102714053785126,21.256132228659265,0.38119418747415684,original,0.3365656012797786,0.35892962945726775,0.24163650868838266,0.062868260574571
1.3350781552477087,22.020473214632094,0.060628949352210894,original,0.03448571131444464,0.38362220769304406,0.12148072667671711,0.4604113543157942
1.7558518810348678,21.752955236897886,0.08071785474225948,original,0.41585559488963425,0.45077894956895637,0.01136944818675518,0.12199600735465417
1.7338574421307502,15.850249480726815,0.10938991491762343,original,0.02546457790245424,0.5060449211596453,0.36161587908174475,0.1068746218561559
1.5341159786332355,21.955405356549264,0.06987418149256004,original,0.11340134285070144,0.18731317589691948,0.2703506305401088,0.42893485071227017
1.1771546663421966,21.760617083518298,0.05409564727961577,original,0.06664014863025454,0.47387829639481155,0.2756686732345482,0.1838128817403858
1.7626370650724348,22.79413952248366,0.07732851961031799,original,0.25057990965035337,0.10468371729998695,0.2878226483508185,0.3569137246988412
14.45342463875104,29.847035283770158,0.4842499263758339,original,0.09035716557165185,0.0032398237731441964,0.6730094276009357,0.23339358305426824
4.472269794847383,25.746812096164856,0.1737018850382718,original,0.8847419238167553,0.03695991642878006,0.054286709163223736,0.024011450591240886
15.291520357939755,29.35270502416662,0.520957790612411,original,0.09003273133827921,0.0032298599355086713,0.7683571689624558,0.1383802397637563
8.102714053785126,21.256132228659265,0.38119418747415684,original,0.27460871854178454,0.30698238717293347,0.3045092439026128,0.11389965038266918
11.164483923195771,22.80104310770013,0.4896479459475454,original,0.3586637715961836,0.22575512163129097,0.3253760500294833,0.09020505674304219
8.610083709442831,25.6074033320656,0.3362341584485319,original,0.39423469830105823,0.11839109266764926,0.25535690118256404,0.23201730784872848
17.73723147896938,28.351758527338273,0.6256130977485449,original,0.03961767737298209,0.12002252205284998,0.8263108497281315,0.014048950846036402
14.178468397177054,21.161095513707707,0.6700252540292889,original,0.20672903099326806,0.1245191108624141,0.6638957743931441,0.0048560837511738165
1.6059860806747388,21.96012927358392,0.07313190467413523,original,0.14545548152090604,0.6387170380161634,0.0017496100935165857,0.21407787036941403
11.520313320190615,19.94390710413795,0.5776357290464227,original,0.1598417766029626,0.10740636451436646,0.5013046821649587,0.2314471767177122
13.334418347532113,22.222017491629693,0.6000543538629987,original,0.4966832860804968,0.0001097633060294469,0.45660589652362643,0.046601054089847264
14.220536452178328,21.361476599137735,0.6657094319353268,original,0.3228820085318333,0.04401537197392193,0.5401974871882445,0.09290513230600035
1.8053644093588397,16.90869643687352,0.10677135378757685,original,0.013680992602729126,0.8591853205994116,0.12305402877296935,0.004079658024889822
0.17012220500704686,22.11914728128918,0.007691173752895344,original,0.24205268814132191,0.15099576513823484,0.19125073924650238,0.41570080747394084
11.39204125001415,20.003244932611427,0.569509661474208,original,0.08752410770742548,0.12238425531608026,0.5943069166259454,0.19578472035054878
2.013823696851094,21.672542245762465,0.09292051084757055,original,0.10438282155577594,0.5944308589784334,0.15333361001596835,0.1478527094498223
13.334418347532113,22.222017491629693,0.6000543538629987,original,0.46084548929057845,0.002634954347200008,0.4729878064503838,0.06353174991183785
11.716684076461066,23.65945067603441,0.4952221518938238,original,0.5831707102848236,0.024691951770659686,0.15293570846230695,0.23920162948220988
5.003497136961428,27.532902308774972,0.18172792249906028,original,0.5467913355175096,0.037681743173543156,0.03564346015380681,0.37988346115514054
2.167965147220507,16.045876816962544,0.13511041945150543,original,0.025612170578427906,0.430937653339343,0.5025267977397659,0.04092337834246318
14.092264382001863,21.433951361670513,0.657473936753293,original,0.271825983731876,0.009251912492180181,0.5821703943558219,0.13675170942012196
1.925484267456779,21.68901726926312,0.08877692536934936,original,0.28735084955922224,0.2843543382612628,0.23370716217316453,0.1945876500063506
0.905722350871843,18.786995254229,0.04821006971102213,original,0.008779735135150601,0.6189110567654178,0.2840998049710151,0.08820940312841634
1.7558518810348682,21.75295523689789,0.08071785474225948,original,0.3685324525333279,0.39139216464797855,0.0581667433520244,0.1819086394666691
1.4994303759125294,21.846373104937623,0.06863520863180585,original,0.004360806313612054,0.19251709959280086,0.11545338205738159,0.6876687120362054
2.0138236968510936,21.672542245762465,0.09292051084757054,original,0.17409927852710205,0.5503928832710048,0.04432837389015186,0.23117946431174144
9.963708139137326,20.143321467993392,0.49464077485531055,original,0.12977410741806356,0.4153435782942558,0.44805076033139435,0.006831553956286448
12.276611911951814,20.201263632442995,0.6077150486851203,original,0.2088259138705051,0.05429734654696836,0.44927988138881736,0.2875968581937091
-0.1773698153795684,20.044750158127826,-0.008848691751179694,original,0.18742329210482275,0.39218313494645746,0.006259137661400223,0.4141344352873196
12.802914507368348,21.541158206792083,0.5943466170390068,original,0.27396281077188844,0.22399229823543246,0.45081932637872296,0.05122556461395631
8.344245621467218,25.774588321633484,0.3237392394908297,original,0.5717825155711976,0.15366695589653262,0.1600423605809565,0.1145081679513133
5.184666732975499,24.838637503743264,0.20873394251891955,original,0.4439050909328475,0.15132411412201371,0.1090243640846757,0.2957464308604631
13.437426729129763,21.59239535018346,0.6223221884900029,original,0.26602203358029736,0.104327311558603,0.5037830789789589,0.12586757588214093
12.444684666752886,23.13272275272298,0.5379688677258803,original,0.2792710969587217,0.07517104435900651,0.3272734076902054,0.3182844509920663
3.170974931302841,21.486152849061053,0.14758225698029764,original,0.32190338473710534,0.4076360692147671,0.2184085719009288,0.05205197414719879
13.30806197308497,21.61351214540665,0.6157288035138545,original,0.3515241072544912,0.1168476005293131,0.4732328258796091,0.0583954663365866
0.9272656269048458,21.972437080911735,0.04220130991778675,original,0.14085922019674887,0.02630232857507595,0.1482692660849696,0.6845691851432056
7.798045197527905,26.27558782027677,0.296779095898304,original,0.4930073416452382,0.15766820073542887,0.11703695799458413,0.23228749962474896
0.9264548997456028,22.16419341424546,0.041799621688284314,original,0.2433096344736499,0.31634104588109224,0.09900211149843405,0.34134720814682395
2.0138236968510936,21.672542245762465,0.09292051084757054,original,0.038599434948028054,0.548257412842821,0.2764771253056169,0.13666602690353402
2.8818465206273243,22.07993338413481,0.13051880503792543,original,0.2050926704803098,0.030356552503032767,0.3501452581963914,0.41440551882026605
2.1044933774422607,22.481445036265495,0.09361023608749697,original,0.1199834404986282,0.02135885795966724,0.2434055145293671,0.6152521870123374
7.774266278103916,22.48759116654149,0.3457136080291431,original,0.7932968446185922,0.09018870524763542,0.0883258323257072,0.028188617808065062
0.14037008113772187,23.42701903510121,0.00599180292323164,original,0.3807418101126727,0.5877745980835982,0.013610571930577003,0.01787301987315205
10.815157608918044,19.996849026929638,0.5408430895437202,original,0.03909502462779732,0.28653656059594035,0.6183979466775391,0.055970468098723164
3.4435498176620083,24.48844841655419,0.1406193548514126,original,0.41994071684294715,0.2687318299158377,0.07304797273368598,0.23827948050752928
8.610083709442831,25.6074033320656,0.3362341584485319,original,0.4034894143866485,0.19843348000073396,0.20824594207808805,0.18983116353452958
0.6283289901158166,21.1937533459539,0.029646895472283403,original,0.054324859604276084,0.2559669657445926,0.4186895412539396,0.2710186333971916
8.123956737838105,22.498643052632865,0.3610865205869074,original,0.002781506033838008,0.024260181157690047,0.6063983340589203,0.36655997874955165
0.14883791072246105,22.128165297295475,0.006726174932360053,original,0.1590899131020225,0.2535967741556226,0.14241907831586825,0.4448942344264867
10.629198627493684,23.46212458064253,0.45303649253563427,original,0.6148596567595662,0.0828805190998926,0.10783043313860766,0.19442939100193354
-0.8262431060848257,18.696893420397384,-0.044191464726381566,original,0.09211883456094935,0.5842029052360005,0.05761865117017699,0.26605960903287307
3.4435498176620083,24.48844841655419,0.1406193548514126,original,0.4218291652976027,0.2756945514162547,0.09100432360771693,0.21147195967842575
1.7090029715043313,22.02717627306441,0.07758611227833141,original,0.06438202213411807,0.30557922826449013,0.33867772884370384,0.2913610207576879
11.009772558273575,20.076696432928323,0.5483856666857461,original,0.13745988048251076,0.04912094177479131,0.588290897012279,0.2251282807304188
0.14883791072246066,22.128165297295475,0.006726174932360035,original,0.18962369900385623,0.2119882140525412,0.09340022132048557,0.5049878656231168
5.807695551306796,18.76746957045811,0.3094554398754827,original,0.07014400922749016,0.01959653412102986,0.5104828791214776,0.3997765775300024
2.692202047459136,21.51342480247141,0.12514056093650644,original,0.06252897473281475,0.6262794227938154,0.196898421066307,0.1142931814070629
10.629198627493684,23.46212458064253,0.45303649253563427,original,0.6574055305036823,0.07420828365609368,0.17495633366810912,0.09342985217211495
-1.6629121365937232,18.665014824175955,-0.08909246267679995,original,0.07359924773276391,0.47203664207541784,0.197798047446098,0.25656606274572025
6.0685554537576465,26.78580019750149,0.22655867694783485,original,0.33253072427113317,0.11795350857966891,0.2700186797901545,0.2794970873590434
8.810254406596806,21.81670302717792,0.4038306977723053,original,0.10882795077648022,0.15052021543781677,0.48267532744238983,0.2579765063433133
3.548824798847248,26.402569112294355,0.1344121014792192,original,0.732046141587511,0.2476227469482622,0.0017788341015556887,0.01855227736267105
1.3594808010302828,21.989807429658782,0.0618232244812885,original,0.43008332241381,0.32860781918970305,0.11811921102136154,0.12318964737512537
11.252513753805522,23.353471606894367,0.48183473288979417,original,0.30552473237660266,0.10038087870171561,0.31292356874024757,0.2811708201814342
1.2635197332373438,21.95750537605947,0.057543865370481485,original,0.1957059487158431,0.2977294979320221,0.14393690981966656,0.36262764353246824
4.421250670440927,24.3967727873814,0.1812227670009528,original,0.40297315846451925,0.23045414489950045,0.15373420076442335,0.212838495871557
-0.19691726644130855,21.917306229083344,-0.00898455605730914,original,0.31677788887817687,0.31367242540928003,0.08706679439929942,0.2824828913132437
4.0863088148927,25.840926490879085,0.1581332161723848,original,0.5942478551148105,0.32251201830790266,0.04892552358555454,0.034314602991732356
3.388207205152365,22.43988933390987,0.15099037052812922,original,0.16783645672278472,0.11138923473930365,0.2912795787873172,0.42949472975059444
2.29162917087378,22.546560146331544,0.10163985796460741,original,0.17892342596418093,0.04192695359735658,0.30067657792264496,0.47847304251581746
3.812940295088765,25.70102721718637,0.14835750582467783,original,0.4770653735228874,0.40130711087656307,0.10750416440887611,0.01412335119167339
9.835170863219782,20.17533696423917,0.4874848375818405,original,0.1926938085337483,0.36887790494309397,0.4307021480777216,0.007726138445436132
-1.3777737799893375,23.98128232454319,-0.05745204786541109,original,0.4903420122667727,0.27741168001476246,0.008542982734774832,0.22370332498368986
4.280066979081364,19.305097421188552,0.22170657239789696,original,0.09770838347781403,0.25818987233791,0.38856174377033864,0.2555400004139374
-0.24707455442521176,21.986589039494064,-0.011237511829609996,original,0.1799939270198864,0.17308316057534875,0.00022500037598447526,0.6466979120287804
9.293593392498728,25.058666107458382,0.37087342768398696,original,0.7407502206459369,0.013752154355871257,0.11953112713738442,0.12596649786080744
16.89404448342089,28.408030296600003,0.5946925678047933,original,0.1168599562113013,0.07853416002181572,0.689049028437675,0.11555685532920806
4.436337131860916,25.004355177751933,0.17742257699932543,original,0.38408004018640673,0.19021777850375898,0.06906153894871102,0.3566406423611231
2.0284628369483717,21.917285880286073,0.09255082257989147,original,0.26203689162261157,0.6638108461460382,0.040150212248221996,0.034002049983128266
3.489771445353035,22.182881430105272,0.1573182210946318,original,0.028556391586088557,0.07870056729347152,0.3272019971102876,0.5655410440101525
12.735084123935914,19.24284179557116,0.6618089084326817,original,0.13365508065039985,0.24651297394741978,0.6151555896108516,0.004676355791328868
5.807875029842338,24.47503081034375,0.23729796603010025,original,0.7308833956999907,0.1145982776982733,0.003344505943083333,0.15117382065865279
11.955912164688094,22.420732241488373,0.5332525287693767,original,0.6555019130279279,0.11928464076721511,0.16257000553465412,0.06264344067020297
3.320565900029837,15.627063137463436,0.21248816049434469,original,0.0011095333928850665,0.719687672040111,0.2583389294679015,0.02086386509910233
3.235391539099447,26.094625232614458,0.12398689424530548,original,0.5558707145963382,0.15193755026618874,0.0321011420150638,0.2600905931224091
1.925484267456779,21.68901726926312,0.08877692536934936,original,0.287919674475459,0.3402565503796217,0.20188381769597244,0.1699399574489467
16.735609323805782,28.610055188946095,0.584955506489667,original,0.10104455081377886,0.0621321512938602,0.6586878776871625,0.17813542020519835
8.610083709442831,25.6074033320656,0.3362341584485319,original,0.4573171612108857,0.13959179157253984,0.22195547471616123,0.18113557250041318
11.716684076461064,23.659450676034414,0.4952221518938236,original,0.6270485752682202,0.011140026329056566,0.13715619819849798,0.22465520020422514
5.59152575605327,19.453680874848796,0.2874276488853931,original,0.037496970730297896,0.07080919507309033,0.42122595010218356,0.4704678840944282
14.53411956094357,21.096934404512503,0.6889209248224197,original,0.3801687021189315,0.06277937060077625,0.4852606100817099,0.07179131719858234
2.4225636042150906,22.705440386171343,0.10669529253790092,original,0.01290003679380501,0.3070663472000885,0.12483949770051447,0.555194118305592
11.632601193652617,22.480322422002672,0.5174570442199456,original,0.4194897587849201,0.09458117592039579,0.4091293345092938,0.07679973078539051
-0.7707746043265052,18.7860845983556,-0.041029018063182286,original,0.005359409619334521,0.47925136077537006,0.1276473931622913,0.38774183644300414
1.335078155247708,22.020473214632094,0.060628949352210866,original,0.11528702962420695,0.3874786412060734,0.0407618378303016,0.4564724913394182
1.177154666342196,21.760617083518298,0.054095647279615744,original,0.12345107817051837,0.40465330900485746,0.23073679116309023,0.24115882166153385
4.193701912186216,19.095266316858023,0.21961997505433564,original,0.1234353823596365,0.292017831381066,0.3785797752400665,0.20596701101923098
10.464691580098757,25.866518443644917,0.4045651370847454,original,0.47878786968899695,0.0713505946184165,0.18724840919628438,0.2626131264963022
-1.4067223229299755,22.347047879889363,-0.06294891076819249,original,0.26407835730185836,0.13745961471529652,0.061930787866535074,0.53653124011631
19.064889308183066,29.125506688785393,0.6545770863948072,original,0.21499461984037882,0.04960659960307251,0.649321166164939,0.08607761439160967
13.134154531101759,22.52196629020293,0.5831708635829372,original,0.4600358247669877,0.01867496955770329,0.30108784803410704,0.2202013576412021
17.636750017846875,28.370640553725053,0.621654981119875,original,0.021965589070759056,0.1857308392161909,0.7226393627105948,0.06966420900245524
1.605986080674739,21.96012927358392,0.07313190467413523,original,0.22107958025786792,0.6123050861268233,0.06607644519249792,0.100538888422811
-1.3585123056307,18.715881931456835,-0.07258606944619124,original,0.018999323635773675,0.4289093941054209,0.016612184620469917,0.5354790976383355
1.9254842674567794,21.68901726926312,0.08877692536934939,original,0.11310465186800993,0.35800893298570224,0.3110312549263709,0.21785516021991694
1.2635197332373438,21.957505376059473,0.05754386537048147,original,0.19211206399593697,0.3108748885207732,0.12926432441309732,0.36774872307019235
1.494950076769404,21.968038033507664,0.06805114204929745,original,0.01918351594967997,0.1856569663816862,0.30416948289073564,0.49099003477789827
10.815157608918046,19.996849026929638,0.5408430895437203,original,0.045662352502306394,0.29928391800900295,0.6205521647335077,0.03450156475518285
2.596837232607007,22.188351093041526,0.1170360619275443,original,0.021478530903300604,0.07064469775322225,0.36398138572354694,0.5438953856199302
1.1661466636866094,22.179291285161785,0.052578175230581774,original,0.16566691642361092,0.15347737285085886,0.28394265750531683,0.3969130532202136
16.89404448342089,28.408030296600007,0.5946925678047932,original,0.15245707330403271,0.005520134611648341,0.7465658557532546,0.09545693633106446
10.006591450396238,24.412174565410066,0.4099016834220791,original,0.7352649630310651,0.11170096063093556,0.07157108274684855,0.08146299359115082
19.064889308183066,29.12550668878539,0.6545770863948072,original,0.1614949487638156,0.013517050487731308,0.6834310164868403,0.1415569842616127
1.9254842674567785,21.68901726926312,0.08877692536934935,original,0.19028538054719046,0.5604003263047572,0.18519299416326554,0.06412129898478691
4.720655471502058,23.29726720259802,0.20262700472248377,original,0.5121547794660779,0.016161423309654983,0.05893958479479819,0.412744212429469
2.420273916649416,22.27013156563921,0.10867802507160806,original,0.0022617636467902264,0.10895826815939069,0.2757015525434919,0.6130784156503272
10.629198627493682,23.462124580642534,0.45303649253563416,original,0.6122114066806137,0.0908939705707371,0.16889889427553423,0.1279957284731149
8.320263974666267,21.024179175654613,0.3957473870971056,original,0.08937533207843394,0.29616897194033864,0.4983961034203574,0.11605959256086987
8.134231704761033,22.172704240209836,0.36685789954177317,original,0.00822755007422298,0.2502871041335834,0.5554027051231458,0.1860826406690476
2.013823696851094,21.672542245762465,0.09292051084757055,original,0.14131505066115896,0.560124506734545,0.09130528361797006,0.20725515898632602
1.177154666342196,21.760617083518298,0.054095647279615744,original,0.18326370544529935,0.47624358669003136,0.12814891923595878,0.2123437886287105
16.02993663492766,28.32594025733,0.5659101335823424,original,0.0661763206379174,0.07203572109230541,0.7524975629084446,0.10929039536133264
0.15133818571515098,24.0459493141907,0.006293708089337504,original,0.8394067287459694,0.12666478211224055,0.010947460018429375,0.022981029123360773
1.7338574421307495,15.850249480726815,0.10938991491762338,original,0.017621826718438753,0.4862572138725416,0.38324450617993194,0.1128764532290876
1.925484267456779,21.68901726926312,0.08877692536934936,original,0.2946996453350109,0.38564099593542317,0.1908177291927781,0.128841629536788
2.3512001058606025,22.514727437200392,0.10442942791149867,original,0.18231087546943509,0.10367861560365095,0.29759417731211385,0.41641633161480024
5.651096691040092,19.40608870633643,0.29120224979522996,original,0.08465515947996041,0.09556710178245455,0.4627924368351546,0.3569853019024304
16.73103742323996,28.33572863312024,0.5904572859165805,original,0.05590134428873878,0.033444741626304,0.8970352199625068,0.013618694122450519
0.1488379107224616,22.128165297295475,0.006726174932360078,original,0.1967698985909323,0.2943292968150388,0.0034459892907493317,0.5054548153032795
0.14883791072246125,22.128165297295475,0.006726174932360061,original,0.1191862209265798,0.2161183108905549,0.03411652651299518,0.6305789416698702
3.4435498176620083,24.48844841655419,0.1406193548514126,original,0.4106718652822146,0.23896500065159915,0.08762340874535751,0.26273972532082857
1.6059860806747395,21.96012927358392,0.07313190467413526,original,0.22046479230804442,0.6480168738114512,0.02288762220754367,0.10863071167296073
17.469342919282475,28.421133284692065,0.6146603213964796,original,0.07267861108647963,0.09257274772560177,0.8044062093608135,0.030342431827105085
1.3480142648585127,22.03445348920669,0.06117756746327761,original,0.30785769377368327,0.6349222390800613,0.004466520641949685,0.052753546504305845
5.827072858468513,24.310618562815122,0.23969249665072204,original,0.47260810425055966,0.13846218175896077,0.08430765332578749,0.304622060664692
-0.12000061099876608,21.21878676396088,-0.005655394548854037,original,0.05432926425251394,0.31147745260543386,0.30951975527245096,0.32467352786960124
10.629198627493684,23.46212458064253,0.45303649253563427,original,0.6711591993430479,0.020958795640809526,0.1629573336864243,0.14492467132971817
12.068028834767532,22.399025269899045,0.5387747319045748,original,0.6145808407072416,0.049252691979699684,0.29345802388859615,0.042708443424462623
1.3469801852017156,21.88169450298792,0.06155739835466725,original,0.01694692650366198,0.18459411345989069,0.18121472420296214,0.6172442358334852
9.295247856443911,20.33673460947019,0.4570668809372029,original,0.02883165971968961,0.11421825377049445,0.6306872384560956,0.22626284805372032
3.974217302935103,27.05601450456776,0.14688849690886524,original,0.6455880573942016,0.049430330465365144,0.009538128104824623,0.2954434840356087
1.5341159786332355,21.955405356549264,0.06987418149256004,original,0.06524554834422484,0.1958636738181672,0.2923279953121674,0.4465627825254405
2.73284278959273,27.600306137706713,0.09901494483241621,original,0.6048628329114956,0.283834953107108,0.02162915413654833,0.08967305984484815
2.0138236968510936,21.672542245762465,0.09292051084757054,original,0.1518477871473355,0.5407630113490791,0.0030157696941105726,0.3043734318094749
0.1701222050070472,22.11914728128918,0.00769117375289536,original,0.28000158006450104,0.13971168888230134,0.11030496995097631,0.46998176110222123
8.61008370944283,25.6074033320656,0.3362341584485318,original,0.3804218007296602,0.1877537216719411,0.2867875283518727,0.14503694924652602
-0.8262431060848251,18.69689342039738,-0.044191464726381545,original,0.0683945690757927,0.5254172796174741,0.18073971940355005,0.22544843190318314
3.1045177557257486,22.101330474480598,0.14046746006066682,original,0.00020046491951424933,0.016593023614139703,0.28726798486786,0.6959385265984862
5.8282532567855725,19.129413594964365,0.30467495659612576,original,0.2991873513372873,0.0016269645367641148,0.3230813676471926,0.3761043164787561
8.410005849520013,24.88097048321964,0.33800955855633263,original,0.6807668424089144,0.0007740753720580291,0.015440637705350034,0.30301844451367754
7.688662432029579,26.05960468484569,0.2950414069969075,original,0.3693257792889716,0.15643770589759695,0.2192831389666466,0.2549533758467849
2.6120889356497194,21.826795501267487,0.11967349652797488,original,0.43461370754906214,0.34224334728956435,0.11853928299035368,0.10460366217101998
0.6283289901158162,21.1937533459539,0.029646895472283386,original,0.11543636043268253,0.20253929423918846,0.3649661398535223,0.31705820547460684
7.798045197527907,26.275587820276773,0.29677909589830404,original,0.4587906425839642,0.1906619779879738,0.22017281591755616,0.13037456351050575
1.1771546663421952,21.760617083518298,0.05409564727961571,original,0.25629258023553886,0.5377302675267924,0.059743705754276004,0.1462334464833926
4.400774895714612,19.6067174535372,0.2244524054636302,original,0.07884447165923197,0.30967405807696047,0.4897234245631442,0.12175804570066318
-0.8262431060848254,18.696893420397384,-0.04419146472638155,original,0.10283802161548887,0.5354926103207751,0.0006258089123219299,0.36104355915141406
9.196422950115187,25.42215100308125,0.36174841967402266,original,0.5662790980108823,0.1772439230553134,0.16977551336916127,0.08670146556464299
7.798045197527905,26.275587820276773,0.296779095898304,original,0.4455215091446137,0.22656539232060982,0.18401926603961932,0.1438938324951572
9.596154793677067,26.491175398691766,0.3622396760135731,original,0.4901846630187119,0.0008464962061154421,0.1708766278776539,0.33809221289751873
10.430361384868737,20.693361386535482,0.5040438423699033,original,0.17752343625734107,0.12885305190424085,0.4546782277100074,0.2389452841284108
1.177154666342196,21.760617083518298,0.054095647279615744,original,0.10803465452584603,0.38454476153575073,0.2326085954456981,0.2748119884927052
11.164483923195771,22.80104310770013,0.4896479459475454,original,0.36728086174613833,0.24289089572810185,0.3005574791600048,0.08927076336575514
-0.7707746043265056,18.7860845983556,-0.0410290180631823,original,0.0698998467435715,0.4999679334654294,0.03918271309829452,0.3909495066927045
-0.8262431060848251,18.696893420397384,-0.04419146472638154,original,0.030576267229959653,0.5747209480138152,0.08773063081815614,0.3069721539380691
4.725919526698148,18.94178144427415,0.24949709933971298,original,0.19784351254081461,0.41160149086915465,0.3145583623901571,0.07599663419987363
16.89404448342089,28.408030296600003,0.5946925678047933,original,0.11353748018014938,0.05967640231592735,0.7407558750696276,0.0860302424342957
0.1488379107224611,22.128165297295475,0.006726174932360055,original,0.19987181721815445,0.1868202879214036,0.2146920145207567,0.3986158803396853
8.471591559023443,21.10460731646937,0.4014095800006826,original,0.036812941151268375,0.06613360189077026,0.6456379513842516,0.25141550557370995
6.344396255119281,28.1769958415051,0.22516226679323217,original,0.6226427869268416,0.13390096250891356,0.06921677592771891,0.17423947463652587
3.8513089198527637,19.017085760158928,0.20251835472609903,original,0.08185707196426383,0.35539458557099335,0.39087811358147445,0.1718702288832685
11.164483923195771,22.801043107700135,0.48964794594754535,original,0.30892907790899293,0.2456619414544206,0.36791993330741024,0.07748904732917636
0.8338616504309363,23.259702575316734,0.03585005645395689,original,0.3674384158657025,0.05602627258419543,0.05279070897619757,0.5237446025739046
1.878312830464393,26.44422993107168,0.07102921262419873,original,0.49980389404852554,0.26075839176041465,0.041671927781410927,0.19776578640964887
9.377206131131377,25.630141090029955,0.3658663484588657,original,0.6638947112029148,0.11852713707868744,0.09084311534665625,0.1267350363717417
6.784944953978781,24.6419942118281,0.2753407413225708,original,0.49054509152004583,0.08538344039190371,0.12826592713178278,0.2958055409562676
0.14883791072246066,22.128165297295475,0.006726174932360035,original,0.1359226481979027,0.23900652386457524,0.04300316398313555,0.5820676639543865
2.0138236968510936,21.672542245762465,0.09292051084757054,original,0.1468383075195398,0.5645181323837372,0.014497423143828294,0.27414613695289486
4.280066979081364,19.305097421188552,0.22170657239789696,original,0.06615195154789606,0.3007975556297199,0.4267104704516363,0.2063400223707476
9.293593392498728,25.058666107458382,0.37087342768398696,original,0.7805557528583339,0.016880277103868087,0.13353720627674912,0.06902676376104891
4.9222641134376355,19.771634345459102,0.24895585399814069,original,0.21219609074274626,0.06092397975616825,0.37513422603825997,0.3517457034628254
2.3512001058606025,22.514727437200392,0.10442942791149867,original,0.19212109389359266,0.091657198809084,0.3258747294446131,0.39034697785271033
-0.19691726644130875,21.917306229083344,-0.00898455605730915,original,0.320820554679808,0.30109799705506785,0.06556886275541031,0.3125125855097139
-0.26681370172345975,18.963054705551624,-0.014070185730358115,original,0.20758610250611398,0.7494684206903564,0.00039501749404461897,0.04255045930948505
0.22063465766002296,22.24428153272499,0.009918713595421876,original,0.17107382171837598,0.25839834347880264,0.21304549588830485,0.35748233891451653
0.14883791072246125,22.12816529729547,0.006726174932360062,original,0.11266453219966573,0.19323402633388023,0.2288642894978916,0.46523715196856247
6.440601956672985,28.12348485396828,0.22901151795707506,original,0.5963378036983151,0.26068436069882384,0.01170054440546202,0.13127729119739914
2.6752562252940058,23.006469465307298,0.11628277990747522,original,0.40877187960714334,0.06020558135116079,0.10837385354773961,0.4226486854939561
1.6059127255707975,22.067673597265642,0.07277218046955822,original,0.09532987566121881,0.2956034057190324,0.24994563970461559,0.35912107891513323
0.38237945766323983,18.578672389153372,0.020581635202546713,original,0.07843143433297635,0.7913465733668574,0.06727679863759417,0.06294519366257204
14.035734787421921,21.194227180841903,0.6622432923642065,original,0.17804033642615869,0.09241873569179729,0.6776868743700695,0.05185405351197457
11.97499418598607,22.42141816043584,0.5340872776309652,original,0.3720573473872915,0.08148968484849654,0.37758305597246344,0.16886991179174854
13.148841493032794,22.152081477224836,0.5935713764186054,original,0.35504901657734683,0.019096567293556153,0.47929797519737866,0.14655644093171857
-0.5309642267676736,18.860339989810083,-0.028152420743832257,original,0.11769968893000772,0.2967938581451825,0.3713128907458836,0.21419356217892627
1.925484267456779,21.68901726926312,0.08877692536934936,original,0.23274962200507826,0.5302453056440105,0.18349806164426252,0.053507010706648706
0.3817799482513639,21.947975159977762,0.017394768559142623,original,0.4324674606122945,0.294734386891938,0.08192936612919394,0.1908687863665737
11.030886826739465,19.793152569248214,0.5573082301109505,original,0.13885210342866444,0.2596209508673668,0.5891487682417968,0.01237817746217189
9.423519926620378,20.292368068483682,0.46438739405726237,original,0.06867842038267534,0.0972474346504944,0.5818294539017977,0.2522446910650327
7.181292776371877,21.77613605008384,0.32977810020209036,original,0.18800014605131662,0.26279752562423603,0.40530532423224874,0.1438970040921986
0.2206346576600228,22.244281532724994,0.009918713595421865,original,0.26367179866427753,0.2417366797016189,0.1135153355113806,0.3810761861227229
3.965248845844228,15.217415187737048,0.2605730866181246,original,0.002306582942493505,0.4477788721163965,0.5289294483151633,0.020985096625946578
0.14883791072246086,22.128165297295475,0.006726174932360044,original,0.1719199227746617,0.28372910791918327,0.059805891096221024,0.48454507820993403
1.1771546663421963,21.760617083518298,0.05409564727961576,original,0.09049483319694496,0.37483113393766654,0.2879095710895314,0.2467644617758571
3.8805510603171096,22.116100560365407,0.1754627154867417,original,0.042496172596686414,0.11086309754670125,0.37700988012490433,0.46963084973170804
13.877299627806819,21.441975362645927,0.6472024798572312,original,0.1485426928891248,0.09648149107524868,0.6224731479934681,0.13250266804215827
8.102714053785126,21.256132228659265,0.38119418747415684,original,0.3310438182332355,0.34941253278847184,0.2368641522055625,0.08267949677273016
6.668772992294309,18.44621216365591,0.3615253328484135,original,0.04725434379594577,0.016851448405453082,0.4889075072493982,0.44698670054920286
4.7259195266981475,18.94178144427415,0.24949709933971292,original,0.1583525013043808,0.4456766399324258,0.35890183501643913,0.037069023746754165
2.4225636042150906,22.705440386171343,0.10669529253790092,original,0.0728831352912959,0.3027424353456714,0.17027120156468842,0.45410322779834444
-1.6629121365937232,18.665014824175955,-0.08909246267679995,original,0.07458318663715126,0.3803888017057739,0.25364984455389394,0.291378167103181
2.538052493962578,22.674110062817388,0.11193614597970321,original,0.2101920474546874,0.021547719308553863,0.0740131196709365,0.6942471135658221
1.191610174985356,21.726823121992332,0.054845117866021545,original,0.054879477004531364,0.1632466239293126,0.40873205004062824,0.37314184902552777
1.925484267456779,21.68901726926312,0.08877692536934936,original,0.25848079303254196,0.2761018464398757,0.22089682101463132,0.24452053951295094
0.29219307967038743,22.309970988253944,0.013096972641645995,original,0.12315379190283446,0.3030447429057214,0.12419896147889824,0.44960250371254584
1.9254842674567794,21.68901726926312,0.08877692536934939,original,0.20896708302183467,0.5087351528751552,0.2424600551656434,0.03983770893736683
7.774266278103916,22.48759116654149,0.3457136080291431,original,0.7806354414223782,0.11694632757213391,0.08130578739235883,0.021112443613129146
7.803412948348442,21.356261427361517,0.36539227499407817,original,0.12507187489794683,0.11478047455677069,0.47901130619002075,0.2811363443552617
0.9303081273805022,21.917600581055883,0.042445710420526334,original,0.0444205956006754,0.12152788679460125,0.21294888960388592,0.6211026280008375
2.4225636042150906,22.705440386171343,0.10669529253790092,original,0.03421019116975416,0.2872031726820627,0.152705174473265,0.5258814616749181
1.177154666342196,21.760617083518298,0.054095647279615744,original,0.20369311969306544,0.36045909326856485,0.1899276736721327,0.24592011336623693
9.377206131131377,25.630141090029955,0.3658663484588657,original,0.5198906262604616,0.09306547959543754,0.1771253576839066,0.20991853646019445
-0.5056577238415282,25.25676802384974,-0.020020682114276777,original,0.9477284878971477,0.01968886481731587,0.0294372555364111,0.00314539174912528
1.9254842674567794,21.68901726926312,0.08877692536934939,original,0.16545227281464334,0.338008606893833,0.30859404648145455,0.1879450738100691
2.0352246429975698,22.854814416302876,0.08905014960597936,original,0.24579088584029338,0.1831591603590313,0.22346939783046207,0.3475805559702131
4.4212506704409265,24.3967727873814,0.18122276700095277,original,0.4195908227163534,0.20954714656918844,0.15704563236601815,0.21381639834843996
8.05548202422397,18.17168611307581,0.44329854555341197,original,0.03079927017465797,0.38816821836122706,0.5651377921906093,0.015894719273505498
2.0138236968510936,21.672542245762465,0.09292051084757054,original,0.1569921979133614,0.5799131156009284,0.12457413070121703,0.13852055578449304
1.7558518810348671,21.752955236897886,0.08071785474225944,original,0.4219257793018768,0.4106559850314565,0.03177582003942886,0.13564241562723775
12.331057104404413,22.16156673691663,0.5564163062446194,original,0.5006712627960067,0.14644724257996744,0.32029903289063133,0.0325824617333944
0.14883791072246141,22.128165297295475,0.006726174932360069,original,0.11656398526524914,0.20690558278839885,0.1421812940696146,0.5343491378767373
4.732692155940664,25.444269299818814,0.18600228209169933,original,0.5569932879784936,0.29717459809265545,0.13054038430915177,0.015291729619699105
0.6686701978422156,17.15871527092378,0.03896971231706436,original,0.0828288524426496,0.8478570904918167,0.045283057678069435,0.02403099938746419
1.2635197332373438,21.957505376059473,0.05754386537048147,original,0.09554277874553728,0.35482333348076767,0.2172119580458031,0.33242192972789186
0.14883791072246141,22.12816529729547,0.00672617493236007,original,0.15632298587813345,0.23235914706880734,0.19083535896116993,0.4204825080918894
1.177154666342196,21.760617083518298,0.054095647279615744,original,0.19678336381474132,0.4744283794117848,0.17782690976827928,0.15096134700519478
16.58592734077291,28.151497693555395,0.5891667832831124,original,0.08284721372837253,0.027128617457954328,0.811738510413671,0.07828565840000215
0.8400898328504549,21.967758817230894,0.03824194538168763,original,0.32502756126313714,0.31552621228769034,0.010691873620996429,0.3487543528281762
8.610083709442831,25.6074033320656,0.3362341584485319,original,0.3685454208765716,0.19633644396823066,0.2358736907713772,0.19924444438382047
8.344245621467218,25.774588321633484,0.3237392394908297,original,0.5201800615163756,0.16018062084931117,0.12158003029535998,0.19805928733895337
3.9443690612901023,24.480200756505504,0.16112486578468077,original,0.2629177833861631,0.21165199876757726,0.22225118545746458,0.30317903238879496
-1.1223815438915847,19.431328583905366,-0.05776144122309053,original,0.0049555388641621834,0.7272406079977392,0.11714018970396618,0.15066366343413246
-0.5110871286511829,22.370067734265735,-0.022846919138560844,original,0.23339216322916895,0.08766012138467277,0.15405911516424145,0.5248886002219167
1.9254842674567794,21.68901726926312,0.08877692536934939,original,0.19376961233536225,0.39713699824242127,0.2729627480218493,0.13613064140036732
12.091314563082822,22.52178012810353,0.5368720631430521,original,0.2933515243640066,0.08558277145128457,0.3541663381075941,0.26689936607711456
0.6145275881733462,22.10982912135498,0.02779431649143863,original,0.1407354101021453,0.056678032563229765,0.17691891153845166,0.6256676457961734
1.1771546663421963,21.760617083518298,0.05409564727961576,original,0.12301335467341523,0.454613499881138,0.1849899640728341,0.23738318137261263
-1.6671718081556726,19.42485561439837,-0.08582672845770473,original,0.01142772709823734,0.6921206293341846,0.04221550952031959,0.2542361340472584
0.14883791072246086,22.128165297295475,0.006726174932360044,original,0.21993577990819801,0.2812170915475147,0.051786143455406435,0.4470609850888809
1.7558518810348678,21.75295523689789,0.08071785474225947,original,0.3235614482906391,0.4138045422487305,0.11255122507615875,0.15008278438447165
17.894611719100926,28.634851121934656,0.6249242101116055,original,0.027163754108249956,0.0011841190979264655,0.9556907727152838,0.015961354078539828
3.44053164857372,21.385111143547874,0.1608844408365714,original,0.15881297476104186,0.6313941160778831,0.16959455172237642,0.0401983574386986
0.8621934182826672,26.619361029336496,0.03238971128304799,original,0.4687040783971818,0.23976175556365534,0.0036097905988230856,0.2879243754403396
4.725919526698148,18.94178144427415,0.24949709933971298,original,0.28108833486911317,0.4218498740879597,0.24406792842666972,0.05299386261625726
8.477330368210996,20.79605029031138,0.4076413669820617,original,0.2410631189478486,0.2811594991121108,0.36440749766074276,0.11336988427929796
1.925484267456779,21.68901726926312,0.08877692536934936,original,0.22196805812597442,0.2914943524278059,0.26346272420486694,0.2230748652413529
2.2916291708737795,22.546560146331544,0.1016398579646074,original,0.10605761527144565,0.05438248991625889,0.34473232824607464,0.49482756656622084
10.430361384868737,20.69336138653548,0.5040438423699034,original,0.13626655808109356,0.12605688496104517,0.5148013751628153,0.2228751817950459
0.22063465766002302,22.244281532724994,0.009918713595421876,original,0.25376137398838006,0.21293483753091108,0.18979950920575792,0.3435042792749508
0.9264548997456025,22.164193414245464,0.04179962168828429,original,0.19783419464155114,0.3688401613106517,0.05583085111728135,0.37749479293051585
3.9523380519367195,25.083920610016563,0.157564605364869,original,0.38234504914128825,0.14106722051768866,0.09776964223332053,0.37881808810770257
-0.5632759043906524,22.388494162551808,-0.025159168825668585,original,0.2683821677386799,0.06182687266283322,0.21729927963511356,0.45249167996337336
7.442627386541149,26.31463920336739,0.2828322033600392,original,0.28913668537713016,0.20197355880174434,0.28392065546957374,0.22496910035155182
12.265176897507649,22.501949856207936,0.5450717371530082,original,0.26752481884282686,0.10153541890755174,0.40559674584183136,0.22534301640779006
0.38177994825136363,21.94797515997776,0.017394768559142612,original,0.45489073811093034,0.35121765557981355,0.01131355561130252,0.18257805069795358
13.639248830291152,21.525417934136335,0.6336345650505502,original,0.23638093519525388,0.16899744567852867,0.44533629203847047,0.14928532708774692
0.1488379107224608,22.128165297295475,0.006726174932360041,original,0.123586356497032,0.1260086978658513,0.14566037725271871,0.6047445683843979
11.366763105677006,22.707960548697454,0.5005629229120251,original,0.5449835623064375,0.0773183930452765,0.33875022830711615,0.03894781634116988
1.177154666342196,21.760617083518298,0.054095647279615744,original,0.09142353310754825,0.37674895366714756,0.26283868988938863,0.2689888233359155
1.9254842674567785,21.68901726926312,0.08877692536934935,original,0.2676838582916313,0.5093934777108288,0.19645726571528646,0.02646539828225334
11.164483923195771,22.80104310770013,0.4896479459475454,original,0.31498643427424505,0.28371156282251875,0.32974660968036906,0.07155539322286711
6.629406225454595,24.62290184899691,0.26923740613853525,original,0.43552341878709644,0.0416222116927012,0.19681887958324848,0.32603548993695386
0.14883791072246125,22.12816529729547,0.006726174932360062,original,0.06588992299362238,0.23168255653853626,0.06434067441174914,0.6380868460560921
0.9264548997456026,22.16419341424546,0.04179962168828431,original,0.18931345699119567,0.35538376421385126,0.037040363095160095,0.41826241569979294
1.7509544431234074,16.07269533111644,0.10893968976831774,original,0.09649672529273111,0.7478110810650226,0.14054922141612042,0.01514297222612571
5.651096691040091,19.40608870633643,0.2912022497952299,original,0.1095831986551799,0.09282917649633989,0.4233966718059515,0.37419095304252875
10.629198627493684,23.462124580642534,0.4530364925356342,original,0.6605947677463453,0.036984599277321506,0.2054882508132712,0.09693238216306181
7.196573583767251,27.919478221917878,0.25776175065090884,original,0.6342933759326274,0.20044932413958813,0.03548206793364717,0.12977523199413718
4.5326989286886565,18.89235477373224,0.23992239098573823,original,0.10401441581287416,0.5386296791358327,0.29932612600587133,0.05802977904542185
-0.1322831161432755,23.979755648823204,-0.0055164497119976124,original,0.5198314018091975,0.32330939781369517,0.020127547546945224,0.13673165283016206
2.8648526029693357,24.537305288328152,0.11675498060173733,original,0.33877275868608514,0.24217362495812356,0.12959492392109845,0.28945869243469263
0.9264548997456025,22.164193414245464,0.04179962168828429,original,0.2884412760396816,0.27713930602317316,0.022981170773263282,0.41143824716388216
-0.6892904579970919,18.958643268767037,-0.03635758362145097,original,0.09615649627344679,0.7199950440927246,0.05899853870412013,0.12484992092970858
1.1242661586923606,23.159072465736703,0.048545388005103884,original,0.2920353151878376,0.07027439729773498,0.06751452336188515,0.5701757641525423
3.9410291858471806,18.9327416637104,0.20815945497108793,original,0.04482707323773353,0.24395930330506546,0.47269494278703705,0.23851868067016374
4.807671173023308,19.361594047335423,0.24830967745964685,original,0.18283815466794096,0.008172995920708253,0.4068972767552325,0.4020915726561183
11.16448392319577,22.801043107700135,0.4896479459475453,original,0.2815727835888815,0.2713166657085593,0.3954871608307964,0.05162338987176288
-1.3585123056307,18.715881931456835,-0.07258606944619124,original,0.08003819230503428,0.37783836745601856,0.012492827196238645,0.5296306130427084
4.700667653051302,24.934069733201103,0.1885238833183036,original,0.3855031301332204,0.11322844024715302,0.175987554485185,0.3252808751344414
1.5341159786332346,21.955405356549264,0.06987418149256,original,0.023816360253010763,0.21593887566542747,0.2808109365465743,0.47943382753498753
1.177154666342196,21.760617083518298,0.054095647279615744,original,0.24466744436156232,0.39078430343951187,0.10198415955219356,0.2625640926467323
4.280066979081364,19.305097421188552,0.22170657239789696,original,0.10976167010670129,0.2933053025488283,0.3814712987481546,0.21546172859631574
1.9254842674567785,21.68901726926312,0.08877692536934935,original,0.17830080377278054,0.47172030541264603,0.2136578137519805,0.13632107706259292
1.7558518810348687,21.75295523689789,0.08071785474225951,original,0.36209076207213436,0.3933776749390536,0.1367592350545828,0.10777232793422913
1.7558518810348678,21.752955236897886,0.08071785474225948,original,0.30273471618210096,0.4886806039709418,0.10032101720849616,0.10826366263846106
4.421250670440927,24.3967727873814,0.1812227670009528,original,0.4156218267740915,0.16302076373437177,0.1692106072382876,0.2521468022532492
-0.6892904579970919,18.958643268767037,-0.03635758362145097,original,0.11997663681784419,0.7292281180132045,0.08056602625533198,0.07022921891361919
-1.3777737799893384,23.98128232454319,-0.05745204786541113,original,0.4722273350900916,0.2643082795577077,0.006148402639391852,0.2573159827128087
11.955912164688092,22.420732241488373,0.5332525287693766,original,0.6517457684687162,0.14429149111188805,0.1436047646720118,0.0603579757473841
14.633330239380859,20.98926169142886,0.6971817520044921,original,0.10682184978960398,0.1922828951358618,0.6509540528662199,0.04994120220831421
1.999125787510145,22.871292670573315,0.08740764312257354,original,0.26240547176710005,0.13615506415699877,0.24498352889788413,0.356455935178017
10.499396141150896,20.45204945807946,0.5133664556513106,original,0.17052914826119003,0.0317287021478095,0.5363360391320929,0.26140611045890755
4.472269794847382,25.74681209616486,0.17370188503827175,original,0.8133425026679131,0.0730033231834619,0.0495540445913024,0.0641001295573225
2.732842789592729,27.600306137706713,0.09901494483241619,original,0.61938147409511,0.2785707821025857,0.04632541187619584,0.05572233192610844
7.798045197527907,26.27558782027677,0.2967790958983041,original,0.43397857973731424,0.24710978104360917,0.1462478989081519,0.1726637403109247
4.700667653051301,24.934069733201103,0.18852388331830355,original,0.2615924205161381,0.14074844507463347,0.263102405409493,0.33455672899973543
0.6182686706890728,22.043734798635644,0.028047364765272656,original,0.36362159125081966,0.33633412512655414,0.05428955666575168,0.24575472695687467
-0.6892904579970922,18.958643268767037,-0.036357583621450994,original,0.10105155267848186,0.6939255978154263,0.09146601425533085,0.11355683525076092
1.9254842674567785,21.68901726926312,0.08877692536934935,original,0.30816175376979227,0.4711614068349407,0.120554620145153,0.10012221925011415
1.1771546663421966,21.760617083518298,0.05409564727961577,original,0.10383358547997379,0.4501279391275965,0.21227007628248076,0.2337683991099488
0.08707180242678893,22.040915260904274,0.0039504621925043224,original,0.11459236700572986,0.11009888981285618,0.05673975788108816,0.7185689853003258
8.848210425211674,20.45909396662494,0.4324830043599473,original,0.12829637894736307,0.3921302032706012,0.4347205665120166,0.04485285127001899
0.14883791072246105,22.12816529729547,0.0067261749323600534,original,0.1286433737232165,0.29623147235407604,0.0791920826497456,0.49593307127296177
11.164483923195771,22.80104310770013,0.4896479459475454,original,0.3764231337440054,0.2620077113950566,0.3158423831849707,0.04572677167596743
0.3823794576632402,18.578672389153372,0.020581635202546734,original,0.06692399398558485,0.747055025031205,0.09871721272184299,0.08730376826136704
0.926454899745602,22.16419341424546,0.04179962168828428,original,0.3048757215394864,0.29021620988365254,0.04183761902436713,0.36307044955249396
0.7693170501658407,22.030712246032326,0.034920207824915,ex_market,0.2947661250386523,0.5603406804571914,,0.14489319450415625
-1.1834570389462515,23.899990065803344,-0.049517051500143405,ex_market,0.47521804022956493,0.39013591306275713,,0.13464604670767794
1.3480142648585127,22.03445348920669,0.06117756746327761,ex_market,0.30962368544346663,0.6366122523414086,,0.053764062215124656
3.362228108857592,26.63935837696751,0.12621280367442955,ex_market,0.7904530976380367,0.18340418811460854,,0.026142714247354818
-0.7707746043265056,18.7860845983556,-0.0410290180631823,ex_market,0.08761105280771328,0.5092981769869912,,0.4030907702052956
0.14883791072246125,22.128165297295475,0.006726174932360061,ex_market,0.1594440452472999,0.26901355289598217,,0.5715424018567179
1.1771546663421955,21.760617083518298,0.05409564727961572,ex_market,0.29223436114484946,0.48491689470317983,,0.22284874415197076
-2.2740324978529434,18.590026799560466,-0.12232540180600908,ex_market,0.017785553317986796,0.2100598748613235,,0.7721545718206896
1.6059860806747388,21.96012927358392,0.07313190467413523,ex_market,0.14159796797772436,0.7044872726683514,,0.15391475935392426
1.7558518810348682,21.75295523689789,0.08071785474225948,ex_market,0.38874190370976947,0.42864779884996984,,0.18261029744026055
0.1488379107224616,22.128165297295475,0.006726174932360078,ex_market,0.18988025909714487,0.2936129086338675,,0.5165068322689877
-0.9161713992030046,23.353818279621343,-0.03923004744789581,ex_market,0.4828667663482224,0.45639771049946953,,0.06073552315230808
1.2912083716371874,21.712601505231174,0.0594681559149028,ex_market,0.21802317008273528,0.5084502732879971,,0.2735265566292676
4.472269794847383,25.74681209616486,0.17370188503827177,ex_market,0.8542833692615828,0.020092003323831074,,0.1256246274145862
-1.17946556058274,19.7335122965093,-0.05976967216248681,ex_market,0.12461689523148367,0.8432935628876845,,0.032089541880831976
6.344396255119284,28.1769958415051,0.22516226679323229,ex_market,0.6861857765872398,0.16749792873840638,,0.14631629467435386
6.440601956672985,28.12348485396828,0.22901151795707506,ex_market,0.6046890773972542,0.2627833318484096,,0.13252759075433623
2.8265552582504205,22.638437000492928,0.12485646682129115,ex_market,0.8441085064933431,0.11443111887623623,,0.0414603746304207
1.3841649185133575,22.044268076147763,0.06279024160501688,ex_market,0.2978711716714711,0.6350355408454289,,0.06709328748309984
-3.166276051170677,24.2102301249501,-0.13078256732035606,ex_market,0.34419445138512395,0.15484544009594972,,0.5009601085189263
1.7158903697078411,22.74455800941868,0.07544179882456872,ex_market,0.12214818772346639,0.0429701142262046,,0.8348816980503291
-0.7707746043265052,18.7860845983556,-0.041029018063182286,ex_market,0.01128478898586566,0.5443478363938076,,0.4443673746203269
-3.1662760511706765,24.2102301249501,-0.13078256732035604,ex_market,0.3464425593121841,0.12981892151044222,,0.5237385191773737
1.348014264858513,22.03445348920669,0.06117756746327762,ex_market,0.31094368072956613,0.6092959173600451,,0.07976040191038883
0.38177994825136286,21.94797515997776,0.017394768559142577,ex_market,0.441387599273084,0.3756079919878098,,0.1830044087391061
3.1138155263430836,22.47544618900521,0.1385429904324872,ex_market,0.18215935757513876,0.43022221362385044,,0.38761842880101083
1.2912083716371874,21.712601505231174,0.0594681559149028,ex_market,0.20745393915163193,0.506915855204531,,0.28563020564383707
1.3350781552477082,22.020473214632094,0.06062894935221087,ex_market,0.11447686343585137,0.4015713819350079,,0.4839517546291406
6.806935127887862,27.72236450264158,0.24553948589827887,ex_market,0.8210107671780621,0.010697863568823426,,0.1682913692531144
4.472269794847383,25.74681209616486,0.17370188503827177,ex_market,0.8639764828399662,0.021743134147867303,,0.11428038301216661
0.8621934182826672,26.619361029336496,0.03238971128304799,ex_market,0.4423505998779882,0.2326087087252823,,0.32504069139672936
1.1771546663421963,21.760617083518298,0.05409564727961576,ex_market,0.30382678735230484,0.5046184629911515,,0.1915547496565436
1.1771546663421957,21.760617083518298,0.05409564727961573,ex_market,0.3356088449130222,0.41535691630106847,,0.2490342387859094
-1.17946556058274,19.7335122965093,-0.05976967216248681,ex_market,0.14171573114307778,0.8451880191679468,,0.013096249688975449
1.177154666342196,21.760617083518298,0.054095647279615744,ex_market,0.2685391643053616,0.5448368713744806,,0.1866239643201579
-1.5554891841129466,25.127331970151353,-0.06190427164947377,ex_market,0.35949229144610423,0.11557524304295463,,0.524932465510941
-0.5056577238415286,25.256768023849737,-0.020020682114276798,ex_market,0.9668843709054522,0.011657150840908004,,0.021458478253639907
0.7693170501658411,22.030712246032326,0.03492020782491501,ex_market,0.2754083449522444,0.6101752486525162,,0.11441640639523944
3.4147428648974123,25.69130708785732,0.13291432986288412,ex_market,0.7565651802738184,0.11967547227918746,,0.1237593474469943
2.0284628369483713,21.917285880286073,0.09255082257989145,ex_market,0.23987820141599062,0.6970091303324626,,0.06311266825154684
0.2737487234071644,19.78928080625204,0.013833182018383178,ex_market,0.12760554734829968,0.4506651600573981,,0.42172929259430214
1.443700451314072,26.619683113596263,0.05423432146610583,ex_market,0.4831448984912531,0.2580964062943786,,0.2587586952143683
5.003497136961429,27.53290230877497,0.18172792249906033,ex_market,0.6047863976026151,0.05791513607567269,,0.3372984663217122
6.4406019566729835,28.123484853968275,0.229011517957075,ex_market,0.6324547109145602,0.21341998709034857,,0.1541253019950912
-1.6671718081556723,19.42485561439837,-0.08582672845770471,ex_market,0.008914065174196465,0.6738450529497323,,0.31724088187607113
1.6059860806747384,21.96012927358392,0.0731319046741352,ex_market,0.27473109925446726,0.6249863699176318,,0.10028253082790106
2.4364877655129797,27.17227730652064,0.08966814735544154,ex_market,0.42421495023344735,0.16944246592039414,,0.40634258384615846
-0.8262431060848254,18.696893420397384,-0.04419146472638155,ex_market,0.07554420451184922,0.5778357735070868,,0.34662002198106384
-0.26681370172345936,18.963054705551624,-0.014070185730358094,ex_market,0.1614690917633354,0.761941040575602,,0.07658986766106257
1.4437004513140725,26.619683113596263,0.05423432146610585,ex_market,0.5512812489909855,0.1731243413664657,,0.275594409642549
2.6646496289993027,26.459143681741498,0.10070808265907755,ex_market,0.6550120746936824,0.09040285170852716,,0.25458507359779037
-1.049364306563438,19.68736757851959,-0.053301402656952664,ex_market,0.09851511385975628,0.06933106619933897,,0.8321538199409046
0.8385682325559953,22.057175985166463,0.038017932717956913,ex_market,0.2457245427992282,0.28980464553754337,,0.4644708116632285
1.443700451314072,26.619683113596263,0.05423432146610583,ex_market,0.5245540653071414,0.2743791335488104,,0.20106680114404835
2.148437300697243,22.70439992828345,0.09462647361190187,ex_market,0.2971885803387833,0.003714368902540766,,0.699097050758676
-1.1834570389462515,23.899990065803344,-0.049517051500143405,ex_market,0.5034813982494247,0.386057486435168,,0.11046111531540717
0.8409091239980818,26.62743888871249,0.03158054845264858,ex_market,0.3730932849944773,0.27723440673343014,,0.3496723082720927
5.687167113209089,24.241475173168634,0.23460482798837246,ex_market,0.6791106530640928,0.08223910865288261,,0.2386502382830246
2.368420107540667,22.740101739114916,0.1041516935456963,ex_market,0.23674977479475412,0.019618309212267895,,0.7436319159929781
-0.23109366135056914,23.80048091842325,-0.009709621504778729,ex_market,0.5044501973628961,0.4622369429899779,,0.03331285964712583
3.9742173029351036,27.05601450456776,0.14688849690886527,ex_market,0.6129928101120614,0.059179475574196096,,0.32782771431374247
1.2088651156651213,24.255895945748925,0.04983799066271979,ex_market,0.8604037619764103,0.10983341803580905,,0.029762819987780513
-1.5665930825201162,18.463788596556235,-0.08484678398039198,ex_market,0.021162851980435934,0.26903265413902194,,0.7098044938805422
1.7158903697078411,22.74455800941868,0.07544179882456872,ex_market,0.12985151854449087,0.06544176938821833,,0.8047067120672908
-1.6671718081556726,19.42485561439837,-0.08582672845770473,ex_market,0.06259610805688817,0.666407463078687,,0.2709964288644248
2.028462836948372,21.917285880286073,0.09255082257989149,ex_market,0.28093858298730956,0.6627765365260049,,0.05628488048668545
4.208276784380663,26.150764794482683,0.16092366007025682,ex_market,0.5920850944017345,0.3056113604100343,,0.10230354518823123
0.9171253167996092,23.24567382193588,0.0394535914003153,ex_market,0.32101289313042836,0.012522471047335778,,0.6664646358222359
1.6059860806747388,21.96012927358392,0.07313190467413523,ex_market,0.20088682700950336,0.6911160995147703,,0.10799707347572628
5.68716711320909,24.241475173168634,0.23460482798837248,ex_market,0.7248341785994904,0.05815896538092002,,0.2170068560195897
0.14883791072246105,22.128165297295475,0.006726174932360053,ex_market,0.15574692939764653,0.24077863516899103,,0.6034744354333624
5.003497136961428,27.532902308774972,0.18172792249906028,ex_market,0.6342298020550957,0.030920656155895492,,0.33484954178900883
-1.5554891841129461,25.12733197015135,-0.061904271649473756,ex_market,0.32777106911193277,0.11592343261904602,,0.5563054982690212
-0.25794134679954306,24.87762335457861,-0.010368407911080997,ex_market,0.3818065737858833,0.025799431679027787,,0.5923939945350889
-1.1369275950156497,19.42738450715962,-0.05852190728972307,ex_market,0.05501368869199152,0.7771490029340197,,0.1678373083739888
0.26459557896678365,23.206998808290702,0.011401542317101198,ex_market,0.26509185503234883,0.05600705110902056,,0.6789010938586307
-0.5302724011960402,19.39669915600721,-0.027338280442890703,ex_market,0.022453360095587373,0.8965866688599577,,0.0809599710444549
-0.7707746043265056,18.7860845983556,-0.0410290180631823,ex_market,0.08428459037737028,0.49226142829610847,,0.423453981326521
4.741456402091822,25.14891127521214,0.18853525507270585,ex_market,0.7771080550100131,0.16558490051699565,,0.05730704447299126
0.618268670689073,22.043734798635644,0.028047364765272666,ex_market,0.3564462549001827,0.3219108259023094,,0.321642919197508
4.472269794847383,25.74681209616486,0.17370188503827177,ex_market,0.8008711153694772,0.06969955833578664,,0.1294293262947361
-1.6116943264861616,25.204172919127892,-0.06394553519574625,ex_market,0.5739908182649269,0.3501055055617914,,0.07590367617328167
5.003497136961427,27.532902308774972,0.18172792249906025,ex_market,0.5246329569405754,0.06843430241296075,,0.40693274064646384
-1.7907519398113927,25.86770780001142,-0.06922731436620293,ex_market,0.5725387476136459,0.4233873541023395,,0.00407389828401474
3.4280656915338747,26.919745760579467,0.1273439103775306,ex_market,0.5612259366673487,0.13165576917420238,,0.30711829415844916
1.1985174139478125,23.14277691221436,0.051787969027609515,ex_market,0.32714327807823024,0.04535832717388575,,0.627498394747884
-2.2085975106759816,19.704036482073608,-0.1120885820869301,ex_market,0.10092769240173328,0.7070684626098367,,0.19200384498843007
1.949678867250049,27.208671672084343,0.07165652519682622,ex_market,0.4082949754811444,0.17090706817512252,,0.4207979563437332
3.548824798847247,26.402569112294355,0.13441210147921917,ex_market,0.6707080389034937,0.3140693460387832,,0.0152226150577229
-2.9364242635483495,18.2017130752961,-0.1613268076133789,ex_market,0.004476292985695122,0.9086219128514823,,0.08690179416282276
2.013823696851094,21.672542245762465,0.09292051084757055,ex_market,0.18601540152096813,0.6080519776601554,,0.20593262081887673
2.6891911151601353,26.47858777828456,0.10156097212085535,ex_market,0.571161289477927,0.21109987741476705,,0.2177388331073059
1.6059860806747388,21.96012927358392,0.07313190467413523,ex_market,0.14527224774610162,0.6646854765867015,,0.19004227566719686
2.028462836948372,21.917285880286073,0.09255082257989149,ex_market,0.2331226332001441,0.6824006929249198,,0.08447667387493618
1.4437004513140725,26.619683113596263,0.05423432146610585,ex_market,0.522149492346755,0.21481331147727556,,0.2630371961759693
1.4437004513140725,26.619683113596263,0.05423432146610585,ex_market,0.5165675418437576,0.20617469768849314,,0.27725776046774925
8.653915681431561,26.24967749685229,0.32967702869630766,ex_market,0.7355384924092717,0.06588785907974569,,0.19857364851098258
-0.23145141260898888,23.492163358986076,-0.009852281761844224,ex_market,0.3035764978998367,0.6625248950768133,,0.033898607023349826
-2.669007211094589,23.976480045566774,-0.11131772495424966,ex_market,0.2806502656562617,0.161156743690626,,0.5581929906531121
2.5380524939625775,22.67411006281739,0.11193614597970317,ex_market,0.18448513674666608,0.009595515448558313,,0.8059193478047757
2.6891911151601344,26.478587778284556,0.10156097212085533,ex_market,0.5580595901604697,0.27386136885086143,,0.16807904098866888
0.8400898328504546,21.967758817230894,0.03824194538168762,ex_market,0.27230832234474384,0.40599888187084165,,0.32169279578441456
2.538052493962578,22.674110062817388,0.11193614597970321,ex_market,0.2078295050027119,0.030076640124203,,0.7620938548730851
-2.669007211094589,23.976480045566774,-0.11131772495424966,ex_market,0.324750518072512,0.21768606824429898,,0.4575634136831891
4.472269794847383,25.74681209616486,0.17370188503827177,ex_market,0.8594358934197429,0.020285295008043287,,0.12027881157221393
-0.1773698153795684,20.044750158127826,-0.008848691751179694,ex_market,0.15998999749706164,0.4107043104383366,,0.42930569206460173
-0.2668137017234591,18.96305470555162,-0.014070185730358082,ex_market,0.20685905177245623,0.7813329706442829,,0.011807977583260786
2.6891911151601353,26.478587778284556,0.10156097212085537,ex_market,0.5651775204791255,0.2827743559777875,,0.15204812354308705
-0.247074554425211,21.986589039494064,-0.011237511829609963,ex_market,0.17428086783936095,0.20113568172331323,,0.624583450437326
3.428065691533875,26.91974576057947,0.1273439103775306,ex_market,0.598736677935779,0.09806756679390327,,0.30319575527031783
0.7693170501658415,22.030712246032326,0.034920207824915034,ex_market,0.2965746073647647,0.5620941389581374,,0.14133125367709795
-0.8262431060848254,18.696893420397384,-0.04419146472638155,ex_market,0.11725202183343675,0.5855993177633552,,0.2971486604032082
2.664649628999303,26.459143681741498,0.10070808265907756,ex_market,0.6377178833700771,0.11705818980379977,,0.24522392682612326
0.6182686706890735,22.043734798635647,0.028047364765272687,ex_market,0.38966243479467827,0.3873133773044354,,0.22302418790088624
0.9171253167996095,23.24567382193588,0.03945359140031531,ex_market,0.3308745279082087,0.019603166249595544,,0.6495223058421958
1.3480142648585134,22.03445348920669,0.06117756746327764,ex_market,0.3922538079456296,0.524833607836762,,0.08291258421760833
1.7558518810348673,21.75295523689789,0.08071785474225944,ex_market,0.4172489722417017,0.42540876525663807,,0.15734226250166028
5.003497136961427,27.53290230877497,0.18172792249906028,ex_market,0.5706408837099147,0.06538823056764233,,0.36397088572244296
1.348014264858513,22.03445348920669,0.06117756746327762,ex_market,0.36664769597523766,0.5071624726509539,,0.12618983137380838
1.9228084331244408,22.69985521056635,0.0847057576041692,ex_market,0.12305525001060809,0.10242811460189354,,0.7745166353874984
-2.1995764511279763,23.95693390411577,-0.09181377132492363,ex_market,0.39642651844206556,0.3167062872943933,,0.2868671942635411
-2.2740324978529434,18.590026799560466,-0.12232540180600908,ex_market,0.012910014807653785,0.13985637274046733,,0.847233612451879
0.5186114374904419,23.118688174091965,0.02243256336963714,ex_market,0.3284733717756793,0.08043444401852402,,0.5910921842057967
2.0284628369483713,21.917285880286073,0.09255082257989145,ex_market,0.24633089860247226,0.6812219583678026,,0.07244714302972514
-2.2085975106759816,19.704036482073604,-0.11208858208693012,ex_market,0.0825933890213489,0.7422249171516904,,0.1751816938269608
2.013823696851094,21.672542245762465,0.09292051084757055,ex_market,0.20386938224440604,0.5785274092343603,,0.21760320852123374
-0.8262431060848254,18.696893420397384,-0.04419146472638155,ex_market,0.10048172707369155,0.5445382177006816,,0.35498005522562676
-0.6892904579970922,18.958643268767037,-0.036357583621450994,ex_market,0.10050678902676398,0.7930230622725881,,0.10647014870064786
-1.1369275950156497,19.42738450715962,-0.05852190728972307,ex_market,0.03550468343053559,0.772210272103391,,0.1922850444660733
-0.8262431060848254,18.696893420397384,-0.04419146472638155,ex_market,0.08434414696985476,0.6214201750031034,,0.2942356780270418
-0.24707455442521176,21.986589039494064,-0.011237511829609996,ex_market,0.14888295129378185,0.19678698472875802,,0.6543300639774602
-1.6671718081556723,19.42485561439837,-0.08582672845770471,ex_market,0.0042137001579588594,0.7350837244056961,,0.26070257543634506
0.8400898328504544,21.96775881723089,0.03824194538168761,ex_market,0.3083789306626862,0.3536582101866083,,0.3379628591507053
0.18194767733419592,19.17896325579383,0.009486835910084042,ex_market,0.021891725277074968,0.05999281263436008,,0.918115462088565
-2.098102839548693,18.706530455050512,-0.11215884445161865,ex_market,0.057555747543084984,0.24423878464325108,,0.6982054678136638
-2.274032497852944,18.590026799560466,-0.12232540180600911,ex_market,0.01672482484242505,0.1628025030814952,,0.8204726720760799
-1.5665930825201164,18.463788596556235,-0.084846783980392,ex_market,0.0486374978300046,0.2952953767103043,,0.656067125459691
0.7693170501658411,22.030712246032326,0.03492020782491501,ex_market,0.2760490435673617,0.6112631068629013,,0.112687849569737
1.3480142648585132,22.03445348920669,0.061177567463277634,ex_market,0.3656051887979787,0.542184613434087,,0.09221019776793424
3.974217302935103,27.05601450456776,0.14688849690886524,ex_market,0.663150981313801,0.035507943056410286,,0.30134107562978873
-0.8262431060848254,18.696893420397384,-0.04419146472638155,ex_market,0.07793183221404337,0.5634002261777058,,0.3586679416082508
1.1771546663421966,21.760617083518298,0.05409564727961577,ex_market,0.3202348268335544,0.4828652147886603,,0.19689995837778537
-1.4232379135721893,18.695179892132717,-0.07612860222668956,ex_market,0.052859699678756214,0.390328520310539,,0.5568117800107049
2.065466548982562,25.647689472154294,0.08053226592660467,ex_market,0.5334677564022197,0.0396287411796345,,0.42690350241814573
-0.8557226993918938,25.232284457390527,-0.03391380201160746,ex_market,0.6018627266360517,0.32445197782045776,,0.07368529554349053
0.1700089863537176,22.099235708025823,0.007692980363624332,ex_market,0.46860486947817553,0.4249537431385163,,0.1064413873833081
1.7158903697078411,22.74455800941868,0.07544179882456872,ex_market,0.14628934029273535,0.053049442159770976,,0.8006612175474938
0.8400898328504546,21.96775881723089,0.038241945381687625,ex_market,0.2689330927676039,0.38459812097402885,,0.3464687862583672
0.4366499393256816,23.614337801363355,0.018490882234208698,ex_market,0.534919664774757,0.36248756376216135,,0.10259277146308166
0.8621934182826666,26.619361029336496,0.03238971128304797,ex_market,0.39570967319092265,0.2349808542141132,,0.3693094725949642
0.8621934182826674,26.619361029336496,0.032389711283047996,ex_market,0.4095518983533454,0.24610428541652885,,0.3443438162301258
-0.2710268566633187,19.67495796763807,-0.013775219093618086,ex_market,0.09102871860150304,0.3397948256669231,,0.5691764557315737
4.087568867747415,25.924445270829988,0.15767237543674478,ex_market,0.5781366975125153,0.29057305410498074,,0.13129024838250394
7.196573583767251,27.91947822191788,0.2577617506509088,ex_market,0.6445593492121654,0.20526524742270116,,0.15017540336513333
-0.8262431060848254,18.696893420397384,-0.04419146472638155,ex_market,0.07233146506683075,0.5621924977579227,,0.3654760371752466
2.368420107540668,22.74010173911492,0.10415169354569631,ex_market,0.2589491813793618,0.01237154369873735,,0.7286792749219008
0.14883791072246125,22.128165297295475,0.006726174932360061,ex_market,0.10633885389685949,0.27276099644973534,,0.6209001496534052
3.2108012404005306,26.614313855925566,0.12064189434940459,ex_market,0.6993616744390405,0.049137377141399624,,0.2515009484195599
5.8078750298423385,24.47503081034375,0.23729796603010028,ex_market,0.7447357223620245,0.10174397666293077,,0.15352030097504482
2.3684201075406666,22.74010173911492,0.10415169354569626,ex_market,0.29036462055419887,0.002018063985137156,,0.707617315460664
0.2737487234071644,19.78928080625204,0.013833182018383178,ex_market,0.10516840463915893,0.5068312662396961,,0.3880003291211449
-2.669007211094589,23.976480045566777,-0.11131772495424964,ex_market,0.34096125172211655,0.17268926200715393,,0.4863494862707295
4.472269794847383,25.746812096164856,0.1737018850382718,ex_market,0.8033787690965586,0.08434608386795572,,0.11227514703548569
0.1488379107224605,22.128165297295475,0.006726174932360027,ex_market,0.16481859449025868,0.2846983866460692,,0.5504830188636721
-0.2668137017234593,18.963054705551624,-0.01407018573035809,ex_market,0.10787437168583389,0.8258226638416678,,0.06630296447249821
1.6059860806747388,21.96012927358392,0.07313190467413523,ex_market,0.2142488037361443,0.676725681037984,,0.10902551522587181
2.538052493962578,22.674110062817388,0.11193614597970321,ex_market,0.1514515837250298,0.03286995552844995,,0.8156784607465203
1.605986080674739,21.96012927358392,0.07313190467413523,ex_market,0.16032269371988886,0.7126791901249202,,0.12699811615519083
1.384164918513357,22.044268076147766,0.06279024160501685,ex_market,0.2755580077501471,0.6379208907668312,,0.08652110148302176
1.3480142648585134,22.03445348920669,0.06117756746327764,ex_market,0.4140859422545231,0.49167480795857454,,0.09423924978690229
6.344396255119284,28.176995841505097,0.2251622667932323,ex_market,0.6546881828271045,0.17018518794091597,,0.1751266292319797
-0.22397619057719598,23.804061646262085,-0.009409158567333223,ex_market,0.4215823931923947,0.568719459209191,,0.009698147598414199
2.5081519809058497,27.1122891888326,0.09250978268296475,ex_market,0.4826212156662245,0.15065820473454966,,0.3667205795992258
0.9819234015039224,22.234868549911678,0.04416142147615291,ex_market,0.17998080021847046,0.36101420829663633,,0.4590049914848933
3.428065691533875,26.91974576057947,0.1273439103775306,ex_market,0.584706351762404,0.12292099230437303,,0.292372655933223
-0.8262431060848254,18.696893420397384,-0.04419146472638155,ex_market,0.14374251285299267,0.5398561977967739,,0.3164012893502334
-0.2710268566633183,19.67495796763807,-0.013775219093618066,ex_market,0.09405482677668983,0.3525269207070061,,0.553418252516304
2.0138236968510936,21.672542245762465,0.09292051084757054,ex_market,0.1547696944395805,0.6288985237513084,,0.21633178180911117
1.1771546663421963,21.760617083518298,0.05409564727961576,ex_market,0.2685946970304363,0.42367921389721286,,0.3077260890723507
7.1965735837672495,27.919478221917878,0.2577617506509088,ex_market,0.6814606725795856,0.1983928160464149,,0.12014651137399955
-1.3777737799893384,23.98128232454319,-0.05745204786541113,ex_market,0.5033670198451452,0.32746233441162964,,0.16917064574322524
-0.6892904579970922,18.958643268767037,-0.036357583621450994,ex_market,0.11421615945889667,0.7855341183254466,,0.10024972221565674
-0.26681370172345936,18.963054705551624,-0.014070185730358094,ex_market,0.1520283475177287,0.7671423650261742,,0.08082928745609708
0.8621934182826664,26.619361029336496,0.03238971128304796,ex_market,0.3983723268414162,0.24504345840781216,,0.35658421475077157
-0.24707455442521156,21.986589039494064,-0.011237511829609987,ex_market,0.14742347254379992,0.22254763430441163,,0.6300288931517886
-1.3585123056307005,18.715881931456835,-0.07258606944619125,ex_market,0.025409488446290075,0.4564458980478459,,0.5181446135058642
3.1138155263430836,22.47544618900521,0.1385429904324872,ex_market,0.1760256146472079,0.4616690868363514,,0.3623052985164408
1.1771546663421955,21.760617083518298,0.05409564727961572,ex_market,0.28583515610083776,0.5464255702478711,,0.16773927365129124
1.7558518810348682,21.752955236897886,0.0807178547422595,ex_market,0.3505157669558791,0.46671278262473037,,0.18277145041939066
1.1985174139478125,23.14277691221436,0.051787969027609515,ex_market,0.2791951191419538,0.06118431765163896,,0.6596205632064074
-2.2740324978529434,18.590026799560466,-0.12232540180600908,ex_market,0.02254083826484641,0.1547602045436461,,0.8226989571915075
4.472269794847383,25.74681209616486,0.17370188503827177,ex_market,0.8239149985008157,0.04548109605901572,,0.13060390544016856
2.013823696851094,21.672542245762465,0.09292051084757055,ex_market,0.20207648529332176,0.5588412319057358,,0.2390822828009424
-0.09462436371439846,21.963118871364003,-0.004308329990297551,ex_market,0.06837252632515656,0.2249068826131111,,0.7067205910617322
-0.9777000911705676,19.617935459093125,-0.049837053098898305,ex_market,0.11460622976500602,0.062308512291257195,,0.8230852579437369
0.8621934182826668,26.619361029336496,0.032389711283047976,ex_market,0.41297846819099315,0.21274626787515255,,0.3742752639338543
-0.8262431060848257,18.696893420397384,-0.044191464726381566,ex_market,0.09307541491224203,0.6484885515704315,,0.25843603351732647
-0.7038365091211572,18.954951657805527,-0.03713206563771999,ex_market,0.16519339480498535,0.7372497320965308,,0.09755687309848371
0.6182686706890722,22.043734798635647,0.028047364765272625,ex_market,0.3513531209234238,0.41727181135574254,,0.23137506772083388
0.9171253167996092,23.245673821935878,0.039453591400315305,ex_market,0.2982312978393785,0.025476462898725613,,0.6762922392618959
0.15133818571514984,24.045949314190697,0.006293708089337458,ex_market,0.8662787409824144,0.13151704581861623,,0.0022042131989693857
5.609570590278645,27.431104732461,0.2044967071129304,ex_market,0.6578816049771746,0.021577565548014075,,0.32054082947481116
2.664649628999303,26.459143681741494,0.10070808265907757,ex_market,0.6680067862515529,0.14240966179672665,,0.18958355195172027
0.965261148097695,23.091693706001745,0.04180122776540357,ex_market,0.27518316917877855,0.08002391569999899,,0.6447929151212225
0.6182686706890728,22.043734798635644,0.028047364765272656,ex_market,0.35689527279200345,0.3741897038985272,,0.26891502330946926
-0.7665305585674362,24.870108382217104,-0.030821359794010676,ex_market,0.37545705480187014,0.1646416232225031,,0.4599013219756268
4.472269794847382,25.74681209616486,0.17370188503827175,ex_market,0.8535996182109808,0.04990103949643972,,0.0964993422925793
4.472269794847382,25.74681209616486,0.17370188503827175,ex_market,0.8068118391612559,0.05633133547924612,,0.13685682535949809
0.14883791072246086,22.128165297295475,0.006726174932360044,ex_market,0.25213807675463623,0.1884463981745522,,0.5594155250708115
0.9264548997456026,22.16419341424546,0.04179962168828431,ex_market,0.2762884787409187,0.2926690554895171,,0.43104246576956423
-1.4232379135721898,18.695179892132717,-0.07612860222668957,ex_market,0.015892571220859388,0.4290629749578115,,0.5550444538213292
2.73284278959273,27.60030613770671,0.09901494483241623,ex_market,0.6518770019382177,0.2787966388628968,,0.06932635919888536
-0.26681370172345903,18.963054705551624,-0.014070185730358077,ex_market,0.2186334306396305,0.7453479760348777,,0.036018593325491705
1.2088651156651207,24.255895945748925,0.04983799066271976,ex_market,0.8652202918517459,0.11851895339192514,,0.016260754756329023
-2.2740324978529434,18.590026799560466,-0.12232540180600908,ex_market,0.04956542013311924,0.1501324757317864,,0.8003021041350943
0.38177994825136297,21.947975159977762,0.01739476855914258,ex_market,0.4275658582672553,0.40039952663149525,,0.17203461510124932
1.1771546663421955,21.760617083518298,0.05409564727961572,ex_market,0.291964611394637,0.4359378592916449,,0.27209752931371806
2.436487765512981,27.17227730652064,0.0896681473554416,ex_market,0.44171320709061324,0.20275015195058455,,0.3555366409588022
-0.37616192642710594,25.001180047902388,-0.01504576686799876,ex_market,0.5916206335781286,0.3188193292254322,,0.08956003719643915
-0.2710268566633184,19.67495796763807,-0.01377521909361807,ex_market,0.06326140827908083,0.3727146566639699,,0.5640239350569493
-0.22397619057719634,23.804061646262085,-0.009409158567333238,ex_market,0.41421206659616894,0.5803462003267484,,0.005441733077082705
-2.274032497852943,18.590026799560466,-0.12232540180600907,ex_market,0.021451814152415514,0.22560333275564837,,0.7529448530919363
0.14883791072246141,22.128165297295475,0.006726174932360069,ex_market,0.2864775798550821,0.24891845897255818,,0.46460396117235975
1.2912083716371874,21.712601505231174,0.0594681559149028,ex_market,0.2099782942091308,0.48713919652163945,,0.30288250926922977
-1.5069048550894912,25.18861551231301,-0.0598248385008253,ex_market,0.3781603307727832,0.16125105227244066,,0.4605886169547762
-0.95498680440271,19.9595631309982,-0.04784607749829871,ex_market,0.12662015021474354,0.33780835660960196,,0.5355714931756544
0.18194767733419584,19.17896325579383,0.009486835910084038,ex_market,0.04697010288637375,0.06052637245067198,,0.8925035246629544
1.3480142648585132,22.03445348920669,0.061177567463277634,ex_market,0.35352384727662484,0.6033711303097297,,0.0431050224136454
0.9963640486210706,19.784585272490805,0.0503606234294643,ex_market,0.10864669643056062,0.5259166486223268,,0.3654366549471126
-0.8262431060848254,18.696893420397384,-0.04419146472638155,ex_market,0.14335333140977333,0.5339490417166314,,0.32269762687359543
1.6059860806747388,21.96012927358392,0.07313190467413523,ex_market,0.1453185324012075,0.6772694491752302,,0.17741201842356216
1.7558518810348671,21.75295523689789,0.08071785474225943,ex_market,0.43629635582022036,0.42274695635156334,,0.14095668782821627
3.1138155263430836,22.47544618900521,0.1385429904324872,ex_market,0.18584126061625356,0.42843299640993465,,0.3857257429738118
3.2353915390994477,26.094625232614458,0.1239868942453055,ex_market,0.6105037149248497,0.1790567650408483,,0.21043952003430194
1.4437004513140725,26.619683113596263,0.05423432146610585,ex_market,0.5056225881511965,0.24521300242164507,,0.24916440942715856
-2.2740324978529425,18.590026799560466,-0.12232540180600904,ex_market,0.03790404536761686,0.20177085998950103,,0.7603250946428822
-2.6690072110945886,23.976480045566774,-0.11131772495424964,ex_market,0.33886040167381043,0.19404014697459013,,0.46709945135159936
0.618268670689073,22.043734798635647,0.028047364765272663,ex_market,0.37001709806993766,0.3785078184925512,,0.2514750834375109
0.2737487234071648,19.78928080625204,0.013833182018383197,ex_market,0.14011447876401367,0.4511586309937337,,0.4087268902422525
1.3350781552477082,22.020473214632094,0.06062894935221087,ex_market,0.10552857030001034,0.42472093389697,,0.4697504958030197
0.8621934182826676,26.619361029336496,0.032389711283048,ex_market,0.45551722578525905,0.22238747345830662,,0.3220953007564343
2.147411783195048,21.609329771544058,0.09937428906346275,ex_market,0.11117945842853616,0.6567754827691399,,0.23204505880232382
-0.2310936613505695,23.80048091842325,-0.009709621504778745,ex_market,0.49161276840998336,0.48830742531430804,,0.020079806275708382
4.472269794847383,25.746812096164856,0.1737018850382718,ex_market,0.7943895526472173,0.07741898500043687,,0.12819146235234585
0.6182686706890731,22.043734798635647,0.028047364765272666,ex_market,0.3787292095909521,0.39808222642280366,,0.22318856398624437
1.2912083716371874,21.712601505231174,0.0594681559149028,ex_market,0.18263959089651752,0.531449367349777,,0.28591104175370546
0.5279615069554968,22.11434119109544,0.0238741684588686,ex_market,0.3096081680437482,0.5350288592293292,,0.15536297272692273
-2.199576451127977,23.95693390411577,-0.09181377132492367,ex_market,0.43936299731265255,0.32564467213483816,,0.23499233055250932
5.003497136961428,27.532902308774972,0.18172792249906028,ex_market,0.5706609525509138,0.04233151659441895,,0.3870075308546673
-0.09462436371439739,21.963118871364006,-0.004308329990297502,ex_market,0.13896130878082547,0.15535336716350584,,0.7056853240556688
0.618268670689073,22.043734798635647,0.028047364765272663,ex_market,0.3616893282434043,0.4178546921503007,,0.22045597960629504
-3.1662760511706765,24.2102301249501,-0.13078256732035604,ex_market,0.34626041381847467,0.1386329320477296,,0.5151066541337956
-0.09462436371439815,21.963118871364003,-0.004308329990297537,ex_market,0.1211634788645691,0.16996402832371252,,0.7088724928117183
5.609570590278644,27.431104732461,0.20449670711293036,ex_market,0.6606973685965567,0.029613061191789573,,0.30968957021165383
-2.274032497852944,18.590026799560466,-0.12232540180600911,ex_market,0.00936780869696933,0.2035619184870308,,0.787070272816
2.0138236968510936,21.672542245762465,0.09292051084757054,ex_market,0.18072616901579047,0.545692710000335,,0.27358112098387444
0.8400898328504549,21.96775881723089,0.03824194538168764,ex_market,0.26510704948402597,0.37339046893224853,,0.3615024815837255
1.4437004513140725,26.619683113596263,0.05423432146610585,ex_market,0.5365567219631567,0.22101352684138878,,0.24242975119545435
4.472269794847383,25.74681209616486,0.17370188503827177,ex_market,0.8582032352577273,0.06557584174963123,,0.07622092299264127
1.7558518810348682,21.75295523689789,0.08071785474225948,ex_market,0.3888694836684399,0.43603092937602517,,0.17509958695553499
0.6339925156555092,25.63536752461333,0.02473116545118067,ex_market,0.4746099312099437,0.09430979430029837,,0.431080274489758
-0.376161926427106,25.001180047902388,-0.015045766867998762,ex_market,0.5910375932570041,0.31665030617000484,,0.09231210057299095
-1.6671718081556726,19.42485561439837,-0.08582672845770473,ex_market,0.03753792498333513,0.7098943960124092,,0.2525676790042558
-0.7707746043265052,18.7860845983556,-0.041029018063182286,ex_market,0.006751587410320281,0.5197600288844157,,0.4734883837052639
1.7564581414505676,22.64911149928418,0.07755086293333516,ex_market,0.17211042717897362,0.12572384454020796,,0.7021657282808184
0.840089832850455,21.967758817230894,0.03824194538168764,ex_market,0.3312046013236242,0.3393710466252526,,0.32942435205112314
1.6059860806747388,21.96012927358392,0.07313190467413523,ex_market,0.2237926582157543,0.6377181074204317,,0.13848923436381408
8.65391568143156,26.24967749685229,0.3296770286963076,ex_market,0.7558375613902393,0.04246837640954699,,0.20169406220021371
-0.2710268566633184,19.67495796763807,-0.01377521909361807,ex_market,0.03658170832376316,0.3759126533387803,,0.5875056383374566
-0.09462436371439815,21.963118871364003,-0.004308329990297537,ex_market,0.1184386668895855,0.1653467797936041,,0.7162145533168104
2.538052493962578,22.674110062817388,0.11193614597970321,ex_market,0.2229646206814337,0.013474348930129667,,0.7635610303884368
0.9652611480976949,23.09169370600175,0.041801227765403556,ex_market,0.2850783313302308,0.06791881073807457,,0.6470028579316947
-3.1662760511706765,24.2102301249501,-0.13078256732035604,ex_market,0.34054476521423954,0.1293978055902157,,0.5300574291955448
-0.2710268566633184,19.67495796763807,-0.01377521909361807,ex_market,0.023530935706504535,0.3755726734971674,,0.6008963907963281
-1.1834570389462515,23.899990065803344,-0.049517051500143405,ex_market,0.4879103062998096,0.383829563283302,,0.1282601304168885
-0.271026856663318,19.67495796763807,-0.013775219093618049,ex_market,0.029221247980989018,0.3792694387533385,,0.5915093132656726
1.3480142648585134,22.034453489206694,0.061177567463277634,ex_market,0.38484402632371634,0.5048992681742605,,0.11025670550202345
-1.1223815438915843,19.43132858390537,-0.057761441223090494,ex_market,0.037011941315412154,0.8740646102304217,,0.08892344845416615
6.344396255119284,28.176995841505097,0.2251622667932323,ex_market,0.6523853408815294,0.17979249474439118,,0.1678221643740793
2.43648776551298,27.17227730652064,0.08966814735544155,ex_market,0.4727747005909407,0.16265440900805062,,0.3645708904010087
0.9264548997456026,22.164193414245464,0.0417996216882843,ex_market,0.22671233156152734,0.35251642603851524,,0.4207712423999573
2.6891911151601344,26.47858777828456,0.10156097212085531,ex_market,0.5577208820336833,0.1932820906994075,,0.24899702726690923
0.14037008113772262,23.42701903510121,0.005991802923231672,ex_market,0.43182438788872596,0.5089651291881315,,0.05921048292314253
4.472269794847382,25.74681209616486,0.17370188503827175,ex_market,0.8500469716644824,0.08231873162211216,,0.06763429671340544
6.806935127887861,27.72236450264158,0.24553948589827884,ex_market,0.7475254329143544,0.019444885118570933,,0.2330296819670745
0.8910098928422431,23.10723412567426,0.03855978123527962,ex_market,0.19757875485504198,0.1099411521333146,,0.6924800930116434
-2.2085975106759816,19.704036482073604,-0.11208858208693012,ex_market,0.07113745035700496,0.7551961459873866,,0.17366640365560848
-1.5665930825201162,18.463788596556235,-0.08484678398039198,ex_market,0.04047148408394957,0.25952895625507394,,0.6999995596609765
2.43648776551298,27.17227730652064,0.08966814735544155,ex_market,0.41894931146020065,0.1870374841075937,,0.3940132044322057
-1.6671718081556726,19.42485561439837,-0.08582672845770473,ex_market,0.061018337355706685,0.6954440265882041,,0.24353763605608914
2.0284628369483717,21.917285880286073,0.09255082257989147,ex_market,0.2119778797205177,0.7279942458205193,,0.0600278744589631
-1.049364306563438,19.68736757851959,-0.053301402656952664,ex_market,0.05870339080947781,0.07920884159995509,,0.862087767590567
-0.23145141260898888,23.492163358986076,-0.009852281761844224,ex_market,0.31198410889367845,0.6663512789536581,,0.021664612152663368
1.7028256262810177,22.65952404368793,0.0751483404060221,ex_market,0.1648445256594628,0.10223121112686877,,0.7329242632136684
-2.2085975106759816,19.704036482073608,-0.1120885820869301,ex_market,0.07431339606257178,0.7894617052447424,,0.1362248986926859
4.741456402091822,25.14891127521214,0.18853525507270585,ex_market,0.7962422220140509,0.1587299334295415,,0.045027844556407626
2.73284278959273,27.600306137706713,0.09901494483241621,ex_market,0.6925850730279313,0.22773860709273802,,0.0796763198793308
0.18194767733419584,19.17896325579383,0.009486835910084038,ex_market,0.05553453614818807,0.06762716613953912,,0.8768382977122728
2.6646496289993022,26.45914368174149,0.10070808265907755,ex_market,0.6820340737286896,0.09748048943142819,,0.22048543683988225
1.4437004513140725,26.619683113596263,0.05423432146610585,ex_market,0.5161825804895032,0.20343641977862653,,0.28038099973187025
-0.388794232765948,19.578313427273113,-0.01985841294288207,ex_market,0.08097130377011244,0.036917624103379225,,0.8821110721265084
1.1771546663421963,21.760617083518298,0.05409564727961576,ex_market,0.25803156169280705,0.5310106795889816,,0.21095775871821143
3.362228108857592,26.63935837696751,0.12621280367442955,ex_market,0.7632975785361361,0.20350231219714393,,0.03320010926671995
0.14037008113772262,23.42701903510121,0.005991802923231672,ex_market,0.4227798774976072,0.5249022587762963,,0.05231786372609649
2.73284278959273,27.60030613770671,0.09901494483241623,ex_market,0.6575944813338402,0.27590243029936623,,0.06650308836679346
1.443700451314072,26.619683113596263,0.05423432146610583,ex_market,0.5299764573694341,0.2755890195014626,,0.19443452312910328
-1.1223815438915845,19.43132858390537,-0.05776144122309051,ex_market,0.011282029864702286,0.8533092014056322,,0.13540876872966573
5.003497136961427,27.532902308774972,0.18172792249906025,ex_market,0.5280340871856674,0.0698883730031567,,0.402077539811176
-0.2310936613505695,23.80048091842325,-0.009709621504778745,ex_market,0.49156288899406997,0.4842283472282342,,0.024208763777695794
1.2912083716371874,21.712601505231174,0.0594681559149028,ex_market,0.20907371295472055,0.5148815051923656,,0.27604478185291387
0.27374872340716444,19.78928080625204,0.013833182018383182,ex_market,0.1353380731895907,0.5137176422399465,,0.35094428457046273
1.7583148130060402,27.23941134183482,0.06455039688391251,ex_market,0.5067366133535403,0.12367466723381326,,0.3695887194126465
0.8621934182826672,26.619361029336496,0.03238971128304799,ex_market,0.46364737501875253,0.22189949396390676,,0.3144531310173406
2.028462836948372,21.917285880286073,0.09255082257989149,ex_market,0.2068948287737423,0.7389295677757929,,0.05417560345046485
7.59638875148159,26.372831809142884,0.2880384179608382,ex_market,0.7121556618940261,0.11642587084391748,,0.1714184672620564
6.344396255119283,28.1769958415051,0.22516226679323226,ex_market,0.6657097210556344,0.1581272497794056,,0.17616302916496004
0.840089832850455,21.967758817230894,0.03824194538168764,ex_market,0.3205915717131587,0.3651783020692259,,0.3142301262176155
6.806935127887862,27.72236450264158,0.24553948589827887,ex_market,0.8209023187532599,0.007881634568621492,,0.17121604667811843
-1.4232379135721898,18.695179892132717,-0.07612860222668957,ex_market,0.06760848288450695,0.387618091564156,,0.5447734255513371
1.9228084331244408,22.69985521056635,0.0847057576041692,ex_market,0.15024624843561704,0.10645948531132482,,0.7432942662530582
1.1771546663421963,21.760617083518298,0.05409564727961576,ex_market,0.25523717999590173,0.4468615234207778,,0.2979012965833205
0.1488379107224605,22.128165297295475,0.006726174932360027,ex_market,0.22126439637912357,0.2748848144274854,,0.503850789193391
6.344396255119284,28.1769958415051,0.22516226679323229,ex_market,0.682923843768198,0.1656170966350768,,0.1514590595967251
2.0284628369483713,21.917285880286073,0.09255082257989145,ex_market,0.2856482222210307,0.6670727400114288,,0.04727903776754048
-0.7707746043265052,18.7860845983556,-0.041029018063182286,ex_market,0.04604149025075092,0.5079624694137177,,0.44599604033553125
5.003497136961427,27.532902308774972,0.18172792249906025,ex_market,0.571095670125767,0.011256804935006559,,0.4176475249392265
-0.09462436371439707,21.963118871364003,-0.004308329990297488,ex_market,0.1010963834204508,0.20428965057876694,,0.6946139660007823
3.9742173029351022,27.05601450456776,0.1468884969088652,ex_market,0.5693167021067176,0.08726813690334165,,0.34341516098994085
0.3817799482513631,21.947975159977762,0.017394768559142584,ex_market,0.44749040723658556,0.3290228192104005,,0.2234867735530139
1.1771546663421957,21.760617083518298,0.05409564727961573,ex_market,0.3354101197558011,0.4129751329285826,,0.25161474731561617
-0.10133948912654178,19.665038652816484,-0.0051532819698532515,ex_market,0.07066178010834248,0.006018648994133247,,0.9233195708975243
1.7558518810348682,21.752955236897886,0.0807178547422595,ex_market,0.34941014609786325,0.4549369200008353,,0.19565293390130156
-2.3592759836991375,18.23803713539142,-0.12936019189849993,ex_market,0.005043204158710798,0.901926892429051,,0.09302990341223813
6.806935127887862,27.72236450264158,0.24553948589827887,ex_market,0.8249325645220009,0.013555961286118213,,0.16151147419188072
-1.1625693518362137,24.094254360823804,-0.04825089560445893,ex_market,0.3579423940875528,0.3021495341298827,,0.3399080717825645
-1.555489184112946,25.127331970151353,-0.06190427164947374,ex_market,0.364365446886149,0.08031600502241883,,0.5553185480914321
0.618268670689073,22.043734798635644,0.028047364765272666,ex_market,0.35287969725980467,0.35770889613537293,,0.28941140660482234
1.2912083716371874,21.712601505231174,0.0594681559149028,ex_market,0.21691490044538955,0.46172009100801675,,0.3213650085465937
-1.3585123056307005,18.715881931456835,-0.07258606944619125,ex_market,0.08332780318092611,0.413593559638126,,0.5030786371809479
3.548824798847248,26.402569112294355,0.1344121014792192,ex_market,0.6943564131889747,0.28684476410464554,,0.018798822706379798
1.2912083716371874,21.712601505231177,0.059468155914902794,ex_market,0.1515961416781532,0.5104152294516915,,0.3379886288701552
-0.09462436371439703,21.963118871364006,-0.004308329990297485,ex_market,0.11231603870129075,0.20075058870967538,,0.6869333725890339
0.7497826691168781,22.03956804835048,0.034019844103505135,ex_market,0.2653290342699873,0.5614023275085225,,0.1732686382214902
0.14037008113772262,23.42701903510121,0.005991802923231672,ex_market,0.40837966709985274,0.5471581975107122,,0.044462135389435206
-0.13228311614327612,23.979755648823204,-0.005516449711997638,ex_market,0.5280624984172264,0.29505507640264156,,0.17688242518013203
7.1965735837672495,27.919478221917878,0.2577617506509088,ex_market,0.6924769891775088,0.20544776375074775,,0.1020752470717434
1.1771546663421966,21.760617083518298,0.05409564727961577,ex_market,0.3185831994973068,0.4860842454308626,,0.19533255507183062
-2.3592759836991384,18.23803713539142,-0.12936019189849995,ex_market,0.00884861684467519,0.8927518143573183,,0.09839956879800628
1.177154666342196,21.760617083518298,0.054095647279615744,ex_market,0.2779920897086275,0.5079623774991203,,0.21404553279225233
-0.8262431060848254,18.69689342039738,-0.044191464726381566,ex_market,0.0656731975768312,0.6610255243202613,,0.2733012781029074
-2.2740324978529434,18.590026799560466,-0.12232540180600908,ex_market,0.049198414875148554,0.13597247255322598,,0.8148291125716256
1.2912083716371874,21.712601505231174,0.0594681559149028,ex_market,0.1600414280300405,0.5020576253940389,,0.3379009465759206
0.9652611480976955,23.091693706001745,0.04180122776540359,ex_market,0.20730161003664554,0.07571386308593392,,0.7169845268774206
1.3841649185133575,22.044268076147763,0.06279024160501688,ex_market,0.2926995969578958,0.624079820643523,,0.08322058239858128
-1.6671718081556723,19.42485561439837,-0.08582672845770471,ex_market,0.014073965449090668,0.703995216113007,,0.2819308184379025
-1.6671718081556723,19.42485561439837,-0.08582672845770471,ex_market,0.0006103884829299481,0.6781863456445295,,0.32120326587254056
1.177154666342196,21.760617083518298,0.054095647279615744,ex_market,0.2579027506641689,0.5504099341965357,,0.19168731513929527
1.1771546663421963,21.760617083518298,0.05409564727961576,ex_market,0.23536047177940173,0.46752704238764103,,0.2971124858329573
-0.1555379669158303,19.655506582169487,-0.0079132006221674,ex_market,0.0708104219997097,0.014107229941749285,,0.915082348058541
4.472269794847383,25.74681209616486,0.17370188503827177,ex_market,0.7947318545392812,0.09139328073659411,,0.11387486472412466
-0.2668137017234597,18.963054705551624,-0.014070185730358111,ex_market,0.1270444142559301,0.8083701057637376,,0.0645854799803322
-1.1369275950156497,19.42738450715962,-0.05852190728972307,ex_market,0.03856463681685467,0.7859537171809001,,0.17548164600224533
0.2737487234071644,19.78928080625204,0.013833182018383178,ex_market,0.16610705380389543,0.43089766027135173,,0.40299528592475287
0.1488379107224618,22.128165297295475,0.006726174932360086,ex_market,0.25192318958136617,0.19249601140991957,,0.5555807990087143
-1.5554891841129461,25.127331970151353,-0.06190427164947375,ex_market,0.35342146218822107,0.0958422742695898,,0.5507362635421891
1.3480142648585132,22.03445348920669,0.061177567463277634,ex_market,0.3615826221498224,0.5826699186154823,,0.05574745923469522
0.8409091239980814,26.62743888871249,0.031580548452648564,ex_market,0.37425580182963136,0.2452773794243185,,0.3804668187460502
2.8867318539677203,26.55097792843098,0.10872412540653406,ex_market,0.6350691682903067,0.09487424532092395,,0.27005658638876934
0.9819234015039224,22.234868549911678,0.04416142147615291,ex_market,0.17311795570624322,0.3591751542789854,,0.46770689001477134
2.732842789592729,27.600306137706713,0.09901494483241619,ex_market,0.709806134092179,0.21736645297942128,,0.07282741292839982
-0.9549868044027096,19.959563130998195,-0.047846077498298695,ex_market,0.12306035720324783,0.33741232663566595,,0.5395273161610862
0.15133818571514984,24.045949314190697,0.006293708089337458,ex_market,0.8501626082889573,0.1416389965944108,,0.008198395116631892
0.618268670689073,22.043734798635647,0.028047364765272663,ex_market,0.36074645963620194,0.4008785136111745,,0.2383750267526235
-2.618446723694093,25.827892785432834,-0.10138057895148082,ex_market,0.5680356270184462,0.3791642584833559,,0.05280011449819782
3.1138155263430844,22.47544618900521,0.13854299043248722,ex_market,0.20381835651626612,0.4588724239043083,,0.3373092195794256
-1.6671718081556723,19.42485561439837,-0.08582672845770471,ex_market,0.021849900590479098,0.7410342285829374,,0.23711587082658336
0.5431778577762542,23.112942698464053,0.023501025588143754,ex_market,0.24468650406861428,0.09478539487005158,,0.6605281010613342
-0.5056577238415282,25.25676802384974,-0.020020682114276777,ex_market,0.8970602692404781,0.025039904522299795,,0.07789982623722218
-1.9594856044902569,18.52170984897325,-0.10579399096829614,ex_market,0.007664404050259329,0.1156079277787159,,0.8767276681710247
-3.1662760511706765,24.2102301249501,-0.13078256732035604,ex_market,0.3557097575023723,0.12180553252574612,,0.5224847099718815
-0.8039047731040664,24.88245081058089,-0.03230810257480694,ex_market,0.3607716439582757,0.21019892100873502,,0.4290294350329891
0.14883791072246066,22.128165297295475,0.006726174932360035,ex_market,0.20123731903979736,0.25644329216931494,,0.5423193887908877
1.1771546663421955,21.760617083518298,0.05409564727961572,ex_market,0.2987220005668077,0.5313404629036547,,0.16993753652953772
4.472269794847383,25.74681209616486,0.17370188503827177,ex_market,0.8192206611562544,0.023630035082132815,,0.15714930376161282
-0.7038365091211572,18.954951657805527,-0.03713206563771999,ex_market,0.15253664985294152,0.7406170521111449,,0.10684629803591365
2.664649628999303,26.459143681741494,0.10070808265907757,ex_market,0.6189507607531798,0.11241554356228574,,0.2686336956845345
-1.4232379135721893,18.695179892132717,-0.07612860222668956,ex_market,0.03224587044682209,0.38446721579227033,,0.5832869137609077
1.6827534915068005,22.77054165936247,0.0739004594915958,ex_market,0.30575609632147804,0.2564112337962282,,0.43783266988229386
3.524271393087576,26.87475259290694,0.13113688696820316,ex_market,0.5206835072513323,0.15824622638412364,,0.3210702663645441
0.1488379107224601,22.128165297295475,0.00672617493236001,ex_market,0.22868942324464966,0.28819539861542137,,0.48311517813992905
-0.10133948912654164,19.665038652816484,-0.005153281969853245,ex_market,0.024820858762129822,0.024415806486595235,,0.950763334751275
0.8400898328504549,21.967758817230894,0.03824194538168763,ex_market,0.32251860192710535,0.3993380489184179,,0.2781433491544769
1.1771546663421966,21.760617083518298,0.05409564727961577,ex_market,0.31939635004921807,0.4775177117537898,,0.20308593819699217
-0.8262431060848254,18.696893420397384,-0.04419146472638155,ex_market,0.1126210750611042,0.5831574171936051,,0.3042215077452906
-1.6671718081556726,19.42485561439837,-0.08582672845770473,ex_market,0.05106765513214544,0.6745655755563982,,0.27436676931145637
-2.0424722533700908,18.973512821509512,-0.10764860848771542,ex_market,0.15711727816904325,0.3527839118646821,,0.4900988099662746
2.0138236968510936,21.672542245762465,0.09292051084757054,ex_market,0.18728422268894357,0.5363769147490522,,0.2763388625620042
0.14883791072246125,22.128165297295475,0.006726174932360061,ex_market,0.12961554601858755,0.2910654020084028,,0.5793190519730097
-2.2740324978529434,18.590026799560466,-0.12232540180600908,ex_market,0.05415349003986434,0.141098639089537,,0.8047478708705986
7.1965735837672495,27.919478221917878,0.2577617506509088,ex_market,0.6912836287440273,0.19953700016839007,,0.10917937108758273
2.1135572003529104,23.101380679596737,0.0914905143401436,ex_market,0.8898281288334512,0.079290969868243,,0.03088090129830568
-0.9161713992030044,23.35381827962134,-0.0392300474478958,ex_market,0.48743326395512954,0.44545823968536413,,0.06710849635950636
1.2096315420149357,24.930561699517117,0.04852002761067005,ex_market,0.4824580710607534,0.02368375479236713,,0.49385817414687944
0.8400898328504549,21.96775881723089,0.03824194538168764,ex_market,0.28746160410240146,0.37833283642540105,,0.33420555947219743
1.1771546663421963,21.760617083518298,0.05409564727961576,ex_market,0.24341835223398767,0.47604201955873715,,0.2805396282072752
1.1852439549411191,23.13867424592834,0.05122350322834773,ex_market,0.14586912710736227,0.07986694434719963,,0.7742639285454382
1.1771546663421963,21.760617083518298,0.05409564727961576,ex_market,0.277246453300805,0.47419625485688854,,0.24855729184230643
0.840909123998081,26.62743888871249,0.03158054845264855,ex_market,0.3887727588887854,0.25929516557685955,,0.35193207553435507
-0.6745034356554462,19.436466907397108,-0.034702985828935516,ex_market,0.025077166984490258,0.9040315677581426,,0.07089126525736705
-2.669007211094589,23.976480045566774,-0.11131772495424966,ex_market,0.2758282073171932,0.1540334439356296,,0.5701383487471772
6.806935127887861,27.72236450264158,0.24553948589827884,ex_market,0.8071209554118906,0.0024612930244140335,,0.19041775156369536
0.8910098928422435,23.10723412567426,0.03855978123527964,ex_market,0.23479845549058187,0.12247938869653217,,0.6427221558128859
3.548824798847248,26.402569112294355,0.1344121014792192,ex_market,0.7139389574795734,0.2504293328201889,,0.035631709700237615
0.9264548997456022,22.16419341424546,0.04179962168828429,ex_market,0.25577787609994057,0.3050395932024221,,0.4391825306976373
1.463325740738922,22.852101822426572,0.06403462369034438,ex_market,0.37143149286008204,0.015358532030662638,,0.6132099751092553
0.14883791072246105,22.128165297295475,0.006726174932360053,ex_market,0.2701867833065751,0.2617005055204542,,0.46811271117297076
3.803714059214091,27.557394013029143,0.13802880117771263,ex_market,0.49724680103024754,0.08512181473074253,,0.4176313842390101
3.428065691533875,26.919745760579467,0.1273439103775306,ex_market,0.5768879819326597,0.11070772192869471,,0.3124042961386456
-0.7038365091211575,18.954951657805527,-0.03713206563772,ex_market,0.12757649481510375,0.7183583955307843,,0.15406510965411188
-1.3585123056307,18.715881931456835,-0.07258606944619124,ex_market,0.0033887664606003457,0.4461051516194034,,0.5505060819199964
-0.8262431060848254,18.696893420397384,-0.04419146472638155,ex_market,0.08899611444769111,0.5446879651924806,,0.3663159203598281
-2.199576451127977,23.95693390411577,-0.09181377132492367,ex_market,0.42760392893852384,0.2957148859183249,,0.2766811851431513
-2.2085975106759816,19.704036482073608,-0.1120885820869301,ex_market,0.07515561580457396,0.7770445652472269,,0.14779981894819927
-1.1794655605827395,19.733512296509296,-0.059769672162486805,ex_market,0.07140009213644408,0.8658924481978744,,0.06270745966568164
4.472269794847382,25.74681209616486,0.17370188503827175,ex_market,0.8304848200977984,0.01524120028414858,,0.15427397961805298
1.3480142648585134,22.03445348920669,0.06117756746327764,ex_market,0.38611939461443234,0.5583357513438725,,0.05554485404169521
1.2121143890667287,27.576592843724324,0.04395446514844481,ex_market,0.48036970541222435,0.13384755069228016,,0.3857827438954956
0.14883791072246105,22.128165297295475,0.006726174932360053,ex_market,0.14677802832413242,0.22801387990509278,,0.6252080917707747
0.46940242097360235,19.25849594400188,0.02437378403464378,ex_market,0.00038483776472687873,0.04031567280911592,,0.9592994894261573
-2.199576451127977,23.95693390411577,-0.09181377132492367,ex_market,0.4239290780861783,0.27439319966919323,,0.3016777222446284
-2.2085975106759816,19.704036482073608,-0.1120885820869301,ex_market,0.07860900066508236,0.7376668729033362,,0.18372412643158134
-2.6690072110945886,23.976480045566774,-0.11131772495424964,ex_market,0.31665044702909967,0.20618557572206572,,0.47716397724883464
1.6059860806747384,21.96012927358392,0.0731319046741352,ex_market,0.27210108235661784,0.6280607856315301,,0.09983813201185207
3.548824798847247,26.402569112294355,0.13441210147921917,ex_market,0.6639616654789073,0.3213861293333901,,0.014652205187702643
1.7028256262810173,22.65952404368793,0.07514834040602208,ex_market,0.16006262528411672,0.10750653335589294,,0.7324308413599904
-1.9594856044902569,18.52170984897325,-0.10579399096829614,ex_market,0.006473197772347275,0.13138476021381318,,0.8621420420138395
0.9264548997456026,22.16419341424546,0.04179962168828431,ex_market,0.21492554563536992,0.3491668478080524,,0.43590760655657756
0.291472784517787,22.01786478877152,0.013238013191229425,ex_market,0.42820852918758845,0.4785070636327158,,0.09328440717969574
0.38177994825136297,21.94797515997776,0.017394768559142584,ex_market,0.4308286691623452,0.40718878301715145,,0.16198254782050334
-1.1794655605827393,19.7335122965093,-0.05976967216248678,ex_market,0.07662026196517199,0.8815598599755918,,0.04181987805923628
-1.555489184112946,25.127331970151353,-0.06190427164947374,ex_market,0.3578135492882168,0.08762997304447938,,0.5545564776673038
2.6891911151601344,26.478587778284556,0.10156097212085533,ex_market,0.5582568164612862,0.2863426433949584,,0.15540054014375537
-1.5554891841129461,25.127331970151353,-0.06190427164947375,ex_market,0.33809627323157393,0.09241997057700886,,0.5694837561914172
-1.0493643065634375,19.68736757851959,-0.05330140265695264,ex_market,0.09585771122969643,0.07922977283789484,,0.8249125159324089
2.117655324722032,25.625955781209477,0.08263712552983343,ex_market,0.48953114014379323,0.053744612305716866,,0.4567242475504899
5.003497136961427,27.532902308774972,0.18172792249906025,ex_market,0.5329727633963716,0.06714145230697231,,0.39988578429665617
6.806935127887862,27.72236450264158,0.24553948589827887,ex_market,0.7904080181001241,0.0022981178014100504,,0.20729386409846604
-1.1074206810452525,19.420010314127513,-0.05702472156947994,ex_market,0.0005501397877064017,0.9305647378003163,,0.06888512241197729
5.807875029842338,24.47503081034375,0.23729796603010025,ex_market,0.7239679129158955,0.1031171962240307,,0.17291489086007394
-0.09462436371439817,21.963118871364006,-0.004308329990297537,ex_market,0.12721611367059235,0.14835350914748174,,0.7244303771819259
0.14037008113772262,23.42701903510121,0.005991802923231672,ex_market,0.42485397971458083,0.5266180547043501,,0.04852796558106923
1.443700451314072,26.619683113596263,0.05423432146610583,ex_market,0.4748210862320417,0.21998524971876446,,0.3051936640491938
3.235391539099447,26.094625232614458,0.12398689424530548,ex_market,0.6086491760974994,0.1701261614083625,,0.22122466249413814
-1.50690485508949,25.18861551231301,-0.05982483850082525,ex_market,0.39986949113815545,0.15590324731878447,,0.4442272615430602
-3.1662760511706773,24.2102301249501,-0.13078256732035606,ex_market,0.3421363435840933,0.14473449732765722,,0.5131291590882496
1.7158903697078407,22.74455800941868,0.0754417988245687,ex_market,0.13513878314521302,0.040928656961334166,,0.8239325598934528
1.7158903697078411,22.74455800941868,0.07544179882456872,ex_market,0.16682463609960851,0.06640330948087744,,0.7667720544195141
-0.25794134679954306,24.87762335457861,-0.010368407911080997,ex_market,0.4129416415368757,0.009643022193664428,,0.57741533626946
3.362228108857591,26.63935837696751,0.12621280367442952,ex_market,0.7352249823173682,0.19986637183945694,,0.06490864584317481
3.428065691533874,26.919745760579467,0.12734391037753057,ex_market,0.6088127427731842,0.11434124876619478,,0.27684600846062096
1.4437004513140725,26.619683113596263,0.05423432146610585,ex_market,0.5362060376689187,0.24422803347381225,,0.21956592885726905
-0.7038365091211572,18.954951657805527,-0.03713206563771999,ex_market,0.17275241950293443,0.7284024754046328,,0.09884510509243273
-0.855722699391894,25.232284457390534,-0.03391380201160746,ex_market,0.60672664158579,0.3433902343861389,,0.04988312402807122
0.5279615069554969,22.11434119109544,0.023874168458868604,ex_market,0.3482703860809633,0.5182421115798302,,0.13348750233920642
-2.6184467236940936,25.82789278543283,-0.10138057895148085,ex_market,0.6250568248877493,0.3600448568790669,,0.014898318233183744
0.18194767733419548,19.17896325579383,0.00948683591008402,ex_market,0.05947325229917063,0.06782310680503531,,0.872703640895794
3.428065691533875,26.91974576057947,0.1273439103775306,ex_market,0.566760485740743,0.11728674872854175,,0.3159527655307152
-1.2605485205877534,18.682853186083726,-0.06747087867285441,ex_market,0.028797813909726785,0.4820743398784421,,0.48912784621183125
3.362228108857592,26.63935837696751,0.12621280367442955,ex_market,0.7949998234960284,0.1775394009245082,,0.027460775579463532
0.27374872340716444,19.78928080625204,0.013833182018383182,ex_market,0.09308517788385087,0.4851859432382559,,0.42172887887789323
-0.8262431060848251,18.696893420397384,-0.04419146472638154,ex_market,0.09082704771574807,0.5823919846614324,,0.3267809676228196
-1.851200639622503,24.036464660537877,-0.07701634436506921,ex_market,0.4696447756977283,0.48703129423831854,,0.043323930063953055
-3.166276051170677,24.2102301249501,-0.13078256732035606,ex_market,0.33681100570679046,0.1553254189177969,,0.5078635753754126
0.9819234015039224,22.234868549911678,0.04416142147615291,ex_market,0.16153197915610826,0.37316339299555545,,0.4653046278483363
2.635118030767981,21.797296206145415,0.12089196778511276,ex_market,0.24985258849106542,0.7457880625460154,,0.004359348962919275
2.6891911151601353,26.47858777828456,0.10156097212085535,ex_market,0.5713311869079853,0.1857921100265326,,0.24287670306548198
-0.8262431060848251,18.696893420397384,-0.04419146472638154,ex_market,0.08714573390948907,0.5874493724569138,,0.32540489363359715
-0.7038365091211572,18.954951657805527,-0.03713206563771999,ex_market,0.11499220387633298,0.7663782356523579,,0.11862956047130922
-1.1223815438915843,19.43132858390537,-0.057761441223090494,ex_market,0.03476839412274922,0.8061765299673671,,0.15905507590988363
6.806935127887862,27.72236450264158,0.24553948589827887,ex_market,0.7390823177404455,0.031007652573930945,,0.22991002968562355
-1.9594856044902569,18.52170984897325,-0.10579399096829614,ex_market,0.06748747944588664,0.11322053453477829,,0.8192919860193352
-1.7566138404319513,19.736397274771576,-0.0890037738887875,ex_market,0.07990333694285226,0.9048434627961833,,0.015253200260964397
-1.3777737799893384,23.98128232454319,-0.05745204786541113,ex_market,0.47155302048839454,0.27844358271070113,,0.25000339680090444
1.605986080674739,21.96012927358392,0.07313190467413523,ex_market,0.17389065086954636,0.6494765132862648,,0.17663283584418882
2.655499109335628,27.09573462323899,0.09800432231308857,ex_market,0.4148845557794968,0.1977795859613565,,0.38733585825914674
-0.7707746043265056,18.7860845983556,-0.0410290180631823,ex_market,0.048718501150751686,0.571386291009911,,0.3798952078393372
1.1771546663421963,21.760617083518298,0.05409564727961576,ex_market,0.2462216309870604,0.5256982544804171,,0.22808011453252258
-0.7707746043265052,18.7860845983556,-0.041029018063182286,ex_market,0.005575263593829001,0.5880712297965018,,0.4063535066096692
1.6059860806747388,21.96012927358392,0.07313190467413523,ex_market,0.25175819437281227,0.6607550265523557,,0.08748677907483197
2.6891911151601353,26.478587778284556,0.10156097212085537,ex_market,0.5804675290191169,0.2693082292915673,,0.15022424168931586
-0.7038365091211576,18.954951657805527,-0.03713206563772001,ex_market,0.1361376508669775,0.7470098033576918,,0.11685254577533072
2.6797360904192917,27.021426426422074,0.09917078573576253,ex_market,0.5322026673954557,0.1142975776748756,,0.3534997549296687
-0.8262431060848254,18.696893420397384,-0.04419146472638155,ex_market,0.06340523804386437,0.5720512731751289,,0.36454348878100656
-0.8262431060848254,18.696893420397384,-0.04419146472638155,ex_market,0.05474483452886943,0.5824914061065105,,0.3627637593646199
-1.1074206810452525,19.420010314127513,-0.05702472156947994,ex_market,0.010203164563349233,0.9173133831190831,,0.07248345231756764
0.14883791072246066,22.128165297295475,0.006726174932360035,ex_market,0.23469650355905153,0.26414102658365,,0.5011624698572984
1.443700451314072,26.619683113596263,0.05423432146610583,ex_market,0.48107515186505306,0.26057773898657216,,0.2583471091483747
-1.5665930825201169,18.463788596556235,-0.08484678398039201,ex_market,0.003209548719995076,0.3210817555655599,,0.6757086957144449
2.43648776551298,27.17227730652064,0.08966814735544155,ex_market,0.4235289585758322,0.20553201535319393,,0.3709390260709739
4.472269794847383,25.74681209616486,0.17370188503827177,ex_market,0.853725177529819,0.05496698800075973,,0.09130783446942121
1.7158903697078411,22.74455800941868,0.07544179882456872,ex_market,0.12919188988898408,0.07094825221735081,,0.7998598578936651
-1.3585123056307,18.715881931456835,-0.07258606944619124,ex_market,0.04404225133915745,0.4135077508646726,,0.5424499977961699
-1.555489184112946,25.127331970151353,-0.06190427164947374,ex_market,0.3674632556116555,0.08464333554785812,,0.5478934088404864
-0.7665305585674359,24.8701083822171,-0.030821359794010666,ex_market,0.3514848183515521,0.19606183467768085,,0.45245334697076717
4.472269794847383,25.74681209616486,0.17370188503827177,ex_market,0.8328621596310221,0.028215176034239144,,0.13892266433473882
4.472269794847382,25.74681209616486,0.17370188503827175,ex_market,0.8719853353781087,0.023788563529736257,,0.10422610109215501
1.7158903697078414,22.74455800941868,0.07544179882456872,ex_market,0.15362218986657844,0.04527891694169462,,0.801098893191727
1.7558518810348682,21.75295523689789,0.08071785474225948,ex_market,0.3676303952409552,0.4493878985428824,,0.18298170621616247
-0.2668137017234591,18.96305470555162,-0.014070185730358082,ex_market,0.1753852676868927,0.8012362154071382,,0.023378516905969156
-0.2470745544252122,21.986589039494064,-0.011237511829610016,ex_market,0.1797472876985813,0.162329581458237,,0.6579231308431819
-1.821327272088558,25.184678883815952,-0.0723188602278244,ex_market,0.432305263398529,0.05485274637192142,,0.5128419902295497
0.14883791072246125,22.128165297295475,0.006726174932360061,ex_market,0.14624619639398703,0.27992829557423105,,0.5738255080317819
-0.24707455442521267,21.986589039494064,-0.011237511829610037,ex_market,0.1848819156185482,0.21085046786792938,,0.6042676165135225
0.9819234015039224,22.234868549911678,0.04416142147615291,ex_market,0.17361527768370477,0.37711877076978484,,0.4492659515465104
0.1488379107224603,22.128165297295475,0.006726174932360019,ex_market,0.1897313615141009,0.23795842725072303,,0.5723102112351759
0.14037008113772262,23.42701903510121,0.005991802923231672,ex_market,0.39561938621494674,0.58624565553178,,0.018134958253273353
0.618268670689073,22.043734798635644,0.028047364765272666,ex_market,0.3715328804254683,0.35220117126477635,,0.2762659483097553
-0.5116580831272206,19.28025332077313,-0.026537933636654604,ex_market,0.09649574602940322,0.8844458966199723,,0.01905835735062442
-1.6671718081556723,19.42485561439837,-0.08582672845770471,ex_market,0.09594105592751527,0.6831811749452843,,0.2208777691272005
-1.5665930825201164,18.463788596556235,-0.084846783980392,ex_market,0.012411145118471427,0.327151458024459,,0.6604373968570696
-1.6116943264861612,25.204172919127892,-0.06394553519574624,ex_market,0.5665954015707789,0.36805592537154114,,0.06534867305767997
-1.7566138404319516,19.736397274771573,-0.08900377388878752,ex_market,0.05018961903609107,0.9067111468781704,,0.043099234085738465
-0.8557226993918938,25.232284457390527,-0.03391380201160746,ex_market,0.6056100613095412,0.32047689782301386,,0.07391304086744492
-0.9883517207288169,24.92215368932465,-0.039657556607886967,ex_market,0.40292780496238073,0.16665068508837336,,0.430421509949246
-2.098102839548693,18.706530455050515,-0.11215884445161863,ex_market,0.0369801441057934,0.23689224832113168,,0.7261276075730749
2.6797360904192926,27.021426426422074,0.09917078573576256,ex_market,0.525977530735144,0.12405289906223799,,0.3499695702026181
1.6869487762203839,26.47531268024668,0.0637178036984111,ex_market,0.5805109710469827,0.14694524070176415,,0.2725437882512532
1.177154666342196,21.760617083518298,0.054095647279615744,ex_market,0.28739059359285923,0.5090494525853644,,0.2035599538217764
7.196573583767251,27.919478221917878,0.25776175065090884,ex_market,0.6368089032434794,0.2160588761905591,,0.1471322205659615
-0.03974069013737645,24.045138835670453,-0.0016527536151405668,ex_market,0.6418393861008281,0.3381849305405089,,0.01997568335866305
0.8409091239980814,26.62743888871249,0.031580548452648564,ex_market,0.36610669590440725,0.24727086779901192,,0.38662243629658083
0.14883791072246105,22.128165297295475,0.006726174932360053,ex_market,0.15028416936946595,0.2291033007362329,,0.6206125298943012
2.655499109335629,27.095734623238993,0.0980043223130886,ex_market,0.3892822374926446,0.2114274887548464,,0.399290273752509
-1.7566138404319516,19.736397274771576,-0.08900377388878751,ex_market,0.07949036159725717,0.9134594270878654,,0.007050211314877367
-0.10133948912654239,19.665038652816484,-0.005153281969853283,ex_market,0.027677121348167986,0.015858485979499175,,0.9564643926723327
-1.3777737799893381,23.98128232454319,-0.05745204786541112,ex_market,0.5032078596755607,0.2856731208388413,,0.21111901948559816
-1.0493643065634373,19.68736757851959,-0.05330140265695263,ex_market,0.1031410304340055,0.08748076262227579,,0.8093782069437186
0.14883791072246066,22.128165297295475,0.006726174932360035,ex_market,0.2505263676503548,0.24038433912890422,,0.509089293220741
6.344396255119284,28.176995841505097,0.2251622667932323,ex_market,0.6833929910639385,0.17690312376953932,,0.13970388516652218
-1.7566138404319513,19.736397274771576,-0.0890037738887875,ex_market,0.05369907770190806,0.9150395978582404,,0.03126132443985143
1.6059860806747388,21.96012927358392,0.07313190467413523,ex_market,0.18104783160191695,0.6737428404742294,,0.14520932792385371
-1.1223815438915843,19.43132858390537,-0.057761441223090494,ex_market,0.08649030799362557,0.8016680686635068,,0.11184162334286753
9.741401130398943,26.511860457063147,0.367435591558681,ex_market,0.729878147954747,0.020846798634825806,,0.24927505341042716
1.2088651156651207,24.255895945748925,0.04983799066271976,ex_market,0.8654513842911553,0.10762564589770397,,0.02692296981114065
-1.1834570389462507,23.899990065803344,-0.049517051500143364,ex_market,0.46701133804008665,0.33345038692960033,,0.19953827503031318
0.14883791072246105,22.128165297295475,0.006726174932360053,ex_market,0.21911784163454182,0.2482284392433441,,0.532653719122114
0.1513381857151507,24.045949314190697,0.006293708089337493,ex_market,0.8573854291313444,0.13029377793175173,,0.012320792936904022
0.9171253167996097,23.24567382193588,0.03945359140031532,ex_market,0.3067412993369106,0.0404843825188989,,0.6527743181441906
-1.7566138404319516,19.736397274771573,-0.08900377388878752,ex_market,0.03561167560642847,0.9426747776058573,,0.021713546787714144
2.6646496289993022,26.459143681741494,0.10070808265907753,ex_market,0.6912465683772729,0.113719897727322,,0.19503353389540512
-0.5056577238415282,25.256768023849737,-0.02002068211427678,ex_market,0.8872884433301338,0.01615696575692748,,0.0965545909129387
1.1771546663421955,21.760617083518298,0.05409564727961572,ex_market,0.28032977045744756,0.43425272041203344,,0.28541750913051905
0.14037008113772226,23.42701903510121,0.005991802923231656,ex_market,0.3742437648221654,0.6066932997069323,,0.019062935470902164
0.1488379107224605,22.128165297295475,0.006726174932360027,ex_market,0.1869702592121942,0.28268742218654785,,0.5303423186012578
-2.1995764511279767,23.95693390411577,-0.09181377132492365,ex_market,0.41976693288825384,0.3507730224758598,,0.22946004463588635
3.0149276971830745,27.211849082344617,0.11079466478182541,ex_market,0.7315830459705482,0.19051810643125083,,0.07789884759820083
3.548824798847247,26.402569112294355,0.13441210147921917,ex_market,0.6756750366729005,0.2934581360837783,,0.03086682724332114
-1.4232379135721904,18.695179892132717,-0.07612860222668962,ex_market,0.00901389627010968,0.3879971917066594,,0.6029889120232308
6.806935127887861,27.72236450264158,0.24553948589827884,ex_market,0.7536290934846208,0.038254914754533596,,0.2081159917608455
-1.1223815438915845,19.43132858390537,-0.05776144122309051,ex_market,0.03464530706229063,0.8658133397482098,,0.09954135318949961
-1.183457038946251,23.899990065803344,-0.049517051500143384,ex_market,0.48500266257565144,0.35705742006655133,,0.15793991735779725
3.4280656915338747,26.919745760579467,0.1273439103775306,ex_market,0.5933557757629604,0.10773224076868029,,0.2989119834683593
-1.6671718081556728,19.42485561439837,-0.08582672845770474,ex_market,0.04321190127974841,0.6954975132806707,,0.26129058543958095
-1.7566138404319516,19.736397274771576,-0.08900377388878751,ex_market,0.04564486558847932,0.919673847444025,,0.034681286967495596
-0.8262431060848252,18.69689342039738,-0.04419146472638155,ex_market,0.08236501131295437,0.6044001717074663,,0.3132348169795793
2.0284628369483713,21.917285880286073,0.09255082257989145,ex_market,0.25624764668921773,0.6828028038551517,,0.0609495494556305
-0.09462436371439815,21.963118871364003,-0.004308329990297537,ex_market,0.1268999140876861,0.18794718995996584,,0.6851528959523481
-1.7566138404319513,19.736397274771576,-0.0890037738887875,ex_market,0.07758319373206665,0.9059471488121575,,0.01646965745577582
0.14883791072246105,22.12816529729547,0.0067261749323600534,ex_market,0.25092938325229414,0.21851216606731103,,0.5305584506803948
-0.6892904579970922,18.958643268767037,-0.036357583621450994,ex_market,0.1120142770476463,0.7910238186630182,,0.09696190428933561
-0.25794134679954384,24.87762335457861,-0.010368407911081028,ex_market,0.4027167264419443,0.014066260997908822,,0.583217012560147
0.38177994825136363,21.94797515997776,0.017394768559142612,ex_market,0.4718479588231671,0.40216502260421766,,0.12598701857261527
2.73284278959273,27.600306137706713,0.09901494483241621,ex_market,0.6854379230518803,0.23887563327246353,,0.07568644367565619
-0.8262431060848254,18.69689342039738,-0.044191464726381566,ex_market,0.011622605282910845,0.6411626906023706,,0.3472147041147185
-0.7443433945013,22.298346688807285,-0.03338110241471791,ex_market,0.24944905187292574,0.14488064163244593,,0.6056703064946283
1.4437004513140732,26.619683113596263,0.05423432146610587,ex_market,0.5276607289348063,0.18367157932643252,,0.28866769173876133
1.1771546663421957,21.760617083518298,0.05409564727961573,ex_market,0.3379702530490542,0.4538986432106958,,0.20813110374024982
0.2645955789667836,23.206998808290702,0.011401542317101195,ex_market,0.2609995218356677,0.04732395605643136,,0.691676522107901
-1.1223815438915845,19.43132858390537,-0.05776144122309051,ex_market,0.0771813352803941,0.8334298833041508,,0.0893887814154551
2.43648776551298,27.17227730652064,0.08966814735544155,ex_market,0.4724747117464175,0.18824672537956924,,0.3392785628740132
1.3480142648585134,22.03445348920669,0.06117756746327764,ex_market,0.3825585232303118,0.5369020906610894,,0.08053938610859898
-0.8262431060848257,18.69689342039738,-0.04419146472638157,ex_market,0.056013058159248515,0.6399883264012511,,0.3039986154395003
-0.804141770738856,25.200280990727123,-0.03191003191716643,ex_market,0.3640677310074157,0.04609301462483347,,0.5898392543677509
4.472269794847382,25.74681209616486,0.17370188503827175,ex_market,0.8663567974455636,0.027725241365172182,,0.10591796118926411
3.2108012404005306,26.614313855925566,0.12064189434940459,ex_market,0.6750210869755487,0.0635950071416192,,0.26138390588283206
-1.2605485205877536,18.682853186083726,-0.06747087867285441,ex_market,0.09041146303682865,0.4446342173824498,,0.46495431958072153
1.1771546663421966,21.760617083518298,0.05409564727961577,ex_market,0.3200152171072819,0.5004563612891385,,0.17952842160357935
-1.6671718081556726,19.42485561439837,-0.08582672845770473,ex_market,0.014362817778254154,0.685353166029076,,0.30028401619266987
1.1771546663421957,21.760617083518298,0.05409564727961573,ex_market,0.30165569699072636,0.5388563294795397,,0.1594879735297339
0.2737487234071644,19.78928080625204,0.013833182018383178,ex_market,0.16242577344045067,0.4554374136382248,,0.3821368129213244
5.687167113209088,24.241475173168634,0.23460482798837243,ex_market,0.7032408128734907,0.08568490224486347,,0.21107428488164579
4.809662007916654,27.01428250342032,0.17804144927002566,ex_market,0.6703813041936962,0.047545777533909345,,0.2820729182723945
2.5100507802096224,26.780647870859006,0.09372629042822848,ex_market,0.828393809490417,0.1420454888903237,,0.02956070161925923
0.29219307967038727,22.309970988253944,0.013096972641645986,ex_market,0.15957156814707385,0.3361711395489476,,0.5042572923039785
-1.7259161989121385,25.232828872235185,-0.0683996315928097,ex_market,0.41881440523120184,0.13042134376825362,,0.45076425100054446
2.013823696851094,21.672542245762465,0.09292051084757055,ex_market,0.22260785743006323,0.5579025472490643,,0.21948959532087253
0.1038820119682403,25.962880153288832,0.0040011744211160254,ex_market,0.41365421363221344,0.12109467679755437,,0.4652511095702323
-0.9777000911705679,19.617935459093122,-0.049837053098898326,ex_market,0.11122265385579946,0.0501605418742629,,0.8386168042699376
0.2737487234071644,19.78928080625204,0.013833182018383178,ex_market,0.12804148154862457,0.4518004174897638,,0.42015810096161166
-0.24707455442521137,21.986589039494064,-0.011237511829609978,ex_market,0.22573843440415772,0.19545626107888073,,0.5788053045169618
-1.1223815438915843,19.43132858390537,-0.057761441223090494,ex_market,0.012872895110034433,0.812575933023947,,0.17455117186601848
-1.9594856044902569,18.52170984897325,-0.10579399096829614,ex_market,0.08770189547110668,0.10663763085249689,,0.8056604736763965
3.428065691533875,26.919745760579467,0.1273439103775306,ex_market,0.5934493332105539,0.12314537450900162,,0.2834052922804445
4.472269794847383,25.74681209616486,0.17370188503827177,ex_market,0.8518444981662233,0.027417557142918752,,0.12073794469085797
-1.7566138404319513,19.736397274771576,-0.0890037738887875,ex_market,0.07129374820430434,0.9068698954806446,,0.021836356315051153
-2.2085975106759816,19.704036482073604,-0.11208858208693012,ex_market,0.09028501681668001,0.7494932514277521,,0.16022173175556778
1.6059860806747388,21.96012927358392,0.07313190467413523,ex_market,0.15454958490622497,0.6726995665540576,,0.17275084853971756
-1.7566138404319516,19.736397274771573,-0.08900377388878752,ex_market,0.008545094107122555,0.9515427913000262,,0.03991211459285129
0.6182686706890735,22.043734798635647,0.028047364765272687,ex_market,0.38516732353692007,0.3872777184338268,,0.2275549580292532
-0.8262431060848254,18.69689342039738,-0.044191464726381566,ex_market,0.011187485215203054,0.6535260819130129,,0.33528643287178406
1.2096315420149366,24.93056169951712,0.04852002761067008,ex_market,0.44628291193949393,0.020345103786916723,,0.5333719842735895
0.8400898328504544,21.967758817230894,0.038241945381687605,ex_market,0.32849057681989857,0.3351094301444887,,0.33639999303561263
2.1135572003529104,23.101380679596737,0.0914905143401436,ex_market,0.9341812182332402,0.0388792013011282,,0.02693958046563162
-1.1223815438915843,19.43132858390537,-0.057761441223090494,ex_market,0.08306653974773275,0.7961321559792338,,0.1208013042730334
0.14037008113772226,23.42701903510121,0.005991802923231656,ex_market,0.44674946238458696,0.48629020309805027,,0.06696033451736284
2.508151980905851,27.1122891888326,0.09250978268296481,ex_market,0.510873017327188,0.13437048526889445,,0.3547564974039175
1.1985174139478125,23.14277691221436,0.051787969027609515,ex_market,0.31880254562918203,0.04992176177343015,,0.6312756925973878
-0.5116580831272207,19.28025332077313,-0.026537933636654607,ex_market,0.08471446209057856,0.8894319374450331,,0.025853600464388348
-2.098102839548693,18.706530455050512,-0.11215884445161865,ex_market,0.018178319184723294,0.23463088354105252,,0.7471907972742243
0.8400898328504549,21.96775881723089,0.03824194538168764,ex_market,0.2789772316581479,0.3895554342488947,,0.33146733409295726
2.0284628369483717,21.917285880286073,0.09255082257989147,ex_market,0.22547343702807793,0.7335752652128064,,0.040951297759115504
1.4330419402906551,21.9797392908675,0.0651983138343938,ex_market,0.10906986302811916,0.4402787311894691,,0.4506514057824117
-0.09462436371439809,21.963118871364003,-0.004308329990297534,ex_market,0.09339209540808296,0.17646811407622331,,0.7301397905156938
1.6059860806747388,21.96012927358392,0.07313190467413523,ex_market,0.1961945227912041,0.6857780836768663,,0.11802739353192945
-0.10133948912654239,19.665038652816484,-0.005153281969853283,ex_market,0.038573004659033024,0.02149517301087452,,0.9399318223300926
-1.6116943264861614,25.204172919127892,-0.06394553519574625,ex_market,0.5458241347835322,0.37492612297502154,,0.07924974224144621
-2.660151173621169,18.549015497206526,-0.14341198722958887,ex_market,0.025060718714307508,0.10084069841733737,,0.8740985828683551
2.0138236968510936,21.672542245762465,0.09292051084757054,ex_market,0.16671784534608902,0.5900568961593764,,0.2432252584945346
1.1771546663421963,21.760617083518298,0.05409564727961576,ex_market,0.24370078587044913,0.557491183440015,,0.19880803068953584
4.472269794847382,25.74681209616486,0.17370188503827175,ex_market,0.8437567918273371,0.07955928785326274,,0.07668392031940013
1.7291638287145348,22.748404927679555,0.07601253073365775,ex_market,0.28259080852927915,0.02515375720099106,,0.6922554342697298
1.291208371637188,21.712601505231177,0.05946815591490282,ex_market,0.19570260324323974,0.48904276300708727,,0.315254633749673
1.7558518810348687,21.75295523689789,0.08071785474225951,ex_market,0.408678326884103,0.4571892635886978,,0.1341324095271992
-0.505657723841529,25.256768023849737,-0.02002068211427681,ex_market,0.9547913120421961,0.00044131294912617833,,0.044767375008677654
1.3480142648585136,22.03445348920669,0.061177567463277654,ex_market,0.3058386862394287,0.6279455812340844,,0.0662157325264868
1.6059860806747388,21.96012927358392,0.07313190467413523,ex_market,0.1602713272646678,0.6880451526316453,,0.1516835201036868
-1.1223815438915843,19.431328583905366,-0.05776144122309051,ex_market,0.03176779665207293,0.83571070176211,,0.13252150158581705
0.8910098928422436,23.10723412567426,0.038559781235279644,ex_market,0.23177829378145207,0.11285006048986011,,0.6553716457286877
1.1771546663421955,21.760617083518298,0.05409564727961572,ex_market,0.3077581868058182,0.4581000740055681,,0.2341417391886137
1.1771546663421966,21.760617083518298,0.05409564727961577,ex_market,0.3087179706235251,0.4909438480127069,,0.20033818136376802
3.362228108857592,26.63935837696751,0.12621280367442955,ex_market,0.7694760929328481,0.20094206267159792,,0.029581844395554068
0.14883791072246125,22.128165297295475,0.006726174932360061,ex_market,0.1281800692942054,0.2917302658471345,,0.5800896648586601
2.0138236968510936,21.672542245762465,0.09292051084757054,ex_market,0.15155218897247008,0.6282162632144173,,0.2202315478131127
2.013823696851094,21.672542245762465,0.09292051084757055,ex_market,0.1808230460528543,0.5783374321401131,,0.2408395218070327
4.741456402091823,25.14891127521214,0.1885352550727059,ex_market,0.8081644322378981,0.14443060869323637,,0.04740495906886547
2.664649628999303,26.459143681741498,0.10070808265907756,ex_market,0.6756185121965629,0.13247052901641723,,0.19191095878702005
-0.10133948912654202,19.665038652816484,-0.005153281969853264,ex_market,0.009619784823234405,0.0006266665704055445,,0.98975354860636
7.196573583767251,27.919478221917878,0.25776175065090884,ex_market,0.6375403567555716,0.20483859846483632,,0.157621044779592
-0.26681370172345936,18.963054705551624,-0.014070185730358094,ex_market,0.14377066865859264,0.7737097696658152,,0.08251956167559213
3.4147428648974123,25.69130708785732,0.13291432986288412,ex_market,0.7330860754933883,0.13200050113185868,,0.13491342337475304
0.14037008113772187,23.42701903510121,0.00599180292323164,ex_market,0.4387144831754156,0.5172400448676229,,0.0440454719569614
0.2914727845177866,22.017864788771522,0.013238013191229402,ex_market,0.466340917513976,0.4393713585356907,,0.09428772395033319
7.196573583767251,27.919478221917878,0.25776175065090884,ex_market,0.6993053872656066,0.18542308929855603,,0.11527152343583744
-0.9161713992030043,23.353818279621343,-0.039230047447895794,ex_market,0.4634031686451777,0.48039834894720296,,0.056198482407619404
3.1138155263430836,22.47544618900521,0.1385429904324872,ex_market,0.21463859601718682,0.4549670113030361,,0.33039439267977705
2.013823696851094,21.672542245762465,0.09292051084757055,ex_market,0.21602787538207888,0.5914023930817665,,0.1925697315361547
3.200180593238232,22.658335414641442,0.14123635009640667,ex_market,0.1470450789082948,0.42115152844397546,,0.4318033926477297
0.9819234015039222,22.234868549911678,0.044161421476152894,ex_market,0.15121351031769276,0.3868403484911335,,0.4619461411911738
0.6339925156555088,25.63536752461333,0.024731165451180658,ex_market,0.490010073577482,0.0909402910723789,,0.41904963535013906
7.196573583767251,27.919478221917878,0.25776175065090884,ex_market,0.6325268873559369,0.2511740507165503,,0.11629906192751287
1.6059860806747388,21.96012927358392,0.07313190467413523,ex_market,0.19551253159771273,0.6723133975336513,,0.1321740708686361
-1.6671718081556723,19.42485561439837,-0.08582672845770471,ex_market,0.09458640670966473,0.6840925799275551,,0.22132101336278015
-0.10133948912654174,19.665038652816484,-0.005153281969853249,ex_market,0.047516935274004836,0.0076218029157046965,,0.9448612618102905
-1.4232379135721898,18.695179892132717,-0.07612860222668957,ex_market,0.0011860710998974255,0.4155749164704213,,0.5832390124296813
-0.24707455442521212,21.986589039494064,-0.011237511829610013,ex_market,0.25128538722626065,0.15207851885325088,,0.5966360939204884
2.664649628999303,26.459143681741498,0.10070808265907756,ex_market,0.6356675650301308,0.15314908073654768,,0.21118335423332157
1.348014264858513,22.03445348920669,0.06117756746327762,ex_market,0.3503041702211905,0.5428169306311585,,0.10687889914765092
-2.2085975106759816,19.704036482073604,-0.11208858208693012,ex_market,0.09152572253191282,0.7546941037963907,,0.15378017367169636
2.013823696851094,21.672542245762465,0.09292051084757055,ex_market,0.22397165707307376,0.5600097580097452,,0.21601858491718104
0.8385682325559957,22.057175985166463,0.03801793271795693,ex_market,0.2524771927021422,0.29940356731834034,,0.4481192399795174
-2.199576451127977,23.95693390411577,-0.09181377132492367,ex_market,0.4379592104060703,0.28672083521661407,,0.2753199543773155
-2.5447525501559483,18.66261442614533,-0.13635563014029,ex_market,0.09518232980142877,0.25143770899927026,,0.653379961199301
0.14883791072246141,22.128165297295475,0.006726174932360069,ex_market,0.2888594547400325,0.2517909700353002,,0.45934957522466724
-0.9777000911705676,19.617935459093122,-0.04983705309889831,ex_market,0.11730297112323199,0.05869904492224179,,0.8239979839545262
1.97644094829399,22.68891229266359,0.0871104318616612,ex_market,0.12615304907620775,0.11222981405245866,,0.7616171368713336
3.2353915390994463,26.094625232614458,0.12398689424530544,ex_market,0.5877489221932581,0.17075642961242893,,0.24149464819431296
3.9742173029351022,27.05601450456776,0.1468884969088652,ex_market,0.5761252890689426,0.08685907630844905,,0.3370156346226085
2.0284628369483717,21.917285880286073,0.09255082257989147,ex_market,0.2881965309395571,0.6557476446440719,,0.05605582441637116
0.020861931151791854,25.08164498496956,0.0008317608818803715,ex_market,0.47564352466239046,0.05002187249453786,,0.47433460284307155
2.538052493962578,22.67411006281739,0.1119361459797032,ex_market,0.17553732194829394,0.02611072296450601,,0.7983519550872
-1.1223815438915845,19.43132858390537,-0.05776144122309051,ex_market,0.024889831784945856,0.8748617982478504,,0.10024836996720386
2.1135572003529113,23.101380679596737,0.09149051434014363,ex_market,0.882296554558132,0.034902544453759475,,0.08280090098810843
1.1771546663421966,21.760617083518298,0.05409564727961577,ex_market,0.3148392021501434,0.4790884105838333,,0.2060723872660233
-0.09462436371439778,21.963118871364003,-0.00430832999029752,ex_market,0.12717832945088486,0.16301624358918346,,0.7098054269599317
-1.3585123056307,18.715881931456835,-0.07258606944619124,ex_market,0.012061644992394729,0.4881300677174493,,0.4998082872901561
-0.7707746043265052,18.7860845983556,-0.041029018063182286,ex_market,0.026926785584487422,0.5035949988782492,,0.4694782155372635
1.2121143890667276,27.576592843724324,0.04395446514844477,ex_market,0.42410448677685886,0.149994925391612,,0.42590058783152923
3.8037140592140917,27.557394013029143,0.13802880117771268,ex_market,0.5010555292914063,0.0897450140778228,,0.40919945663077084
2.013823696851094,21.672542245762465,0.09292051084757055,ex_market,0.16367906052802086,0.5844128072732202,,0.251908132198759
1.348014264858513,22.03445348920669,0.06117756746327762,ex_market,0.3263140420992931,0.5675118657680839,,0.10617409213262294
-0.9549868044027098,19.9595631309982,-0.0478460774982987,ex_market,0.11017686946730337,0.3460311623857419,,0.5437919681469546
1.6059860806747388,21.96012927358392,0.07313190467413523,ex_market,0.19948431232634747,0.690422712720786,,0.11009297495286662
2.147411783195048,21.609329771544054,0.09937428906346277,ex_market,0.12018254117644846,0.6472483771964687,,0.23256908162708284
1.2121143890667274,27.57659284372432,0.04395446514844477,ex_market,0.45935532539619606,0.1189201900177327,,0.42172448458607126
2.6646496289993027,26.459143681741494,0.10070808265907756,ex_market,0.6126641157343614,0.15752130377727686,,0.2298145804883617
-0.8262431060848254,18.696893420397384,-0.04419146472638155,ex_market,0.1073653229302228,0.5750498291229681,,0.317584847946809
-1.6671718081556728,19.42485561439837,-0.08582672845770474,ex_market,0.041785392945360156,0.7144652653451763,,0.2437493417094636
0.7693170501658414,22.030712246032326,0.034920207824915034,ex_market,0.2891277691088129,0.5708470663483857,,0.1400251645428016
-0.7038365091211575,18.954951657805527,-0.03713206563772,ex_market,0.13998284199616168,0.7216770205837367,,0.13834013742010146
5.003497136961428,27.53290230877497,0.1817279224990603,ex_market,0.6092352421095073,0.04209193583039862,,0.3486728220600941
-0.8557226993918938,25.232284457390527,-0.03391380201160746,ex_market,0.5970580257754521,0.33519040852153575,,0.06775156570301213
0.14883791072246125,22.128165297295475,0.006726174932360061,ex_market,0.17225172841614578,0.27188255271886985,,0.5558657188649843
6.344396255119284,28.176995841505097,0.2251622667932323,ex_market,0.630019427086851,0.18023077963962256,,0.1897497932735265
7.196573583767251,27.919478221917878,0.25776175065090884,ex_market,0.6411509142048183,0.2530383190004552,,0.10581076679472654
1.177154666342196,21.760617083518298,0.054095647279615744,ex_market,0.2855128696824805,0.504968506795841,,0.20951862352167838
0.9819234015039221,22.234868549911678,0.04416142147615289,ex_market,0.129686569243253,0.406358085294598,,0.46395534546214906
-0.09462436371439707,21.963118871364003,-0.004308329990297488,ex_market,0.10500876544478333,0.21204905858479434,,0.6829421759704224
0.8385682325559957,22.057175985166463,0.03801793271795693,ex_market,0.26332288288553135,0.2899010983433655,,0.4467760187711031
1.605986080674739,21.96012927358392,0.07313190467413523,ex_market,0.22724600348716145,0.5984219492238753,,0.1743320472889633
1.348014264858513,22.03445348920669,0.06117756746327762,ex_market,0.3586139379223387,0.546694874368988,,0.09469118770867323
0.618268670689073,22.043734798635644,0.028047364765272666,ex_market,0.37307025641957403,0.32919914342257506,,0.29773060015785086
0.8910098928422433,23.10723412567426,0.03855978123527963,ex_market,0.26037885748617046,0.1011072695531268,,0.6385138729607027
-1.1223815438915843,19.43132858390537,-0.057761441223090494,ex_market,0.04137392237128782,0.8039920419666793,,0.15463403566203296
0.787737371557701,21.925466019930063,0.035927964807592305,ex_market,0.11030063831092096,0.12426674430807891,,0.765432617381
1.348014264858513,22.03445348920669,0.06117756746327762,ex_market,0.31212862302584604,0.5969617604680575,,0.09090961650609643
-0.22397619057719673,23.804061646262085,-0.009409158567333254,ex_market,0.45339902199705223,0.5369272446131481,,0.0096737333897996
-0.9777000911705676,19.617935459093125,-0.049837053098898305,ex_market,0.0839852156456393,0.04294814861748544,,0.8730666357368753
-1.3585123056307005,18.715881931456835,-0.07258606944619125,ex_market,0.0781732700427316,0.42862430546025204,,0.49320242449701635
4.741456402091823,25.14891127521214,0.1885352550727059,ex_market,0.819757208977261,0.14192284088140952,,0.03831995014132938
-1.3585123056307,18.715881931456835,-0.07258606944619124,ex_market,0.03797970500476569,0.42029609183560385,,0.5417242031596305
3.1138155263430836,22.475446189005208,0.13854299043248722,ex_market,0.22069024385116118,0.4371730749863541,,0.34213668116248463
1.3480142648585136,22.03445348920669,0.061177567463277654,ex_market,0.31493695733721383,0.617469952442131,,0.06759309022065517
-2.274032497852943,18.590026799560466,-0.12232540180600907,ex_market,0.035074763657375316,0.21809008010638933,,0.7468351562362354
-2.669007211094589,23.976480045566777,-0.11131772495424964,ex_market,0.33794400644604977,0.18558757775282325,,0.4764684158011269
4.472269794847383,25.746812096164856,0.1737018850382718,ex_market,0.8446605551875532,0.07752725131994666,,0.07781219349250014
-1.1223815438915843,19.43132858390537,-0.057761441223090494,ex_market,0.010047663547405708,0.8157856031817553,,0.1741667332708388
0.1403700811377215,23.42701903510121,0.005991802923231624,ex_market,0.4247520422523974,0.5483602830075676,,0.026887674740035214
0.1513381857151507,24.045949314190697,0.006293708089337493,ex_market,0.8468497709831806,0.14900658458832258,,0.004143644428496795
3.2258877018205188,27.173065879273064,0.11871636848565086,ex_market,0.5432979768452133,0.09565128517419763,,0.3610507379805891
-2.669007211094589,23.976480045566774,-0.11131772495424966,ex_market,0.2925471274415902,0.17173363890905008,,0.5357192336493598
-1.3585123056307,18.715881931456835,-0.07258606944619124,ex_market,0.049562143581109386,0.4340054464847786,,0.516432409934112
-0.7707746043265056,18.7860845983556,-0.0410290180631823,ex_market,0.08751025059116338,0.4848861550359167,,0.42760359437291984
-0.505657723841529,25.256768023849737,-0.02002068211427681,ex_market,0.9128968816993333,0.03118287055919646,,0.055920247741470426
-0.9883517207288162,24.92215368932465,-0.03965755660788693,ex_market,0.3858272286645817,0.18228823415271103,,0.43188453718270736
-0.7707746043265056,18.7860845983556,-0.0410290180631823,ex_market,0.031166756782289508,0.5396898220689194,,0.4291434211487913
-0.2710268566633191,19.67495796763807,-0.013775219093618106,ex_market,0.07375641978174692,0.3272980854348872,,0.5989454947833659
-0.7038365091211575,18.954951657805527,-0.03713206563772,ex_market,0.13802094642831275,0.7127241003937398,,0.1492549531779476
0.2914727845177872,22.01786478877152,0.013238013191229433,ex_market,0.4317038369670086,0.4563252365642881,,0.11197092646870321
-3.166276051170677,24.210230124950105,-0.13078256732035604,ex_market,0.35846583126609133,0.16073599410854025,,0.4807981746253684
0.26459557896678404,23.2069988082907,0.011401542317101216,ex_market,0.21230919043187815,0.06504480038673775,,0.722646009181384
0.840089832850455,21.967758817230894,0.03824194538168764,ex_market,0.3261373305058538,0.38328107922540516,,0.29058159026874086
0.8656834712352254,25.528642054449183,0.033910282786896666,ex_market,0.49564380612862746,0.06930633732438617,,0.43504985654698636
1.4330419402906551,21.9797392908675,0.0651983138343938,ex_market,0.11389827391587054,0.43405760918481534,,0.4520441168993142
-2.0424722533700908,18.973512821509512,-0.10764860848771542,ex_market,0.14206040002783502,0.3547471173979242,,0.5031924825742408
2.664649628999303,26.459143681741498,0.10070808265907756,ex_market,0.6296319244071895,0.11294282454405451,,0.2574252510487559
2.6891911151601353,26.478587778284556,0.10156097212085537,ex_market,0.5768993992517667,0.2387232439038942,,0.18437735684433915
-1.555489184112946,25.127331970151353,-0.06190427164947374,ex_market,0.3710796461777463,0.08433329525540682,,0.5445870585668469
0.5279615069554969,22.11434119109544,0.023874168458868604,ex_market,0.3080799424001449,0.5416086835072867,,0.15031137409256842
6.344396255119283,28.176995841505097,0.22516226679323229,ex_market,0.7136062110965253,0.1328332776998405,,0.15356051120363426
5.68716711320909,24.241475173168634,0.23460482798837248,ex_market,0.6877911265794044,0.07244706824471694,,0.23976180517587867
2.0284628369483713,21.917285880286073,0.09255082257989145,ex_market,0.26905319441660497,0.6652544868910136,,0.0656923186923815
0.8910098928422431,23.10723412567426,0.03855978123527962,ex_market,0.26289852013190224,0.10438580455197548,,0.6327156753161223
2.436487765512981,27.17227730652064,0.0896681473554416,ex_market,0.47629937014797513,0.18637247793305026,,0.33732815191897464
-1.1223815438915843,19.431328583905366,-0.05776144122309051,ex_market,0.015922774209573567,0.8321881565953869,,0.15188906919503953
-0.13228311614327573,23.979755648823204,-0.005516449711997621,ex_market,0.5314005885163158,0.31413882577816477,,0.15446058570551938
6.806935127887862,27.72236450264158,0.24553948589827887,ex_market,0.821010324382482,0.0070147272453660965,,0.17197494837215202
-0.24707455442521212,21.986589039494064,-0.011237511829610013,ex_market,0.2525247966659996,0.1759594536990944,,0.571515749634906
0.9264548997456028,22.164193414245464,0.04179962168828431,ex_market,0.3253524463936948,0.2851151927065337,,0.3895323608997715
-0.5116580831272208,19.28025332077313,-0.026537933636654614,ex_market,0.09281848892161015,0.8889812115724901,,0.01820029950589976
4.472269794847383,25.74681209616486,0.17370188503827177,ex_market,0.8409553442549929,0.022956186272471965,,0.13608846947253528
1.2121143890667294,27.57659284372432,0.04395446514844484,ex_market,0.45203108545912285,0.14998316026288455,,0.39798575427799265
1.1771546663421963,21.760617083518298,0.05409564727961576,ex_market,0.23587691161981955,0.5504343488493084,,0.21368873953087214
-1.0493643065634377,19.68736757851959,-0.05330140265695265,ex_market,0.11589279029183563,0.07188755691897258,,0.8122196527891918
-0.95498680440271,19.9595631309982,-0.04784607749829871,ex_market,0.13673297036271362,0.33896386545779494,,0.5243031641794915
1.4633257407389226,22.852101822426572,0.0640346236903444,ex_market,0.3453708899006527,0.018890330578777592,,0.6357387795205697
0.9418417309477934,25.056626978371142,0.03758852824672018,ex_market,0.4201321830850298,0.012423176304312455,,0.5674446406106577
-0.2668137017234595,18.963054705551624,-0.0140701857303581,ex_market,0.18560674167939903,0.7873951705310274,,0.02699808778957354
-0.8557226993918938,25.232284457390527,-0.03391380201160746,ex_market,0.5943490326128438,0.3405286126546779,,0.06512235473247828
7.196573583767251,27.91947822191788,0.2577617506509088,ex_market,0.6625455127795657,0.19687615050465362,,0.1405783367157806
2.43648776551298,27.17227730652064,0.08966814735544155,ex_market,0.48259068690842216,0.18711832007990034,,0.3302909930116774
0.14883791072246105,22.128165297295475,0.006726174932360053,ex_market,0.2768103180091659,0.2428430773860033,,0.48034660460483086
-2.274032497852944,18.590026799560466,-0.12232540180600911,ex_market,0.008704793031657462,0.16205643380043283,,0.8292387731679096
-1.1223815438915843,19.43132858390537,-0.057761441223090494,ex_market,0.06561181278289635,0.8092228928546992,,0.12516529436240448
4.472269794847383,25.74681209616486,0.17370188503827177,ex_market,0.7630230052898036,0.061443675577511375,,0.17553331913268522
-0.26681370172345903,18.963054705551624,-0.014070185730358077,ex_market,0.17301461807976734,0.7694556761352284,,0.05752970578500431
-1.5069048550894906,25.18861551231301,-0.059824838500825275,ex_market,0.40678459267114403,0.13210768702182688,,0.46110772030702907
5.003497136961427,27.53290230877497,0.18172792249906028,ex_market,0.5480326148907486,0.04487914159392172,,0.4070882435153298
0.1488379107224605,22.128165297295475,0.006726174932360027,ex_market,0.11521912829183127,0.2528221845306734,,0.6319586871774954
-2.2085975106759816,19.704036482073608,-0.1120885820869301,ex_market,0.06106169214630023,0.7696005952996547,,0.16933771255404512
0.6182686706890728,22.043734798635644,0.028047364765272656,ex_market,0.3692929800865822,0.38753490714084116,,0.24317211277257655
0.14883791072246125,22.128165297295475,0.006726174932360061,ex_market,0.12897035609863902,0.29203980776140714,,0.5789898361399537
-0.804141770738856,25.200280990727123,-0.03191003191716643,ex_market,0.3629002798209015,0.05388054578447973,,0.5832191743946187
1.348014264858513,22.03445348920669,0.06117756746327762,ex_market,0.3235717245224946,0.5651633827617769,,0.11126489271572847
5.003497136961427,27.532902308774972,0.18172792249906025,ex_market,0.5458263561152776,0.056548886633764936,,0.3976247572509575
2.5380524939625775,22.67411006281739,0.11193614597970317,ex_market,0.1863386059549306,0.00150054083408479,,0.8121608532109847
4.472269794847383,25.74681209616486,0.17370188503827177,ex_market,0.7909471749600487,0.08120073176670571,,0.12785209327324543
0.6182686706890737,22.043734798635644,0.028047364765272698,ex_market,0.34477257461670713,0.34161348996209245,,0.3136139354212004
1.2912083716371874,21.712601505231174,0.0594681559149028,ex_market,0.1741793335119757,0.5215345819015561,,0.3042860845864682
4.472269794847383,25.74681209616486,0.17370188503827177,ex_market,0.8206584397635359,0.02911790472137561,,0.15022365551508837
-1.821327272088558,25.184678883815955,-0.07231886022782438,ex_market,0.38189816066355603,0.06713514977939311,,0.550966689557051
-1.1223815438915845,19.43132858390537,-0.05776144122309051,ex_market,0.040581240743411885,0.8658836828095436,,0.09353507644704444
2.5380524939625775,22.67411006281739,0.11193614597970317,ex_market,0.17706742315214563,0.00299361947036723,,0.8199389573774872
-1.1794655605827393,19.733512296509296,-0.05976967216248679,ex_market,0.12024723062293267,0.8542349983080734,,0.0255177710689941
3.9742173029351036,27.05601450456776,0.14688849690886527,ex_market,0.618718236131041,0.06595877035938659,,0.31532299350957227
1.348014264858513,22.03445348920669,0.06117756746327762,ex_market,0.3145259763815287,0.5666191653483653,,0.11885485827010601
3.548824798847247,26.402569112294355,0.13441210147921917,ex_market,0.666603450954613,0.33096883671612654,,0.0024277123292604616
5.609570590278647,27.431104732461,0.20449670711293044,ex_market,0.6530490162792348,0.007577453254610265,,0.33937353046615476
1.7583148130060386,27.23941134183482,0.06455039688391244,ex_market,0.5003514298578728,0.11685521618617585,,0.38279335395595127
1.4633257407389222,22.852101822426572,0.06403462369034439,ex_market,0.3426005964457187,0.005518421224148291,,0.6518809823301329
1.605986080674739,21.96012927358392,0.07313190467413523,ex_market,0.19225622289311475,0.6173309736381605,,0.19041280346872475
-0.9549868044027096,19.959563130998195,-0.047846077498298695,ex_market,0.09490786982654964,0.31846294494737265,,0.5866291852260777
2.0654665489825623,25.647689472154294,0.0805322659266047,ex_market,0.5329675554451926,0.015600820313993497,,0.45143162424081407
1.291208371637188,21.712601505231177,0.05946815591490282,ex_market,0.20654253323004676,0.47281871235269607,,0.32063875441725725
4.741456402091822,25.14891127521214,0.18853525507270585,ex_market,0.8013772751512317,0.14373213681508673,,0.05489058803368157
0.4443601822349893,23.132697207460954,0.019209181629271904,ex_market,0.2799541772312862,0.10326611968004994,,0.6167797030886639
6.440601956672985,28.12348485396828,0.22901151795707506,ex_market,0.5975088543735384,0.24216418990829283,,0.16032695571816888
-0.9386475382449201,21.302579456465697,-0.044062623503353174,ex_market,0.18244928807092245,0.34066767479005944,,0.4768830371390181
2.73284278959273,27.600306137706717,0.0990149448324162,ex_market,0.6229847091609724,0.2937153759367786,,0.08329991490224901
-0.26681370172345953,18.963054705551624,-0.014070185730358103,ex_market,0.12447325398738152,0.8136817963565457,,0.06184494965607274
4.472269794847383,25.746812096164856,0.1737018850382718,ex_market,0.7905964782699175,0.09743316830125523,,0.11197035342882722
6.344396255119284,28.176995841505097,0.2251622667932323,ex_market,0.6427788544587394,0.17150507903436712,,0.18571606650689348
0.9264548997456026,22.16419341424546,0.04179962168828431,ex_market,0.2730742430923192,0.3245037660422431,,0.4024219908654376
1.97644094829399,22.68891229266359,0.0871104318616612,ex_market,0.12595384077571772,0.10744910658095866,,0.7665970526433237
-2.2740324978529434,18.590026799560466,-0.12232540180600908,ex_market,0.09380264644446494,0.1484497036915307,,0.7577476498640044
-1.5665930825201164,18.463788596556235,-0.084846783980392,ex_market,0.02991157213846819,0.28984439147459506,,0.6802440363869368
0.840909123998081,26.62743888871249,0.03158054845264855,ex_market,0.35581338884223945,0.27093480319058505,,0.3732518079671755
-0.09462436371439696,21.963118871364003,-0.0043083299902974825,ex_market,0.08742976286643568,0.21175543165925756,,0.7008148054743069
3.548824798847248,26.402569112294355,0.1344121014792192,ex_market,0.6990348148359781,0.26622214648850356,,0.03474303867551834
1.4633257407389222,22.852101822426572,0.06403462369034439,ex_market,0.3414955555928226,0.007079713933417252,,0.6514247304737603
2.7328427895927296,27.600306137706713,0.0990149448324162,ex_market,0.6149312269362257,0.31273827981867747,,0.0723304932450967
0.618268670689073,22.043734798635647,0.028047364765272663,ex_market,0.3634034266813125,0.3995951184772525,,0.2370014548414351
0.6500824359075534,25.62939903055394,0.025364716321675158,ex_market,0.4651521698033601,0.09674362688158486,,0.438104203315055
1.729163828714534,22.748404927679555,0.07601253073365771,ex_market,0.25595232463966233,0.0434328323796159,,0.7006148429807219
1.7291638287145348,22.748404927679555,0.07601253073365775,ex_market,0.23281462731679034,0.0348256559792416,,0.732359716703968
2.664649628999303,26.459143681741498,0.10070808265907756,ex_market,0.6324875607644203,0.1364984072055982,,0.23101403202998147
2.6646496289993022,26.45914368174149,0.10070808265907755,ex_market,0.6633724088326726,0.11068794366368452,,0.2259396475036431
-1.5582990024516785,25.127659376842104,-0.062015286783201964,ex_market,0.39705351657438376,0.11163532951692468,,0.4913111539086916
-2.199576451127977,23.95693390411577,-0.09181377132492367,ex_market,0.4460925083736258,0.29783968150262613,,0.25606781012374796
-1.1834570389462515,23.899990065803344,-0.049517051500143405,ex_market,0.480435332820554,0.3525867444613299,,0.16697792271811626
0.14883791072246066,22.128165297295475,0.006726174932360035,ex_market,0.22172905221291123,0.25521636418500915,,0.5230545836020797
0.18194767733419592,19.17896325579383,0.009486835910084042,ex_market,0.00924308290874871,0.059944352693152354,,0.930812564398099
0.381779948251364,21.947975159977762,0.01739476855914263,ex_market,0.41180673654751204,0.37911339667303223,,0.20907986677945586
2.0284628369483713,21.917285880286073,0.09255082257989145,ex_market,0.25294603047888836,0.7179459441964867,,0.029108025324625135
5.003497136961428,27.532902308774972,0.18172792249906028,ex_market,0.58911149650544,0.011753126012127735,,0.39913537748243216
5.687167113209089,24.241475173168634,0.23460482798837246,ex_market,0.7289063565283763,0.06800783804859316,,0.20308580542303042
-0.11784842152929056,24.617672266134758,-0.004787147227194578,ex_market,0.9187584499171731,0.07083524382151697,,0.01040630626130991
0.1488379107224605,22.128165297295475,0.006726174932360027,ex_market,0.17692725500310538,0.2755749038402918,,0.5474978411566029
0.14883791072246125,22.128165297295475,0.006726174932360061,ex_market,0.1106130198858947,0.2972027340883748,,0.5921842460257306
0.18194767733419628,19.17896325579383,0.009486835910084061,ex_market,0.009858795645030215,0.04861939084665263,,0.9415218135083171
5.185267852744892,25.262086150880382,0.20525889357493385,ex_market,0.8326876679379456,0.11741421394166761,,0.049898118120386935
1.7558518810348678,21.752955236897886,0.08071785474225948,ex_market,0.3814655525839278,0.47121429780284635,,0.147320149613226
2.117655324722032,25.625955781209477,0.08263712552983343,ex_market,0.5041917220465886,0.05766575913139418,,0.4381425188220172
2.0284628369483717,21.917285880286073,0.09255082257989147,ex_market,0.21412869873091758,0.7356866415487404,,0.050184659720342153
0.527961506955497,22.11434119109544,0.02387416845886861,ex_market,0.33990048803218814,0.513901424251403,,0.14619808771640888
6.344396255119281,28.1769958415051,0.22516226679323217,ex_market,0.6909186158469874,0.15563155869568482,,0.15344982545732763
3.9742173029351022,27.05601450456776,0.1468884969088652,ex_market,0.6405755116021505,0.04038269077053236,,0.31904179762731705
0.9264548997456022,22.16419341424546,0.04179962168828429,ex_market,0.23336161225125532,0.3333704592679586,,0.4332679284807861
-2.199576451127977,23.95693390411577,-0.09181377132492367,ex_market,0.39737939476463735,0.2867695218244383,,0.31585108341092427
0.14883791072246086,22.128165297295475,0.006726174932360044,ex_market,0.2501730080236412,0.18836907631844074,,0.5614579156579182
-0.7707746043265052,18.7860845983556,-0.041029018063182286,ex_market,0.03479250982460898,0.5983750913513306,,0.36683239882406043
-0.7707746043265056,18.7860845983556,-0.0410290180631823,ex_market,0.04169740452697153,0.5576712500190879,,0.40063134545394063
2.664649628999302,26.459143681741494,0.10070808265907752,ex_market,0.6043256492004676,0.12542216767634087,,0.2702521831231913
-2.199576451127977,23.95693390411577,-0.09181377132492367,ex_market,0.4003991557086124,0.2662382905407804,,0.3333625537506072
-1.3777737799893381,23.98128232454319,-0.05745204786541112,ex_market,0.497589675869902,0.2905178302757531,,0.21189249385434497
1.1852439549411196,23.13867424592834,0.051223503228347754,ex_market,0.1803934722055112,0.07254915622748878,,0.7470573715670003
6.344396255119284,28.176995841505097,0.2251622667932323,ex_market,0.6614521581790707,0.16346147769562397,,0.1750863641253055
6.440601956672985,28.12348485396828,0.22901151795707506,ex_market,0.5983117106901625,0.22583776730425875,,0.1758505220055787
-0.26681370172345953,18.963054705551624,-0.014070185730358103,ex_market,0.14488311318173017,0.8005571304880623,,0.054559756330207584
2.0138236968510936,21.672542245762465,0.09292051084757054,ex_market,0.17031354338591834,0.5568976531864914,,0.27278880342759015
0.1488379107224618,22.12816529729547,0.006726174932360087,ex_market,0.25277313574455584,0.21028762011515392,,0.5369392441402903
-0.09462436371439777,21.963118871364003,-0.00430832999029752,ex_market,0.14134741763687525,0.1728311883213813,,0.6858213940417435
4.472269794847383,25.74681209616486,0.17370188503827177,ex_market,0.8422009886611993,0.02679614515594795,,0.1310028661828528
-0.5056577238415282,25.256768023849737,-0.02002068211427678,ex_market,0.886045236941476,0.015401613776142518,,0.09855314928238158
0.6182686706890728,22.043734798635644,0.028047364765272656,ex_market,0.3865941393617558,0.3622501187671167,,0.2511557418711273
-0.1773698153795682,20.044750158127826,-0.008848691751179683,ex_market,0.1873956343924944,0.3831439423737955,,0.42946042323371
2.73284278959273,27.60030613770671,0.09901494483241623,ex_market,0.6557869371846394,0.273661039628702,,0.07055202318665854
0.14883791072246141,22.128165297295475,0.006726174932360069,ex_market,0.15548178494087575,0.23452037436991657,,0.6099978406892076
0.8910098928422439,23.107234125674257,0.03855978123527966,ex_market,0.20654881708332193,0.12803365876737433,,0.6654175241493038
-1.5665930825201164,18.463788596556235,-0.084846783980392,ex_market,0.032654454543180736,0.31960811496955294,,0.6477374304872663
-0.8262431060848257,18.696893420397384,-0.044191464726381566,ex_market,0.10562585936146449,0.6035230624105877,,0.2908510782279477
4.741456402091823,25.14891127521214,0.1885352550727059,ex_market,0.8211915883581201,0.1299968079134139,,0.048811603728466074
2.5081519809058497,27.1122891888326,0.09250978268296475,ex_market,0.4839918348675149,0.1527969577361007,,0.36321120739638435
6.9737815743841445,27.148166253919857,0.2568785497013644,ex_market,0.7291427568839272,0.13861788966388128,,0.13223935345219168
7.196573583767251,27.919478221917878,0.25776175065090884,ex_market,0.6611184002083982,0.21387660320354207,,0.12500499658805972
8.653915681431561,26.24967749685229,0.32967702869630766,ex_market,0.7368072598771498,0.06296464597367792,,0.2002280941491724
-0.8262431060848257,18.696893420397384,-0.044191464726381566,ex_market,0.039069306513100435,0.6448851619059625,,0.3160455315809371
1.6059860806747388,21.96012927358392,0.07313190467413523,ex_market,0.18521494258627397,0.6798198559494781,,0.134965201464248
-1.7259161989121377,25.232828872235185,-0.06839963159280968,ex_market,0.425633354147074,0.11791993640590866,,0.4564467094470174
-1.3585123056307,18.715881931456835,-0.07258606944619124,ex_market,0.057134692427270574,0.44658624208520104,,0.4962790654875283
-0.3887942327659491,19.578313427273113,-0.019858412942882125,ex_market,0.04315283326383361,0.03105812652733176,,0.9257890402088345
-1.5665930825201164,18.463788596556235,-0.084846783980392,ex_market,0.05560317711246578,0.27488175601176207,,0.6695150668757721
1.7558518810348678,21.75295523689789,0.08071785474225947,ex_market,0.3793696481617919,0.46299143215847166,,0.1576389196797365
7.196573583767251,27.919478221917878,0.25776175065090884,ex_market,0.6756866025771298,0.18761143180466355,,0.13670196561820688
-0.804141770738856,25.200280990727123,-0.03191003191716643,ex_market,0.3454085115164839,0.04792679956181384,,0.6066646889217023
0.787737371557701,21.925466019930063,0.035927964807592305,ex_market,0.11818856535848461,0.12745447874005536,,0.7543569559014599
-1.3585123056307,18.715881931456835,-0.07258606944619124,ex_market,0.041173940387683454,0.43531957611352345,,0.5235064834987933
-2.2740324978529434,18.59002679956047,-0.12232540180600907,ex_market,0.044820664640237554,0.16707207730919876,,0.7881072580505637
-0.13228311614327554,23.979755648823204,-0.005516449711997613,ex_market,0.5428410812477725,0.30241604528957483,,0.15474287346265267
0.8621934182826672,26.619361029336496,0.03238971128304799,ex_market,0.4613088864464893,0.21682634248618277,,0.32186477106732797
0.14883791072246125,22.128165297295475,0.006726174932360061,ex_market,0.15564296905237135,0.2780453110958755,,0.566311719851753
-0.24707455442521212,21.986589039494064,-0.011237511829610013,ex_market,0.22069719993108947,0.17448171237894589,,0.6048210876899647
3.1138155263430836,22.47544618900521,0.1385429904324872,ex_market,0.19963243287378024,0.4227986607331951,,0.3775689063930247
0.14883791072246141,22.128165297295475,0.006726174932360069,ex_market,0.1932635723589962,0.21291906346087608,,0.5938173641801275
-0.8262431060848254,18.696893420397384,-0.04419146472638155,ex_market,0.13498294042351597,0.5464415267957624,,0.31857553278072154
0.14883791072246105,22.12816529729547,0.0067261749323600534,ex_market,0.26409558282752044,0.22253512533181372,,0.5133692918406658
-0.7038365091211575,18.954951657805527,-0.03713206563772,ex_market,0.13099624021689354,0.7213147471284822,,0.1476890126546243
0.8400898328504549,21.96775881723089,0.03824194538168764,ex_market,0.3031457852052707,0.37515302341290196,,0.3217011913818273
0.27374872340716483,19.78928080625204,0.0138331820183832,ex_market,0.10905846798640434,0.47019688541434684,,0.42074464659924876
5.003497136961427,27.532902308774972,0.18172792249906025,ex_market,0.5462290334203797,0.06000177783597525,,0.39376918874364497
0.8400898328504546,21.96775881723089,0.038241945381687625,ex_market,0.23212983182442995,0.421150115152685,,0.3467200530228851
0.9264548997456025,22.164193414245464,0.04179962168828429,ex_market,0.25910930995377224,0.3568305033094541,,0.38406018673677356
0.9264548997456026,22.16419341424546,0.04179962168828431,ex_market,0.266215696492393,0.3346171431331317,,0.39916716037447547
-1.3585123056307005,18.715881931456835,-0.07258606944619125,ex_market,0.08614336125428838,0.4165073382693842,,0.49734930047632736
-0.8262431060848258,18.69689342039738,-0.04419146472638158,ex_market,0.09374453594376586,0.6210424162867747,,0.2852130477694595
0.10388201196824086,25.962880153288832,0.004001174421116047,ex_market,0.45672011669268464,0.09895466445181064,,0.4443252188555045
-1.6671718081556726,19.42485561439837,-0.08582672845770473,ex_market,0.07428106517710215,0.7034680783404563,,0.22225085648244144
1.1771546663421963,21.760617083518298,0.05409564727961576,ex_market,0.253716143442507,0.5425470724989279,,0.20373678405856513
-1.6671718081556726,19.42485561439837,-0.08582672845770473,ex_market,0.026794205440794482,0.708957863953684,,0.26424793060552154
-0.9549868044027096,19.959563130998195,-0.047846077498298695,ex_market,0.1066890848988964,0.32983491846047364,,0.5634759966406301
2.7328427895927305,27.600306137706713,0.09901494483241623,ex_market,0.7056204123422389,0.2503513064557121,,0.04402828120204902
3.5488247988472463,26.402569112294355,0.13441210147921914,ex_market,0.7405557125540748,0.24665408397882702,,0.012790203467098174
1.7158903697078407,22.74455800941868,0.0754417988245687,ex_market,0.13640238286557574,0.038117513855016764,,0.8254801032794076
-0.8557226993918938,25.232284457390527,-0.03391380201160746,ex_market,0.5907171499110003,0.3495158589252774,,0.05976699116372227
5.003497136961429,27.532902308774972,0.1817279224990603,ex_market,0.5577026176879525,0.042394499949219205,,0.3999028823628284
6.806935127887862,27.72236450264158,0.24553948589827887,ex_market,0.784987750572348,0.0031707390050774754,,0.21184151042257454
-0.2710268566633191,19.67495796763807,-0.013775219093618106,ex_market,0.04667493271999303,0.3550658704758988,,0.5982591968041081
1.1771546663421963,21.760617083518298,0.05409564727961576,ex_market,0.2624552111528277,0.4869455941803107,,0.25059919466686176
0.9963640486210706,19.784585272490805,0.0503606234294643,ex_market,0.08271167666149469,0.5364674387785259,,0.38082088455997937
-2.544752550155948,18.66261442614533,-0.13635563014028998,ex_market,0.0918428511265268,0.27823431237226565,,0.6299228365012076
0.9819234015039224,22.234868549911678,0.04416142147615291,ex_market,0.2176099481060882,0.3259150205857325,,0.45647503130817935
-0.23109366135056914,23.80048091842325,-0.009709621504778729,ex_market,0.4955757198957755,0.47075836460441184,,0.03366591549981273
-1.1223815438915845,19.43132858390537,-0.05776144122309051,ex_market,0.0003809860456621981,0.8608579472295363,,0.13876106672480137
0.7693170501658412,22.030712246032326,0.03492020782491502,ex_market,0.2860122175738779,0.6074050080676281,,0.10658277435849393
3.548824798847247,26.402569112294355,0.13441210147921917,ex_market,0.6478221227818324,0.32750971445181665,,0.024668162766351056
-1.3585123056307,18.715881931456835,-0.07258606944619124,ex_market,0.020402079718187985,0.4541194038506867,,0.5254785164311254
0.6339925156555086,25.63536752461333,0.024731165451180648,ex_market,0.48288154114079945,0.0906149600085703,,0.4265034988506303
-0.2470745544252122,21.986589039494064,-0.011237511829610016,ex_market,0.1845404595123034,0.15727971672691662,,0.6581798237607799
1.2096315420149366,24.93056169951712,0.04852002761067008,ex_market,0.4565974708944373,0.001034104662889015,,0.5423684244426736
1.3350781552477082,22.020473214632094,0.06062894935221087,ex_market,0.11074127306549177,0.4046937988822451,,0.4845649280522632
0.8910098928422436,23.10723412567426,0.038559781235279644,ex_market,0.22383035504817098,0.11390451193073661,,0.6622651330210925
-0.24707455442521212,21.986589039494064,-0.011237511829610013,ex_market,0.24651538628876543,0.1623099099055851,,0.5911747038056494
0.6182686706890731,22.043734798635647,0.028047364765272666,ex_market,0.40183310668295447,0.38986932470185415,,0.20829756861519133
-0.7665305585674362,24.870108382217104,-0.030821359794010676,ex_market,0.36719095491156245,0.16435497032969107,,0.4684540747587465
0.14883791072246105,22.128165297295475,0.006726174932360053,ex_market,0.1848245250228974,0.24609517900563974,,0.569080295971463
-2.2740324978529434,18.590026799560466,-0.12232540180600908,ex_market,0.03764193214571012,0.19309808301865267,,0.7692599848356372
-0.2710268566633191,19.67495796763807,-0.013775219093618106,ex_market,0.06744680050673565,0.3356937668659657,,0.5968594326272987
1.7564581414505676,22.64911149928418,0.07755086293333516,ex_market,0.1616480729728714,0.11931619009766307,,0.7190357369294655
0.020861931151791854,25.08164498496956,0.0008317608818803715,ex_market,0.47630027743119413,0.05077453037288227,,0.47292519219592355
-2.9406650153036207,18.433562637890827,-0.1595277631922887,ex_market,0.08212621699685659,0.24685139942109383,,0.6710223835820495
0.6182686706890733,22.043734798635647,0.028047364765272677,ex_market,0.35162311256686163,0.38502770782834883,,0.2633491796047896
-1.1223815438915843,19.43132858390537,-0.057761441223090494,ex_market,0.08187978984122306,0.8151932122849336,,0.10292699787384332
0.9171253167996094,23.24567382193588,0.039453591400315305,ex_market,0.287487615263924,0.04483490379511641,,0.6676774809409597
-0.3887942327659478,19.578313427273113,-0.01985841294288206,ex_market,0.07881390609873766,0.0416397953766779,,0.8795462985245844
0.14883791072246141,22.128165297295475,0.006726174932360069,ex_market,0.2164884826933658,0.2310331019962442,,0.55247841531039
2.43648776551298,27.17227730652064,0.08966814735544155,ex_market,0.5123564176259804,0.16265898130174905,,0.3249846010722705
-0.8262431060848254,18.696893420397384,-0.04419146472638155,ex_market,0.09675094605850919,0.5609853780499942,,0.3422636758914967
2.0138236968510936,21.672542245762465,0.09292051084757054,ex_market,0.13509410577878547,0.5918949534737992,,0.27301094074741517
2.436487765512981,27.17227730652064,0.0896681473554416,ex_market,0.46732801155670683,0.18303769213510793,,0.34963429630818516
0.965261148097695,23.091693706001745,0.04180122776540357,ex_market,0.27799082457992985,0.07466867790365396,,0.6473404975164161
1.9923121832935269,21.90853663464767,0.09093771147332831,ex_market,0.30664469677064127,0.6442021069713798,,0.04915319625797898
-1.8213272720885583,25.184678883815955,-0.0723188602278244,ex_market,0.39908599803732414,0.060456904989814306,,0.5404570969728615
-0.916171399203004,23.353818279621343,-0.03923004744789578,ex_market,0.4839415015415175,0.43668819706406703,,0.07937030139441542
1.3480142648585132,22.03445348920669,0.061177567463277634,ex_market,0.3286224434765456,0.6126232134369296,,0.05875434308652464
3.1138155263430836,22.475446189005208,0.13854299043248722,ex_market,0.19885077957742484,0.4494262840272988,,0.35172293639527635
-1.5069048550894906,25.18861551231301,-0.059824838500825275,ex_market,0.3869098934277365,0.12859801578094315,,0.4844920907913204
6.344396255119284,28.176995841505097,0.2251622667932323,ex_market,0.6459254170706721,0.17907149462542685,,0.17500308830390107
1.7558518810348682,21.752955236897886,0.0807178547422595,ex_market,0.36197399063848884,0.4386167803414821,,0.19940922902002906
-1.4232379135721904,18.695179892132717,-0.07612860222668962,ex_market,0.004851878576886194,0.3916339344359135,,0.6035141869872004
-2.2085975106759816,19.704036482073608,-0.1120885820869301,ex_market,0.07023340658389006,0.7241981350418732,,0.20556845837423673
0.14883791072246125,22.128165297295475,0.006726174932360061,ex_market,0.1426496443504451,0.309204099963201,,0.5481462556863541
0.8385682325559957,22.057175985166463,0.03801793271795693,ex_market,0.25251397254653984,0.28636360546403433,,0.46112242198942593
4.472269794847382,25.74681209616486,0.17370188503827175,ex_market,0.8507695972906796,0.0918618988180165,,0.05736850389130384
-1.3777737799893381,23.98128232454319,-0.05745204786541112,ex_market,0.4620685743810858,0.30645155106508287,,0.23147987455383146
-1.6116943264861614,25.204172919127892,-0.06394553519574625,ex_market,0.5538322300049502,0.3735193333805429,,0.07264843661450714
3.548824798847248,26.402569112294355,0.1344121014792192,ex_market,0.695413537986145,0.2812200610241184,,0.023366400989736486
1.1771546663421955,21.760617083518298,0.05409564727961572,ex_market,0.28782409301713013,0.44221842792191696,,0.2699574790609529
0.9652611480976956,23.091693706001745,0.04180122776540359,ex_market,0.21737059321930655,0.09093423013171976,,0.6916951766489736
1.348014264858513,22.03445348920669,0.06117756746327762,ex_market,0.35917414285104077,0.5115635347616277,,0.1292623223873314
-0.09462436371439846,21.963118871364003,-0.004308329990297551,ex_market,0.06590757542898842,0.19726683664673186,,0.7368255879242799
-1.8913902220714482,24.10587565866709,-0.07846179283611988,ex_market,0.3476129474682809,0.27918706205213717,,0.373199990479582
2.679736090419292,27.021426426422074,0.09917078573576255,ex_market,0.5497802463293288,0.12369904654549627,,0.326520707125175
-0.2668137017234591,18.963054705551624,-0.01407018573035808,ex_market,0.18103278578395504,0.7947885136874473,,0.024178700528597736
-0.5412740743216516,21.96876465334224,-0.024638348257640448,ex_market,0.11002213135924095,0.2207998392741129,,0.6691780293666462
3.140987182670892,26.66393570816791,0.11779908326500128,ex_market,0.6680191036037334,0.3314342203060693,,0.0005466760901974044
-1.5665930825201169,18.463788596556235,-0.08484678398039201,ex_market,0.024230087286701073,0.29938909023400917,,0.6763808224792897
1.1771546663421955,21.760617083518298,0.05409564727961572,ex_market,0.3160600169372771,0.4336376947440099,,0.25030228831871293
1.7558518810348678,21.75295523689789,0.08071785474225947,ex_market,0.36100298869450903,0.5051175354568778,,0.13387947584861332
-0.09462436371439853,21.963118871364006,-0.004308329990297554,ex_market,0.1136805973995725,0.15090921501649004,,0.7354101875839374
-1.1223815438915843,19.43132858390537,-0.057761441223090494,ex_market,0.07072460774163657,0.8074286359111394,,0.12184675634722407
-0.7707746043265052,18.7860845983556,-0.041029018063182286,ex_market,0.012705600168949845,0.6127546764719917,,0.37453972335905866
7.196573583767251,27.919478221917878,0.25776175065090884,ex_market,0.6799911349449484,0.19531520066697033,,0.1246936643880813
2.6891911151601353,26.478587778284556,0.10156097212085537,ex_market,0.564084040436023,0.27763387682858154,,0.15828208273539554
0.5248779657436975,23.78397322534138,0.022068556870987518,ex_market,0.5432392860205454,0.4558505250951125,,0.0009101888843421999
2.6351180307679813,21.79729620614542,0.12089196778511276,ex_market,0.2533823906506718,0.7367824703501309,,0.009835138999197225
0.14037008113772187,23.42701903510121,0.00599180292323164,ex_market,0.4477257849436531,0.5137510622080983,,0.03852315284824866
0.2737487234071644,19.78928080625204,0.013833182018383178,ex_market,0.1633428707823301,0.4523971080760966,,0.38426002114157326
-0.9777000911705676,19.617935459093125,-0.049837053098898305,ex_market,0.11432590168522999,0.060010486805977196,,0.8256636115087929
-0.5056577238415282,25.256768023849737,-0.02002068211427678,ex_market,0.8920160640331531,0.007440606421994241,,0.10054332954485261
-0.09462436371439707,21.963118871364003,-0.004308329990297488,ex_market,0.10249787673487165,0.2119820426608686,,0.6855200806042598
-1.1223815438915843,19.43132858390537,-0.057761441223090494,ex_market,0.05889540816570545,0.8320964115787834,,0.10900818025551107
-2.2085975106759816,19.704036482073608,-0.1120885820869301,ex_market,0.043421703644846474,0.7425358599184683,,0.21404243643668522
3.2353915390994468,26.094625232614455,0.12398689424530548,ex_market,0.6008097804856823,0.16407610358575628,,0.23511411592856138
1.97644094829399,22.68891229266359,0.0871104318616612,ex_market,0.1300990150747292,0.10936726861962562,,0.7605337163056451
0.8400898328504541,21.967758817230894,0.0382419453816876,ex_market,0.31666894003320534,0.31566014924706826,,0.3676709107197264
-0.27102685666331877,19.67495796763807,-0.013775219093618089,ex_market,0.08275244736319287,0.3212363127272851,,0.596011239909522
2.73284278959273,27.600306137706713,0.09901494483241621,ex_market,0.6852199897212458,0.2435123076807001,,0.0712677025980542
2.0138236968510936,21.672542245762465,0.09292051084757054,ex_market,0.14242735729427328,0.5735810137405832,,0.2839916289651434
-2.2085975106759816,19.704036482073608,-0.1120885820869301,ex_market,0.06662340142699076,0.7714181300237087,,0.16195846854930046
4.741456402091823,25.14891127521214,0.1885352550727059,ex_market,0.826945904496978,0.1344689030422282,,0.03858519246079372
-0.8262431060848254,18.696893420397384,-0.04419146472638155,ex_market,0.12343505749026705,0.5829884088593923,,0.2935765336503406
