portfolio,return,risk,cross_sectional_ir,frontier_type,w_ESG_composite,w_financial_score,w_market_score,w_operational_score
Best CS-IR (original),43.34856118578746,32.40081463622021,1.3378849165475981,original,0.017567337359419725,0.03692401376557223,0.8735826592940558,0.0719259895809522
Min Risk (original),7.889693476979891,16.20927165581873,0.4867395429269034,original,0.5717825155711976,0.15366695589653262,0.1600423605809565,0.1145081679513133
Max Return (original),45.60543430851237,34.98263338600275,1.3036592701631675,original,0.05590134428873878,0.033444741626304,0.8970352199625068,0.013618694122450519
Best CS-IR (ex_market),2.5286815809947383,22.289340532836842,0.11344802136510584,ex_market,0.4824580710607534,0.02368375479236713,,0.49385817414687944
Min Risk (ex_market),-2.0953985964806043,18.37120052798406,-0.11405888217688159,ex_market,0.566760485740743,0.11728674872854175,,0.3159527655307152
Max Return (ex_market),2.5286815809947383,22.289340532836842,0.11344802136510584,ex_market,0.4824580710607534,0.02368375479236713,,0.49385817414687944
