n_clusters,silhouette_score,calinski_harabasz
3,0.21696661104757067,17.3832755829609
4,0.23159482002212417,16.74008428497904
5,0.2247631051217128,16.452047233054444
6,0.2460812838335988,17.364241181433584
