factor,Q1_return,Q2_return,Q3_return,Q4_return,Q5_return,Q5_Q1_spread,spearman_r,spearman_p,monotonic,return_col
market_score,-4.529014276233515,4.585486642289498,5.200350102274307,12.96231776439066,18.456698541873514,22.98571281810703,0.9999999999999999,1.4042654220543672e-24,Yes,price_momentum_6m
pref_balanced,1.25503608617528,10.284069318826795,5.3150586338358865,7.606196162643767,12.215478573112735,10.960442486937454,0.7,0.1881204043741873,Partial,price_momentum_6m
stability_score,5.0944467175186094,6.198125559687381,7.997681173660855,2.3654808827130203,15.0201044410146,9.925657723495991,0.39999999999999997,0.5046315754686911,Partial,price_momentum_6m
operational_score,7.625770348029499,2.819179019636635,11.636294386888212,3.208848067436412,11.385746952603705,3.7599766045742067,0.3,0.6238376647810728,No,price_momentum_6m
risk_adjusted_score,3.651605914753187,8.544757634483341,9.149134875453688,8.1295987435286,7.200741606375647,3.5491356916224603,0.09999999999999999,0.8728885715695383,No,price_momentum_6m
growth_score,5.224002774945446,1.3643200500663628,11.053995417942405,10.359727312959437,8.673793218680814,3.4497904437353677,0.49999999999999994,0.39100221895577053,Partial,price_momentum_6m
financial_score,10.100434836780865,6.228819779052596,3.9775825742082933,4.811794002851893,11.557207581700817,1.4567727449199523,0.09999999999999999,0.8728885715695383,No,price_momentum_6m
ESG_composite,10.528054658204862,3.9636770956717746,4.009293478653324,10.744324493003084,7.430489049061421,-3.097565609143441,0.19999999999999998,0.747060078104662,No,price_momentum_6m
value_score,11.289601863194669,8.32052198421652,1.9337138803888185,10.3017514233263,4.830249623468158,-6.459352239726511,-0.49999999999999994,0.39100221895577053,No,price_momentum_6m
