fold,train_sharpe,test_sharpe,train_n,test_n,overfit_ratio,return_col_used,w_ESG_composite,w_financial_score,w_market_score,w_operational_score
1,1.405516037992613,0.6583007778387011,48,12,2.135066652045625,price_momentum_6m,0.029258188165636616,0.1256586960146789,0.7932801994285618,0.05180291639112275
2,1.2505175798744832,1.4103414159128813,48,12,0.886677201474924,price_momentum_6m,0.03400277716877816,0.07305182746839083,0.802221518470824,0.090723876892007
3,1.7363228907387422,1.1380379092256419,48,12,1.5257162142934424,price_momentum_6m,0.31075403453048484,0.055274947833451125,0.5496643501824842,0.0843066674535799
4,1.8185929057505292,0.7020757631345632,48,12,2.5903086261972814,price_momentum_6m,0.049623999964027256,0.007860134804948543,0.5091792254105459,0.43333663982047843
5,1.38551207162249,1.2722385263160572,48,12,1.0890348333700668,price_momentum_6m,0.2222041067168162,0.08192073264175288,0.6884904222440299,0.007384738397400942
