,PC1,PC2,PC3,PC4,PC5,PC6,PC7,PC8
ESG_composite,0.4407038629467852,-0.42586399778662626,0.023172846674828582,0.08951020446407204,-0.21279537247391958,-0.3896264710825248,0.19000711834373718,-0.6186093601869692
financial_score,0.5035074825891038,-0.2967972661103053,-0.16860388639668164,-0.035136548617244925,-0.21286530961435773,-0.22011251133815596,-0.2602407243799064,0.6835520155327237
market_score,0.3105608057361386,0.38859574980980094,0.537608522142785,-0.21287151641127608,-0.08952450885506022,-0.015978591423640248,-0.6073559748982175,-0.20262499913955787
operational_score,0.33070606263720415,-0.2839997704592211,0.4064749553523262,0.42380650117126806,0.22124471345021407,0.6286032516716591,0.124822537780998,0.07397197827867119
risk_adjusted_score,0.32885003792553386,0.5479225108705191,0.20205839498238257,-0.04622719156791722,-0.18868842674642822,-0.11691383980332591,0.6765110275019468,0.2042906942502937
value_score,-0.3009259192093726,-0.2460366325242956,0.6082510181947742,0.040786365383595466,0.34377756206727983,-0.541849074679754,0.09745049592941663,0.23663623306416576
growth_score,0.1768579010416021,0.3706403836907883,-0.2691568887248017,0.6770219648550979,0.40980912803625025,-0.3102225513822542,-0.18557365974244494,-0.043859789947963135
stability_score,0.3412745709536671,-0.027591943434712357,-0.18316279478607,-0.551060696816677,0.7285003586205471,0.02893155600971074,0.10054233681113617,-0.06241219410586207
