,PC1,PC2,PC3,PC4,PC5,PC6,PC7,PC8
ESG_composite,0.3742244910209836,-0.11466439435138726,-0.010362847745141249,0.575414351525422,0.5011483251854055,-0.50000837163318,0.12001616360126278,-0.006094864095171154
financial_score,0.6123730758645937,0.27349165692418637,0.004522663934117316,-0.17824148703278986,-0.01713068169602596,0.07111386890491739,-0.39504236024227907,0.5974963919292671
market_score,-0.16970352677385622,0.6509834225274236,0.1657828147706823,0.1554462467669099,-0.0073852123766717775,0.03706623427925891,0.6220475203980939,0.3277228319310039
operational_score,0.08220196406975312,0.17298895034882955,-0.6415279293654506,0.04070542737121637,0.4583078856414483,0.557472448038825,0.059032855937730264,-0.16061169864984365
risk_adjusted_score,-0.2797304120126887,0.5418855090279074,0.30477391554314137,0.04950945424349101,0.3332367902079555,-0.081488341196508,-0.5675677218943956,-0.30488102435267667
value_score,0.16352314749459887,-0.15660502202098775,0.42132295369582523,-0.6171383708910075,0.542205808279898,0.05462519875092542,0.2952203272980813,-0.07896932729396874
growth_score,0.5833764008035716,0.22219356914738586,0.22232675646821298,0.10520216236848436,-0.35155977853887105,0.1920092514185627,0.1451823152779894,-0.6068488905981791
stability_score,0.06388934335204231,0.30135490194370873,-0.4909182961758373,-0.4657567810080984,-0.09913658123341798,-0.6215248950606973,0.09350718217979272,-0.20568999068322025
