,ESG_composite,ESG_composite,ESG_composite,financial_score,financial_score,financial_score,market_score,market_score,market_score,operational_score,operational_score,operational_score
,mean,std,count,mean,std,count,mean,std,count,mean,std,count
cluster,,,,,,,,,,,,
1,54.94777833289342,6.8947291036297464,150,54.49508471077622,7.389472066583185,150,47.97092550758909,8.112593685792001,150,53.38475934622346,12.4692837729283,150
2,39.07633815775751,4.099465904555534,61,39.67104212977671,5.048344200264505,61,38.83353781262876,4.229917927726373,61,36.675955493653774,10.065569751001162,61
3,41.98438104524946,6.107402818801044,65,43.97272242285738,8.528599640709345,65,59.3022548603627,4.7749445990831045,65,42.95129871694273,11.251391748347466,65
