k,inertia,silhouette
2,684.2259017482472,0.3243834533234143
3,548.914959643685,0.29821528742862036
4,454.7027969335825,0.27202327654981984
5,400.5243918032652,0.27468160782056755
6,363.2102706270355,0.2752746035011281
7,333.91775673814175,0.258098879077424
8,303.7401386949681,0.2505499815075473
9,281.8764251451998,0.2578060986381031
