n_clusters,silhouette_score,calinski_harabasz
3,0.26101442418701243,112.88396933064618
4,0.23463200287584912,110.68563710203144
5,0.24352988765246925,104.93727222493524
6,0.2410047849771966,98.41667330157313
