component,eigenvalue,variance_explained,cumulative_variance
PC1,2.5570372777680666,0.31847158124375835,0.31847158124375835
PC2,1.6809867250663544,0.20936202418172442,0.5278336054254827
PC3,1.1735538222599553,0.14616272695719554,0.6739963323826783
PC4,0.9476658065509839,0.11802902934851477,0.7920253617311931
PC5,0.7033199639636137,0.0875964629030769,0.87962182463427
PC6,0.4661748764253606,0.058060729627252804,0.9376825542615228
PC7,0.28902507013867534,0.035997234731945535,0.9736797889934683
PC8,0.21132736691789844,0.02632021100653174,1.0
