factor,Q1_return,Q2_return,Q3_return,Q4_return,Q5_return,Q5_Q1_spread,spearman_r,spearman_p,monotonic,return_col,leakage_risk
market_score,-30.13754877397568,-14.406587884778277,-3.041087619384348,5.5615305127965105,32.58597269766377,62.72352147163945,0.9999999999999999,1.4042654220543602e-24,Yes,price_momentum_6m,BIASED
risk_adjusted_score,-23.09829087032043,-10.886274054273287,-1.9630371027130173,8.578903821664667,17.802990630624855,40.90128150094529,0.9999999999999999,1.4042654220543602e-24,Yes,price_momentum_6m,none
pref_balanced,-13.346081315820879,-6.755827065394427,5.081525276114116,1.6969194055132535,3.5804432235798216,16.9265245394007,0.7,0.1881204043741873,Partial,price_momentum_6m,none
growth_score,-5.796570141010534,-5.248353173903561,-1.9243204543192154,-1.8813029766570295,4.9702624303402185,10.766832571350752,0.9999999999999999,1.4042654220543602e-24,Yes,price_momentum_6m,none
stability_score,-2.256311261017427,-7.802533783699962,-2.8399383219794667,-2.3248189103987977,5.27894961827293,7.535260879290357,0.39999999999999997,0.5046315754686912,Partial,price_momentum_6m,none
operational_score,-2.1909185509914324,-0.2756537126859038,-5.301514532396623,-1.7083415159108253,-0.4694133052020467,1.7215052457893858,0.19999999999999998,0.7470600781046621,No,price_momentum_6m,none
ESG_composite,1.100740687468216,-6.42021845520659,-3.4769585485506624,-0.004843910987209974,-1.2044097397007614,-2.3051504271689773,-0.09999999999999999,0.8728885715695384,No,price_momentum_6m,none
financial_score,3.7305736208164464,-13.70014604373677,-5.060162692446147,6.26640795868815,-1.2901779545413812,-5.020751575357828,0.19999999999999998,0.7470600781046621,No,price_momentum_6m,none
value_score,2.582360052567055,-2.543461763652257,-4.498775081616686,3.142501865473724,-8.71525357365973,-11.297613626226784,-0.39999999999999997,0.5046315754686912,No,price_momentum_6m,none
