k,inertia,silhouette
2,180.23169304625085,0.2424395478058395
3,140.25536008186032,0.2596276962744503
4,118.95480781098684,0.26968987474825956
5,97.590723921908,0.28985841416258284
6,86.02200188618401,0.2729919754820996
7,76.65352727556166,0.2644270216742504
8,71.20266040273408,0.26137277332666575
9,64.37471083009791,0.26007967853197894
