portfolio,return,risk,sharpe,w_ESG_composite,w_financial_score,w_market_score,w_operational_score
Max Sharpe,18.258560099671918,14.83382775965632,1.2308731364137033,0.31750518140117656,0.10186817738902086,0.5480117898299864,0.03261485137981605
Min Risk,15.23072941454402,14.19856906876041,1.072694673715205,0.05619822458522987,0.23681167438421813,0.697244644974248,0.00974545605630417
Max Return,18.258560099671918,14.83382775965632,1.2308731364137033,0.31750518140117656,0.10186817738902086,0.5480117898299864,0.03261485137981605
