cluster,Basic Materials,Communication Services,Consumer Cyclical,Consumer Defensive,Energy,Financial Services,Healthcare,Industrials,Real Estate,Technology,Utilities
1,0.11888111888111888,0.027972027972027972,0.13986013986013987,0.07692307692307693,0.055944055944055944,0.11888111888111888,0.15384615384615385,0.0979020979020979,0.06993006993006994,0.09090909090909091,0.04895104895104895
2,0.03278688524590164,0.03278688524590164,0.13114754098360656,0.06557377049180328,0.04918032786885246,0.08196721311475409,0.11475409836065574,0.19672131147540983,0.04918032786885246,0.22950819672131148,0.01639344262295082
3,0.046153846153846156,0.03076923076923077,0.15384615384615385,0.09230769230769231,0.03076923076923077,0.09230769230769231,0.16923076923076924,0.16923076923076924,0.046153846153846156,0.12307692307692308,0.046153846153846156
