score,gini_coefficient,inequality,mean,std,cv
ESG_composite,0.34029376267686795,Moderate,50.0,4.781239389777816,0.09562478779536505
financial_score,0.2723983985813654,Moderate,50.02731145258953,7.33549686573036,0.14662984383375244
market_score,0.18764855792080115,Moderate,50.0,9.432405040130911,0.18864810080224093
operational_score,0.3181193930388706,Moderate,49.895857534353446,4.1801064018018765,0.0837766221156833
risk_adjusted_score,0.2773950568485162,Moderate,50.109953157149334,6.627037671933829,0.13224992749719033
value_score,0.15223851840513425,Moderate,50.251660801904535,7.268129500750081,0.14463461276209513
growth_score,0.3679275940644017,Moderate,49.89226461898161,6.478875122747172,0.1298573069836017
stability_score,0.22923055919768287,Moderate,50.0,9.916316520429012,0.1983263304081836
pref_balanced,0.3225093644430377,Moderate,51.77253385541426,3.9670162750098714,0.07662395443269089
