index,n_companies,avg_ESG,avg_financial,avg_market,avg_risk_adj,n_sectors,us_pct,sector_hhi,effective_n_sectors
Our Multi-Factor (Top 20),20,52.14317607134893,57.36352728802349,54.12913417080157,51.224587343499365,8,60.0,0.15,6.666666666666667
ESG-Only (Top 20),20,55.20986634820345,51.53487859836325,50.030432832217755,49.24548188904987,9,65.0,0.17,5.88235294117647
Financial-Only (Top 20),20,51.70056036096702,58.176124275801236,50.88643745422509,49.57280595214387,8,50.0,0.195,5.128205128205128
Growth-Only (Top 20),20,51.64324368872085,56.15655872482277,49.83405550906239,48.529678713996724,9,25.0,0.15500000000000003,6.451612903225805
Full Universe,60,50.0,50.02731145258953,50.0,50.109953157149334,10,66.66666666666666,0.135,7.4074074074074066
