# Cross-sectional momentum proxy, not time-series returns
strategy,avg_momentum_proxy,benchmark_momentum_proxy,excess_momentum_proxy,excess_avg_momentum_proxy,beta,cross_sectional_ir,information_ratio,tracking_error,momentum_proxy_col,metric_type,caveat
Our_MultiF_Top20,8.657735398445515,-1.9898993025227085,10.647634700968224,10.282587673920434,0.81655,0.4753100175631829,0.5845555683801846,18.214923057553932,price_momentum_6m,cross_sectional_proxy,Not time-series portfolio returns
Our_ESGFirst_Top20,0.576191388424778,-1.9898993025227085,2.5660906909474868,2.019863332405003,0.7255,0.02862506364705398,0.1274828309275817,20.128912044575166,price_momentum_6m,cross_sectional_proxy,Not time-series portfolio returns
ESG_Only_Top20,-3.6259656460597434,-1.9898993025227085,-1.6360663435370348,-2.4492386935129398,0.59135,-0.18567165934329746,-0.08377662185805428,19.528912806972606,price_momentum_6m,cross_sectional_proxy,Not time-series portfolio returns
Financial_Only_Top20,-7.877405049270318,-1.9898993025227085,-5.8875057467476095,-6.06281587529986,0.9119000000000002,-0.3481051316347709,-0.26017082404082914,22.6293850143537,price_momentum_6m,cross_sectional_proxy,Not time-series portfolio returns
Growth_Only_Top20,5.551357089803832,-1.9898993025227085,7.541256392326541,6.9138411422411306,0.6847,0.18087562334001236,0.24571099078353767,30.691571297864893,price_momentum_6m,cross_sectional_proxy,Not time-series portfolio returns
