strategy,n_companies,avg_ESG_composite,avg_financial_score,avg_market_score,avg_operational_score,avg_risk_adjusted_score,avg_growth_score,avg_value_score,avg_stability_score
our_balanced,20,52.14317607134893,57.3635272880235,54.12913417080157,51.44983981061936,51.22458734349935,54.72875289489632,51.14859581659379,54.65251102965393
our_esg_first,20,53.373367507988235,57.268041488218486,52.543221235399145,51.20879733793009,50.36888870445677,55.100622528723406,51.066632179741845,54.18739591435231
our_fin_first,20,52.226493314406,57.25831413407822,54.18198466807763,51.474350757341924,51.774069379544,54.2957692622655,50.996772609118196,54.41871878122483
esg_only,20,55.209866348203434,51.53487859836325,50.030432832217755,49.76966423294077,49.24548188904988,51.17739383898764,49.71838132196758,49.08311352410479
financial_only,20,51.70056036096702,58.17612427580125,50.886437454225096,51.00079153918771,49.57280595214387,55.12092483133226,51.58125853099524,53.149851984920836
risk_adj_only,20,49.72371427869052,49.066688979558116,54.944324272188375,49.77912062639021,57.39800816114938,48.365027538833566,49.72042894692334,52.14543368156269
growth_only,20,51.64324368872085,56.15655872482277,49.83405550906238,49.15688991972409,48.52967871399672,57.52537236056628,51.73745976523495,50.0981835757984
