country,n_companies,mean_ESG_composite,std_ESG_composite,median_ESG_composite,mean_E_score,std_E_score,median_E_score,mean_S_score,std_S_score,median_S_score,mean_G_score,std_G_score,median_G_score,mean_financial_score,std_financial_score,median_financial_score,mean_market_score,std_market_score,median_market_score,mean_operational_score,std_operational_score,median_operational_score,mean_risk_adjusted_score,std_risk_adjusted_score,median_risk_adjusted_score,mean_growth_score,std_growth_score,median_growth_score,mean_value_score,std_value_score,median_value_score,mean_stability_score,std_stability_score,median_stability_score,mean_pref_balanced,std_pref_balanced,median_pref_balanced
US,186,48.018743371938264,9.782821816593216,47.78199309371715,0.19198004292161677,0.9871635641917047,0.2538989800178219,0.17540940894740029,0.6058007765331801,0.0925347972720747,-0.3451832480935733,0.5856290430411722,-0.2084443944187087,48.57228524470782,10.368959801837843,49.78440840715702,50.91503446060812,9.798516050224212,51.46337910361568,51.10046662824903,13.568004674630274,51.71053752786497,48.82684610673582,9.7834487766585,48.275216882544136,49.84871861695392,14.599548687880493,49.92300891747831,52.79162037199583,9.57328207609956,53.93283060914705,50.429270220747114,17.08487116533365,50.00382251042925,47.58248752219207,16.865220902639106,47.97507788161994
India,90,49.1480208701991,8.935001156508276,48.82607927155273,-0.12507667606310502,1.0020985173719141,-0.1198998406736178,-0.21774530003878714,0.3769719103042948,-0.26824371628379917,-0.3465484543246193,0.4275464289514906,-0.2759931679729283,49.088646427809856,8.125597738732901,47.466798784094934,43.87705321065758,7.416488687050839,44.13564374032531,39.24549789770397,9.734591309339297,39.04931630331437,48.82642882049774,9.712257120701492,49.245407386113065,52.08684383755645,16.230314442134603,53.11926033188874,45.945054102532374,9.60410368848381,43.696696146983456,52.496898522199395,10.352933441685266,52.41872497017839,46.26547157093149,14.156484502191933,47.43728480078701
