strategy,return,benchmark_return,excess_return,alpha,beta,sharpe,information_ratio,tracking_error,return_col
Our_MultiF_Top20,10.256886962978616,7.335167754918894,2.921719208059722,2.889298832422762,1.0044198546945595,0.6119823648587179,0.1743258589916525,16.760102172691397,price_momentum_6m
Our_ESGFirst_Top20,9.18027341062017,7.335167754918894,1.8451056557012766,1.551092162672215,1.0400827224206153,0.5373474069367766,0.1079992605087874,17.08442860625281,price_momentum_6m
ESG_Only_Top20,9.654336848755928,7.335167754918894,2.3191690938370346,1.9474103627055328,1.0506816944823387,0.6597995953385293,0.15849735239272092,14.63222608334052,price_momentum_6m
Financial_Only_Top20,8.43344417537861,7.335167754918894,1.0982764204597153,0.7038681722447526,1.0537694925859706,0.4808433297498813,0.0626195988278919,17.538860692353417,price_momentum_6m
Growth_Only_Top20,8.037293553801124,7.335167754918894,0.7021257988822303,-0.153893824613915,1.1167007561513649,0.5265392033729671,0.04599766778907991,15.264378231026722,price_momentum_6m
