# Cross-sectional momentum proxy, not time-series returns
strategy,n,avg_momentum_proxy_1m,cross_sectional_ir_1m,worst_momentum_proxy_1m,pct_positive_momentum_proxy_1m,avg_momentum_proxy_3m,cross_sectional_ir_3m,worst_momentum_proxy_3m,pct_positive_momentum_proxy_3m,avg_momentum_proxy_6m,cross_sectional_ir_6m,worst_momentum_proxy_6m,pct_positive_momentum_proxy_6m,avg_momentum_proxy_12m,cross_sectional_ir_12m,worst_momentum_proxy_12m,pct_positive_momentum_proxy_12m,sector_hhi
Our_MultiF_Top20,20,-4.006400695621787,-0.7097348998233887,-13.094508660120264,15.0,1.6786826922234657,0.15838280863294993,-16.604137535777706,60.0,8.657735398445515,0.4753100175631829,-13.171534415787711,70.0,19.951894304315843,0.9741982331986381,-16.672321782218237,90.0,0.125
Our_ESGFirst_Top20,20,-4.4739356005946975,-0.6559650385514283,-17.400330458994095,30.0,-1.2530038226336457,-0.07937227891013525,-26.132534972673007,45.0,0.576191388424778,0.02862506364705398,-42.158984412690096,60.0,5.78457052341913,0.23376708004174954,-44.92661318454354,70.0,0.10000000000000002
ESG_Only_Top20,20,-4.64661011649808,-0.44850167845733646,-17.799449372955767,30.0,-3.705655319103087,-0.23041030513958233,-26.132534972673007,45.0,-3.6259656460597434,-0.18567165934329746,-42.92865333480681,45.0,-6.571250738866956,-0.26487381924414816,-56.513908578084525,45.0,0.13
Financial_Only_Top20,20,-5.985500621539508,-0.5895865553539912,-27.6335332294947,20.0,-3.87022033403593,-0.16980370792951616,-40.54515225240767,40.0,-7.877405049270318,-0.3481051316347709,-42.35453985693394,35.0,-8.70025466361687,-0.37282692166960496,-44.92661318454354,40.0,0.12000000000000002
Growth_Only_Top20,20,-7.079183514019087,-0.7628760375070696,-27.6335332294947,25.0,-1.401907403131856,-0.0626313463100418,-41.09631835981833,45.0,5.551357089803832,0.18087562334001236,-54.99177469382982,70.0,27.045118416750235,0.7154427821096957,-54.26775164368773,80.0,0.10500000000000001
Full_Universe,276,-4.467019553238732,-0.4985833701402799,-27.6335332294947,25.724637681159418,-4.0676807641263855,-0.20552680739711027,-41.09631835981833,36.594202898550726,-1.9898993025227085,-0.06882752166430499,-54.99177469382982,42.391304347826086,7.319689763872472,0.1753376346356542,-56.513908578084525,53.62318840579711,0.10996254888683132
