# Cross-sectional momentum proxy, not time-series returns
method,n,momentum_proxy,std,cross_sectional_ir
Equal-Weight (Full Universe),276,-1.9898993025227085,28.91138972315806,-0.06882752166430499
Value-Weight (Full Universe),276,3.573355809873996,28.769151247951367,0.12420789821236147
Score-Weight Top 20 (Ours),20,8.657735398445515,18.214923057553932,0.4753100175631829
Preference-Weight Top 20 (Ours),20,8.962000416747008,17.810239062451835,0.5031937182466399
Random Top 20 (50 draws avg),20,-0.6991637364680905,29.25489781476331,-0.05083263668635631
