country,n_companies,mean_ESG_composite,std_ESG_composite,median_ESG_composite,mean_E_score,std_E_score,median_E_score,mean_S_score,std_S_score,median_S_score,mean_G_score,std_G_score,median_G_score,mean_financial_score,std_financial_score,median_financial_score,mean_market_score,std_market_score,median_market_score,mean_operational_score,std_operational_score,median_operational_score,mean_risk_adjusted_score,std_risk_adjusted_score,median_risk_adjusted_score,mean_growth_score,std_growth_score,median_growth_score,mean_value_score,std_value_score,median_value_score,mean_stability_score,std_stability_score,median_stability_score,mean_pref_balanced,std_pref_balanced,median_pref_balanced
US,40,49.61510986751207,4.891830810902955,50.05047117325025,49.069782259255746,7.715665931957753,47.63604787108902,49.82919740026149,7.212300136985632,50.828555150463025,50.001556622270144,8.304760565785047,49.97422371724234,48.60835513079817,5.847442899053132,47.243885131761644,49.94331607038324,11.108540577371768,50.91741256627478,51.01487544568644,4.193350303857607,50.20055279371074,49.95514587295766,6.985502254869535,50.622372102337295,47.06368364896248,5.201884168327359,45.8359746309834,50.362584418980965,6.920139679460435,52.01703983624009,50.86799434505799,8.482662994612276,53.37476503883305,51.12531647803398,3.8493197693804304,50.02686041418433
India,20,50.76978026497585,4.704800559752538,50.65105849327865,51.86043548148852,7.686737256793789,51.34910684569347,50.341605199477,9.717067905647397,48.864283192000535,49.99688675545974,7.472517354586765,51.21443505877758,52.865224096172255,9.328641411211432,52.06161913892723,50.11336785923351,5.257791440051588,48.68209597560332,47.657821711687475,3.34309939280564,47.14801706223085,50.41956772553273,6.194604760028747,49.34829307689708,55.5494265590199,5.1458750867870835,55.50267883368918,50.02981356775167,8.273040891877633,52.1486064023546,48.26401130988404,12.572574601943519,56.33846834193233,53.06696861017483,4.078783376080697,52.42249211729564
