strategy,n_companies,avg_ESG_composite,avg_financial_score,avg_market_score,avg_operational_score,avg_risk_adjusted_score,avg_growth_score,avg_value_score,avg_stability_score
our_balanced,20,60.14386524383167,61.521214721529056,55.52723707358248,61.35851361382314,58.285426900478605,65.86505271662602,44.66104776210308,67.27538829649463
our_esg_first,20,63.051077222944855,62.976457973219205,51.22978043929777,58.99385875931824,51.750115869493506,59.3757264955341,45.73853560022556,62.989417149821996
our_fin_first,20,59.891228847433105,61.9793468563204,56.45024989338155,63.36974036006749,57.790090748934254,64.16937007792686,46.42812781662396,66.77306208938758
esg_only,20,64.62369821722882,59.44614564041535,49.8991894395287,57.37731174910765,48.1625669851853,48.41692023515289,45.89477133675332,53.289780188935424
financial_only,20,61.282081470860724,64.71197029560521,48.85585433787678,61.28308323850926,47.40527939767734,50.28370252316523,44.57484873505329,61.01812559152502
risk_adj_only,20,46.91480649108996,51.456321209654355,58.613882997690396,49.01931871438209,65.36027165039289,56.85373789854625,44.321639093094504,45.45880960203064
growth_only,20,47.25345827726876,47.70556647316855,48.16373022109262,47.29695489980496,53.31427855913629,77.40374186327338,49.326570101173445,48.319380201850834
