method,n,return,std,sharpe
Equal-Weight (Full Universe),60,7.335167754918894,14.788416707274582,0.49600764571781675
Value-Weight (Full Universe),60,7.9313349486764135,12.589996438199732,0.6299711828788677
Score-Weight Top 20 (Ours),20,10.256886962978616,16.760102172691397,0.6119823648587179
Preference-Weight Top 20 (Ours),20,10.492788801125714,16.56714456893751,0.6333492628980727
Random Top 20 (50 draws avg),20,7.407070290894816,15.141719784659253,0.523416219084366
