strategy,n,return_1m,sharpe_1m,max_dd_1m,pct_positive_1m,return_3m,sharpe_3m,max_dd_3m,pct_positive_3m,return_6m,sharpe_6m,max_dd_6m,pct_positive_6m,sector_hhi
Our_MultiF_Top20,20,3.994370341503165,0.5287685859487484,-12.458128408317904,60.0,3.5608296023852306,0.3134479763371424,-19.32395591512406,65.0,10.256886962978616,0.6119823648587179,-18.93692933547273,80.0,0.15
Our_ESGFirst_Top20,20,2.471451992841425,0.34587333381210295,-12.458128408317904,50.0,1.9616581741303776,0.17015394438666873,-19.32395591512406,60.0,9.18027341062017,0.5373474069367766,-18.93692933547273,75.0,0.17500000000000002
ESG_Only_Top20,20,-1.2771731274150393,-0.23349117832624505,-13.486410890073108,20.0,-1.7171152319727916,-0.1916671775674827,-16.603293266158836,60.0,9.654336848755928,0.6597995953385293,-7.739621632253362,80.0,0.17
Financial_Only_Top20,20,1.0260817618120348,0.12294564365169687,-16.17474411586827,40.0,0.6043251789113253,0.051055736941507585,-19.32395591512406,55.00000000000001,8.43344417537861,0.4808433297498813,-18.93692933547273,75.0,0.195
Growth_Only_Top20,20,1.4884551410381814,0.21532036774687616,-12.458128408317904,45.0,1.7483411566009628,0.18611095007008086,-19.32395591512406,75.0,8.037293553801124,0.5265392033729671,-18.93692933547273,85.0,0.15500000000000003
Full_Universe,60,0.6516989417350255,0.0823293251995036,-17.411129661183566,43.333333333333336,0.6351502595818524,0.0629078518774079,-20.68622132500495,66.66666666666666,7.335167754918894,0.49600764571781675,-21.74081377441068,78.33333333333333,0.135
