var1,var2,phi_coefficient,chi2,p_value
carbon_reduction_target,human_rights_policy,0.11080097301771501,3.1674287503914815,0.07512062394963205
