var1,var2,phi_coefficient,chi2,p_value
carbon_reduction_target,human_rights_policy,0.02447357973558455,0.03593736630444089,0.8496448956721545
carbon_reduction_target,anti_corruption_policy,0.06100120144955703,0.2232687946973663,0.636560468868089
human_rights_policy,anti_corruption_policy,0.16011543057962463,1.5382170665819155,0.21488338643293312
