ticker,scope1_emissions,scope2_emissions,scope3_emissions,emissions_intensity,renewable_energy_pct,energy_efficiency,water_usage_intensity,waste_recycling_pct,carbon_reduction_target,environmental_fines,employee_turnover,gender_diversity_pct,women_management_pct,pay_gap_ratio,injury_rate,safety_training_hours,employee_satisfaction,community_investment_pct,supply_chain_audit_pct,human_rights_policy,board_independence_pct,board_diversity_pct,board_size,exec_comp_esg_linked,ceo_pay_ratio,shareholder_rights_score,ethics_compliance_score,anti_corruption_policy,data_privacy_score,tax_transparency_score,esg_controversy_score,esg_risk_rating
ZS,real_public_registry,missing,missing,missing,financial_proxy,missing,missing,financial_proxy,real_public_registry,missing,missing,financial_proxy,missing,missing,missing,financial_proxy,financial_proxy,financial_proxy,financial_proxy,sector_imputed,real_yahoo,financial_proxy,sector_imputed,real_sec,missing,real_yahoo,real_yahoo,financial_proxy,real_yahoo,real_sec,real_yahoo,real_yahoo
OKTA,financial_proxy,missing,missing,missing,financial_proxy,missing,missing,financial_proxy,sector_imputed,missing,missing,financial_proxy,missing,missing,missing,financial_proxy,financial_proxy,financial_proxy,financial_proxy,sector_imputed,real_yahoo,financial_proxy,sector_imputed,real_sec,missing,real_sec,real_yahoo,financial_proxy,real_yahoo,real_sec,real_yahoo,real_yahoo
CRWD,real_public_registry,missing,missing,missing,real_public_registry,missing,missing,financial_proxy,real_public_registry,missing,missing,financial_proxy,missing,missing,missing,financial_proxy,financial_proxy,financial_proxy,financial_proxy,real_public_registry,real_yahoo,financial_proxy,sector_imputed,real_sec,missing,real_yahoo,real_yahoo,financial_proxy,real_yahoo,real_sec,real_yahoo,real_yahoo
FTNT,real_public_registry,missing,missing,missing,financial_proxy,missing,missing,financial_proxy,real_public_registry,missing,missing,financial_proxy,missing,missing,missing,financial_proxy,financial_proxy,financial_proxy,financial_proxy,sector_imputed,real_yahoo,financial_proxy,sector_imputed,real_sec,missing,real_sec,real_yahoo,financial_proxy,real_yahoo,real_sec,real_yahoo,real_yahoo
QLYS,financial_proxy,missing,missing,missing,financial_proxy,missing,missing,financial_proxy,sector_imputed,missing,missing,financial_proxy,missing,missing,missing,financial_proxy,financial_proxy,financial_proxy,financial_proxy,sector_imputed,real_yahoo,financial_proxy,real_sec,real_sec,missing,real_sec,real_yahoo,financial_proxy,real_yahoo,real_sec,real_yahoo,real_yahoo
VRNS,financial_proxy,missing,missing,missing,financial_proxy,missing,missing,financial_proxy,sector_imputed,missing,missing,financial_proxy,missing,missing,missing,financial_proxy,financial_proxy,financial_proxy,financial_proxy,sector_imputed,real_yahoo,financial_proxy,sector_imputed,real_sec,missing,real_sec,real_yahoo,financial_proxy,real_yahoo,real_sec,real_yahoo,real_yahoo
ESTC,financial_proxy,missing,missing,missing,financial_proxy,missing,missing,financial_proxy,sector_imputed,missing,missing,financial_proxy,missing,missing,missing,financial_proxy,financial_proxy,financial_proxy,financial_proxy,sector_imputed,real_yahoo,financial_proxy,sector_imputed,real_sec,missing,real_yahoo,real_yahoo,financial_proxy,real_yahoo,real_sec,real_yahoo,real_yahoo
DOCN,financial_proxy,missing,missing,missing,financial_proxy,missing,missing,financial_proxy,sector_imputed,missing,missing,financial_proxy,missing,missing,missing,financial_proxy,financial_proxy,financial_proxy,financial_proxy,sector_imputed,real_yahoo,financial_proxy,sector_imputed,real_sec,missing,real_sec,real_yahoo,financial_proxy,real_yahoo,real_sec,real_yahoo,real_yahoo
PAYC,financial_proxy,missing,missing,missing,financial_proxy,missing,missing,financial_proxy,real_public_registry,missing,missing,financial_proxy,missing,missing,missing,financial_proxy,financial_proxy,financial_proxy,financial_proxy,sector_imputed,real_sec,financial_proxy,sector_imputed,real_sec,missing,real_sec,real_yahoo,financial_proxy,real_yahoo,real_sec,real_yahoo,real_yahoo
MANH,financial_proxy,missing,missing,missing,financial_proxy,missing,missing,financial_proxy,sector_imputed,missing,missing,financial_proxy,missing,missing,missing,financial_proxy,financial_proxy,financial_proxy,financial_proxy,sector_imputed,real_yahoo,financial_proxy,sector_imputed,real_sec,missing,real_sec,real_yahoo,financial_proxy,real_yahoo,real_sec,real_yahoo,real_yahoo
WK,financial_proxy,missing,missing,missing,financial_proxy,missing,missing,financial_proxy,sector_imputed,missing,missing,financial_proxy,missing,missing,missing,financial_proxy,financial_proxy,financial_proxy,financial_proxy,sector_imputed,real_yahoo,financial_proxy,sector_imputed,real_sec,missing,real_sec,real_yahoo,financial_proxy,real_yahoo,real_sec,real_yahoo,real_yahoo
GLOB,financial_proxy,missing,missing,missing,financial_proxy,missing,missing,financial_proxy,sector_imputed,missing,missing,financial_proxy,missing,missing,missing,financial_proxy,financial_proxy,financial_proxy,financial_proxy,sector_imputed,real_yahoo,financial_proxy,sector_imputed,real_yahoo,missing,real_yahoo,real_yahoo,financial_proxy,real_yahoo,real_yahoo,real_yahoo,real_yahoo
HUBS,real_public_registry,missing,missing,missing,real_public_registry,missing,missing,financial_proxy,real_public_registry,missing,missing,financial_proxy,missing,missing,missing,financial_proxy,financial_proxy,financial_proxy,financial_proxy,real_public_registry,real_yahoo,financial_proxy,sector_imputed,real_sec,missing,real_sec,real_yahoo,financial_proxy,real_yahoo,real_sec,real_yahoo,real_yahoo
ANSS,cross_sector_imputed,missing,missing,missing,cross_sector_imputed,missing,missing,cross_sector_imputed,real_public_registry,missing,missing,cross_sector_imputed,missing,missing,missing,cross_sector_imputed,cross_sector_imputed,financial_proxy,financial_proxy,real_public_registry,cross_sector_imputed,cross_sector_imputed,cross_sector_imputed,real_sec,missing,financial_proxy,cross_sector_imputed,financial_proxy,cross_sector_imputed,real_sec,cross_sector_imputed,cross_sector_imputed
CDNS,financial_proxy,missing,missing,missing,financial_proxy,missing,missing,financial_proxy,real_public_registry,missing,missing,financial_proxy,missing,missing,missing,financial_proxy,financial_proxy,financial_proxy,financial_proxy,real_public_registry,real_yahoo,financial_proxy,sector_imputed,real_sec,missing,real_sec,real_yahoo,financial_proxy,real_yahoo,real_sec,real_yahoo,real_yahoo
NET,real_public_registry,missing,missing,missing,real_public_registry,missing,missing,financial_proxy,real_public_registry,missing,missing,financial_proxy,missing,missing,missing,financial_proxy,financial_proxy,financial_proxy,financial_proxy,sector_imputed,real_yahoo,financial_proxy,sector_imputed,real_sec,missing,real_yahoo,real_yahoo,financial_proxy,real_yahoo,real_sec,real_yahoo,real_yahoo
BILL,financial_proxy,missing,missing,missing,financial_proxy,missing,missing,financial_proxy,sector_imputed,missing,missing,financial_proxy,missing,missing,missing,financial_proxy,financial_proxy,financial_proxy,financial_proxy,sector_imputed,real_yahoo,financial_proxy,sector_imputed,real_sec,missing,real_sec,real_yahoo,financial_proxy,real_yahoo,real_yahoo,real_yahoo,real_yahoo
FROG,financial_proxy,missing,missing,missing,financial_proxy,missing,missing,financial_proxy,sector_imputed,missing,missing,financial_proxy,missing,missing,missing,financial_proxy,financial_proxy,financial_proxy,financial_proxy,sector_imputed,real_yahoo,financial_proxy,sector_imputed,real_yahoo,missing,real_yahoo,real_yahoo,financial_proxy,real_yahoo,real_yahoo,real_yahoo,real_yahoo
CFLT,financial_proxy,missing,missing,missing,financial_proxy,missing,missing,financial_proxy,sector_imputed,missing,missing,financial_proxy,missing,missing,missing,financial_proxy,financial_proxy,financial_proxy,financial_proxy,sector_imputed,real_yahoo,financial_proxy,sector_imputed,real_sec,missing,real_yahoo,real_yahoo,financial_proxy,real_yahoo,real_sec,real_yahoo,real_yahoo
SMCI,financial_proxy,missing,missing,missing,financial_proxy,missing,missing,financial_proxy,sector_imputed,missing,missing,financial_proxy,missing,missing,missing,financial_proxy,financial_proxy,financial_proxy,financial_proxy,sector_imputed,real_yahoo,financial_proxy,sector_imputed,real_yahoo,missing,real_yahoo,real_yahoo,financial_proxy,real_yahoo,real_yahoo,real_yahoo,real_yahoo
MARA,financial_proxy,missing,missing,missing,financial_proxy,missing,missing,financial_proxy,sector_imputed,missing,missing,financial_proxy,missing,missing,missing,financial_proxy,financial_proxy,financial_proxy,financial_proxy,sector_imputed,real_yahoo,financial_proxy,sector_imputed,real_yahoo,missing,real_yahoo,real_yahoo,financial_proxy,real_yahoo,real_yahoo,real_yahoo,real_yahoo
RBLX,financial_proxy,missing,missing,missing,financial_proxy,missing,missing,financial_proxy,sector_imputed,missing,missing,financial_proxy,missing,missing,missing,financial_proxy,financial_proxy,financial_proxy,financial_proxy,sector_imputed,real_yahoo,financial_proxy,sector_imputed,real_yahoo,missing,real_yahoo,real_yahoo,financial_proxy,real_yahoo,real_yahoo,real_yahoo,real_yahoo
SAMSN,cross_sector_imputed,missing,missing,missing,cross_sector_imputed,missing,missing,cross_sector_imputed,sector_imputed,missing,missing,cross_sector_imputed,missing,missing,missing,cross_sector_imputed,cross_sector_imputed,financial_proxy,financial_proxy,sector_imputed,cross_sector_imputed,cross_sector_imputed,cross_sector_imputed,sector_imputed,missing,financial_proxy,cross_sector_imputed,financial_proxy,cross_sector_imputed,sector_imputed,cross_sector_imputed,cross_sector_imputed
TENB,financial_proxy,missing,missing,missing,financial_proxy,missing,missing,financial_proxy,sector_imputed,missing,missing,financial_proxy,missing,missing,missing,financial_proxy,financial_proxy,financial_proxy,financial_proxy,sector_imputed,real_yahoo,financial_proxy,sector_imputed,real_sec,missing,real_sec,real_yahoo,financial_proxy,real_yahoo,real_sec,real_yahoo,real_yahoo
CWAN,financial_proxy,missing,missing,missing,financial_proxy,missing,missing,financial_proxy,sector_imputed,missing,missing,financial_proxy,missing,missing,missing,financial_proxy,financial_proxy,financial_proxy,financial_proxy,sector_imputed,real_yahoo,financial_proxy,sector_imputed,real_yahoo,missing,real_yahoo,real_yahoo,financial_proxy,real_yahoo,real_yahoo,real_yahoo,real_yahoo
RPD,financial_proxy,missing,missing,missing,financial_proxy,missing,missing,financial_proxy,sector_imputed,missing,missing,financial_proxy,missing,missing,missing,financial_proxy,financial_proxy,financial_proxy,financial_proxy,sector_imputed,real_yahoo,financial_proxy,sector_imputed,real_sec,missing,real_yahoo,real_yahoo,financial_proxy,real_yahoo,real_sec,real_yahoo,real_yahoo
ILMN,real_public_registry,missing,missing,missing,financial_proxy,missing,missing,financial_proxy,real_public_registry,missing,missing,financial_proxy,missing,missing,missing,financial_proxy,financial_proxy,financial_proxy,financial_proxy,sector_imputed,real_yahoo,financial_proxy,real_sec,real_sec,missing,real_sec,real_yahoo,financial_proxy,real_yahoo,real_sec,real_yahoo,real_yahoo
ALGN,financial_proxy,missing,missing,missing,financial_proxy,missing,missing,financial_proxy,sector_imputed,missing,missing,financial_proxy,missing,missing,missing,financial_proxy,financial_proxy,financial_proxy,financial_proxy,sector_imputed,real_yahoo,financial_proxy,sector_imputed,real_sec,missing,real_sec,real_yahoo,financial_proxy,real_yahoo,real_sec,real_yahoo,real_yahoo
INCY,financial_proxy,missing,missing,missing,financial_proxy,missing,missing,financial_proxy,sector_imputed,missing,missing,financial_proxy,missing,missing,missing,financial_proxy,financial_proxy,financial_proxy,financial_proxy,sector_imputed,real_yahoo,financial_proxy,sector_imputed,real_sec,missing,real_yahoo,real_yahoo,financial_proxy,real_yahoo,real_sec,real_yahoo,real_yahoo
BMRN,financial_proxy,missing,missing,missing,financial_proxy,missing,missing,financial_proxy,sector_imputed,missing,missing,financial_proxy,missing,missing,missing,financial_proxy,financial_proxy,financial_proxy,financial_proxy,sector_imputed,real_yahoo,financial_proxy,sector_imputed,real_sec,missing,real_yahoo,real_yahoo,financial_proxy,real_yahoo,real_sec,real_yahoo,real_yahoo
ALKS,financial_proxy,missing,missing,missing,financial_proxy,missing,missing,financial_proxy,sector_imputed,missing,missing,financial_proxy,missing,missing,missing,financial_proxy,financial_proxy,financial_proxy,financial_proxy,sector_imputed,real_yahoo,financial_proxy,sector_imputed,real_yahoo,missing,real_yahoo,real_yahoo,financial_proxy,real_yahoo,real_yahoo,real_yahoo,real_yahoo
IONS,financial_proxy,missing,missing,missing,financial_proxy,missing,missing,financial_proxy,sector_imputed,missing,missing,financial_proxy,missing,missing,missing,financial_proxy,financial_proxy,financial_proxy,financial_proxy,sector_imputed,real_yahoo,financial_proxy,sector_imputed,real_sec,missing,real_sec,real_yahoo,financial_proxy,real_yahoo,real_sec,real_yahoo,real_yahoo
EXAS,financial_proxy,missing,missing,missing,financial_proxy,missing,missing,financial_proxy,sector_imputed,missing,missing,financial_proxy,missing,missing,missing,financial_proxy,financial_proxy,financial_proxy,financial_proxy,sector_imputed,real_yahoo,financial_proxy,sector_imputed,real_sec,missing,real_yahoo,real_yahoo,financial_proxy,real_yahoo,real_sec,real_yahoo,real_yahoo
TECH,financial_proxy,missing,missing,missing,financial_proxy,missing,missing,financial_proxy,sector_imputed,missing,missing,financial_proxy,missing,missing,missing,financial_proxy,financial_proxy,financial_proxy,financial_proxy,sector_imputed,real_yahoo,financial_proxy,real_sec,real_sec,missing,real_yahoo,real_yahoo,financial_proxy,real_yahoo,real_yahoo,real_yahoo,real_yahoo
DXCM,real_public_registry,missing,missing,missing,financial_proxy,missing,missing,financial_proxy,real_public_registry,missing,missing,financial_proxy,missing,missing,missing,financial_proxy,financial_proxy,financial_proxy,financial_proxy,sector_imputed,real_yahoo,financial_proxy,sector_imputed,real_sec,missing,real_sec,real_yahoo,financial_proxy,real_yahoo,real_sec,real_yahoo,real_yahoo
VEEV,real_public_registry,missing,missing,missing,financial_proxy,missing,missing,financial_proxy,sector_imputed,missing,missing,financial_proxy,missing,missing,missing,financial_proxy,financial_proxy,financial_proxy,financial_proxy,real_public_registry,real_yahoo,financial_proxy,sector_imputed,real_yahoo,missing,real_yahoo,real_yahoo,financial_proxy,real_yahoo,real_yahoo,real_yahoo,real_yahoo
TFX,financial_proxy,missing,missing,missing,financial_proxy,missing,missing,financial_proxy,sector_imputed,missing,missing,financial_proxy,missing,missing,missing,financial_proxy,financial_proxy,financial_proxy,financial_proxy,sector_imputed,real_yahoo,financial_proxy,sector_imputed,real_yahoo,missing,real_yahoo,real_yahoo,financial_proxy,real_yahoo,real_yahoo,real_yahoo,real_yahoo
STE,financial_proxy,missing,missing,missing,financial_proxy,missing,missing,financial_proxy,real_public_registry,missing,missing,financial_proxy,missing,missing,missing,financial_proxy,financial_proxy,financial_proxy,financial_proxy,real_public_registry,real_yahoo,financial_proxy,sector_imputed,real_sec,missing,real_sec,real_yahoo,financial_proxy,real_yahoo,real_sec,real_yahoo,real_yahoo
BIO,financial_proxy,missing,missing,missing,financial_proxy,missing,missing,financial_proxy,real_public_registry,missing,missing,financial_proxy,missing,missing,missing,financial_proxy,financial_proxy,financial_proxy,financial_proxy,real_public_registry,real_yahoo,financial_proxy,sector_imputed,real_sec,missing,real_sec,real_yahoo,financial_proxy,real_yahoo,real_sec,real_yahoo,real_yahoo
HOLX,real_public_registry,missing,missing,missing,financial_proxy,missing,missing,financial_proxy,real_public_registry,missing,missing,financial_proxy,missing,missing,missing,financial_proxy,financial_proxy,financial_proxy,financial_proxy,sector_imputed,real_yahoo,financial_proxy,sector_imputed,real_sec,missing,real_sec,real_yahoo,financial_proxy,real_yahoo,real_sec,real_yahoo,real_yahoo
NTRA,financial_proxy,missing,missing,missing,financial_proxy,missing,missing,financial_proxy,sector_imputed,missing,missing,financial_proxy,missing,missing,missing,financial_proxy,financial_proxy,financial_proxy,financial_proxy,sector_imputed,real_yahoo,financial_proxy,sector_imputed,real_sec,missing,real_yahoo,real_yahoo,financial_proxy,real_yahoo,real_sec,real_yahoo,real_yahoo
MEDP,financial_proxy,missing,missing,missing,financial_proxy,missing,missing,financial_proxy,sector_imputed,missing,missing,financial_proxy,missing,missing,missing,financial_proxy,financial_proxy,financial_proxy,financial_proxy,sector_imputed,real_yahoo,financial_proxy,sector_imputed,real_sec,missing,real_sec,real_yahoo,financial_proxy,real_yahoo,real_sec,real_yahoo,real_yahoo
HRMY,financial_proxy,missing,missing,missing,financial_proxy,missing,missing,financial_proxy,sector_imputed,missing,missing,financial_proxy,missing,missing,missing,financial_proxy,financial_proxy,financial_proxy,financial_proxy,sector_imputed,real_yahoo,financial_proxy,sector_imputed,real_yahoo,missing,real_yahoo,real_yahoo,financial_proxy,real_yahoo,real_yahoo,real_yahoo,real_yahoo
PEN,financial_proxy,missing,missing,missing,financial_proxy,missing,missing,financial_proxy,sector_imputed,missing,missing,financial_proxy,missing,missing,missing,financial_proxy,financial_proxy,financial_proxy,financial_proxy,sector_imputed,real_yahoo,financial_proxy,sector_imputed,real_yahoo,missing,real_yahoo,real_yahoo,financial_proxy,real_yahoo,real_yahoo,real_yahoo,real_yahoo
RVMD,financial_proxy,missing,missing,missing,sector_imputed,missing,missing,financial_proxy,sector_imputed,missing,missing,financial_proxy,missing,missing,missing,financial_proxy,sector_imputed,financial_proxy,financial_proxy,sector_imputed,real_yahoo,financial_proxy,sector_imputed,real_sec,missing,real_yahoo,real_yahoo,financial_proxy,real_yahoo,real_sec,real_yahoo,real_yahoo
PCVX,financial_proxy,missing,missing,missing,sector_imputed,missing,missing,financial_proxy,sector_imputed,missing,missing,financial_proxy,missing,missing,missing,financial_proxy,sector_imputed,financial_proxy,financial_proxy,sector_imputed,real_yahoo,financial_proxy,sector_imputed,real_yahoo,missing,real_yahoo,real_yahoo,financial_proxy,real_yahoo,real_yahoo,real_yahoo,real_yahoo
AZTA,financial_proxy,missing,missing,missing,financial_proxy,missing,missing,financial_proxy,sector_imputed,missing,missing,financial_proxy,missing,missing,missing,financial_proxy,financial_proxy,financial_proxy,financial_proxy,sector_imputed,real_yahoo,financial_proxy,sector_imputed,real_yahoo,missing,real_yahoo,real_yahoo,financial_proxy,real_yahoo,real_yahoo,real_yahoo,real_yahoo
NEOG,financial_proxy,missing,missing,missing,financial_proxy,missing,missing,financial_proxy,sector_imputed,missing,missing,financial_proxy,missing,missing,missing,financial_proxy,financial_proxy,financial_proxy,financial_proxy,sector_imputed,real_yahoo,financial_proxy,sector_imputed,real_yahoo,missing,real_yahoo,real_yahoo,financial_proxy,real_yahoo,real_yahoo,real_yahoo,real_yahoo
AVTR,financial_proxy,missing,missing,missing,financial_proxy,missing,missing,financial_proxy,sector_imputed,missing,missing,financial_proxy,missing,missing,missing,financial_proxy,financial_proxy,financial_proxy,financial_proxy,sector_imputed,real_yahoo,financial_proxy,sector_imputed,real_yahoo,missing,real_yahoo,real_yahoo,financial_proxy,real_yahoo,real_yahoo,real_yahoo,real_yahoo
ENSG,financial_proxy,missing,missing,missing,financial_proxy,missing,missing,financial_proxy,sector_imputed,missing,missing,financial_proxy,missing,missing,missing,financial_proxy,financial_proxy,financial_proxy,financial_proxy,sector_imputed,real_yahoo,financial_proxy,sector_imputed,real_sec,missing,real_yahoo,real_yahoo,financial_proxy,real_yahoo,real_sec,real_yahoo,real_yahoo
GMED,financial_proxy,missing,missing,missing,financial_proxy,missing,missing,financial_proxy,sector_imputed,missing,missing,financial_proxy,missing,missing,missing,financial_proxy,financial_proxy,financial_proxy,financial_proxy,sector_imputed,real_yahoo,financial_proxy,sector_imputed,real_yahoo,missing,real_yahoo,real_yahoo,financial_proxy,real_yahoo,real_yahoo,real_yahoo,real_yahoo
OMCL,financial_proxy,missing,missing,missing,financial_proxy,missing,missing,financial_proxy,sector_imputed,missing,missing,financial_proxy,missing,missing,missing,financial_proxy,financial_proxy,financial_proxy,financial_proxy,sector_imputed,real_yahoo,financial_proxy,sector_imputed,real_yahoo,missing,real_yahoo,real_yahoo,financial_proxy,real_yahoo,real_yahoo,real_yahoo,real_yahoo
GNRC,real_public_registry,missing,missing,missing,financial_proxy,missing,missing,financial_proxy,real_public_registry,missing,missing,financial_proxy,missing,missing,missing,financial_proxy,financial_proxy,financial_proxy,financial_proxy,sector_imputed,real_yahoo,financial_proxy,real_sec,real_sec,missing,real_sec,real_yahoo,financial_proxy,real_yahoo,real_sec,real_yahoo,real_yahoo
MTZ,financial_proxy,missing,missing,missing,financial_proxy,missing,missing,financial_proxy,sector_imputed,missing,missing,financial_proxy,missing,missing,missing,financial_proxy,financial_proxy,financial_proxy,financial_proxy,sector_imputed,real_yahoo,financial_proxy,sector_imputed,real_yahoo,missing,real_yahoo,real_yahoo,financial_proxy,real_yahoo,real_yahoo,real_yahoo,real_yahoo
AWI,financial_proxy,missing,missing,missing,financial_proxy,missing,missing,financial_proxy,sector_imputed,missing,missing,financial_proxy,missing,missing,missing,financial_proxy,financial_proxy,financial_proxy,financial_proxy,sector_imputed,real_yahoo,financial_proxy,sector_imputed,real_yahoo,missing,real_yahoo,real_yahoo,financial_proxy,real_yahoo,real_yahoo,real_yahoo,real_yahoo
GFF,financial_proxy,missing,missing,missing,financial_proxy,missing,missing,financial_proxy,sector_imputed,missing,missing,financial_proxy,missing,missing,missing,financial_proxy,financial_proxy,financial_proxy,financial_proxy,sector_imputed,real_yahoo,financial_proxy,sector_imputed,real_yahoo,missing,real_yahoo,real_yahoo,financial_proxy,real_yahoo,real_yahoo,real_yahoo,real_yahoo
WWD,financial_proxy,missing,missing,missing,financial_proxy,missing,missing,financial_proxy,sector_imputed,missing,missing,financial_proxy,missing,missing,missing,financial_proxy,financial_proxy,financial_proxy,financial_proxy,sector_imputed,real_yahoo,financial_proxy,sector_imputed,real_yahoo,missing,real_yahoo,real_yahoo,financial_proxy,real_yahoo,real_yahoo,real_yahoo,real_yahoo
FIX,financial_proxy,missing,missing,missing,financial_proxy,missing,missing,financial_proxy,sector_imputed,missing,missing,financial_proxy,missing,missing,missing,financial_proxy,financial_proxy,financial_proxy,financial_proxy,sector_imputed,real_yahoo,financial_proxy,sector_imputed,real_yahoo,missing,real_yahoo,real_yahoo,financial_proxy,real_yahoo,real_yahoo,real_yahoo,real_yahoo
ROAD,financial_proxy,missing,missing,missing,financial_proxy,missing,missing,financial_proxy,sector_imputed,missing,missing,financial_proxy,missing,missing,missing,financial_proxy,financial_proxy,financial_proxy,financial_proxy,sector_imputed,real_yahoo,financial_proxy,sector_imputed,real_yahoo,missing,real_yahoo,real_yahoo,financial_proxy,real_yahoo,real_yahoo,real_yahoo,real_yahoo
DY,financial_proxy,missing,missing,missing,financial_proxy,missing,missing,financial_proxy,sector_imputed,missing,missing,financial_proxy,missing,missing,missing,financial_proxy,financial_proxy,financial_proxy,financial_proxy,sector_imputed,real_yahoo,financial_proxy,sector_imputed,real_yahoo,missing,real_yahoo,real_yahoo,financial_proxy,real_yahoo,real_yahoo,real_yahoo,real_yahoo
EME,real_public_registry,missing,missing,missing,financial_proxy,missing,missing,financial_proxy,real_public_registry,missing,missing,financial_proxy,missing,missing,missing,financial_proxy,financial_proxy,financial_proxy,financial_proxy,sector_imputed,real_yahoo,financial_proxy,sector_imputed,real_yahoo,missing,real_sec,real_yahoo,financial_proxy,real_yahoo,real_sec,real_yahoo,real_yahoo
WSC,financial_proxy,missing,missing,missing,financial_proxy,missing,missing,financial_proxy,sector_imputed,missing,missing,financial_proxy,missing,missing,missing,financial_proxy,financial_proxy,financial_proxy,financial_proxy,sector_imputed,real_yahoo,financial_proxy,sector_imputed,real_yahoo,missing,real_yahoo,real_yahoo,financial_proxy,real_yahoo,real_yahoo,real_yahoo,real_yahoo
GGG,financial_proxy,missing,missing,missing,financial_proxy,missing,missing,financial_proxy,real_public_registry,missing,missing,financial_proxy,missing,missing,missing,financial_proxy,financial_proxy,financial_proxy,financial_proxy,sector_imputed,real_yahoo,financial_proxy,sector_imputed,real_sec,missing,real_sec,real_yahoo,financial_proxy,real_yahoo,real_sec,real_yahoo,real_yahoo
RBC,financial_proxy,missing,missing,missing,financial_proxy,missing,missing,financial_proxy,sector_imputed,missing,missing,financial_proxy,missing,missing,missing,financial_proxy,financial_proxy,financial_proxy,financial_proxy,sector_imputed,real_yahoo,financial_proxy,sector_imputed,real_yahoo,missing,real_yahoo,real_yahoo,financial_proxy,real_yahoo,real_yahoo,real_yahoo,real_yahoo
ITT,real_public_registry,missing,missing,missing,financial_proxy,missing,missing,financial_proxy,real_public_registry,missing,missing,financial_proxy,missing,missing,missing,financial_proxy,financial_proxy,financial_proxy,financial_proxy,sector_imputed,real_yahoo,financial_proxy,sector_imputed,real_sec,missing,real_sec,real_yahoo,financial_proxy,real_yahoo,real_sec,real_yahoo,real_yahoo
WTS,financial_proxy,missing,missing,missing,financial_proxy,missing,missing,financial_proxy,sector_imputed,missing,missing,financial_proxy,missing,missing,missing,financial_proxy,financial_proxy,financial_proxy,financial_proxy,sector_imputed,real_yahoo,financial_proxy,sector_imputed,real_yahoo,missing,real_yahoo,real_yahoo,financial_proxy,real_yahoo,real_yahoo,real_yahoo,real_yahoo
ALLE,financial_proxy,missing,missing,missing,financial_proxy,missing,missing,financial_proxy,sector_imputed,missing,missing,financial_proxy,missing,missing,missing,financial_proxy,financial_proxy,financial_proxy,financial_proxy,sector_imputed,real_yahoo,financial_proxy,sector_imputed,real_sec,missing,real_sec,real_yahoo,financial_proxy,real_yahoo,real_sec,real_yahoo,real_yahoo
SITE,financial_proxy,missing,missing,missing,financial_proxy,missing,missing,financial_proxy,sector_imputed,missing,missing,financial_proxy,missing,missing,missing,financial_proxy,financial_proxy,financial_proxy,financial_proxy,sector_imputed,real_yahoo,financial_proxy,sector_imputed,real_yahoo,missing,real_yahoo,real_yahoo,financial_proxy,real_yahoo,real_yahoo,real_yahoo,real_yahoo
TTC,financial_proxy,missing,missing,missing,financial_proxy,missing,missing,financial_proxy,sector_imputed,missing,missing,financial_proxy,missing,missing,missing,financial_proxy,financial_proxy,financial_proxy,financial_proxy,sector_imputed,real_yahoo,financial_proxy,sector_imputed,real_yahoo,missing,real_yahoo,real_yahoo,financial_proxy,real_yahoo,real_yahoo,real_yahoo,real_yahoo
AAON,financial_proxy,missing,missing,missing,financial_proxy,missing,missing,financial_proxy,sector_imputed,missing,missing,financial_proxy,missing,missing,missing,financial_proxy,financial_proxy,financial_proxy,financial_proxy,sector_imputed,real_sec,financial_proxy,sector_imputed,real_sec,missing,real_yahoo,real_yahoo,financial_proxy,real_yahoo,real_sec,real_yahoo,real_yahoo
ESAB,financial_proxy,missing,missing,missing,financial_proxy,missing,missing,financial_proxy,sector_imputed,missing,missing,financial_proxy,missing,missing,missing,financial_proxy,financial_proxy,financial_proxy,financial_proxy,sector_imputed,real_yahoo,financial_proxy,sector_imputed,real_yahoo,missing,real_yahoo,real_yahoo,financial_proxy,real_yahoo,real_yahoo,real_yahoo,real_yahoo
MWA,financial_proxy,missing,missing,missing,financial_proxy,missing,missing,financial_proxy,sector_imputed,missing,missing,financial_proxy,missing,missing,missing,financial_proxy,financial_proxy,financial_proxy,financial_proxy,sector_imputed,real_yahoo,financial_proxy,sector_imputed,real_yahoo,missing,real_yahoo,real_yahoo,financial_proxy,real_yahoo,real_yahoo,real_yahoo,real_yahoo
ZWS,financial_proxy,missing,missing,missing,financial_proxy,missing,missing,financial_proxy,sector_imputed,missing,missing,financial_proxy,missing,missing,missing,financial_proxy,financial_proxy,financial_proxy,financial_proxy,sector_imputed,real_yahoo,financial_proxy,sector_imputed,real_yahoo,missing,real_yahoo,real_yahoo,financial_proxy,real_yahoo,real_yahoo,real_yahoo,real_yahoo
SPXC,financial_proxy,missing,missing,missing,financial_proxy,missing,missing,financial_proxy,sector_imputed,missing,missing,financial_proxy,missing,missing,missing,financial_proxy,financial_proxy,financial_proxy,financial_proxy,sector_imputed,real_yahoo,financial_proxy,sector_imputed,real_yahoo,missing,real_yahoo,real_yahoo,financial_proxy,real_yahoo,real_yahoo,real_yahoo,real_yahoo
KMX,financial_proxy,missing,missing,missing,financial_proxy,missing,missing,financial_proxy,real_public_registry,missing,missing,financial_proxy,missing,missing,missing,financial_proxy,financial_proxy,financial_proxy,financial_proxy,sector_imputed,real_yahoo,financial_proxy,sector_imputed,real_sec,missing,real_sec,real_yahoo,financial_proxy,real_yahoo,real_sec,real_yahoo,real_yahoo
FIVE,financial_proxy,missing,missing,missing,financial_proxy,missing,missing,financial_proxy,sector_imputed,missing,missing,financial_proxy,missing,missing,missing,financial_proxy,financial_proxy,financial_proxy,financial_proxy,sector_imputed,real_yahoo,financial_proxy,sector_imputed,real_yahoo,missing,real_yahoo,real_yahoo,financial_proxy,real_yahoo,real_yahoo,real_yahoo,real_yahoo
DKS,financial_proxy,missing,missing,missing,financial_proxy,missing,missing,financial_proxy,sector_imputed,missing,missing,financial_proxy,missing,missing,missing,financial_proxy,financial_proxy,financial_proxy,financial_proxy,sector_imputed,real_yahoo,financial_proxy,sector_imputed,real_sec,missing,real_sec,real_yahoo,financial_proxy,real_yahoo,real_sec,real_yahoo,real_yahoo
ASO,financial_proxy,missing,missing,missing,financial_proxy,missing,missing,financial_proxy,sector_imputed,missing,missing,financial_proxy,missing,missing,missing,financial_proxy,financial_proxy,financial_proxy,financial_proxy,sector_imputed,real_yahoo,financial_proxy,sector_imputed,real_yahoo,missing,real_yahoo,real_yahoo,financial_proxy,real_yahoo,real_yahoo,real_yahoo,real_yahoo
BOOT,financial_proxy,missing,missing,missing,financial_proxy,missing,missing,financial_proxy,sector_imputed,missing,missing,financial_proxy,missing,missing,missing,financial_proxy,financial_proxy,financial_proxy,financial_proxy,sector_imputed,real_yahoo,financial_proxy,sector_imputed,real_yahoo,missing,real_yahoo,real_yahoo,financial_proxy,real_yahoo,real_yahoo,real_yahoo,real_yahoo
WSM,financial_proxy,missing,missing,missing,financial_proxy,missing,missing,financial_proxy,real_public_registry,missing,missing,financial_proxy,missing,missing,missing,financial_proxy,financial_proxy,financial_proxy,financial_proxy,real_public_registry,real_sec,financial_proxy,sector_imputed,real_sec,missing,real_sec,real_yahoo,financial_proxy,real_yahoo,real_sec,real_yahoo,real_yahoo
RH,financial_proxy,missing,missing,missing,financial_proxy,missing,missing,financial_proxy,sector_imputed,missing,missing,financial_proxy,missing,missing,missing,sector_imputed,sector_imputed,financial_proxy,financial_proxy,sector_imputed,real_yahoo,financial_proxy,sector_imputed,real_yahoo,missing,real_yahoo,real_yahoo,financial_proxy,real_yahoo,real_yahoo,real_yahoo,real_yahoo
POOL,financial_proxy,missing,missing,missing,financial_proxy,missing,missing,financial_proxy,sector_imputed,missing,missing,financial_proxy,missing,missing,missing,financial_proxy,financial_proxy,financial_proxy,financial_proxy,sector_imputed,real_sec,financial_proxy,sector_imputed,real_sec,missing,real_sec,real_yahoo,financial_proxy,real_yahoo,real_sec,real_yahoo,real_yahoo
DECK,real_public_registry,missing,missing,missing,financial_proxy,missing,missing,financial_proxy,real_public_registry,missing,missing,financial_proxy,missing,missing,missing,financial_proxy,financial_proxy,financial_proxy,financial_proxy,sector_imputed,real_yahoo,financial_proxy,sector_imputed,real_sec,missing,real_sec,real_yahoo,financial_proxy,real_yahoo,real_sec,real_yahoo,real_yahoo
YETI,financial_proxy,missing,missing,missing,financial_proxy,missing,missing,financial_proxy,sector_imputed,missing,missing,financial_proxy,missing,missing,missing,financial_proxy,financial_proxy,financial_proxy,financial_proxy,sector_imputed,real_yahoo,financial_proxy,sector_imputed,real_yahoo,missing,real_yahoo,real_yahoo,financial_proxy,real_yahoo,real_yahoo,real_yahoo,real_yahoo
GRMN,real_public_registry,missing,missing,missing,real_public_registry,missing,missing,financial_proxy,real_public_registry,missing,missing,financial_proxy,missing,missing,missing,financial_proxy,financial_proxy,financial_proxy,financial_proxy,sector_imputed,real_sec,financial_proxy,sector_imputed,real_sec,missing,real_sec,real_yahoo,financial_proxy,real_yahoo,real_sec,real_yahoo,real_yahoo
LULU,real_public_registry,missing,missing,missing,real_public_registry,missing,missing,financial_proxy,real_public_registry,missing,missing,financial_proxy,missing,missing,missing,financial_proxy,financial_proxy,financial_proxy,financial_proxy,real_public_registry,real_yahoo,financial_proxy,sector_imputed,real_sec,missing,real_sec,real_yahoo,financial_proxy,real_yahoo,real_sec,real_yahoo,real_yahoo
FOXF,financial_proxy,missing,missing,missing,financial_proxy,missing,missing,financial_proxy,sector_imputed,missing,missing,financial_proxy,missing,missing,missing,financial_proxy,financial_proxy,financial_proxy,financial_proxy,sector_imputed,real_yahoo,financial_proxy,sector_imputed,real_yahoo,missing,real_yahoo,real_yahoo,financial_proxy,real_yahoo,real_yahoo,real_yahoo,real_yahoo
CROX,financial_proxy,missing,missing,missing,financial_proxy,missing,missing,financial_proxy,sector_imputed,missing,missing,financial_proxy,missing,missing,missing,financial_proxy,financial_proxy,financial_proxy,financial_proxy,sector_imputed,real_yahoo,financial_proxy,sector_imputed,real_sec,missing,real_sec,real_yahoo,financial_proxy,real_yahoo,real_sec,real_yahoo,real_yahoo
SIG,financial_proxy,missing,missing,missing,financial_proxy,missing,missing,financial_proxy,sector_imputed,missing,missing,financial_proxy,missing,missing,missing,financial_proxy,financial_proxy,financial_proxy,financial_proxy,sector_imputed,real_yahoo,financial_proxy,sector_imputed,real_yahoo,missing,real_yahoo,real_yahoo,financial_proxy,real_yahoo,real_yahoo,real_yahoo,real_yahoo
SHAK,financial_proxy,missing,missing,missing,financial_proxy,missing,missing,financial_proxy,sector_imputed,missing,missing,financial_proxy,missing,missing,missing,financial_proxy,financial_proxy,financial_proxy,financial_proxy,sector_imputed,real_yahoo,financial_proxy,sector_imputed,real_yahoo,missing,real_yahoo,real_yahoo,financial_proxy,real_yahoo,real_yahoo,real_yahoo,real_yahoo
WING,financial_proxy,missing,missing,missing,financial_proxy,missing,missing,financial_proxy,sector_imputed,missing,missing,financial_proxy,missing,missing,missing,financial_proxy,financial_proxy,financial_proxy,financial_proxy,sector_imputed,real_yahoo,financial_proxy,sector_imputed,real_yahoo,missing,real_yahoo,real_yahoo,financial_proxy,real_yahoo,real_yahoo,real_yahoo,real_yahoo
TXRH,financial_proxy,missing,missing,missing,financial_proxy,missing,missing,financial_proxy,sector_imputed,missing,missing,financial_proxy,missing,missing,missing,financial_proxy,financial_proxy,financial_proxy,financial_proxy,sector_imputed,real_yahoo,financial_proxy,sector_imputed,real_yahoo,missing,real_yahoo,real_yahoo,financial_proxy,real_yahoo,real_yahoo,real_yahoo,real_yahoo
TROW,real_public_registry,missing,missing,missing,financial_proxy,missing,missing,financial_proxy,real_public_registry,missing,missing,financial_proxy,missing,missing,missing,financial_proxy,financial_proxy,financial_proxy,financial_proxy,real_public_registry,real_yahoo,financial_proxy,real_sec,real_sec,missing,real_sec,real_yahoo,financial_proxy,real_yahoo,real_sec,real_yahoo,real_yahoo
BEN,financial_proxy,missing,missing,missing,financial_proxy,missing,missing,financial_proxy,sector_imputed,missing,missing,financial_proxy,missing,missing,missing,financial_proxy,financial_proxy,financial_proxy,financial_proxy,sector_imputed,real_yahoo,financial_proxy,real_sec,real_sec,missing,real_sec,real_yahoo,financial_proxy,real_yahoo,real_sec,real_yahoo,real_yahoo
IVZ,financial_proxy,missing,missing,missing,financial_proxy,missing,missing,financial_proxy,sector_imputed,missing,missing,financial_proxy,missing,missing,missing,financial_proxy,financial_proxy,financial_proxy,financial_proxy,sector_imputed,real_yahoo,financial_proxy,sector_imputed,real_yahoo,missing,real_yahoo,real_yahoo,financial_proxy,real_yahoo,real_yahoo,real_yahoo,real_yahoo
SF,financial_proxy,missing,missing,missing,financial_proxy,missing,missing,financial_proxy,sector_imputed,missing,missing,financial_proxy,missing,missing,missing,financial_proxy,financial_proxy,financial_proxy,financial_proxy,sector_imputed,real_yahoo,financial_proxy,sector_imputed,real_yahoo,missing,real_yahoo,real_yahoo,financial_proxy,real_yahoo,real_yahoo,real_yahoo,real_yahoo
WBS,financial_proxy,missing,missing,missing,financial_proxy,missing,missing,financial_proxy,sector_imputed,missing,missing,financial_proxy,missing,missing,missing,financial_proxy,financial_proxy,financial_proxy,financial_proxy,sector_imputed,real_yahoo,financial_proxy,sector_imputed,real_sec,missing,real_sec,real_yahoo,financial_proxy,real_yahoo,real_sec,real_yahoo,real_yahoo
PB,financial_proxy,missing,missing,missing,financial_proxy,missing,missing,financial_proxy,sector_imputed,missing,missing,financial_proxy,missing,missing,missing,financial_proxy,financial_proxy,financial_proxy,financial_proxy,sector_imputed,real_yahoo,financial_proxy,sector_imputed,real_yahoo,missing,real_yahoo,real_yahoo,financial_proxy,real_yahoo,real_yahoo,real_yahoo,real_yahoo
FNB,financial_proxy,missing,missing,missing,financial_proxy,missing,missing,financial_proxy,sector_imputed,missing,missing,financial_proxy,missing,missing,missing,financial_proxy,financial_proxy,financial_proxy,financial_proxy,sector_imputed,real_yahoo,financial_proxy,sector_imputed,real_yahoo,missing,real_yahoo,real_yahoo,financial_proxy,real_yahoo,real_yahoo,real_yahoo,real_yahoo
EWBC,financial_proxy,missing,missing,missing,financial_proxy,missing,missing,financial_proxy,real_public_registry,missing,missing,financial_proxy,missing,missing,missing,financial_proxy,financial_proxy,financial_proxy,financial_proxy,sector_imputed,real_yahoo,financial_proxy,sector_imputed,real_sec,missing,real_yahoo,real_yahoo,financial_proxy,real_yahoo,real_sec,real_yahoo,real_yahoo
CMA,cross_sector_imputed,missing,missing,missing,cross_sector_imputed,missing,missing,cross_sector_imputed,sector_imputed,missing,missing,cross_sector_imputed,missing,missing,missing,cross_sector_imputed,cross_sector_imputed,financial_proxy,financial_proxy,sector_imputed,cross_sector_imputed,cross_sector_imputed,cross_sector_imputed,sector_imputed,missing,financial_proxy,cross_sector_imputed,financial_proxy,cross_sector_imputed,sector_imputed,cross_sector_imputed,cross_sector_imputed
HBAN,financial_proxy,missing,missing,missing,financial_proxy,missing,missing,financial_proxy,sector_imputed,missing,missing,financial_proxy,missing,missing,missing,financial_proxy,financial_proxy,financial_proxy,financial_proxy,sector_imputed,real_sec,financial_proxy,sector_imputed,real_sec,missing,real_yahoo,real_yahoo,financial_proxy,real_yahoo,real_sec,real_yahoo,real_yahoo
ZION,financial_proxy,missing,missing,missing,financial_proxy,missing,missing,financial_proxy,sector_imputed,missing,missing,financial_proxy,missing,missing,missing,financial_proxy,financial_proxy,financial_proxy,financial_proxy,sector_imputed,real_sec,financial_proxy,sector_imputed,real_sec,missing,real_sec,real_yahoo,financial_proxy,real_yahoo,real_sec,real_yahoo,real_yahoo
CFR,financial_proxy,missing,missing,missing,financial_proxy,missing,missing,financial_proxy,sector_imputed,missing,missing,financial_proxy,missing,missing,missing,financial_proxy,financial_proxy,financial_proxy,financial_proxy,sector_imputed,real_yahoo,financial_proxy,sector_imputed,real_yahoo,missing,real_yahoo,real_yahoo,financial_proxy,real_yahoo,real_yahoo,real_yahoo,real_yahoo
IBKR,real_public_registry,missing,missing,missing,financial_proxy,missing,missing,financial_proxy,real_public_registry,missing,missing,financial_proxy,missing,missing,missing,financial_proxy,financial_proxy,financial_proxy,financial_proxy,sector_imputed,real_sec,financial_proxy,sector_imputed,real_sec,missing,real_yahoo,real_yahoo,financial_proxy,real_yahoo,real_sec,real_yahoo,real_yahoo
SEIC,financial_proxy,missing,missing,missing,financial_proxy,missing,missing,financial_proxy,sector_imputed,missing,missing,financial_proxy,missing,missing,missing,financial_proxy,financial_proxy,financial_proxy,financial_proxy,real_public_registry,real_sec,financial_proxy,sector_imputed,real_yahoo,missing,real_sec,real_yahoo,financial_proxy,real_yahoo,real_sec,real_yahoo,real_yahoo
ALLY,financial_proxy,missing,missing,missing,financial_proxy,missing,missing,financial_proxy,sector_imputed,missing,missing,financial_proxy,missing,missing,missing,financial_proxy,financial_proxy,financial_proxy,financial_proxy,sector_imputed,real_sec,financial_proxy,real_sec,real_yahoo,missing,real_sec,real_yahoo,financial_proxy,real_yahoo,real_sec,real_yahoo,real_yahoo
LPLA,financial_proxy,missing,missing,missing,financial_proxy,missing,missing,financial_proxy,sector_imputed,missing,missing,financial_proxy,missing,missing,missing,financial_proxy,financial_proxy,financial_proxy,financial_proxy,sector_imputed,real_yahoo,financial_proxy,sector_imputed,real_sec,missing,real_sec,real_yahoo,financial_proxy,real_yahoo,real_sec,real_yahoo,real_yahoo
HLNE,financial_proxy,missing,missing,missing,financial_proxy,missing,missing,financial_proxy,sector_imputed,missing,missing,financial_proxy,missing,missing,missing,financial_proxy,financial_proxy,financial_proxy,financial_proxy,sector_imputed,real_yahoo,financial_proxy,sector_imputed,real_yahoo,missing,real_yahoo,real_yahoo,financial_proxy,real_yahoo,real_yahoo,real_yahoo,real_yahoo
STEP,financial_proxy,missing,missing,missing,financial_proxy,missing,missing,financial_proxy,sector_imputed,missing,missing,financial_proxy,missing,missing,missing,financial_proxy,financial_proxy,financial_proxy,financial_proxy,sector_imputed,real_yahoo,financial_proxy,sector_imputed,real_yahoo,missing,real_yahoo,real_yahoo,financial_proxy,real_yahoo,real_yahoo,real_yahoo,real_yahoo
CBSH,financial_proxy,missing,missing,missing,financial_proxy,missing,missing,financial_proxy,sector_imputed,missing,missing,financial_proxy,missing,missing,missing,financial_proxy,financial_proxy,financial_proxy,financial_proxy,sector_imputed,real_yahoo,financial_proxy,sector_imputed,real_yahoo,missing,real_yahoo,real_yahoo,financial_proxy,real_yahoo,real_yahoo,real_yahoo,real_yahoo
PNFP,financial_proxy,missing,missing,missing,financial_proxy,missing,missing,financial_proxy,sector_imputed,missing,missing,financial_proxy,missing,missing,missing,financial_proxy,financial_proxy,financial_proxy,financial_proxy,sector_imputed,real_yahoo,financial_proxy,sector_imputed,real_yahoo,missing,real_yahoo,real_yahoo,financial_proxy,real_yahoo,real_yahoo,real_yahoo,real_yahoo
NOV,financial_proxy,missing,missing,missing,financial_proxy,missing,missing,financial_proxy,sector_imputed,missing,missing,financial_proxy,missing,missing,missing,financial_proxy,financial_proxy,financial_proxy,financial_proxy,sector_imputed,real_yahoo,financial_proxy,cross_sector_imputed,real_sec,missing,real_sec,real_yahoo,financial_proxy,real_yahoo,real_sec,real_yahoo,real_yahoo
OII,financial_proxy,missing,missing,missing,financial_proxy,missing,missing,financial_proxy,sector_imputed,missing,missing,financial_proxy,missing,missing,missing,financial_proxy,financial_proxy,financial_proxy,financial_proxy,sector_imputed,real_yahoo,financial_proxy,cross_sector_imputed,real_yahoo,missing,real_yahoo,real_yahoo,financial_proxy,real_yahoo,real_yahoo,real_yahoo,real_yahoo
HLX,financial_proxy,missing,missing,missing,financial_proxy,missing,missing,financial_proxy,sector_imputed,missing,missing,financial_proxy,missing,missing,missing,financial_proxy,financial_proxy,financial_proxy,financial_proxy,sector_imputed,real_yahoo,financial_proxy,cross_sector_imputed,real_yahoo,missing,real_yahoo,real_yahoo,financial_proxy,real_yahoo,real_yahoo,real_yahoo,real_yahoo
CHX,cross_sector_imputed,missing,missing,missing,cross_sector_imputed,missing,missing,cross_sector_imputed,sector_imputed,missing,missing,cross_sector_imputed,missing,missing,missing,cross_sector_imputed,cross_sector_imputed,financial_proxy,financial_proxy,sector_imputed,cross_sector_imputed,cross_sector_imputed,cross_sector_imputed,sector_imputed,missing,financial_proxy,cross_sector_imputed,financial_proxy,cross_sector_imputed,sector_imputed,cross_sector_imputed,cross_sector_imputed
TRGP,financial_proxy,missing,missing,missing,financial_proxy,missing,missing,financial_proxy,sector_imputed,missing,missing,financial_proxy,missing,missing,missing,financial_proxy,financial_proxy,financial_proxy,financial_proxy,sector_imputed,real_yahoo,financial_proxy,cross_sector_imputed,real_sec,missing,real_sec,real_yahoo,financial_proxy,real_yahoo,real_sec,real_yahoo,real_yahoo
OVV,financial_proxy,missing,missing,missing,financial_proxy,missing,missing,financial_proxy,sector_imputed,missing,missing,financial_proxy,missing,missing,missing,financial_proxy,financial_proxy,financial_proxy,financial_proxy,sector_imputed,real_yahoo,financial_proxy,cross_sector_imputed,real_yahoo,missing,real_sec,real_yahoo,financial_proxy,real_yahoo,real_sec,real_yahoo,real_yahoo
AR,financial_proxy,missing,missing,missing,financial_proxy,missing,missing,financial_proxy,sector_imputed,missing,missing,financial_proxy,missing,missing,missing,financial_proxy,financial_proxy,financial_proxy,financial_proxy,sector_imputed,real_yahoo,financial_proxy,cross_sector_imputed,real_yahoo,missing,real_yahoo,real_yahoo,financial_proxy,real_yahoo,real_sec,real_yahoo,real_yahoo
RRC,financial_proxy,missing,missing,missing,financial_proxy,missing,missing,financial_proxy,sector_imputed,missing,missing,financial_proxy,missing,missing,missing,financial_proxy,financial_proxy,financial_proxy,financial_proxy,sector_imputed,real_yahoo,financial_proxy,cross_sector_imputed,real_yahoo,missing,real_yahoo,real_yahoo,financial_proxy,real_yahoo,real_yahoo,real_yahoo,real_yahoo
SM,financial_proxy,missing,missing,missing,financial_proxy,missing,missing,financial_proxy,sector_imputed,missing,missing,financial_proxy,missing,missing,missing,financial_proxy,financial_proxy,financial_proxy,financial_proxy,sector_imputed,real_yahoo,financial_proxy,cross_sector_imputed,real_yahoo,missing,real_yahoo,real_yahoo,financial_proxy,real_yahoo,real_yahoo,real_yahoo,real_yahoo
CTRA,financial_proxy,missing,missing,missing,financial_proxy,missing,missing,financial_proxy,sector_imputed,missing,missing,financial_proxy,missing,missing,missing,financial_proxy,financial_proxy,financial_proxy,financial_proxy,sector_imputed,real_sec,financial_proxy,cross_sector_imputed,real_sec,missing,real_sec,real_yahoo,financial_proxy,real_yahoo,real_sec,real_yahoo,real_yahoo
PTEN,financial_proxy,missing,missing,missing,financial_proxy,missing,missing,financial_proxy,sector_imputed,missing,missing,financial_proxy,missing,missing,missing,financial_proxy,financial_proxy,financial_proxy,financial_proxy,sector_imputed,real_yahoo,financial_proxy,cross_sector_imputed,real_yahoo,missing,real_yahoo,real_yahoo,financial_proxy,real_yahoo,real_yahoo,real_yahoo,real_yahoo
MTDR,financial_proxy,missing,missing,missing,financial_proxy,missing,missing,financial_proxy,sector_imputed,missing,missing,financial_proxy,missing,missing,missing,financial_proxy,financial_proxy,financial_proxy,financial_proxy,sector_imputed,real_yahoo,financial_proxy,cross_sector_imputed,real_yahoo,missing,real_yahoo,real_yahoo,financial_proxy,real_yahoo,real_yahoo,real_yahoo,real_yahoo
CHRD,financial_proxy,missing,missing,missing,financial_proxy,missing,missing,financial_proxy,sector_imputed,missing,missing,financial_proxy,missing,missing,missing,financial_proxy,financial_proxy,financial_proxy,financial_proxy,sector_imputed,real_yahoo,financial_proxy,cross_sector_imputed,real_yahoo,missing,real_yahoo,real_yahoo,financial_proxy,real_yahoo,real_yahoo,real_yahoo,real_yahoo
DINO,financial_proxy,missing,missing,missing,financial_proxy,missing,missing,financial_proxy,sector_imputed,missing,missing,financial_proxy,missing,missing,missing,financial_proxy,financial_proxy,financial_proxy,financial_proxy,sector_imputed,real_yahoo,financial_proxy,cross_sector_imputed,real_yahoo,missing,real_yahoo,real_yahoo,financial_proxy,real_yahoo,real_yahoo,real_yahoo,real_yahoo
CLF,financial_proxy,missing,missing,missing,financial_proxy,missing,missing,financial_proxy,real_public_registry,missing,missing,financial_proxy,missing,missing,missing,financial_proxy,financial_proxy,financial_proxy,financial_proxy,sector_imputed,real_sec,financial_proxy,sector_imputed,real_sec,missing,real_yahoo,real_yahoo,financial_proxy,real_yahoo,real_sec,real_yahoo,real_yahoo
ATI,financial_proxy,missing,missing,missing,financial_proxy,missing,missing,financial_proxy,sector_imputed,missing,missing,financial_proxy,missing,missing,missing,financial_proxy,financial_proxy,financial_proxy,financial_proxy,sector_imputed,real_yahoo,financial_proxy,sector_imputed,real_yahoo,missing,real_yahoo,real_yahoo,financial_proxy,real_yahoo,real_yahoo,real_yahoo,real_yahoo
CMC,financial_proxy,missing,missing,missing,financial_proxy,missing,missing,financial_proxy,sector_imputed,missing,missing,financial_proxy,missing,missing,missing,financial_proxy,financial_proxy,financial_proxy,financial_proxy,sector_imputed,real_yahoo,financial_proxy,sector_imputed,real_yahoo,missing,real_yahoo,real_yahoo,financial_proxy,real_yahoo,real_yahoo,real_yahoo,real_yahoo
SON,financial_proxy,missing,missing,missing,financial_proxy,missing,missing,financial_proxy,sector_imputed,missing,missing,financial_proxy,missing,missing,missing,financial_proxy,financial_proxy,financial_proxy,financial_proxy,sector_imputed,real_yahoo,financial_proxy,sector_imputed,real_yahoo,missing,real_yahoo,real_yahoo,financial_proxy,real_yahoo,real_yahoo,real_yahoo,real_yahoo
SEE,financial_proxy,missing,missing,missing,financial_proxy,missing,missing,financial_proxy,sector_imputed,missing,missing,financial_proxy,missing,missing,missing,financial_proxy,financial_proxy,financial_proxy,financial_proxy,sector_imputed,real_yahoo,financial_proxy,sector_imputed,real_sec,missing,real_yahoo,real_yahoo,financial_proxy,real_yahoo,real_sec,real_yahoo,real_yahoo
HXL,financial_proxy,missing,missing,missing,financial_proxy,missing,missing,financial_proxy,sector_imputed,missing,missing,financial_proxy,missing,missing,missing,financial_proxy,financial_proxy,financial_proxy,financial_proxy,sector_imputed,real_yahoo,financial_proxy,sector_imputed,real_yahoo,missing,real_yahoo,real_yahoo,financial_proxy,real_yahoo,real_yahoo,real_yahoo,real_yahoo
WOR,financial_proxy,missing,missing,missing,financial_proxy,missing,missing,financial_proxy,sector_imputed,missing,missing,financial_proxy,missing,missing,missing,financial_proxy,financial_proxy,financial_proxy,financial_proxy,sector_imputed,real_yahoo,financial_proxy,sector_imputed,real_yahoo,missing,real_yahoo,real_yahoo,financial_proxy,real_yahoo,real_yahoo,real_yahoo,real_yahoo
SLVM,financial_proxy,missing,missing,missing,financial_proxy,missing,missing,financial_proxy,sector_imputed,missing,missing,financial_proxy,missing,missing,missing,financial_proxy,financial_proxy,financial_proxy,financial_proxy,sector_imputed,real_yahoo,financial_proxy,sector_imputed,real_yahoo,missing,real_yahoo,real_yahoo,financial_proxy,real_yahoo,real_yahoo,real_yahoo,real_yahoo
TROX,financial_proxy,missing,missing,missing,financial_proxy,missing,missing,financial_proxy,sector_imputed,missing,missing,financial_proxy,missing,missing,missing,financial_proxy,financial_proxy,financial_proxy,financial_proxy,sector_imputed,real_yahoo,financial_proxy,sector_imputed,real_yahoo,missing,real_yahoo,real_yahoo,financial_proxy,real_yahoo,real_yahoo,real_yahoo,real_yahoo
IOSP,financial_proxy,missing,missing,missing,financial_proxy,missing,missing,financial_proxy,sector_imputed,missing,missing,financial_proxy,missing,missing,missing,financial_proxy,financial_proxy,financial_proxy,financial_proxy,sector_imputed,real_yahoo,financial_proxy,sector_imputed,real_yahoo,missing,real_yahoo,real_yahoo,financial_proxy,real_yahoo,real_yahoo,real_yahoo,real_yahoo
CBT,financial_proxy,missing,missing,missing,financial_proxy,missing,missing,financial_proxy,sector_imputed,missing,missing,financial_proxy,missing,missing,missing,financial_proxy,financial_proxy,financial_proxy,financial_proxy,sector_imputed,real_yahoo,financial_proxy,sector_imputed,real_yahoo,missing,real_yahoo,real_yahoo,financial_proxy,real_yahoo,real_yahoo,real_yahoo,real_yahoo
NGVT,financial_proxy,missing,missing,missing,financial_proxy,missing,missing,financial_proxy,sector_imputed,missing,missing,financial_proxy,missing,missing,missing,financial_proxy,financial_proxy,financial_proxy,financial_proxy,sector_imputed,real_yahoo,financial_proxy,sector_imputed,real_yahoo,missing,real_yahoo,real_yahoo,financial_proxy,real_yahoo,real_yahoo,real_yahoo,real_yahoo
AVNT,financial_proxy,missing,missing,missing,financial_proxy,missing,missing,financial_proxy,sector_imputed,missing,missing,financial_proxy,missing,missing,missing,financial_proxy,financial_proxy,financial_proxy,financial_proxy,sector_imputed,real_yahoo,financial_proxy,sector_imputed,real_yahoo,missing,real_yahoo,real_yahoo,financial_proxy,real_yahoo,real_yahoo,real_yahoo,real_yahoo
KWR,financial_proxy,missing,missing,missing,financial_proxy,missing,missing,financial_proxy,sector_imputed,missing,missing,financial_proxy,missing,missing,missing,financial_proxy,financial_proxy,financial_proxy,financial_proxy,sector_imputed,real_yahoo,financial_proxy,sector_imputed,real_yahoo,missing,real_yahoo,real_yahoo,financial_proxy,real_yahoo,real_yahoo,real_yahoo,real_yahoo
STLD,financial_proxy,missing,missing,missing,financial_proxy,missing,missing,financial_proxy,real_public_registry,missing,missing,financial_proxy,missing,missing,missing,financial_proxy,financial_proxy,financial_proxy,financial_proxy,real_public_registry,real_sec,financial_proxy,sector_imputed,real_sec,missing,real_sec,real_yahoo,financial_proxy,real_yahoo,real_sec,real_yahoo,real_yahoo
RS,financial_proxy,missing,missing,missing,financial_proxy,missing,missing,financial_proxy,sector_imputed,missing,missing,financial_proxy,missing,missing,missing,financial_proxy,financial_proxy,financial_proxy,financial_proxy,sector_imputed,real_yahoo,financial_proxy,sector_imputed,real_yahoo,missing,real_yahoo,real_yahoo,financial_proxy,real_yahoo,real_yahoo,real_yahoo,real_yahoo
RPM,real_public_registry,missing,missing,missing,financial_proxy,missing,missing,financial_proxy,real_public_registry,missing,missing,financial_proxy,missing,missing,missing,financial_proxy,financial_proxy,financial_proxy,financial_proxy,real_public_registry,real_yahoo,financial_proxy,sector_imputed,real_yahoo,missing,real_sec,real_yahoo,financial_proxy,real_yahoo,real_sec,real_yahoo,real_yahoo
FMC,real_public_registry,missing,missing,missing,financial_proxy,missing,missing,financial_proxy,real_public_registry,missing,missing,financial_proxy,missing,missing,missing,financial_proxy,financial_proxy,financial_proxy,financial_proxy,sector_imputed,real_yahoo,financial_proxy,real_sec,real_sec,missing,real_yahoo,real_yahoo,financial_proxy,real_yahoo,real_sec,real_yahoo,real_yahoo
CELH,financial_proxy,missing,missing,missing,financial_proxy,missing,missing,financial_proxy,sector_imputed,missing,missing,financial_proxy,missing,missing,missing,financial_proxy,financial_proxy,financial_proxy,financial_proxy,sector_imputed,real_yahoo,financial_proxy,cross_sector_imputed,real_yahoo,missing,real_yahoo,real_yahoo,financial_proxy,real_yahoo,real_yahoo,real_yahoo,real_yahoo
FLO,financial_proxy,missing,missing,missing,financial_proxy,missing,missing,financial_proxy,sector_imputed,missing,missing,financial_proxy,missing,missing,missing,financial_proxy,financial_proxy,financial_proxy,financial_proxy,sector_imputed,real_yahoo,financial_proxy,cross_sector_imputed,real_yahoo,missing,real_yahoo,real_yahoo,financial_proxy,real_yahoo,real_yahoo,real_yahoo,real_yahoo
INGR,financial_proxy,missing,missing,missing,financial_proxy,missing,missing,financial_proxy,sector_imputed,missing,missing,financial_proxy,missing,missing,missing,financial_proxy,financial_proxy,financial_proxy,financial_proxy,sector_imputed,real_yahoo,financial_proxy,cross_sector_imputed,real_yahoo,missing,real_yahoo,real_yahoo,financial_proxy,real_yahoo,real_yahoo,real_yahoo,real_yahoo
SPB,financial_proxy,missing,missing,missing,financial_proxy,missing,missing,financial_proxy,sector_imputed,missing,missing,financial_proxy,missing,missing,missing,financial_proxy,financial_proxy,financial_proxy,financial_proxy,sector_imputed,real_yahoo,financial_proxy,cross_sector_imputed,real_yahoo,missing,real_yahoo,real_yahoo,financial_proxy,real_yahoo,real_yahoo,real_yahoo,real_yahoo
IPAR,financial_proxy,missing,missing,missing,financial_proxy,missing,missing,financial_proxy,sector_imputed,missing,missing,financial_proxy,missing,missing,missing,financial_proxy,financial_proxy,financial_proxy,financial_proxy,sector_imputed,real_yahoo,financial_proxy,cross_sector_imputed,real_yahoo,missing,real_yahoo,real_yahoo,financial_proxy,real_yahoo,real_yahoo,real_yahoo,real_yahoo
ELF,financial_proxy,missing,missing,missing,financial_proxy,missing,missing,financial_proxy,sector_imputed,missing,missing,financial_proxy,missing,missing,missing,financial_proxy,financial_proxy,financial_proxy,financial_proxy,sector_imputed,real_yahoo,financial_proxy,cross_sector_imputed,real_yahoo,missing,real_yahoo,real_yahoo,financial_proxy,real_yahoo,real_yahoo,real_yahoo,real_yahoo
FRPT,financial_proxy,missing,missing,missing,financial_proxy,missing,missing,financial_proxy,sector_imputed,missing,missing,financial_proxy,missing,missing,missing,financial_proxy,financial_proxy,financial_proxy,financial_proxy,sector_imputed,real_yahoo,financial_proxy,cross_sector_imputed,real_yahoo,missing,real_yahoo,real_yahoo,financial_proxy,real_yahoo,real_yahoo,real_yahoo,real_yahoo
SJM,financial_proxy,missing,missing,missing,financial_proxy,missing,missing,financial_proxy,sector_imputed,missing,missing,financial_proxy,missing,missing,missing,financial_proxy,financial_proxy,financial_proxy,financial_proxy,sector_imputed,real_yahoo,financial_proxy,cross_sector_imputed,real_yahoo,missing,real_yahoo,real_yahoo,financial_proxy,real_yahoo,real_yahoo,real_yahoo,real_yahoo
CASY,financial_proxy,missing,missing,missing,financial_proxy,missing,missing,financial_proxy,sector_imputed,missing,missing,financial_proxy,missing,missing,missing,financial_proxy,financial_proxy,financial_proxy,financial_proxy,sector_imputed,real_yahoo,financial_proxy,sector_imputed,real_yahoo,missing,real_yahoo,real_yahoo,financial_proxy,real_yahoo,real_yahoo,real_yahoo,real_yahoo
USFD,financial_proxy,missing,missing,missing,financial_proxy,missing,missing,financial_proxy,sector_imputed,missing,missing,financial_proxy,missing,missing,missing,financial_proxy,financial_proxy,financial_proxy,financial_proxy,sector_imputed,real_yahoo,financial_proxy,cross_sector_imputed,real_yahoo,missing,real_yahoo,real_yahoo,financial_proxy,real_yahoo,real_yahoo,real_yahoo,real_yahoo
POST,financial_proxy,missing,missing,missing,financial_proxy,missing,missing,financial_proxy,sector_imputed,missing,missing,financial_proxy,missing,missing,missing,financial_proxy,financial_proxy,financial_proxy,financial_proxy,sector_imputed,real_yahoo,financial_proxy,cross_sector_imputed,real_yahoo,missing,real_yahoo,real_yahoo,financial_proxy,real_yahoo,real_yahoo,real_yahoo,real_yahoo
HRL,financial_proxy,missing,missing,missing,financial_proxy,missing,missing,financial_proxy,sector_imputed,missing,missing,financial_proxy,missing,missing,missing,financial_proxy,financial_proxy,financial_proxy,financial_proxy,sector_imputed,real_yahoo,financial_proxy,cross_sector_imputed,real_yahoo,missing,real_yahoo,real_yahoo,financial_proxy,real_yahoo,real_yahoo,real_yahoo,real_yahoo
NRG,real_public_registry,missing,missing,missing,real_public_registry,missing,missing,financial_proxy,real_public_registry,missing,missing,financial_proxy,missing,missing,missing,financial_proxy,financial_proxy,financial_proxy,financial_proxy,sector_imputed,real_yahoo,financial_proxy,cross_sector_imputed,real_yahoo,missing,real_yahoo,real_yahoo,financial_proxy,real_yahoo,real_yahoo,real_yahoo,real_yahoo
OGE,financial_proxy,missing,missing,missing,financial_proxy,missing,missing,financial_proxy,sector_imputed,missing,missing,financial_proxy,missing,missing,missing,financial_proxy,financial_proxy,financial_proxy,financial_proxy,sector_imputed,real_yahoo,financial_proxy,cross_sector_imputed,real_yahoo,missing,real_yahoo,real_yahoo,financial_proxy,real_yahoo,real_yahoo,real_yahoo,real_yahoo
PNW,financial_proxy,missing,missing,missing,financial_proxy,missing,missing,financial_proxy,sector_imputed,missing,missing,financial_proxy,missing,missing,missing,financial_proxy,financial_proxy,financial_proxy,financial_proxy,sector_imputed,real_yahoo,financial_proxy,cross_sector_imputed,real_yahoo,missing,real_yahoo,real_yahoo,financial_proxy,real_yahoo,real_yahoo,real_yahoo,real_yahoo
ATO,financial_proxy,missing,missing,missing,financial_proxy,missing,missing,financial_proxy,sector_imputed,missing,missing,financial_proxy,missing,missing,missing,financial_proxy,financial_proxy,financial_proxy,financial_proxy,sector_imputed,real_yahoo,financial_proxy,cross_sector_imputed,real_yahoo,missing,real_yahoo,real_yahoo,financial_proxy,real_yahoo,real_yahoo,real_yahoo,real_yahoo
EVRG,financial_proxy,missing,missing,missing,financial_proxy,missing,missing,financial_proxy,sector_imputed,missing,missing,financial_proxy,missing,missing,missing,financial_proxy,financial_proxy,financial_proxy,financial_proxy,sector_imputed,real_yahoo,financial_proxy,cross_sector_imputed,real_yahoo,missing,real_yahoo,real_yahoo,financial_proxy,real_yahoo,real_yahoo,real_yahoo,real_yahoo
AES,real_public_registry,missing,missing,missing,real_public_registry,missing,missing,financial_proxy,real_public_registry,missing,missing,financial_proxy,missing,missing,missing,financial_proxy,financial_proxy,financial_proxy,financial_proxy,sector_imputed,real_yahoo,financial_proxy,cross_sector_imputed,real_yahoo,missing,real_yahoo,real_yahoo,financial_proxy,real_yahoo,real_yahoo,real_yahoo,real_yahoo
MDU,financial_proxy,missing,missing,missing,financial_proxy,missing,missing,financial_proxy,sector_imputed,missing,missing,financial_proxy,missing,missing,missing,financial_proxy,financial_proxy,financial_proxy,financial_proxy,sector_imputed,real_yahoo,financial_proxy,cross_sector_imputed,real_yahoo,missing,real_yahoo,real_yahoo,financial_proxy,real_yahoo,real_yahoo,real_yahoo,real_yahoo
AVA,financial_proxy,missing,missing,missing,financial_proxy,missing,missing,financial_proxy,sector_imputed,missing,missing,financial_proxy,missing,missing,missing,sector_imputed,sector_imputed,financial_proxy,financial_proxy,sector_imputed,real_yahoo,financial_proxy,cross_sector_imputed,real_yahoo,missing,real_yahoo,real_yahoo,financial_proxy,real_yahoo,real_yahoo,real_yahoo,real_yahoo
CMS,real_public_registry,missing,missing,missing,financial_proxy,missing,missing,financial_proxy,real_public_registry,missing,missing,financial_proxy,missing,missing,missing,financial_proxy,financial_proxy,financial_proxy,financial_proxy,real_public_registry,real_yahoo,financial_proxy,cross_sector_imputed,real_yahoo,missing,real_yahoo,real_yahoo,financial_proxy,real_yahoo,real_yahoo,real_yahoo,real_yahoo
DTE,financial_proxy,missing,missing,missing,financial_proxy,missing,missing,financial_proxy,real_public_registry,missing,missing,financial_proxy,missing,missing,missing,financial_proxy,financial_proxy,financial_proxy,financial_proxy,real_public_registry,real_yahoo,financial_proxy,cross_sector_imputed,real_yahoo,missing,real_yahoo,real_yahoo,financial_proxy,real_yahoo,real_yahoo,real_yahoo,real_yahoo
WEC,financial_proxy,missing,missing,missing,financial_proxy,missing,missing,financial_proxy,real_public_registry,missing,missing,financial_proxy,missing,missing,missing,financial_proxy,financial_proxy,financial_proxy,financial_proxy,real_public_registry,real_yahoo,financial_proxy,cross_sector_imputed,real_yahoo,missing,real_yahoo,real_yahoo,financial_proxy,real_yahoo,real_yahoo,real_yahoo,real_yahoo
INVH,financial_proxy,missing,missing,missing,financial_proxy,missing,missing,financial_proxy,real_public_registry,missing,missing,financial_proxy,missing,missing,missing,financial_proxy,financial_proxy,financial_proxy,financial_proxy,cross_sector_imputed,real_yahoo,financial_proxy,cross_sector_imputed,real_yahoo,missing,real_yahoo,real_yahoo,financial_proxy,real_yahoo,real_yahoo,real_yahoo,real_yahoo
ELS,financial_proxy,missing,missing,missing,financial_proxy,missing,missing,financial_proxy,sector_imputed,missing,missing,financial_proxy,missing,missing,missing,financial_proxy,financial_proxy,financial_proxy,financial_proxy,cross_sector_imputed,real_yahoo,financial_proxy,cross_sector_imputed,real_yahoo,missing,real_yahoo,real_yahoo,financial_proxy,real_yahoo,real_yahoo,real_yahoo,real_yahoo
AMH,financial_proxy,missing,missing,missing,financial_proxy,missing,missing,financial_proxy,sector_imputed,missing,missing,financial_proxy,missing,missing,missing,financial_proxy,financial_proxy,financial_proxy,financial_proxy,cross_sector_imputed,real_yahoo,financial_proxy,cross_sector_imputed,real_yahoo,missing,real_yahoo,real_yahoo,financial_proxy,real_yahoo,real_yahoo,real_yahoo,real_yahoo
SUI,financial_proxy,missing,missing,missing,financial_proxy,missing,missing,financial_proxy,sector_imputed,missing,missing,financial_proxy,missing,missing,missing,financial_proxy,financial_proxy,financial_proxy,financial_proxy,cross_sector_imputed,real_yahoo,financial_proxy,cross_sector_imputed,real_yahoo,missing,real_yahoo,real_yahoo,financial_proxy,real_yahoo,real_yahoo,real_yahoo,real_yahoo
KRC,financial_proxy,missing,missing,missing,financial_proxy,missing,missing,financial_proxy,real_public_registry,missing,missing,financial_proxy,missing,missing,missing,financial_proxy,financial_proxy,financial_proxy,financial_proxy,cross_sector_imputed,real_yahoo,financial_proxy,cross_sector_imputed,real_yahoo,missing,real_yahoo,real_yahoo,financial_proxy,real_yahoo,real_yahoo,real_yahoo,real_yahoo
HIW,financial_proxy,missing,missing,missing,financial_proxy,missing,missing,financial_proxy,sector_imputed,missing,missing,financial_proxy,missing,missing,missing,financial_proxy,financial_proxy,financial_proxy,financial_proxy,cross_sector_imputed,real_yahoo,financial_proxy,cross_sector_imputed,real_yahoo,missing,real_yahoo,real_yahoo,financial_proxy,real_yahoo,real_yahoo,real_yahoo,real_yahoo
NNN,financial_proxy,missing,missing,missing,financial_proxy,missing,missing,financial_proxy,sector_imputed,missing,missing,financial_proxy,missing,missing,missing,financial_proxy,financial_proxy,financial_proxy,financial_proxy,cross_sector_imputed,real_yahoo,financial_proxy,cross_sector_imputed,real_yahoo,missing,real_yahoo,real_yahoo,financial_proxy,real_yahoo,real_yahoo,real_yahoo,real_yahoo
STAG,financial_proxy,missing,missing,missing,financial_proxy,missing,missing,financial_proxy,sector_imputed,missing,missing,financial_proxy,missing,missing,missing,financial_proxy,financial_proxy,financial_proxy,financial_proxy,cross_sector_imputed,real_yahoo,financial_proxy,cross_sector_imputed,real_yahoo,missing,real_yahoo,real_yahoo,financial_proxy,real_yahoo,real_yahoo,real_yahoo,real_yahoo
CUBE,financial_proxy,missing,missing,missing,financial_proxy,missing,missing,financial_proxy,sector_imputed,missing,missing,financial_proxy,missing,missing,missing,financial_proxy,financial_proxy,financial_proxy,financial_proxy,cross_sector_imputed,real_yahoo,financial_proxy,cross_sector_imputed,real_yahoo,missing,real_yahoo,real_yahoo,financial_proxy,real_yahoo,real_yahoo,real_yahoo,real_yahoo
REXR,financial_proxy,missing,missing,missing,financial_proxy,missing,missing,financial_proxy,sector_imputed,missing,missing,financial_proxy,missing,missing,missing,financial_proxy,financial_proxy,financial_proxy,financial_proxy,cross_sector_imputed,real_yahoo,financial_proxy,cross_sector_imputed,real_yahoo,missing,real_yahoo,real_yahoo,financial_proxy,real_yahoo,real_yahoo,real_yahoo,real_yahoo
LAMR,financial_proxy,missing,missing,missing,financial_proxy,missing,missing,financial_proxy,sector_imputed,missing,missing,financial_proxy,missing,missing,missing,financial_proxy,financial_proxy,financial_proxy,financial_proxy,cross_sector_imputed,real_yahoo,financial_proxy,cross_sector_imputed,real_yahoo,missing,real_yahoo,real_yahoo,financial_proxy,real_yahoo,real_yahoo,real_yahoo,real_yahoo
IART,financial_proxy,missing,missing,missing,financial_proxy,missing,missing,financial_proxy,sector_imputed,missing,missing,financial_proxy,missing,missing,missing,financial_proxy,financial_proxy,financial_proxy,financial_proxy,sector_imputed,real_yahoo,financial_proxy,sector_imputed,real_yahoo,missing,real_yahoo,real_yahoo,financial_proxy,real_yahoo,real_yahoo,real_yahoo,real_yahoo
ZI,cross_sector_imputed,missing,missing,missing,cross_sector_imputed,missing,missing,cross_sector_imputed,sector_imputed,missing,missing,cross_sector_imputed,missing,missing,missing,cross_sector_imputed,cross_sector_imputed,financial_proxy,financial_proxy,sector_imputed,cross_sector_imputed,cross_sector_imputed,cross_sector_imputed,sector_imputed,missing,financial_proxy,cross_sector_imputed,financial_proxy,cross_sector_imputed,sector_imputed,cross_sector_imputed,cross_sector_imputed
MTCH,financial_proxy,missing,missing,missing,financial_proxy,missing,missing,financial_proxy,sector_imputed,missing,missing,financial_proxy,missing,missing,missing,financial_proxy,financial_proxy,financial_proxy,financial_proxy,sector_imputed,real_yahoo,financial_proxy,sector_imputed,real_yahoo,missing,real_yahoo,real_yahoo,financial_proxy,real_yahoo,real_yahoo,real_yahoo,real_yahoo
MSGS,financial_proxy,missing,missing,missing,financial_proxy,missing,missing,financial_proxy,sector_imputed,missing,missing,financial_proxy,missing,missing,missing,financial_proxy,financial_proxy,financial_proxy,financial_proxy,sector_imputed,real_yahoo,financial_proxy,sector_imputed,real_yahoo,missing,real_yahoo,real_yahoo,financial_proxy,real_yahoo,real_yahoo,real_yahoo,real_yahoo
TTWO,financial_proxy,missing,missing,missing,financial_proxy,missing,missing,financial_proxy,sector_imputed,missing,missing,financial_proxy,missing,missing,missing,financial_proxy,financial_proxy,financial_proxy,financial_proxy,sector_imputed,real_yahoo,financial_proxy,sector_imputed,real_yahoo,missing,real_yahoo,real_yahoo,financial_proxy,real_yahoo,real_yahoo,real_yahoo,real_yahoo
EA,financial_proxy,missing,missing,missing,financial_proxy,missing,missing,financial_proxy,sector_imputed,missing,missing,financial_proxy,missing,missing,missing,financial_proxy,financial_proxy,financial_proxy,financial_proxy,sector_imputed,real_yahoo,financial_proxy,sector_imputed,real_yahoo,missing,real_yahoo,real_yahoo,financial_proxy,real_yahoo,real_yahoo,real_yahoo,real_yahoo
LYV,financial_proxy,missing,missing,missing,financial_proxy,missing,missing,financial_proxy,sector_imputed,missing,missing,financial_proxy,missing,missing,missing,financial_proxy,financial_proxy,financial_proxy,financial_proxy,sector_imputed,real_yahoo,financial_proxy,sector_imputed,real_yahoo,missing,real_yahoo,real_yahoo,financial_proxy,real_yahoo,real_yahoo,real_yahoo,real_yahoo
WMG,financial_proxy,missing,missing,missing,financial_proxy,missing,missing,financial_proxy,sector_imputed,missing,missing,financial_proxy,missing,missing,missing,financial_proxy,financial_proxy,financial_proxy,financial_proxy,sector_imputed,real_yahoo,financial_proxy,sector_imputed,real_yahoo,missing,real_yahoo,real_yahoo,financial_proxy,real_yahoo,real_yahoo,real_yahoo,real_yahoo
AAPL,real_public_registry,missing,missing,missing,real_public_registry,missing,missing,financial_proxy,real_public_registry,missing,missing,financial_proxy,missing,missing,missing,financial_proxy,financial_proxy,financial_proxy,financial_proxy,real_public_registry,real_sec,financial_proxy,sector_imputed,real_sec,missing,real_sec,real_yahoo,financial_proxy,real_yahoo,real_sec,real_yahoo,real_yahoo
MSFT,real_public_registry,missing,missing,missing,real_public_registry,missing,missing,financial_proxy,real_public_registry,missing,missing,financial_proxy,missing,missing,missing,financial_proxy,financial_proxy,financial_proxy,financial_proxy,real_public_registry,real_yahoo,financial_proxy,sector_imputed,real_sec,missing,real_sec,real_yahoo,financial_proxy,real_yahoo,real_sec,real_yahoo,real_yahoo
GOOGL,real_public_registry,missing,missing,missing,real_public_registry,missing,missing,financial_proxy,real_public_registry,missing,missing,financial_proxy,missing,missing,missing,financial_proxy,financial_proxy,financial_proxy,financial_proxy,real_public_registry,real_sec,financial_proxy,sector_imputed,real_sec,missing,real_sec,real_yahoo,financial_proxy,real_yahoo,real_sec,real_yahoo,real_yahoo
AMZN,real_public_registry,missing,missing,missing,real_public_registry,missing,missing,financial_proxy,real_public_registry,missing,missing,financial_proxy,missing,missing,missing,financial_proxy,financial_proxy,financial_proxy,financial_proxy,sector_imputed,real_yahoo,financial_proxy,sector_imputed,real_sec,missing,real_yahoo,real_yahoo,financial_proxy,real_yahoo,real_sec,real_yahoo,real_yahoo
NVDA,real_public_registry,missing,missing,missing,financial_proxy,missing,missing,financial_proxy,real_public_registry,missing,missing,financial_proxy,missing,missing,missing,financial_proxy,financial_proxy,financial_proxy,financial_proxy,real_public_registry,real_sec,financial_proxy,sector_imputed,real_sec,missing,real_sec,real_yahoo,financial_proxy,real_yahoo,real_sec,real_yahoo,real_yahoo
JNJ,real_public_registry,missing,missing,missing,real_public_registry,missing,missing,financial_proxy,real_public_registry,missing,missing,financial_proxy,missing,missing,missing,financial_proxy,financial_proxy,financial_proxy,financial_proxy,real_public_registry,real_yahoo,financial_proxy,sector_imputed,real_yahoo,missing,real_yahoo,real_yahoo,financial_proxy,real_yahoo,real_yahoo,real_yahoo,real_yahoo
JPM,real_public_registry,missing,missing,missing,real_public_registry,missing,missing,financial_proxy,real_public_registry,missing,missing,financial_proxy,missing,missing,missing,financial_proxy,financial_proxy,financial_proxy,financial_proxy,real_public_registry,real_yahoo,financial_proxy,sector_imputed,real_yahoo,missing,real_yahoo,real_yahoo,financial_proxy,real_yahoo,real_yahoo,real_yahoo,real_yahoo
XOM,financial_proxy,missing,missing,missing,financial_proxy,missing,missing,financial_proxy,real_public_registry,missing,missing,financial_proxy,missing,missing,missing,financial_proxy,financial_proxy,financial_proxy,financial_proxy,real_public_registry,real_yahoo,financial_proxy,cross_sector_imputed,real_yahoo,missing,real_yahoo,real_yahoo,financial_proxy,real_yahoo,real_yahoo,real_yahoo,real_yahoo
PG,real_public_registry,missing,missing,missing,real_public_registry,missing,missing,financial_proxy,real_public_registry,missing,missing,financial_proxy,missing,missing,missing,financial_proxy,financial_proxy,financial_proxy,financial_proxy,real_public_registry,real_yahoo,financial_proxy,cross_sector_imputed,real_yahoo,missing,real_yahoo,real_yahoo,financial_proxy,real_yahoo,real_yahoo,real_yahoo,real_yahoo
UNH,financial_proxy,missing,missing,missing,financial_proxy,missing,missing,financial_proxy,sector_imputed,missing,missing,financial_proxy,missing,missing,missing,financial_proxy,financial_proxy,financial_proxy,financial_proxy,sector_imputed,real_yahoo,financial_proxy,sector_imputed,real_yahoo,missing,real_yahoo,real_yahoo,financial_proxy,real_yahoo,real_yahoo,real_yahoo,real_yahoo
CAT,real_public_registry,missing,missing,missing,financial_proxy,missing,missing,financial_proxy,real_public_registry,missing,missing,financial_proxy,missing,missing,missing,financial_proxy,financial_proxy,financial_proxy,financial_proxy,sector_imputed,real_yahoo,financial_proxy,sector_imputed,real_yahoo,missing,real_yahoo,real_yahoo,financial_proxy,real_yahoo,real_yahoo,real_yahoo,real_yahoo
NEE,real_public_registry,missing,missing,missing,real_public_registry,missing,missing,financial_proxy,real_public_registry,missing,missing,financial_proxy,missing,missing,missing,financial_proxy,financial_proxy,financial_proxy,financial_proxy,real_public_registry,real_yahoo,financial_proxy,cross_sector_imputed,real_yahoo,missing,real_yahoo,real_yahoo,financial_proxy,real_yahoo,real_yahoo,real_yahoo,real_yahoo
KO,real_public_registry,missing,missing,missing,real_public_registry,missing,missing,financial_proxy,real_public_registry,missing,missing,financial_proxy,missing,missing,missing,financial_proxy,financial_proxy,financial_proxy,financial_proxy,real_public_registry,real_yahoo,financial_proxy,cross_sector_imputed,real_yahoo,missing,real_yahoo,real_yahoo,financial_proxy,real_yahoo,real_yahoo,real_yahoo,real_yahoo
CVX,financial_proxy,missing,missing,missing,financial_proxy,missing,missing,financial_proxy,real_public_registry,missing,missing,financial_proxy,missing,missing,missing,financial_proxy,financial_proxy,financial_proxy,financial_proxy,real_public_registry,real_yahoo,financial_proxy,cross_sector_imputed,real_yahoo,missing,real_yahoo,real_yahoo,financial_proxy,real_yahoo,real_yahoo,real_yahoo,real_yahoo
HON,real_public_registry,missing,missing,missing,financial_proxy,missing,missing,financial_proxy,real_public_registry,missing,missing,financial_proxy,missing,missing,missing,financial_proxy,financial_proxy,financial_proxy,financial_proxy,sector_imputed,real_yahoo,financial_proxy,sector_imputed,real_yahoo,missing,real_yahoo,real_yahoo,financial_proxy,real_yahoo,real_yahoo,real_yahoo,real_yahoo
BRK-B,financial_proxy,missing,missing,missing,financial_proxy,missing,missing,financial_proxy,sector_imputed,missing,missing,financial_proxy,missing,missing,missing,financial_proxy,financial_proxy,financial_proxy,financial_proxy,sector_imputed,real_yahoo,financial_proxy,sector_imputed,real_yahoo,missing,real_yahoo,real_yahoo,financial_proxy,real_yahoo,real_yahoo,real_yahoo,real_yahoo
META,real_public_registry,missing,missing,missing,real_public_registry,missing,missing,financial_proxy,real_public_registry,missing,missing,financial_proxy,missing,missing,missing,financial_proxy,financial_proxy,financial_proxy,financial_proxy,sector_imputed,real_sec,financial_proxy,sector_imputed,real_sec,missing,real_sec,real_yahoo,financial_proxy,real_yahoo,real_sec,real_yahoo,real_yahoo
AVGO,financial_proxy,missing,missing,missing,financial_proxy,missing,missing,financial_proxy,real_public_registry,missing,missing,financial_proxy,missing,missing,missing,financial_proxy,financial_proxy,financial_proxy,financial_proxy,sector_imputed,real_sec,financial_proxy,sector_imputed,real_sec,missing,real_yahoo,real_yahoo,financial_proxy,real_yahoo,real_sec,real_yahoo,real_yahoo
ADBE,real_public_registry,missing,missing,missing,real_public_registry,missing,missing,financial_proxy,real_public_registry,missing,missing,financial_proxy,missing,missing,missing,financial_proxy,financial_proxy,financial_proxy,financial_proxy,sector_imputed,real_yahoo,financial_proxy,sector_imputed,real_sec,missing,real_sec,real_yahoo,financial_proxy,real_yahoo,real_yahoo,real_yahoo,real_yahoo
CRM,real_public_registry,missing,missing,missing,real_public_registry,missing,missing,financial_proxy,real_public_registry,missing,missing,financial_proxy,missing,missing,missing,financial_proxy,financial_proxy,financial_proxy,financial_proxy,real_public_registry,real_sec,financial_proxy,sector_imputed,real_sec,missing,real_sec,real_yahoo,financial_proxy,real_yahoo,real_sec,real_yahoo,real_yahoo
CSCO,real_public_registry,missing,missing,missing,real_public_registry,missing,missing,financial_proxy,real_public_registry,missing,missing,financial_proxy,missing,missing,missing,financial_proxy,financial_proxy,financial_proxy,financial_proxy,real_public_registry,real_sec,financial_proxy,sector_imputed,real_sec,missing,real_sec,real_yahoo,financial_proxy,real_yahoo,real_sec,real_yahoo,real_yahoo
INTC,real_public_registry,missing,missing,missing,real_public_registry,missing,missing,financial_proxy,real_public_registry,missing,missing,financial_proxy,missing,missing,missing,financial_proxy,financial_proxy,financial_proxy,financial_proxy,real_public_registry,real_yahoo,financial_proxy,sector_imputed,real_sec,missing,real_yahoo,real_yahoo,financial_proxy,real_yahoo,real_sec,real_yahoo,real_yahoo
AMD,financial_proxy,missing,missing,missing,financial_proxy,missing,missing,financial_proxy,sector_imputed,missing,missing,financial_proxy,missing,missing,missing,financial_proxy,financial_proxy,financial_proxy,financial_proxy,sector_imputed,real_yahoo,financial_proxy,sector_imputed,real_sec,missing,real_sec,real_yahoo,financial_proxy,real_yahoo,real_sec,real_yahoo,real_yahoo
ORCL,financial_proxy,missing,missing,missing,financial_proxy,missing,missing,financial_proxy,real_public_registry,missing,missing,financial_proxy,missing,missing,missing,financial_proxy,financial_proxy,financial_proxy,financial_proxy,real_public_registry,real_yahoo,financial_proxy,sector_imputed,real_sec,missing,real_sec,real_yahoo,financial_proxy,real_yahoo,real_sec,real_yahoo,real_yahoo
LLY,real_public_registry,missing,missing,missing,real_public_registry,missing,missing,financial_proxy,real_public_registry,missing,missing,financial_proxy,missing,missing,missing,financial_proxy,financial_proxy,financial_proxy,financial_proxy,real_public_registry,real_sec,financial_proxy,sector_imputed,real_sec,missing,real_sec,real_yahoo,financial_proxy,real_yahoo,real_sec,real_yahoo,real_yahoo
ABBV,real_public_registry,missing,missing,missing,financial_proxy,missing,missing,financial_proxy,real_public_registry,missing,missing,financial_proxy,missing,missing,missing,financial_proxy,financial_proxy,financial_proxy,financial_proxy,sector_imputed,real_sec,financial_proxy,sector_imputed,real_sec,missing,real_sec,real_yahoo,financial_proxy,real_yahoo,real_sec,real_yahoo,real_yahoo
MRK,real_public_registry,missing,missing,missing,financial_proxy,missing,missing,financial_proxy,real_public_registry,missing,missing,financial_proxy,missing,missing,missing,financial_proxy,financial_proxy,financial_proxy,financial_proxy,real_public_registry,real_yahoo,financial_proxy,sector_imputed,real_sec,missing,real_sec,real_yahoo,financial_proxy,real_yahoo,real_sec,real_yahoo,real_yahoo
PFE,real_public_registry,missing,missing,missing,real_public_registry,missing,missing,financial_proxy,real_public_registry,missing,missing,financial_proxy,missing,missing,missing,financial_proxy,financial_proxy,financial_proxy,financial_proxy,real_public_registry,real_yahoo,financial_proxy,sector_imputed,real_sec,missing,real_yahoo,real_yahoo,financial_proxy,real_yahoo,real_sec,real_yahoo,real_yahoo
TMO,financial_proxy,missing,missing,missing,financial_proxy,missing,missing,financial_proxy,real_public_registry,missing,missing,financial_proxy,missing,missing,missing,financial_proxy,financial_proxy,financial_proxy,financial_proxy,real_public_registry,real_yahoo,financial_proxy,sector_imputed,real_sec,missing,real_sec,real_yahoo,financial_proxy,real_yahoo,real_sec,real_yahoo,real_yahoo
BAC,real_public_registry,missing,missing,missing,real_public_registry,missing,missing,financial_proxy,real_public_registry,missing,missing,financial_proxy,missing,missing,missing,financial_proxy,financial_proxy,financial_proxy,financial_proxy,real_public_registry,real_sec,financial_proxy,sector_imputed,real_sec,missing,real_sec,real_yahoo,financial_proxy,real_yahoo,real_sec,real_yahoo,real_yahoo
WFC,financial_proxy,missing,missing,missing,financial_proxy,missing,missing,financial_proxy,real_public_registry,missing,missing,financial_proxy,missing,missing,missing,financial_proxy,financial_proxy,financial_proxy,financial_proxy,real_public_registry,real_yahoo,financial_proxy,real_sec,real_sec,missing,real_sec,real_yahoo,financial_proxy,real_yahoo,real_sec,real_yahoo,real_yahoo
GS,real_public_registry,missing,missing,missing,real_public_registry,missing,missing,financial_proxy,real_public_registry,missing,missing,financial_proxy,missing,missing,missing,financial_proxy,financial_proxy,financial_proxy,financial_proxy,real_public_registry,real_sec,financial_proxy,sector_imputed,real_sec,missing,real_sec,real_yahoo,financial_proxy,real_yahoo,real_sec,real_yahoo,real_yahoo
MS,real_public_registry,missing,missing,missing,financial_proxy,missing,missing,financial_proxy,real_public_registry,missing,missing,financial_proxy,missing,missing,missing,financial_proxy,financial_proxy,financial_proxy,financial_proxy,sector_imputed,real_sec,financial_proxy,sector_imputed,real_sec,missing,real_sec,real_yahoo,financial_proxy,real_yahoo,real_sec,real_yahoo,real_yahoo
BLK,real_public_registry,missing,missing,missing,real_public_registry,missing,missing,financial_proxy,real_public_registry,missing,missing,financial_proxy,missing,missing,missing,financial_proxy,financial_proxy,financial_proxy,financial_proxy,real_public_registry,real_sec,financial_proxy,sector_imputed,real_sec,missing,real_sec,real_yahoo,financial_proxy,real_yahoo,real_sec,real_yahoo,real_yahoo
WMT,real_public_registry,missing,missing,missing,real_public_registry,missing,missing,financial_proxy,real_public_registry,missing,missing,financial_proxy,missing,missing,missing,financial_proxy,financial_proxy,financial_proxy,financial_proxy,real_public_registry,real_sec,financial_proxy,cross_sector_imputed,real_yahoo,missing,real_sec,real_yahoo,financial_proxy,real_yahoo,real_sec,real_yahoo,real_yahoo
HD,real_public_registry,missing,missing,missing,real_public_registry,missing,missing,financial_proxy,real_public_registry,missing,missing,financial_proxy,missing,missing,missing,financial_proxy,financial_proxy,financial_proxy,financial_proxy,real_public_registry,real_yahoo,financial_proxy,real_sec,real_sec,missing,real_yahoo,real_yahoo,financial_proxy,real_yahoo,real_sec,real_yahoo,real_yahoo
MCD,real_public_registry,missing,missing,missing,financial_proxy,missing,missing,financial_proxy,real_public_registry,missing,missing,financial_proxy,missing,missing,missing,financial_proxy,financial_proxy,financial_proxy,financial_proxy,real_public_registry,real_yahoo,financial_proxy,sector_imputed,real_sec,missing,real_sec,real_yahoo,financial_proxy,real_yahoo,real_sec,real_yahoo,real_yahoo
NKE,real_public_registry,missing,missing,missing,real_public_registry,missing,missing,financial_proxy,real_public_registry,missing,missing,financial_proxy,missing,missing,missing,financial_proxy,financial_proxy,financial_proxy,financial_proxy,real_public_registry,real_sec,financial_proxy,sector_imputed,real_sec,missing,real_sec,real_yahoo,financial_proxy,real_yahoo,real_sec,real_yahoo,real_yahoo
COST,real_public_registry,missing,missing,missing,financial_proxy,missing,missing,financial_proxy,real_public_registry,missing,missing,financial_proxy,missing,missing,missing,financial_proxy,financial_proxy,financial_proxy,financial_proxy,real_public_registry,real_sec,financial_proxy,cross_sector_imputed,real_sec,missing,real_sec,real_yahoo,financial_proxy,real_yahoo,real_sec,real_yahoo,real_yahoo
RTX,financial_proxy,missing,missing,missing,financial_proxy,missing,missing,financial_proxy,real_public_registry,missing,missing,financial_proxy,missing,missing,missing,financial_proxy,financial_proxy,financial_proxy,financial_proxy,real_public_registry,real_yahoo,financial_proxy,sector_imputed,real_sec,missing,real_sec,real_yahoo,financial_proxy,real_yahoo,real_sec,real_yahoo,real_yahoo
LMT,financial_proxy,missing,missing,missing,financial_proxy,missing,missing,financial_proxy,real_public_registry,missing,missing,financial_proxy,missing,missing,missing,financial_proxy,financial_proxy,financial_proxy,financial_proxy,real_public_registry,real_yahoo,financial_proxy,sector_imputed,real_sec,missing,real_sec,real_yahoo,financial_proxy,real_yahoo,real_sec,real_yahoo,real_yahoo
GE,real_public_registry,missing,missing,missing,real_public_registry,missing,missing,financial_proxy,real_public_registry,missing,missing,financial_proxy,missing,missing,missing,financial_proxy,financial_proxy,financial_proxy,financial_proxy,real_public_registry,real_sec,financial_proxy,sector_imputed,real_yahoo,missing,real_yahoo,real_yahoo,financial_proxy,real_yahoo,real_sec,real_yahoo,real_yahoo
DE,financial_proxy,missing,missing,missing,financial_proxy,missing,missing,financial_proxy,real_public_registry,missing,missing,financial_proxy,missing,missing,missing,financial_proxy,financial_proxy,financial_proxy,financial_proxy,sector_imputed,real_yahoo,financial_proxy,sector_imputed,real_sec,missing,real_sec,real_yahoo,financial_proxy,real_yahoo,real_sec,real_yahoo,real_yahoo
NFLX,real_public_registry,missing,missing,missing,financial_proxy,missing,missing,financial_proxy,real_public_registry,missing,missing,financial_proxy,missing,missing,missing,financial_proxy,financial_proxy,financial_proxy,financial_proxy,sector_imputed,real_yahoo,financial_proxy,sector_imputed,real_sec,missing,real_sec,real_yahoo,financial_proxy,real_yahoo,real_sec,real_yahoo,real_yahoo
DIS,real_public_registry,missing,missing,missing,financial_proxy,missing,missing,financial_proxy,real_public_registry,missing,missing,financial_proxy,missing,missing,missing,financial_proxy,financial_proxy,financial_proxy,financial_proxy,sector_imputed,real_yahoo,financial_proxy,real_sec,real_sec,missing,real_sec,real_yahoo,financial_proxy,real_yahoo,real_sec,real_yahoo,real_yahoo
PAGEIND.NS,financial_proxy,missing,missing,missing,financial_proxy,missing,missing,financial_proxy,sector_imputed,missing,missing,financial_proxy,missing,missing,missing,financial_proxy,financial_proxy,financial_proxy,financial_proxy,sector_imputed,real_yahoo,financial_proxy,sector_imputed,real_yahoo,missing,real_yahoo,real_yahoo,financial_proxy,real_yahoo,real_yahoo,real_yahoo,real_yahoo
RELAXO.NS,financial_proxy,missing,missing,missing,financial_proxy,missing,missing,financial_proxy,sector_imputed,missing,missing,financial_proxy,missing,missing,missing,financial_proxy,financial_proxy,financial_proxy,financial_proxy,sector_imputed,sector_imputed,financial_proxy,sector_imputed,sector_imputed,missing,financial_proxy,sector_imputed,financial_proxy,real_yahoo,real_yahoo,real_yahoo,sector_imputed
WELSPUNIND.NS,cross_sector_imputed,missing,missing,missing,cross_sector_imputed,missing,missing,cross_sector_imputed,sector_imputed,missing,missing,cross_sector_imputed,missing,missing,missing,cross_sector_imputed,cross_sector_imputed,financial_proxy,financial_proxy,sector_imputed,cross_sector_imputed,cross_sector_imputed,cross_sector_imputed,sector_imputed,missing,financial_proxy,cross_sector_imputed,financial_proxy,cross_sector_imputed,sector_imputed,cross_sector_imputed,cross_sector_imputed
ARVIND.NS,financial_proxy,missing,missing,missing,financial_proxy,missing,missing,financial_proxy,sector_imputed,missing,missing,financial_proxy,missing,missing,missing,financial_proxy,financial_proxy,financial_proxy,financial_proxy,sector_imputed,sector_imputed,financial_proxy,sector_imputed,sector_imputed,missing,financial_proxy,sector_imputed,financial_proxy,real_yahoo,real_yahoo,real_yahoo,sector_imputed
TRENT.NS,financial_proxy,missing,missing,missing,financial_proxy,missing,missing,financial_proxy,real_public_registry,missing,missing,financial_proxy,missing,missing,missing,financial_proxy,financial_proxy,financial_proxy,financial_proxy,real_public_registry,real_yahoo,financial_proxy,sector_imputed,real_yahoo,missing,real_yahoo,real_yahoo,financial_proxy,real_yahoo,real_yahoo,real_yahoo,real_yahoo
DIXON.NS,financial_proxy,missing,missing,missing,financial_proxy,missing,missing,financial_proxy,sector_imputed,missing,missing,financial_proxy,missing,missing,missing,financial_proxy,financial_proxy,financial_proxy,financial_proxy,sector_imputed,sector_imputed,financial_proxy,sector_imputed,sector_imputed,missing,financial_proxy,sector_imputed,financial_proxy,real_yahoo,real_yahoo,real_yahoo,sector_imputed
BATAINDIA.NS,financial_proxy,missing,missing,missing,financial_proxy,missing,missing,financial_proxy,real_public_registry,missing,missing,financial_proxy,missing,missing,missing,financial_proxy,financial_proxy,financial_proxy,financial_proxy,real_public_registry,real_yahoo,financial_proxy,sector_imputed,real_yahoo,missing,real_yahoo,real_yahoo,financial_proxy,real_yahoo,real_yahoo,real_yahoo,real_yahoo
VMART.NS,financial_proxy,missing,missing,missing,financial_proxy,missing,missing,financial_proxy,sector_imputed,missing,missing,financial_proxy,missing,missing,missing,financial_proxy,financial_proxy,financial_proxy,financial_proxy,sector_imputed,sector_imputed,financial_proxy,sector_imputed,sector_imputed,missing,financial_proxy,sector_imputed,financial_proxy,real_yahoo,real_yahoo,real_yahoo,sector_imputed
RAJESHEXPO.NS,financial_proxy,missing,missing,missing,financial_proxy,missing,missing,financial_proxy,sector_imputed,missing,missing,financial_proxy,missing,missing,missing,financial_proxy,financial_proxy,financial_proxy,financial_proxy,sector_imputed,sector_imputed,financial_proxy,sector_imputed,sector_imputed,missing,financial_proxy,sector_imputed,financial_proxy,real_yahoo,real_yahoo,sector_imputed,sector_imputed
JUBLFOOD.NS,financial_proxy,missing,missing,missing,financial_proxy,missing,missing,financial_proxy,sector_imputed,missing,missing,financial_proxy,missing,missing,missing,financial_proxy,financial_proxy,financial_proxy,financial_proxy,sector_imputed,sector_imputed,financial_proxy,sector_imputed,sector_imputed,missing,financial_proxy,sector_imputed,financial_proxy,real_yahoo,real_yahoo,real_yahoo,sector_imputed
DEVYANI.NS,financial_proxy,missing,missing,missing,financial_proxy,missing,missing,financial_proxy,sector_imputed,missing,missing,financial_proxy,missing,missing,missing,financial_proxy,financial_proxy,financial_proxy,financial_proxy,sector_imputed,sector_imputed,financial_proxy,sector_imputed,sector_imputed,missing,financial_proxy,sector_imputed,financial_proxy,real_yahoo,real_yahoo,real_yahoo,sector_imputed
SAPPHIRE.NS,financial_proxy,missing,missing,missing,financial_proxy,missing,missing,financial_proxy,sector_imputed,missing,missing,financial_proxy,missing,missing,missing,financial_proxy,financial_proxy,financial_proxy,financial_proxy,sector_imputed,sector_imputed,financial_proxy,sector_imputed,sector_imputed,missing,financial_proxy,sector_imputed,financial_proxy,real_yahoo,real_yahoo,real_yahoo,sector_imputed
LAURUSLABS.NS,financial_proxy,missing,missing,missing,financial_proxy,missing,missing,financial_proxy,real_public_registry,missing,missing,financial_proxy,missing,missing,missing,financial_proxy,financial_proxy,financial_proxy,financial_proxy,real_public_registry,sector_imputed,financial_proxy,sector_imputed,sector_imputed,missing,financial_proxy,sector_imputed,financial_proxy,real_yahoo,real_yahoo,real_yahoo,sector_imputed
AJANTPHARM.NS,financial_proxy,missing,missing,missing,financial_proxy,missing,missing,financial_proxy,sector_imputed,missing,missing,financial_proxy,missing,missing,missing,financial_proxy,financial_proxy,financial_proxy,financial_proxy,sector_imputed,sector_imputed,financial_proxy,sector_imputed,sector_imputed,missing,financial_proxy,sector_imputed,financial_proxy,real_yahoo,real_yahoo,real_yahoo,sector_imputed
GLENMARK.NS,financial_proxy,missing,missing,missing,financial_proxy,missing,missing,financial_proxy,sector_imputed,missing,missing,financial_proxy,missing,missing,missing,financial_proxy,financial_proxy,financial_proxy,financial_proxy,sector_imputed,real_yahoo,financial_proxy,sector_imputed,real_yahoo,missing,real_yahoo,real_yahoo,financial_proxy,real_yahoo,real_yahoo,real_yahoo,real_yahoo
TORNTPHARM.NS,real_public_registry,missing,missing,missing,financial_proxy,missing,missing,financial_proxy,sector_imputed,missing,missing,financial_proxy,missing,missing,missing,financial_proxy,financial_proxy,financial_proxy,financial_proxy,sector_imputed,real_yahoo,financial_proxy,sector_imputed,real_yahoo,missing,real_yahoo,real_yahoo,financial_proxy,real_yahoo,real_yahoo,real_yahoo,real_yahoo
ALKEM.NS,financial_proxy,missing,missing,missing,financial_proxy,missing,missing,financial_proxy,sector_imputed,missing,missing,financial_proxy,missing,missing,missing,financial_proxy,financial_proxy,financial_proxy,financial_proxy,sector_imputed,real_yahoo,financial_proxy,sector_imputed,real_yahoo,missing,real_yahoo,real_yahoo,financial_proxy,real_yahoo,real_yahoo,real_yahoo,real_yahoo
IPCALAB.NS,financial_proxy,missing,missing,missing,financial_proxy,missing,missing,financial_proxy,sector_imputed,missing,missing,financial_proxy,missing,missing,missing,financial_proxy,financial_proxy,financial_proxy,financial_proxy,sector_imputed,sector_imputed,financial_proxy,sector_imputed,sector_imputed,missing,financial_proxy,sector_imputed,financial_proxy,real_yahoo,real_yahoo,real_yahoo,sector_imputed
NATCOPHARM.NS,financial_proxy,missing,missing,missing,financial_proxy,missing,missing,financial_proxy,sector_imputed,missing,missing,financial_proxy,missing,missing,missing,financial_proxy,financial_proxy,financial_proxy,financial_proxy,sector_imputed,sector_imputed,financial_proxy,sector_imputed,sector_imputed,missing,financial_proxy,sector_imputed,financial_proxy,real_yahoo,real_yahoo,real_yahoo,sector_imputed
AUROPHARMA.NS,financial_proxy,missing,missing,missing,financial_proxy,missing,missing,financial_proxy,sector_imputed,missing,missing,financial_proxy,missing,missing,missing,financial_proxy,financial_proxy,financial_proxy,financial_proxy,sector_imputed,real_yahoo,financial_proxy,sector_imputed,real_yahoo,missing,real_yahoo,real_yahoo,financial_proxy,real_yahoo,real_yahoo,real_yahoo,real_yahoo
BIOCON.NS,real_public_registry,missing,missing,missing,financial_proxy,missing,missing,financial_proxy,real_public_registry,missing,missing,financial_proxy,missing,missing,missing,sector_imputed,sector_imputed,financial_proxy,financial_proxy,real_public_registry,real_yahoo,financial_proxy,sector_imputed,real_yahoo,missing,real_yahoo,real_yahoo,financial_proxy,real_yahoo,real_yahoo,real_yahoo,real_yahoo
SYNGENE.NS,financial_proxy,missing,missing,missing,financial_proxy,missing,missing,financial_proxy,real_public_registry,missing,missing,financial_proxy,missing,missing,missing,financial_proxy,financial_proxy,financial_proxy,financial_proxy,real_public_registry,sector_imputed,financial_proxy,sector_imputed,sector_imputed,missing,financial_proxy,sector_imputed,financial_proxy,real_yahoo,real_yahoo,real_yahoo,sector_imputed
LALPATHLAB.NS,financial_proxy,missing,missing,missing,financial_proxy,missing,missing,financial_proxy,sector_imputed,missing,missing,financial_proxy,missing,missing,missing,financial_proxy,financial_proxy,financial_proxy,financial_proxy,sector_imputed,sector_imputed,financial_proxy,sector_imputed,sector_imputed,missing,financial_proxy,sector_imputed,financial_proxy,real_yahoo,real_yahoo,real_yahoo,sector_imputed
METROPOLIS.NS,financial_proxy,missing,missing,missing,financial_proxy,missing,missing,financial_proxy,sector_imputed,missing,missing,financial_proxy,missing,missing,missing,financial_proxy,financial_proxy,financial_proxy,financial_proxy,sector_imputed,sector_imputed,financial_proxy,sector_imputed,sector_imputed,missing,financial_proxy,sector_imputed,financial_proxy,real_yahoo,real_yahoo,real_yahoo,sector_imputed
GRANULES.NS,financial_proxy,missing,missing,missing,financial_proxy,missing,missing,financial_proxy,sector_imputed,missing,missing,financial_proxy,missing,missing,missing,financial_proxy,financial_proxy,financial_proxy,financial_proxy,sector_imputed,sector_imputed,financial_proxy,sector_imputed,sector_imputed,missing,financial_proxy,sector_imputed,financial_proxy,real_yahoo,real_yahoo,real_yahoo,sector_imputed
SUVENPHAR.NS,cross_sector_imputed,missing,missing,missing,cross_sector_imputed,missing,missing,cross_sector_imputed,sector_imputed,missing,missing,cross_sector_imputed,missing,missing,missing,cross_sector_imputed,cross_sector_imputed,financial_proxy,financial_proxy,sector_imputed,cross_sector_imputed,cross_sector_imputed,cross_sector_imputed,sector_imputed,missing,financial_proxy,cross_sector_imputed,financial_proxy,cross_sector_imputed,sector_imputed,cross_sector_imputed,cross_sector_imputed
PERSISTENT.NS,real_public_registry,missing,missing,missing,financial_proxy,missing,missing,financial_proxy,real_public_registry,missing,missing,financial_proxy,missing,missing,missing,financial_proxy,financial_proxy,financial_proxy,financial_proxy,real_public_registry,sector_imputed,financial_proxy,sector_imputed,sector_imputed,missing,financial_proxy,sector_imputed,financial_proxy,real_yahoo,real_yahoo,real_yahoo,sector_imputed
LTTS.NS,financial_proxy,missing,missing,missing,financial_proxy,missing,missing,financial_proxy,real_public_registry,missing,missing,financial_proxy,missing,missing,missing,financial_proxy,financial_proxy,financial_proxy,financial_proxy,real_public_registry,sector_imputed,financial_proxy,sector_imputed,sector_imputed,missing,financial_proxy,sector_imputed,financial_proxy,real_yahoo,real_yahoo,real_yahoo,sector_imputed
CYIENT.NS,financial_proxy,missing,missing,missing,financial_proxy,missing,missing,financial_proxy,sector_imputed,missing,missing,financial_proxy,missing,missing,missing,financial_proxy,financial_proxy,financial_proxy,financial_proxy,sector_imputed,real_yahoo,financial_proxy,sector_imputed,real_yahoo,missing,real_yahoo,real_yahoo,financial_proxy,real_yahoo,real_yahoo,real_yahoo,real_yahoo
MPHASIS.NS,financial_proxy,missing,missing,missing,financial_proxy,missing,missing,financial_proxy,real_public_registry,missing,missing,financial_proxy,missing,missing,missing,financial_proxy,financial_proxy,financial_proxy,financial_proxy,real_public_registry,real_yahoo,financial_proxy,sector_imputed,real_yahoo,missing,real_yahoo,real_yahoo,financial_proxy,real_yahoo,real_yahoo,real_yahoo,real_yahoo
COFORGE.NS,financial_proxy,missing,missing,missing,financial_proxy,missing,missing,financial_proxy,sector_imputed,missing,missing,financial_proxy,missing,missing,missing,financial_proxy,financial_proxy,financial_proxy,financial_proxy,sector_imputed,sector_imputed,financial_proxy,sector_imputed,sector_imputed,missing,financial_proxy,sector_imputed,financial_proxy,real_yahoo,real_yahoo,real_yahoo,sector_imputed
TATAELXSI.NS,real_public_registry,missing,missing,missing,financial_proxy,missing,missing,financial_proxy,real_public_registry,missing,missing,financial_proxy,missing,missing,missing,financial_proxy,financial_proxy,financial_proxy,financial_proxy,sector_imputed,real_yahoo,financial_proxy,sector_imputed,real_yahoo,missing,real_yahoo,real_yahoo,financial_proxy,real_yahoo,real_yahoo,real_yahoo,real_yahoo
ROUTE.NS,financial_proxy,missing,missing,missing,financial_proxy,missing,missing,financial_proxy,sector_imputed,missing,missing,financial_proxy,missing,missing,missing,financial_proxy,financial_proxy,financial_proxy,financial_proxy,sector_imputed,sector_imputed,financial_proxy,sector_imputed,sector_imputed,missing,financial_proxy,sector_imputed,financial_proxy,real_yahoo,real_yahoo,real_yahoo,sector_imputed
BSOFT.NS,financial_proxy,missing,missing,missing,financial_proxy,missing,missing,financial_proxy,sector_imputed,missing,missing,financial_proxy,missing,missing,missing,financial_proxy,financial_proxy,financial_proxy,financial_proxy,sector_imputed,sector_imputed,financial_proxy,sector_imputed,sector_imputed,missing,financial_proxy,sector_imputed,financial_proxy,real_yahoo,real_yahoo,real_yahoo,sector_imputed
HAPPSTMNDS.NS,financial_proxy,missing,missing,missing,financial_proxy,missing,missing,financial_proxy,sector_imputed,missing,missing,financial_proxy,missing,missing,missing,financial_proxy,financial_proxy,financial_proxy,financial_proxy,sector_imputed,sector_imputed,financial_proxy,sector_imputed,sector_imputed,missing,financial_proxy,sector_imputed,financial_proxy,real_yahoo,real_yahoo,real_yahoo,sector_imputed
MASTEK.NS,financial_proxy,missing,missing,missing,financial_proxy,missing,missing,financial_proxy,sector_imputed,missing,missing,financial_proxy,missing,missing,missing,financial_proxy,financial_proxy,financial_proxy,financial_proxy,sector_imputed,sector_imputed,financial_proxy,sector_imputed,sector_imputed,missing,financial_proxy,sector_imputed,financial_proxy,real_yahoo,real_yahoo,real_yahoo,sector_imputed
KPITTECH.NS,financial_proxy,missing,missing,missing,financial_proxy,missing,missing,financial_proxy,sector_imputed,missing,missing,financial_proxy,missing,missing,missing,financial_proxy,financial_proxy,financial_proxy,financial_proxy,sector_imputed,sector_imputed,financial_proxy,sector_imputed,sector_imputed,missing,financial_proxy,sector_imputed,financial_proxy,real_yahoo,real_yahoo,real_yahoo,sector_imputed
NEWGEN.NS,financial_proxy,missing,missing,missing,financial_proxy,missing,missing,financial_proxy,sector_imputed,missing,missing,financial_proxy,missing,missing,missing,financial_proxy,financial_proxy,financial_proxy,financial_proxy,sector_imputed,sector_imputed,financial_proxy,sector_imputed,sector_imputed,missing,financial_proxy,sector_imputed,financial_proxy,real_yahoo,real_yahoo,real_yahoo,sector_imputed
DABUR.NS,real_public_registry,missing,missing,missing,real_public_registry,missing,missing,financial_proxy,real_public_registry,missing,missing,financial_proxy,missing,missing,missing,financial_proxy,financial_proxy,financial_proxy,financial_proxy,real_public_registry,real_yahoo,financial_proxy,cross_sector_imputed,real_yahoo,missing,real_yahoo,real_yahoo,financial_proxy,real_yahoo,real_yahoo,real_yahoo,real_yahoo
MARICO.NS,real_public_registry,missing,missing,missing,real_public_registry,missing,missing,financial_proxy,real_public_registry,missing,missing,financial_proxy,missing,missing,missing,financial_proxy,financial_proxy,financial_proxy,financial_proxy,real_public_registry,real_yahoo,financial_proxy,cross_sector_imputed,real_yahoo,missing,real_yahoo,real_yahoo,financial_proxy,real_yahoo,real_yahoo,real_yahoo,real_yahoo
GODREJCP.NS,financial_proxy,missing,missing,missing,financial_proxy,missing,missing,financial_proxy,real_public_registry,missing,missing,financial_proxy,missing,missing,missing,financial_proxy,financial_proxy,financial_proxy,financial_proxy,real_public_registry,real_yahoo,financial_proxy,cross_sector_imputed,real_yahoo,missing,real_yahoo,real_yahoo,financial_proxy,real_yahoo,real_yahoo,real_yahoo,real_yahoo
EMAMILTD.NS,financial_proxy,missing,missing,missing,financial_proxy,missing,missing,financial_proxy,real_public_registry,missing,missing,financial_proxy,missing,missing,missing,financial_proxy,financial_proxy,financial_proxy,financial_proxy,sector_imputed,sector_imputed,financial_proxy,cross_sector_imputed,sector_imputed,missing,financial_proxy,sector_imputed,financial_proxy,real_yahoo,real_yahoo,real_yahoo,sector_imputed
COLPAL.NS,financial_proxy,missing,missing,missing,financial_proxy,missing,missing,financial_proxy,sector_imputed,missing,missing,financial_proxy,missing,missing,missing,financial_proxy,financial_proxy,financial_proxy,financial_proxy,sector_imputed,real_yahoo,financial_proxy,cross_sector_imputed,real_yahoo,missing,real_yahoo,real_yahoo,financial_proxy,real_yahoo,real_yahoo,real_yahoo,real_yahoo
TATACONSUM.NS,financial_proxy,missing,missing,missing,financial_proxy,missing,missing,financial_proxy,sector_imputed,missing,missing,financial_proxy,missing,missing,missing,financial_proxy,financial_proxy,financial_proxy,financial_proxy,sector_imputed,real_yahoo,financial_proxy,cross_sector_imputed,real_yahoo,missing,real_yahoo,real_yahoo,financial_proxy,real_yahoo,real_yahoo,real_yahoo,real_yahoo
ZYDUSWELL.NS,financial_proxy,missing,missing,missing,financial_proxy,missing,missing,financial_proxy,sector_imputed,missing,missing,financial_proxy,missing,missing,missing,financial_proxy,financial_proxy,financial_proxy,financial_proxy,sector_imputed,sector_imputed,financial_proxy,cross_sector_imputed,sector_imputed,missing,financial_proxy,sector_imputed,financial_proxy,real_yahoo,real_yahoo,real_yahoo,sector_imputed
JYOTHYLAB.NS,financial_proxy,missing,missing,missing,financial_proxy,missing,missing,financial_proxy,sector_imputed,missing,missing,financial_proxy,missing,missing,missing,financial_proxy,financial_proxy,financial_proxy,financial_proxy,sector_imputed,sector_imputed,financial_proxy,cross_sector_imputed,sector_imputed,missing,financial_proxy,sector_imputed,financial_proxy,real_yahoo,real_yahoo,real_yahoo,sector_imputed
BIKAJI.NS,financial_proxy,missing,missing,missing,financial_proxy,missing,missing,financial_proxy,sector_imputed,missing,missing,financial_proxy,missing,missing,missing,financial_proxy,financial_proxy,financial_proxy,financial_proxy,sector_imputed,sector_imputed,financial_proxy,cross_sector_imputed,sector_imputed,missing,financial_proxy,sector_imputed,financial_proxy,real_yahoo,real_yahoo,real_yahoo,sector_imputed
HONASA.NS,financial_proxy,missing,missing,missing,financial_proxy,missing,missing,financial_proxy,sector_imputed,missing,missing,financial_proxy,missing,missing,missing,financial_proxy,financial_proxy,financial_proxy,financial_proxy,sector_imputed,sector_imputed,financial_proxy,cross_sector_imputed,sector_imputed,missing,financial_proxy,sector_imputed,financial_proxy,real_yahoo,real_yahoo,real_yahoo,sector_imputed
SRF.NS,financial_proxy,missing,missing,missing,financial_proxy,missing,missing,financial_proxy,sector_imputed,missing,missing,financial_proxy,missing,missing,missing,financial_proxy,financial_proxy,financial_proxy,financial_proxy,sector_imputed,real_yahoo,financial_proxy,sector_imputed,real_yahoo,missing,real_yahoo,real_yahoo,financial_proxy,real_yahoo,real_yahoo,real_yahoo,real_yahoo
UPL.NS,financial_proxy,missing,missing,missing,financial_proxy,missing,missing,financial_proxy,sector_imputed,missing,missing,financial_proxy,missing,missing,missing,financial_proxy,financial_proxy,financial_proxy,financial_proxy,sector_imputed,real_yahoo,financial_proxy,sector_imputed,real_yahoo,missing,real_yahoo,real_yahoo,financial_proxy,real_yahoo,real_yahoo,real_yahoo,real_yahoo
AARTIIND.NS,financial_proxy,missing,missing,missing,financial_proxy,missing,missing,financial_proxy,sector_imputed,missing,missing,financial_proxy,missing,missing,missing,financial_proxy,financial_proxy,financial_proxy,financial_proxy,sector_imputed,sector_imputed,financial_proxy,sector_imputed,sector_imputed,missing,financial_proxy,sector_imputed,financial_proxy,real_yahoo,real_yahoo,real_yahoo,sector_imputed
PIDILITIND.NS,financial_proxy,missing,missing,missing,financial_proxy,missing,missing,financial_proxy,sector_imputed,missing,missing,financial_proxy,missing,missing,missing,financial_proxy,financial_proxy,financial_proxy,financial_proxy,sector_imputed,real_yahoo,financial_proxy,sector_imputed,real_yahoo,missing,real_yahoo,real_yahoo,financial_proxy,real_yahoo,real_yahoo,real_yahoo,real_yahoo
DEEPAKNTR.NS,financial_proxy,missing,missing,missing,financial_proxy,missing,missing,financial_proxy,sector_imputed,missing,missing,financial_proxy,missing,missing,missing,financial_proxy,financial_proxy,financial_proxy,financial_proxy,sector_imputed,sector_imputed,financial_proxy,sector_imputed,sector_imputed,missing,financial_proxy,sector_imputed,financial_proxy,real_yahoo,real_yahoo,real_yahoo,sector_imputed
NAVINFLUOR.NS,financial_proxy,missing,missing,missing,financial_proxy,missing,missing,financial_proxy,sector_imputed,missing,missing,financial_proxy,missing,missing,missing,sector_imputed,sector_imputed,financial_proxy,financial_proxy,sector_imputed,sector_imputed,financial_proxy,sector_imputed,sector_imputed,missing,financial_proxy,sector_imputed,financial_proxy,real_yahoo,real_yahoo,real_yahoo,sector_imputed
CLEAN.NS,financial_proxy,missing,missing,missing,financial_proxy,missing,missing,financial_proxy,sector_imputed,missing,missing,financial_proxy,missing,missing,missing,financial_proxy,financial_proxy,financial_proxy,financial_proxy,sector_imputed,sector_imputed,financial_proxy,sector_imputed,sector_imputed,missing,financial_proxy,sector_imputed,financial_proxy,real_yahoo,real_yahoo,real_yahoo,sector_imputed
ATUL.NS,financial_proxy,missing,missing,missing,financial_proxy,missing,missing,financial_proxy,sector_imputed,missing,missing,financial_proxy,missing,missing,missing,financial_proxy,financial_proxy,financial_proxy,financial_proxy,sector_imputed,sector_imputed,financial_proxy,sector_imputed,sector_imputed,missing,financial_proxy,sector_imputed,financial_proxy,real_yahoo,real_yahoo,real_yahoo,sector_imputed
FINEORG.NS,financial_proxy,missing,missing,missing,financial_proxy,missing,missing,financial_proxy,sector_imputed,missing,missing,financial_proxy,missing,missing,missing,financial_proxy,financial_proxy,financial_proxy,financial_proxy,sector_imputed,sector_imputed,financial_proxy,sector_imputed,sector_imputed,missing,financial_proxy,sector_imputed,financial_proxy,real_yahoo,real_yahoo,real_yahoo,sector_imputed
SUDARSCHEM.NS,financial_proxy,missing,missing,missing,financial_proxy,missing,missing,financial_proxy,sector_imputed,missing,missing,financial_proxy,missing,missing,missing,financial_proxy,financial_proxy,financial_proxy,financial_proxy,sector_imputed,sector_imputed,financial_proxy,sector_imputed,sector_imputed,missing,financial_proxy,sector_imputed,financial_proxy,real_yahoo,real_yahoo,real_yahoo,sector_imputed
ANANTRAJ.NS,financial_proxy,missing,missing,missing,financial_proxy,missing,missing,financial_proxy,sector_imputed,missing,missing,financial_proxy,missing,missing,missing,sector_imputed,sector_imputed,financial_proxy,financial_proxy,cross_sector_imputed,sector_imputed,financial_proxy,cross_sector_imputed,sector_imputed,missing,financial_proxy,sector_imputed,financial_proxy,real_yahoo,real_yahoo,real_yahoo,sector_imputed
GALAXYSURF.NS,financial_proxy,missing,missing,missing,financial_proxy,missing,missing,financial_proxy,sector_imputed,missing,missing,financial_proxy,missing,missing,missing,financial_proxy,financial_proxy,financial_proxy,financial_proxy,sector_imputed,sector_imputed,financial_proxy,sector_imputed,sector_imputed,missing,financial_proxy,sector_imputed,financial_proxy,real_yahoo,real_yahoo,real_yahoo,sector_imputed
ABB.NS,financial_proxy,missing,missing,missing,financial_proxy,missing,missing,financial_proxy,sector_imputed,missing,missing,financial_proxy,missing,missing,missing,sector_imputed,sector_imputed,financial_proxy,financial_proxy,sector_imputed,real_yahoo,financial_proxy,sector_imputed,real_yahoo,missing,real_yahoo,real_yahoo,financial_proxy,real_yahoo,real_yahoo,real_yahoo,real_yahoo
CUMMINSIND.NS,financial_proxy,missing,missing,missing,financial_proxy,missing,missing,financial_proxy,sector_imputed,missing,missing,financial_proxy,missing,missing,missing,financial_proxy,financial_proxy,financial_proxy,financial_proxy,sector_imputed,real_yahoo,financial_proxy,sector_imputed,real_yahoo,missing,real_yahoo,real_yahoo,financial_proxy,real_yahoo,real_yahoo,real_yahoo,real_yahoo
THERMAX.NS,financial_proxy,missing,missing,missing,financial_proxy,missing,missing,financial_proxy,sector_imputed,missing,missing,financial_proxy,missing,missing,missing,financial_proxy,financial_proxy,financial_proxy,financial_proxy,sector_imputed,real_yahoo,financial_proxy,sector_imputed,real_yahoo,missing,real_yahoo,real_yahoo,financial_proxy,real_yahoo,real_yahoo,real_yahoo,real_yahoo
SCHAEFFLER.NS,financial_proxy,missing,missing,missing,financial_proxy,missing,missing,financial_proxy,sector_imputed,missing,missing,financial_proxy,missing,missing,missing,sector_imputed,sector_imputed,financial_proxy,financial_proxy,sector_imputed,sector_imputed,financial_proxy,sector_imputed,sector_imputed,missing,financial_proxy,sector_imputed,financial_proxy,real_yahoo,real_yahoo,real_yahoo,sector_imputed
HONAUT.NS,financial_proxy,missing,missing,missing,financial_proxy,missing,missing,financial_proxy,sector_imputed,missing,missing,financial_proxy,missing,missing,missing,financial_proxy,financial_proxy,financial_proxy,financial_proxy,sector_imputed,sector_imputed,financial_proxy,sector_imputed,sector_imputed,missing,financial_proxy,sector_imputed,financial_proxy,real_yahoo,real_yahoo,real_yahoo,sector_imputed
GRINDWELL.NS,financial_proxy,missing,missing,missing,financial_proxy,missing,missing,financial_proxy,sector_imputed,missing,missing,financial_proxy,missing,missing,missing,financial_proxy,financial_proxy,financial_proxy,financial_proxy,sector_imputed,sector_imputed,financial_proxy,sector_imputed,sector_imputed,missing,financial_proxy,sector_imputed,financial_proxy,real_yahoo,real_yahoo,real_yahoo,sector_imputed
AIAENG.NS,financial_proxy,missing,missing,missing,financial_proxy,missing,missing,financial_proxy,sector_imputed,missing,missing,financial_proxy,missing,missing,missing,financial_proxy,financial_proxy,financial_proxy,financial_proxy,sector_imputed,sector_imputed,financial_proxy,sector_imputed,sector_imputed,missing,financial_proxy,sector_imputed,financial_proxy,real_yahoo,real_yahoo,real_yahoo,sector_imputed
ELGIEQUIP.NS,financial_proxy,missing,missing,missing,financial_proxy,missing,missing,financial_proxy,sector_imputed,missing,missing,financial_proxy,missing,missing,missing,financial_proxy,financial_proxy,financial_proxy,financial_proxy,sector_imputed,sector_imputed,financial_proxy,sector_imputed,sector_imputed,missing,financial_proxy,sector_imputed,financial_proxy,real_yahoo,real_yahoo,real_yahoo,sector_imputed
TIINDIA.NS,financial_proxy,missing,missing,missing,financial_proxy,missing,missing,financial_proxy,sector_imputed,missing,missing,financial_proxy,missing,missing,missing,financial_proxy,financial_proxy,financial_proxy,financial_proxy,sector_imputed,sector_imputed,financial_proxy,sector_imputed,sector_imputed,missing,financial_proxy,sector_imputed,financial_proxy,real_yahoo,real_yahoo,real_yahoo,sector_imputed
KAYNES.NS,financial_proxy,missing,missing,missing,financial_proxy,missing,missing,financial_proxy,sector_imputed,missing,missing,financial_proxy,missing,missing,missing,sector_imputed,sector_imputed,financial_proxy,financial_proxy,sector_imputed,sector_imputed,financial_proxy,sector_imputed,sector_imputed,missing,financial_proxy,sector_imputed,financial_proxy,real_yahoo,real_yahoo,real_yahoo,sector_imputed
MOTHERSON.NS,financial_proxy,missing,missing,missing,financial_proxy,missing,missing,financial_proxy,sector_imputed,missing,missing,financial_proxy,missing,missing,missing,sector_imputed,sector_imputed,financial_proxy,financial_proxy,sector_imputed,real_yahoo,financial_proxy,sector_imputed,real_yahoo,missing,real_yahoo,real_yahoo,financial_proxy,real_yahoo,real_yahoo,real_yahoo,real_yahoo
BALKRISIND.NS,financial_proxy,missing,missing,missing,financial_proxy,missing,missing,financial_proxy,sector_imputed,missing,missing,financial_proxy,missing,missing,missing,financial_proxy,financial_proxy,financial_proxy,financial_proxy,sector_imputed,real_yahoo,financial_proxy,sector_imputed,real_yahoo,missing,real_yahoo,real_yahoo,financial_proxy,real_yahoo,real_yahoo,real_yahoo,real_yahoo
ENDURANCE.NS,financial_proxy,missing,missing,missing,financial_proxy,missing,missing,financial_proxy,sector_imputed,missing,missing,financial_proxy,missing,missing,missing,financial_proxy,financial_proxy,financial_proxy,financial_proxy,sector_imputed,sector_imputed,financial_proxy,sector_imputed,sector_imputed,missing,financial_proxy,sector_imputed,financial_proxy,real_yahoo,real_yahoo,real_yahoo,sector_imputed
EXIDEIND.NS,financial_proxy,missing,missing,missing,financial_proxy,missing,missing,financial_proxy,sector_imputed,missing,missing,financial_proxy,missing,missing,missing,financial_proxy,financial_proxy,financial_proxy,financial_proxy,sector_imputed,sector_imputed,financial_proxy,sector_imputed,sector_imputed,missing,financial_proxy,sector_imputed,financial_proxy,real_yahoo,real_yahoo,real_yahoo,sector_imputed
SUNDRMFAST.NS,financial_proxy,missing,missing,missing,financial_proxy,missing,missing,financial_proxy,sector_imputed,missing,missing,financial_proxy,missing,missing,missing,financial_proxy,financial_proxy,financial_proxy,financial_proxy,sector_imputed,sector_imputed,financial_proxy,sector_imputed,sector_imputed,missing,financial_proxy,sector_imputed,financial_proxy,real_yahoo,real_yahoo,real_yahoo,sector_imputed
SUPRAJIT.NS,financial_proxy,missing,missing,missing,financial_proxy,missing,missing,financial_proxy,sector_imputed,missing,missing,financial_proxy,missing,missing,missing,financial_proxy,financial_proxy,financial_proxy,financial_proxy,sector_imputed,sector_imputed,financial_proxy,sector_imputed,sector_imputed,missing,financial_proxy,sector_imputed,financial_proxy,real_yahoo,real_yahoo,real_yahoo,sector_imputed
CRAFTSMAN.NS,financial_proxy,missing,missing,missing,financial_proxy,missing,missing,financial_proxy,sector_imputed,missing,missing,financial_proxy,missing,missing,missing,financial_proxy,financial_proxy,financial_proxy,financial_proxy,sector_imputed,sector_imputed,financial_proxy,sector_imputed,sector_imputed,missing,financial_proxy,sector_imputed,financial_proxy,real_yahoo,real_yahoo,real_yahoo,sector_imputed
GABRIEL.NS,financial_proxy,missing,missing,missing,financial_proxy,missing,missing,financial_proxy,sector_imputed,missing,missing,financial_proxy,missing,missing,missing,financial_proxy,financial_proxy,financial_proxy,financial_proxy,sector_imputed,sector_imputed,financial_proxy,sector_imputed,sector_imputed,missing,financial_proxy,sector_imputed,financial_proxy,real_yahoo,real_yahoo,real_yahoo,sector_imputed
CHOLAFIN.NS,financial_proxy,missing,missing,missing,financial_proxy,missing,missing,financial_proxy,sector_imputed,missing,missing,financial_proxy,missing,missing,missing,financial_proxy,financial_proxy,financial_proxy,financial_proxy,sector_imputed,sector_imputed,financial_proxy,sector_imputed,sector_imputed,missing,financial_proxy,sector_imputed,financial_proxy,real_yahoo,real_yahoo,real_yahoo,sector_imputed
MUTHOOTFIN.NS,financial_proxy,missing,missing,missing,financial_proxy,missing,missing,financial_proxy,sector_imputed,missing,missing,financial_proxy,missing,missing,missing,financial_proxy,financial_proxy,financial_proxy,financial_proxy,sector_imputed,real_yahoo,financial_proxy,sector_imputed,real_yahoo,missing,real_yahoo,real_yahoo,financial_proxy,real_yahoo,real_yahoo,real_yahoo,real_yahoo
MANAPPURAM.NS,financial_proxy,missing,missing,missing,financial_proxy,missing,missing,financial_proxy,sector_imputed,missing,missing,financial_proxy,missing,missing,missing,financial_proxy,financial_proxy,financial_proxy,financial_proxy,sector_imputed,sector_imputed,financial_proxy,sector_imputed,sector_imputed,missing,financial_proxy,sector_imputed,financial_proxy,real_yahoo,real_yahoo,real_yahoo,sector_imputed
IIFL.NS,financial_proxy,missing,missing,missing,financial_proxy,missing,missing,financial_proxy,sector_imputed,missing,missing,financial_proxy,missing,missing,missing,financial_proxy,financial_proxy,financial_proxy,financial_proxy,sector_imputed,sector_imputed,financial_proxy,sector_imputed,sector_imputed,missing,financial_proxy,sector_imputed,financial_proxy,real_yahoo,real_yahoo,real_yahoo,sector_imputed
CANFINHOME.NS,financial_proxy,missing,missing,missing,financial_proxy,missing,missing,financial_proxy,sector_imputed,missing,missing,financial_proxy,missing,missing,missing,financial_proxy,financial_proxy,financial_proxy,financial_proxy,sector_imputed,sector_imputed,financial_proxy,sector_imputed,sector_imputed,missing,financial_proxy,sector_imputed,financial_proxy,real_yahoo,real_yahoo,real_yahoo,sector_imputed
ABCAPITAL.NS,financial_proxy,missing,missing,missing,financial_proxy,missing,missing,financial_proxy,sector_imputed,missing,missing,financial_proxy,missing,missing,missing,financial_proxy,financial_proxy,financial_proxy,financial_proxy,sector_imputed,sector_imputed,financial_proxy,sector_imputed,sector_imputed,missing,financial_proxy,sector_imputed,financial_proxy,real_yahoo,real_yahoo,real_yahoo,sector_imputed
MASFIN.NS,financial_proxy,missing,missing,missing,financial_proxy,missing,missing,financial_proxy,sector_imputed,missing,missing,financial_proxy,missing,missing,missing,financial_proxy,financial_proxy,financial_proxy,financial_proxy,sector_imputed,sector_imputed,financial_proxy,sector_imputed,sector_imputed,missing,financial_proxy,sector_imputed,financial_proxy,real_yahoo,real_yahoo,real_yahoo,sector_imputed
POONAWALLA.NS,financial_proxy,missing,missing,missing,financial_proxy,missing,missing,financial_proxy,sector_imputed,missing,missing,financial_proxy,missing,missing,missing,financial_proxy,financial_proxy,financial_proxy,financial_proxy,sector_imputed,sector_imputed,financial_proxy,sector_imputed,sector_imputed,missing,financial_proxy,sector_imputed,financial_proxy,real_yahoo,real_yahoo,real_yahoo,sector_imputed
OBEROIRLTY.NS,financial_proxy,missing,missing,missing,financial_proxy,missing,missing,financial_proxy,sector_imputed,missing,missing,financial_proxy,missing,missing,missing,financial_proxy,financial_proxy,financial_proxy,financial_proxy,cross_sector_imputed,real_yahoo,financial_proxy,cross_sector_imputed,real_yahoo,missing,real_yahoo,real_yahoo,financial_proxy,real_yahoo,real_yahoo,real_yahoo,real_yahoo
GODREJPROP.NS,financial_proxy,missing,missing,missing,financial_proxy,missing,missing,financial_proxy,sector_imputed,missing,missing,financial_proxy,missing,missing,missing,financial_proxy,financial_proxy,financial_proxy,financial_proxy,cross_sector_imputed,real_yahoo,financial_proxy,cross_sector_imputed,real_yahoo,missing,real_yahoo,real_yahoo,financial_proxy,real_yahoo,real_yahoo,real_yahoo,real_yahoo
PRESTIGE.NS,financial_proxy,missing,missing,missing,financial_proxy,missing,missing,financial_proxy,sector_imputed,missing,missing,financial_proxy,missing,missing,missing,financial_proxy,financial_proxy,financial_proxy,financial_proxy,cross_sector_imputed,real_yahoo,financial_proxy,cross_sector_imputed,real_yahoo,missing,real_yahoo,real_yahoo,financial_proxy,real_yahoo,real_yahoo,real_yahoo,real_yahoo
BRIGADE.NS,financial_proxy,missing,missing,missing,financial_proxy,missing,missing,financial_proxy,sector_imputed,missing,missing,financial_proxy,missing,missing,missing,financial_proxy,financial_proxy,financial_proxy,financial_proxy,cross_sector_imputed,sector_imputed,financial_proxy,cross_sector_imputed,sector_imputed,missing,financial_proxy,sector_imputed,financial_proxy,real_yahoo,real_yahoo,real_yahoo,sector_imputed
