factor,correlation_with_pref,r_squared,slope,p_value
financial_score,0.8388074207110203,0.7035978890398746,0.453624716971147,5.973791320072317e-17
growth_score,0.6654160895197575,0.4427785721917659,0.40743437815467753,6.627936609795962e-09
market_score,0.42024845656357,0.1766087652440628,0.17674521605492083,0.0008287945790661814
ESG_composite,0.3729775214270755,0.13911223148988458,0.3094611620738801,0.003335430754209868
stability_score,0.3184647825421303,0.10141981771960633,0.12740163877982524,0.013143286127504587
risk_adjusted_score,0.26693632103914644,0.07125499948991426,0.15979096277636604,0.03923069983609422
operational_score,0.2569628163193949,0.06602988897079508,0.24386357102584746,0.04748228177301005
value_score,0.11792938242019821,0.013907339238009355,0.06436701207848718,0.3695065193324324
