factor,correlation_with_pref,r_squared,slope,p_value
financial_score,0.8247575322493339,0.6802249870020111,1.3644160835024406,8.497781782741775e-70
ESG_composite,0.8025724010159512,0.6441224588725087,1.3513771139323727,2.020685989354522e-63
operational_score,0.5533241468276329,0.3061676114625278,0.6507545264955333,1.5419446682058598e-23
stability_score,0.44110918929284,0.19457731687858654,0.4639008881966487,1.4358315158218038e-14
risk_adjusted_score,0.4337953881442411,0.18817843877521281,0.7132275684958408,4.314593026035099e-14
growth_score,0.3566180742860632,0.12717645090750007,0.3768743757767342,1.0646011752262883e-09
market_score,0.33743817781571017,0.11386452384758684,0.5595472770083126,8.922831184010226e-09
value_score,-0.2902132303942857,0.08422371909588676,-0.46064647790149393,9.319777538224058e-07
