test,statistic,p_value,n_factors,n_companies
Friedman,8.365217391304213,0.039037041689547816,4,276
