dependent,bp_stat,bp_p,f_stat,f_p,heteroscedastic
roa,5.383737376621283,0.02032529149324275,5.717285527156731,0.020064053433598576,True
roe,0.0695899710897141,0.7919347194526055,0.06734841829475872,0.7961562928617205,False
financial_score,3.12974701374954,0.0768756692961543,3.191920507921086,0.07922959883847355,False
