dependent,bp_stat,bp_p,f_stat,f_p,heteroscedastic
roa,5.583141034872265,0.01813417033303898,5.657120082710075,0.018070302936355684,True
roe,1.218962109137526,0.2695644347116012,1.2154973300462553,0.27121354099624184,False
financial_score,1.252359471222408,0.26310230911116744,1.248951563167296,0.2647317554827713,False
