variable,n,median,mode,min,max,n_unique,spearman_r_ESG_composite,spearman_p_ESG_composite,spearman_r_G_score,spearman_p_G_score,spearman_r_financial_score,spearman_p_financial_score,spearman_r_pref_balanced,spearman_p_pref_balanced,kruskal_H_sector,kruskal_p_sector
esg_risk_rating,276,59.0,60.0,0.0,90.0,42,0.24970283648855465,2.7141971326428516e-05,0.2618823028679141,1.0426036376742135e-05,0.06431753796629519,0.28697704104460203,0.14514787601398435,0.015811968777229648,39.51412011022079,2.0629080053365553e-05
board_size,276,63.0,65.0,35.0,82.0,47,0.1436298166388533,0.01695319084446415,0.12152532074213816,0.04366943712805221,0.030553855176564247,0.6132687381391576,0.06653953993031503,0.27061724900412537,175.4440208923219,2.0656898699492267e-32
