pillar1,pillar2,pearson_r,pearson_p,spearman_r,spearman_p
E_score,S_score,-0.24489534918254097,4.910025468671758e-05,-0.2532545891476163,2.6332790935214975e-05
E_score,G_score,-0.04543819432584155,0.4579935711440299,-0.05406849242026249,0.37707100702466506
S_score,G_score,0.010538813084720594,0.8616343019932229,0.04029679941781653,0.5049680891256687
