pillar1,pillar2,pearson_r,pearson_p,spearman_r,spearman_p
E_score,S_score,0.08353698301045137,0.5257066424412952,0.1051403167546541,0.4240000311151595
E_score,G_score,0.07105416946877073,0.5895501602771551,0.025395943317588224,0.8472651790997496
S_score,G_score,0.001060740070190106,0.9935821936860079,0.15504306751875524,0.23686310318779047
