profile1,profile2,spearman_rank_r,spearman_p,kendall_tau,kendall_p,top10_overlap,top20_overlap
pref_esg_first,pref_balanced,0.9279244234509589,1.560079435061957e-26,0.7706214689265536,3.3336772490152352e-18,9,18
pref_esg_first,pref_financial_first,0.8881355932203392,3.054816177675435e-21,0.7163841807909604,6.104557924364307e-16,8,18
pref_balanced,pref_financial_first,0.988385662684079,3.669555819192713e-49,0.9231638418079096,1.9773693788913476e-25,8,19
