profile1,profile2,spearman_rank_r,spearman_p,kendall_tau,kendall_p,top10_overlap,top20_overlap
pref_esg_first,pref_balanced,0.9235905485924308,4.2805487643556817e-116,0.7601944690313172,4.7755946724992273e-79,7,11
pref_esg_first,pref_financial_first,0.8081716928782274,5.959455035804832e-65,0.6178799670830173,7.71182334765475e-53,7,11
pref_balanced,pref_financial_first,0.9659351030395857,6.960732018206185e-163,0.8523994003458979,6.984348689294042e-99,10,18
