variable,Q5_mean,Q1_mean,difference,ttest_stat,ttest_p,cohens_d,significant
roa,0.12675375941666664,0.06861500041666665,0.058138758999999984,2.1375457929551263,0.04391656094133494,0.8726494157621527,True
roe,0.3532775005,0.318556696552275,0.03472080394772503,0.24078177706167184,0.8119539803708844,0.0982987488602785,False
net_margin,22.70619986930086,13.654214095059189,9.051985774241672,2.0729894480709485,0.05008949720198645,0.8462943983245916,False
ESG_composite,53.55477553157943,49.2936769302519,4.261098601327532,2.5795391922433,0.01710232917646303,1.0530924654178615,True
financial_score,59.71865300709462,44.2669926449041,15.451660362190523,5.730638118373793,9.1678816168069e-06,2.3395232150931498,True
market_score,55.373511111261614,39.850794109436286,15.522717001825328,3.900915203650728,0.0007677402566849226,1.5925419631349018,True
operational_score,51.936800051623116,49.77225225185082,2.1645477997722935,1.2101994844427413,0.23904516468413523,0.4940618706439975,False
