,roa,roa,roa,roe,roe,roe,net_margin,net_margin,net_margin,ESG_composite,ESG_composite,ESG_composite,financial_score,financial_score,financial_score,market_score,market_score,market_score,operational_score,operational_score,operational_score
,mean,std,count,mean,std,count,mean,std,count,mean,std,count,mean,std,count,mean,std,count,mean,std,count
quintile,,,,,,,,,,,,,,,,,,,,,
Q1(Low),0.06861500041666667,0.050111349811095794,12,0.318556696552275,0.4362246433055513,12,13.654214095059187,9.684867399791061,12,49.2936769302519,3.6983353928981235,12,44.2669926449041,4.213736020250475,12,39.850794109436286,11.266903127824659,12,49.77225225185082,2.85353553542316,12
Q2,0.054992763666666666,0.03667333792562341,12,0.190680835,0.0805400752151225,12,18.76217458272472,11.206266538108055,12,46.98010318884118,4.288458006207809,12,46.078846775780825,3.662815142514224,12,52.512351288080744,5.3346799710371,12,47.72553723124086,3.711850786635295,12
Q3,0.07499249933333334,0.06497133422708265,12,0.41523163133333324,0.5436252699641235,12,22.820143963994642,13.174156442712428,12,49.841299809782974,5.818133957907787,12,47.51313741392854,2.4794989308326114,12,50.225707089328374,5.790071712887959,12,49.91129994710369,3.7883784648666214,12
Q4,0.0982591665,0.06800100311182805,12,0.35572748800000004,0.38345260883769394,12,20.50391309983627,13.210706023954327,12,50.330144539544534,3.9091450819962845,12,52.55892742123956,4.140890547582019,12,52.03763640189299,8.829187439355277,12,50.13339818994876,4.3622875387882205,12
Q5(High),0.12675375941666664,0.0797883026884874,12,0.3532775005,0.2433778360192441,12,22.706199869300864,11.619519418693304,12,53.55477553157942,4.366571906048771,12,59.71865300709462,8.335851666977856,12,55.373511111261614,7.9416663873907565,12,51.93680005162312,5.499625667216429,12
