ticker,sector,factor,original_score,cv_score,score_diff,original_rank
CLF,Basic Materials,ESG_composite,38.315,39.726,1.412,224
SLVM,Basic Materials,ESG_composite,53.354,55.492,2.138,94
TROX,Basic Materials,ESG_composite,36.8,38.139,1.338,238
IOSP,Basic Materials,ESG_composite,49.427,51.375,1.949,134
CBT,Basic Materials,ESG_composite,59.251,61.674,2.423,43
NGVT,Basic Materials,ESG_composite,58.948,61.356,2.409,49
AVNT,Basic Materials,ESG_composite,58.428,60.812,2.384,59
KWR,Basic Materials,ESG_composite,42.751,44.377,1.626,183
STLD,Basic Materials,ESG_composite,52.488,54.585,2.097,102
RS,Basic Materials,ESG_composite,54.328,56.513,2.185,88
RPM,Basic Materials,ESG_composite,58.991,61.402,2.411,48
FMC,Basic Materials,ESG_composite,64.174,66.835,2.661,12
UPL.NS,Basic Materials,ESG_composite,62.767,65.36,2.593,20
AARTIIND.NS,Basic Materials,ESG_composite,40.587,42.108,1.521,203
PIDILITIND.NS,Basic Materials,ESG_composite,59.121,61.538,2.417,46
DEEPAKNTR.NS,Basic Materials,ESG_composite,41.777,43.356,1.579,192
NAVINFLUOR.NS,Basic Materials,ESG_composite,60.116,62.581,2.465,27
CLEAN.NS,Basic Materials,ESG_composite,60.333,62.808,2.476,23
ATUL.NS,Basic Materials,ESG_composite,47.403,49.254,1.851,142
FINEORG.NS,Basic Materials,ESG_composite,49.859,51.829,1.969,126
SUDARSCHEM.NS,Basic Materials,ESG_composite,45.672,47.439,1.767,156
GALAXYSURF.NS,Basic Materials,ESG_composite,38.748,40.18,1.433,220
CLF,Basic Materials,financial_score,33.604,34.582,0.978,266
SLVM,Basic Materials,financial_score,55.821,57.571,1.75,81
TROX,Basic Materials,financial_score,34.909,35.931,1.023,256
IOSP,Basic Materials,financial_score,50.625,52.195,1.569,116
CBT,Basic Materials,financial_score,64.984,67.052,2.069,8
NGVT,Basic Materials,financial_score,55.498,57.236,1.739,84
AVNT,Basic Materials,financial_score,52.479,54.113,1.634,105
KWR,Basic Materials,financial_score,45.365,46.751,1.386,165
STLD,Basic Materials,financial_score,54.959,56.679,1.72,89
RS,Basic Materials,financial_score,52.156,53.778,1.623,108
RPM,Basic Materials,financial_score,63.69,65.714,2.024,16
FMC,Basic Materials,financial_score,39.113,40.282,1.169,217
UPL.NS,Basic Materials,financial_score,55.282,57.013,1.731,86
AARTIIND.NS,Basic Materials,financial_score,43.424,44.743,1.319,180
PIDILITIND.NS,Basic Materials,financial_score,62.289,64.264,1.975,29
DEEPAKNTR.NS,Basic Materials,financial_score,46.766,48.201,1.435,153
NAVINFLUOR.NS,Basic Materials,financial_score,62.935,64.933,1.997,23
CLEAN.NS,Basic Materials,financial_score,64.229,66.271,2.042,13
ATUL.NS,Basic Materials,financial_score,56.037,57.794,1.757,79
FINEORG.NS,Basic Materials,financial_score,57.222,59.021,1.799,69
SUDARSCHEM.NS,Basic Materials,financial_score,39.328,40.505,1.177,215
GALAXYSURF.NS,Basic Materials,financial_score,41.592,42.847,1.255,194
CLF,Basic Materials,market_score,38.727,39.894,1.167,220
SLVM,Basic Materials,market_score,46.0,47.426,1.426,143
TROX,Basic Materials,market_score,66.726,68.888,2.162,3
IOSP,Basic Materials,market_score,51.084,52.69,1.606,116
CBT,Basic Materials,market_score,60.385,62.321,1.937,44
NGVT,Basic Materials,market_score,61.338,63.309,1.971,28
AVNT,Basic Materials,market_score,58.238,60.099,1.86,57
KWR,Basic Materials,market_score,44.699,46.079,1.379,169
STLD,Basic Materials,market_score,63.225,65.262,2.038,23
RS,Basic Materials,market_score,61.165,63.13,1.964,31
RPM,Basic Materials,market_score,51.518,53.139,1.622,112
FMC,Basic Materials,market_score,50.759,52.354,1.595,119
UPL.NS,Basic Materials,market_score,44.873,46.258,1.386,166
AARTIIND.NS,Basic Materials,market_score,55.528,57.293,1.764,79
PIDILITIND.NS,Basic Materials,market_score,45.003,46.393,1.39,164
DEEPAKNTR.NS,Basic Materials,market_score,38.618,39.782,1.163,221
NAVINFLUOR.NS,Basic Materials,market_score,60.081,62.007,1.926,50
CLEAN.NS,Basic Materials,market_score,36.45,37.537,1.086,226
ATUL.NS,Basic Materials,market_score,52.753,54.419,1.666,109
FINEORG.NS,Basic Materials,market_score,45.87,47.291,1.421,146
SUDARSCHEM.NS,Basic Materials,market_score,34.803,35.83,1.028,264
GALAXYSURF.NS,Basic Materials,market_score,35.843,36.908,1.065,240
CLF,Basic Materials,operational_score,48.844,51.48,2.635,125
SLVM,Basic Materials,operational_score,40.892,45.564,4.672,178
TROX,Basic Materials,operational_score,27.208,35.384,8.176,259
IOSP,Basic Materials,operational_score,42.719,46.922,4.204,166
CBT,Basic Materials,operational_score,67.574,65.413,-2.161,26
NGVT,Basic Materials,operational_score,71.723,68.5,-3.223,10
AVNT,Basic Materials,operational_score,57.798,58.14,0.343,67
KWR,Basic Materials,operational_score,47.365,50.379,3.014,133
STLD,Basic Materials,operational_score,76.463,72.026,-4.437,4
RS,Basic Materials,operational_score,74.876,70.846,-4.031,5
RPM,Basic Materials,operational_score,70.154,67.333,-2.821,16
FMC,Basic Materials,operational_score,54.414,55.623,1.209,84
UPL.NS,Basic Materials,operational_score,63.88,62.665,-1.215,37
AARTIIND.NS,Basic Materials,operational_score,30.753,38.021,7.268,241
PIDILITIND.NS,Basic Materials,operational_score,50.551,52.749,2.198,109
DEEPAKNTR.NS,Basic Materials,operational_score,45.205,48.772,3.567,152
NAVINFLUOR.NS,Basic Materials,operational_score,62.178,61.399,-0.779,46
CLEAN.NS,Basic Materials,operational_score,39.329,44.401,5.072,190
ATUL.NS,Basic Materials,operational_score,36.48,42.282,5.801,208
FINEORG.NS,Basic Materials,operational_score,32.893,39.613,6.72,228
SUDARSCHEM.NS,Basic Materials,operational_score,59.526,59.426,-0.1,58
GALAXYSURF.NS,Basic Materials,operational_score,34.704,40.96,6.256,218
CLF,Basic Materials,risk_adjusted_score,54.204,55.648,1.444,91
SLVM,Basic Materials,risk_adjusted_score,38.034,39.022,0.988,228
TROX,Basic Materials,risk_adjusted_score,48.706,49.995,1.289,137
IOSP,Basic Materials,risk_adjusted_score,39.975,41.017,1.042,211
CBT,Basic Materials,risk_adjusted_score,50.539,51.88,1.341,120
NGVT,Basic Materials,risk_adjusted_score,64.984,66.732,1.748,13
AVNT,Basic Materials,risk_adjusted_score,50.431,51.769,1.338,121
KWR,Basic Materials,risk_adjusted_score,49.138,50.439,1.301,133
STLD,Basic Materials,risk_adjusted_score,65.2,66.954,1.754,11
RS,Basic Materials,risk_adjusted_score,57.869,59.417,1.547,63
RPM,Basic Materials,risk_adjusted_score,48.599,49.884,1.286,138
FMC,Basic Materials,risk_adjusted_score,35.339,36.251,0.911,253
UPL.NS,Basic Materials,risk_adjusted_score,52.048,53.431,1.383,108
AARTIIND.NS,Basic Materials,risk_adjusted_score,54.096,55.537,1.441,92
PIDILITIND.NS,Basic Materials,risk_adjusted_score,57.223,58.752,1.529,68
DEEPAKNTR.NS,Basic Materials,risk_adjusted_score,37.28,38.246,0.966,235
NAVINFLUOR.NS,Basic Materials,risk_adjusted_score,66.644,68.439,1.795,2
CLEAN.NS,Basic Materials,risk_adjusted_score,34.046,34.921,0.875,264
ATUL.NS,Basic Materials,risk_adjusted_score,61.179,62.82,1.641,34
FINEORG.NS,Basic Materials,risk_adjusted_score,57.115,58.641,1.526,69
SUDARSCHEM.NS,Basic Materials,risk_adjusted_score,42.454,43.566,1.112,188
GALAXYSURF.NS,Basic Materials,risk_adjusted_score,38.466,39.465,1.0,224
CLF,Basic Materials,value_score,66.809,66.224,-0.584,5
SLVM,Basic Materials,value_score,65.193,64.608,-0.584,19
TROX,Basic Materials,value_score,62.283,61.7,-0.584,44
IOSP,Basic Materials,value_score,62.607,62.023,-0.584,41
CBT,Basic Materials,value_score,58.728,58.144,-0.583,76
NGVT,Basic Materials,value_score,39.01,38.429,-0.58,229
AVNT,Basic Materials,value_score,60.883,60.299,-0.584,57
KWR,Basic Materials,value_score,56.68,56.098,-0.583,93
STLD,Basic Materials,value_score,48.384,47.802,-0.582,157
RS,Basic Materials,value_score,54.633,54.051,-0.583,110
RPM,Basic Materials,value_score,46.229,45.647,-0.581,172
FMC,Basic Materials,value_score,58.943,58.36,-0.583,74
UPL.NS,Basic Materials,value_score,56.896,56.313,-0.583,91
AARTIIND.NS,Basic Materials,value_score,41.919,41.338,-0.581,206
PIDILITIND.NS,Basic Materials,value_score,33.083,32.504,-0.579,274
DEEPAKNTR.NS,Basic Materials,value_score,38.363,37.783,-0.58,233
NAVINFLUOR.NS,Basic Materials,value_score,32.976,32.396,-0.579,275
CLEAN.NS,Basic Materials,value_score,36.208,35.628,-0.58,251
ATUL.NS,Basic Materials,value_score,39.656,39.076,-0.58,224
FINEORG.NS,Basic Materials,value_score,35.562,34.982,-0.58,255
SUDARSCHEM.NS,Basic Materials,value_score,57.004,56.421,-0.583,90
GALAXYSURF.NS,Basic Materials,value_score,54.418,53.835,-0.583,112
CLF,Basic Materials,growth_score,39.022,42.398,3.376,206
SLVM,Basic Materials,growth_score,33.678,38.87,5.192,232
TROX,Basic Materials,growth_score,42.887,44.95,2.063,184
IOSP,Basic Materials,growth_score,49.953,49.616,-0.338,143
CBT,Basic Materials,growth_score,45.372,46.591,1.219,172
NGVT,Basic Materials,growth_score,27.767,34.967,7.2,257
AVNT,Basic Materials,growth_score,24.66,32.915,8.256,266
KWR,Basic Materials,growth_score,57.969,54.908,-3.061,93
STLD,Basic Materials,growth_score,71.646,63.938,-7.707,25
RS,Basic Materials,growth_score,67.954,61.501,-6.453,40
RPM,Basic Materials,growth_score,51.44,50.598,-0.843,134
FMC,Basic Materials,growth_score,36.142,40.496,4.355,223
UPL.NS,Basic Materials,growth_score,40.741,43.533,2.792,198
AARTIIND.NS,Basic Materials,growth_score,78.841,68.689,-10.152,6
PIDILITIND.NS,Basic Materials,growth_score,59.623,56.0,-3.623,82
DEEPAKNTR.NS,Basic Materials,growth_score,55.695,53.407,-2.288,109
NAVINFLUOR.NS,Basic Materials,growth_score,75.699,66.614,-9.084,16
CLEAN.NS,Basic Materials,growth_score,31.659,37.537,5.878,244
ATUL.NS,Basic Materials,growth_score,66.542,60.569,-5.973,47
FINEORG.NS,Basic Materials,growth_score,48.518,48.668,0.15,158
SUDARSCHEM.NS,Basic Materials,growth_score,63.72,58.705,-5.015,61
GALAXYSURF.NS,Basic Materials,growth_score,54.221,52.434,-1.787,116
CLF,Basic Materials,stability_score,28.089,34.695,6.606,258
SLVM,Basic Materials,stability_score,39.005,41.963,2.957,215
TROX,Basic Materials,stability_score,22.178,30.759,8.581,270
IOSP,Basic Materials,stability_score,80.77,69.768,-11.001,7
CBT,Basic Materials,stability_score,57.64,54.37,-3.271,93
NGVT,Basic Materials,stability_score,31.088,36.691,5.604,249
AVNT,Basic Materials,stability_score,41.528,43.642,2.114,200
KWR,Basic Materials,stability_score,49.989,49.275,-0.714,148
STLD,Basic Materials,stability_score,70.273,62.78,-7.493,34
RS,Basic Materials,stability_score,84.243,72.081,-12.162,3
RPM,Basic Materials,stability_score,64.666,59.047,-5.619,54
FMC,Basic Materials,stability_score,18.248,28.143,9.895,274
UPL.NS,Basic Materials,stability_score,37.026,40.645,3.619,225
AARTIIND.NS,Basic Materials,stability_score,45.214,46.096,0.882,180
PIDILITIND.NS,Basic Materials,stability_score,66.32,60.148,-6.172,47
DEEPAKNTR.NS,Basic Materials,stability_score,55.801,53.145,-2.656,106
NAVINFLUOR.NS,Basic Materials,stability_score,51.813,50.49,-1.323,131
CLEAN.NS,Basic Materials,stability_score,62.627,57.69,-4.938,65
ATUL.NS,Basic Materials,stability_score,68.648,61.698,-6.95,38
FINEORG.NS,Basic Materials,stability_score,59.167,55.386,-3.781,84
SUDARSCHEM.NS,Basic Materials,stability_score,43.058,44.661,1.603,191
GALAXYSURF.NS,Basic Materials,stability_score,53.517,51.624,-1.893,120
CLF,Basic Materials,similarity_rank,68.092,69.284,1.192,10
SLVM,Basic Materials,similarity_rank,66.398,67.528,1.13,13
TROX,Basic Materials,similarity_rank,66.291,67.418,1.126,14
IOSP,Basic Materials,similarity_rank,55.139,55.854,0.716,73
CBT,Basic Materials,similarity_rank,40.66,40.844,0.183,234
NGVT,Basic Materials,similarity_rank,38.372,38.471,0.099,242
AVNT,Basic Materials,similarity_rank,55.08,55.794,0.714,74
KWR,Basic Materials,similarity_rank,58.002,58.823,0.821,46
STLD,Basic Materials,similarity_rank,45.727,46.096,0.37,186
RS,Basic Materials,similarity_rank,55.253,55.973,0.72,72
RPM,Basic Materials,similarity_rank,37.009,37.058,0.049,248
FMC,Basic Materials,similarity_rank,35.956,35.966,0.01,252
UPL.NS,Basic Materials,similarity_rank,65.65,66.752,1.103,15
AARTIIND.NS,Basic Materials,similarity_rank,51.176,51.746,0.57,125
PIDILITIND.NS,Basic Materials,similarity_rank,33.721,33.649,-0.072,261
DEEPAKNTR.NS,Basic Materials,similarity_rank,46.166,46.552,0.386,179
NAVINFLUOR.NS,Basic Materials,similarity_rank,32.867,32.764,-0.104,263
CLEAN.NS,Basic Materials,similarity_rank,42.042,42.276,0.234,222
ATUL.NS,Basic Materials,similarity_rank,43.535,43.824,0.289,210
FINEORG.NS,Basic Materials,similarity_rank,45.21,45.561,0.351,190
SUDARSCHEM.NS,Basic Materials,similarity_rank,75.953,77.435,1.482,2
GALAXYSURF.NS,Basic Materials,similarity_rank,63.971,65.012,1.041,19
CLF,Basic Materials,sector_position,63.546,67.985,4.439,10
SLVM,Basic Materials,sector_position,46.249,48.48,2.231,146
TROX,Basic Materials,sector_position,36.814,37.84,1.026,232
IOSP,Basic Materials,sector_position,52.539,55.573,3.034,91
CBT,Basic Materials,sector_position,60.401,64.439,4.037,25
NGVT,Basic Materials,sector_position,54.111,57.346,3.234,77
AVNT,Basic Materials,sector_position,47.822,50.253,2.431,132
KWR,Basic Materials,sector_position,41.532,43.16,1.628,189
STLD,Basic Materials,sector_position,66.691,71.532,4.841,1
RS,Basic Materials,sector_position,65.119,69.759,4.64,4
RPM,Basic Materials,sector_position,58.829,62.666,3.837,37
FMC,Basic Materials,sector_position,50.967,53.799,2.833,105
UPL.NS,Basic Materials,sector_position,55.684,59.119,3.435,63
AARTIIND.NS,Basic Materials,sector_position,33.669,34.294,0.624,261
PIDILITIND.NS,Basic Materials,sector_position,57.256,60.892,3.636,50
DEEPAKNTR.NS,Basic Materials,sector_position,44.677,46.706,2.03,160
NAVINFLUOR.NS,Basic Materials,sector_position,61.974,66.212,4.238,17
CLEAN.NS,Basic Materials,sector_position,49.394,52.026,2.632,118
ATUL.NS,Basic Materials,sector_position,38.387,39.613,1.227,218
FINEORG.NS,Basic Materials,sector_position,43.104,44.933,1.829,176
SUDARSCHEM.NS,Basic Materials,sector_position,39.959,41.387,1.427,205
GALAXYSURF.NS,Basic Materials,sector_position,35.242,36.067,0.825,245
RBLX,Communication Services,ESG_composite,33.489,34.245,0.756,268
MTCH,Communication Services,ESG_composite,60.073,62.223,2.15,28
MSGS,Communication Services,ESG_composite,35.394,36.25,0.856,251
TTWO,Communication Services,ESG_composite,40.262,41.374,1.111,206
EA,Communication Services,ESG_composite,50.465,52.112,1.646,113
LYV,Communication Services,ESG_composite,38.423,39.438,1.015,223
WMG,Communication Services,ESG_composite,54.544,56.405,1.86,86
ROUTE.NS,Communication Services,ESG_composite,55.193,57.088,1.894,81
RBLX,Communication Services,financial_score,35.448,36.214,0.767,251
MTCH,Communication Services,financial_score,59.702,61.25,1.549,47
MSGS,Communication Services,financial_score,38.358,39.219,0.861,224
TTWO,Communication Services,financial_score,36.957,37.772,0.816,237
EA,Communication Services,financial_score,50.539,51.792,1.253,118
LYV,Communication Services,financial_score,41.808,42.779,0.972,192
WMG,Communication Services,financial_score,59.917,61.473,1.556,45
ROUTE.NS,Communication Services,financial_score,50.582,51.837,1.255,117
RBLX,Communication Services,market_score,35.41,36.255,0.845,250
MTCH,Communication Services,market_score,51.301,52.801,1.5,114
MSGS,Communication Services,market_score,66.683,68.816,2.134,4
TTWO,Communication Services,market_score,44.006,45.205,1.199,183
EA,Communication Services,market_score,61.425,63.342,1.917,26
LYV,Communication Services,market_score,57.588,59.347,1.759,62
WMG,Communication Services,market_score,39.919,40.95,1.031,209
ROUTE.NS,Communication Services,market_score,35.063,35.893,0.831,258
RBLX,Communication Services,operational_score,51.914,53.344,1.43,99
MTCH,Communication Services,operational_score,59.833,59.127,-0.706,56
MSGS,Communication Services,operational_score,28.798,36.463,7.665,250
TTWO,Communication Services,operational_score,37.945,43.143,5.198,198
EA,Communication Services,operational_score,55.17,55.722,0.552,77
LYV,Communication Services,operational_score,44.725,48.094,3.369,155
WMG,Communication Services,operational_score,40.516,45.021,4.504,180
ROUTE.NS,Communication Services,operational_score,32.192,38.942,6.75,233
RBLX,Communication Services,risk_adjusted_score,42.993,44.0,1.007,184
MTCH,Communication Services,risk_adjusted_score,50.323,51.535,1.211,122
MSGS,Communication Services,risk_adjusted_score,62.505,64.057,1.552,29
TTWO,Communication Services,risk_adjusted_score,42.885,43.889,1.004,185
EA,Communication Services,risk_adjusted_score,63.044,64.611,1.567,27
LYV,Communication Services,risk_adjusted_score,55.713,57.075,1.362,80
WMG,Communication Services,risk_adjusted_score,37.172,38.016,0.844,236
ROUTE.NS,Communication Services,risk_adjusted_score,35.016,35.8,0.784,256
RBLX,Communication Services,value_score,44.182,43.678,-0.504,189
MTCH,Communication Services,value_score,61.529,60.794,-0.735,51
MSGS,Communication Services,value_score,40.195,39.744,-0.45,220
TTWO,Communication Services,value_score,43.535,43.04,-0.495,194
EA,Communication Services,value_score,43.858,43.359,-0.499,191
LYV,Communication Services,value_score,47.414,46.867,-0.547,164
WMG,Communication Services,value_score,50.754,50.163,-0.591,140
ROUTE.NS,Communication Services,value_score,64.977,64.196,-0.781,21
RBLX,Communication Services,growth_score,61.771,57.392,-4.379,72
MTCH,Communication Services,growth_score,56.502,53.914,-2.588,103
MSGS,Communication Services,growth_score,76.629,67.201,-9.428,12
TTWO,Communication Services,growth_score,51.72,50.757,-0.963,130
EA,Communication Services,growth_score,26.123,33.858,7.735,260
LYV,Communication Services,growth_score,59.178,55.681,-3.498,84
WMG,Communication Services,growth_score,32.581,38.121,5.541,237
ROUTE.NS,Communication Services,growth_score,41.473,43.992,2.519,195
RBLX,Communication Services,stability_score,37.042,40.657,3.616,224
MTCH,Communication Services,stability_score,60.378,55.982,-4.395,77
MSGS,Communication Services,stability_score,30.047,36.064,6.017,253
TTWO,Communication Services,stability_score,50.418,49.442,-0.976,140
EA,Communication Services,stability_score,67.939,60.948,-6.991,42
LYV,Communication Services,stability_score,34.446,38.953,4.507,235
WMG,Communication Services,stability_score,27.484,34.381,6.897,260
ROUTE.NS,Communication Services,stability_score,56.937,53.723,-3.214,98
RBLX,Communication Services,similarity_rank,43.149,43.641,0.491,216
MTCH,Communication Services,similarity_rank,57.823,58.48,0.657,49
MSGS,Communication Services,similarity_rank,41.433,41.905,0.472,230
TTWO,Communication Services,similarity_rank,57.719,58.375,0.656,52
EA,Communication Services,similarity_rank,54.153,54.769,0.616,83
LYV,Communication Services,similarity_rank,57.943,58.602,0.659,48
WMG,Communication Services,similarity_rank,63.299,64.018,0.719,23
ROUTE.NS,Communication Services,similarity_rank,68.459,69.237,0.778,9
RBLX,Communication Services,sector_position,46.511,48.505,1.994,144
MTCH,Communication Services,sector_position,58.043,61.289,3.246,44
MSGS,Communication Services,sector_position,55.16,58.093,2.933,68
TTWO,Communication Services,sector_position,34.98,35.722,0.742,249
EA,Communication Services,sector_position,37.863,38.918,1.055,223
LYV,Communication Services,sector_position,40.745,42.114,1.368,197
WMG,Communication Services,sector_position,52.277,54.897,2.62,92
ROUTE.NS,Communication Services,sector_position,43.628,45.31,1.681,170
KMX,Consumer Cyclical,ESG_composite,36.584,37.604,1.02,240
FIVE,Consumer Cyclical,ESG_composite,58.299,60.44,2.141,61
DKS,Consumer Cyclical,ESG_composite,49.47,51.155,1.686,133
ASO,Consumer Cyclical,ESG_composite,50.725,52.475,1.75,108
BOOT,Consumer Cyclical,ESG_composite,49.73,51.428,1.699,128
WSM,Consumer Cyclical,ESG_composite,58.775,60.941,2.166,52
RH,Consumer Cyclical,ESG_composite,43.941,45.341,1.4,172
DECK,Consumer Cyclical,ESG_composite,65.905,68.439,2.534,4
YETI,Consumer Cyclical,ESG_composite,53.138,55.013,1.875,96
LULU,Consumer Cyclical,ESG_composite,65.58,68.097,2.517,7
FOXF,Consumer Cyclical,ESG_composite,35.502,36.466,0.964,250
CROX,Consumer Cyclical,ESG_composite,59.597,61.805,2.208,35
SIG,Consumer Cyclical,ESG_composite,58.688,60.85,2.162,54
SHAK,Consumer Cyclical,ESG_composite,33.619,34.486,0.867,265
WING,Consumer Cyclical,ESG_composite,60.246,62.488,2.242,25
TXRH,Consumer Cyclical,ESG_composite,40.479,41.7,1.221,204
SON,Consumer Cyclical,ESG_composite,44.049,45.455,1.406,171
SEE,Consumer Cyclical,ESG_composite,50.032,51.747,1.715,122
CASY,Consumer Cyclical,ESG_composite,38.964,40.107,1.143,218
PAGEIND.NS,Consumer Cyclical,ESG_composite,63.849,66.277,2.428,14
RELAXO.NS,Consumer Cyclical,ESG_composite,39.505,40.676,1.171,213
ARVIND.NS,Consumer Cyclical,ESG_composite,55.085,57.061,1.975,82
TRENT.NS,Consumer Cyclical,ESG_composite,53.679,55.582,1.903,92
BATAINDIA.NS,Consumer Cyclical,ESG_composite,57.909,60.03,2.121,70
VMART.NS,Consumer Cyclical,ESG_composite,42.535,43.862,1.327,185
RAJESHEXPO.NS,Consumer Cyclical,ESG_composite,33.749,34.623,0.874,262
JUBLFOOD.NS,Consumer Cyclical,ESG_composite,50.379,52.111,1.732,115
DEVYANI.NS,Consumer Cyclical,ESG_composite,36.692,37.718,1.026,239
SAPPHIRE.NS,Consumer Cyclical,ESG_composite,35.285,36.239,0.953,252
SCHAEFFLER.NS,Consumer Cyclical,ESG_composite,55.302,57.288,1.987,80
MOTHERSON.NS,Consumer Cyclical,ESG_composite,42.859,44.203,1.344,182
BALKRISIND.NS,Consumer Cyclical,ESG_composite,57.823,59.939,2.117,72
ENDURANCE.NS,Consumer Cyclical,ESG_composite,49.556,51.246,1.69,131
EXIDEIND.NS,Consumer Cyclical,ESG_composite,42.967,44.317,1.35,181
SUNDRMFAST.NS,Consumer Cyclical,ESG_composite,52.921,54.785,1.864,98
SUPRAJIT.NS,Consumer Cyclical,ESG_composite,38.856,39.993,1.138,219
CRAFTSMAN.NS,Consumer Cyclical,ESG_composite,44.59,46.024,1.434,166
GABRIEL.NS,Consumer Cyclical,ESG_composite,35.61,36.58,0.97,249
KMX,Consumer Cyclical,financial_score,33.346,33.997,0.652,272
FIVE,Consumer Cyclical,financial_score,48.383,49.555,1.172,140
DKS,Consumer Cyclical,financial_score,48.06,49.22,1.161,143
ASO,Consumer Cyclical,financial_score,41.053,41.971,0.918,199
BOOT,Consumer Cyclical,financial_score,54.635,56.023,1.388,91
WSM,Consumer Cyclical,financial_score,65.738,67.51,1.772,4
RH,Consumer Cyclical,financial_score,43.856,44.871,1.015,176
DECK,Consumer Cyclical,financial_score,66.471,68.268,1.797,3
YETI,Consumer Cyclical,financial_score,58.085,59.592,1.507,62
LULU,Consumer Cyclical,financial_score,65.523,67.287,1.764,5
FOXF,Consumer Cyclical,financial_score,33.432,34.087,0.655,270
CROX,Consumer Cyclical,financial_score,50.108,51.339,1.231,128
SIG,Consumer Cyclical,financial_score,40.298,41.191,0.892,206
SHAK,Consumer Cyclical,financial_score,37.172,37.956,0.784,235
WING,Consumer Cyclical,financial_score,64.013,65.726,1.712,14
TXRH,Consumer Cyclical,financial_score,53.988,55.354,1.366,95
SON,Consumer Cyclical,financial_score,53.773,55.131,1.358,96
SEE,Consumer Cyclical,financial_score,58.516,60.038,1.522,58
CASY,Consumer Cyclical,financial_score,37.927,38.737,0.81,228
PAGEIND.NS,Consumer Cyclical,financial_score,63.043,64.722,1.679,22
RELAXO.NS,Consumer Cyclical,financial_score,48.167,49.332,1.164,142
ARVIND.NS,Consumer Cyclical,financial_score,43.748,44.759,1.011,177
TRENT.NS,Consumer Cyclical,financial_score,50.798,52.053,1.255,113
BATAINDIA.NS,Consumer Cyclical,financial_score,53.342,54.685,1.343,99
VMART.NS,Consumer Cyclical,financial_score,38.035,38.849,0.814,227
RAJESHEXPO.NS,Consumer Cyclical,financial_score,33.561,34.22,0.659,267
JUBLFOOD.NS,Consumer Cyclical,financial_score,46.227,47.324,1.097,158
DEVYANI.NS,Consumer Cyclical,financial_score,39.759,40.633,0.874,211
SAPPHIRE.NS,Consumer Cyclical,financial_score,37.388,38.179,0.792,233
SCHAEFFLER.NS,Consumer Cyclical,financial_score,60.456,62.045,1.589,40
MOTHERSON.NS,Consumer Cyclical,financial_score,39.652,40.521,0.87,212
BALKRISIND.NS,Consumer Cyclical,financial_score,58.408,59.926,1.518,59
ENDURANCE.NS,Consumer Cyclical,financial_score,46.874,47.993,1.12,152
EXIDEIND.NS,Consumer Cyclical,financial_score,42.023,42.975,0.952,190
SUNDRMFAST.NS,Consumer Cyclical,financial_score,54.204,55.577,1.373,94
SUPRAJIT.NS,Consumer Cyclical,financial_score,39.867,40.744,0.877,210
CRAFTSMAN.NS,Consumer Cyclical,financial_score,44.179,45.205,1.026,174
GABRIEL.NS,Consumer Cyclical,financial_score,40.73,41.637,0.907,202
KMX,Consumer Cyclical,market_score,56.504,58.277,1.773,70
FIVE,Consumer Cyclical,market_score,66.639,68.79,2.151,5
DKS,Consumer Cyclical,market_score,53.837,55.511,1.674,87
ASO,Consumer Cyclical,market_score,60.905,62.842,1.937,36
BOOT,Consumer Cyclical,market_score,43.485,44.774,1.289,195
WSM,Consumer Cyclical,market_score,55.962,57.715,1.753,75
RH,Consumer Cyclical,market_score,34.716,35.678,0.962,266
DECK,Consumer Cyclical,market_score,55.203,56.928,1.725,82
YETI,Consumer Cyclical,market_score,53.1,54.747,1.647,102
LULU,Consumer Cyclical,market_score,50.65,52.206,1.555,120
FOXF,Consumer Cyclical,market_score,43.919,45.224,1.305,185
CROX,Consumer Cyclical,market_score,57.046,58.839,1.793,66
SIG,Consumer Cyclical,market_score,50.867,52.431,1.563,118
SHAK,Consumer Cyclical,market_score,57.696,59.514,1.818,61
WING,Consumer Cyclical,market_score,35.323,36.308,0.985,252
TXRH,Consumer Cyclical,market_score,60.341,62.257,1.916,45
SON,Consumer Cyclical,market_score,65.176,67.272,2.096,12
SEE,Consumer Cyclical,market_score,62.683,64.686,2.003,25
CASY,Consumer Cyclical,market_score,66.856,69.015,2.159,1
PAGEIND.NS,Consumer Cyclical,market_score,53.317,54.972,1.655,97
RELAXO.NS,Consumer Cyclical,market_score,35.193,36.173,0.98,255
ARVIND.NS,Consumer Cyclical,market_score,60.948,62.887,1.939,35
TRENT.NS,Consumer Cyclical,market_score,44.396,45.718,1.323,176
BATAINDIA.NS,Consumer Cyclical,market_score,35.93,36.937,1.007,238
VMART.NS,Consumer Cyclical,market_score,40.786,41.974,1.188,201
RAJESHEXPO.NS,Consumer Cyclical,market_score,34.326,35.273,0.948,275
JUBLFOOD.NS,Consumer Cyclical,market_score,43.875,45.179,1.303,186
DEVYANI.NS,Consumer Cyclical,market_score,35.756,36.757,1.001,242
SAPPHIRE.NS,Consumer Cyclical,market_score,34.672,35.633,0.961,267
SCHAEFFLER.NS,Consumer Cyclical,market_score,50.976,52.543,1.567,117
MOTHERSON.NS,Consumer Cyclical,market_score,53.924,55.601,1.677,85
BALKRISIND.NS,Consumer Cyclical,market_score,48.808,50.294,1.487,135
ENDURANCE.NS,Consumer Cyclical,market_score,44.092,45.404,1.311,181
EXIDEIND.NS,Consumer Cyclical,market_score,45.046,46.393,1.347,163
SUNDRMFAST.NS,Consumer Cyclical,market_score,40.678,41.862,1.184,202
SUPRAJIT.NS,Consumer Cyclical,market_score,43.962,45.269,1.306,184
CRAFTSMAN.NS,Consumer Cyclical,market_score,52.84,54.477,1.637,107
GABRIEL.NS,Consumer Cyclical,market_score,40.027,41.187,1.16,208
KMX,Consumer Cyclical,operational_score,62.437,61.17,-1.267,43
FIVE,Consumer Cyclical,operational_score,60.483,59.741,-0.742,53
DKS,Consumer Cyclical,operational_score,56.184,56.596,0.412,74
ASO,Consumer Cyclical,operational_score,40.438,45.077,4.639,181
BOOT,Consumer Cyclical,operational_score,36.374,42.104,5.73,210
WSM,Consumer Cyclical,operational_score,68.52,65.62,-2.9,22
RH,Consumer Cyclical,operational_score,58.211,58.079,-0.132,64
DECK,Consumer Cyclical,operational_score,77.357,72.085,-5.272,2
YETI,Consumer Cyclical,operational_score,57.433,57.509,0.077,69
LULU,Consumer Cyclical,operational_score,70.454,67.035,-3.419,14
FOXF,Consumer Cyclical,operational_score,29.976,37.423,7.447,243
CROX,Consumer Cyclical,operational_score,72.381,68.444,-3.936,8
SIG,Consumer Cyclical,operational_score,53.658,54.748,1.09,89
SHAK,Consumer Cyclical,operational_score,28.614,36.427,7.813,251
WING,Consumer Cyclical,operational_score,63.755,62.134,-1.621,38
TXRH,Consumer Cyclical,operational_score,34.316,40.598,6.282,221
SON,Consumer Cyclical,operational_score,54.478,55.348,0.87,83
SEE,Consumer Cyclical,operational_score,44.753,48.233,3.48,154
CASY,Consumer Cyclical,operational_score,59.482,59.008,-0.474,59
PAGEIND.NS,Consumer Cyclical,operational_score,38.652,43.77,5.118,196
RELAXO.NS,Consumer Cyclical,operational_score,37.787,43.137,5.35,199
ARVIND.NS,Consumer Cyclical,operational_score,39.569,44.441,4.872,188
TRENT.NS,Consumer Cyclical,operational_score,46.371,49.417,3.046,141
BATAINDIA.NS,Consumer Cyclical,operational_score,41.193,45.629,4.436,177
VMART.NS,Consumer Cyclical,operational_score,25.477,34.132,8.655,267
RAJESHEXPO.NS,Consumer Cyclical,operational_score,45.653,48.892,3.239,148
JUBLFOOD.NS,Consumer Cyclical,operational_score,43.397,47.241,3.844,161
DEVYANI.NS,Consumer Cyclical,operational_score,42.313,46.448,4.135,169
SAPPHIRE.NS,Consumer Cyclical,operational_score,27.692,35.752,8.06,258
SCHAEFFLER.NS,Consumer Cyclical,operational_score,48.142,50.713,2.571,130
MOTHERSON.NS,Consumer Cyclical,operational_score,52.743,54.078,1.336,94
BALKRISIND.NS,Consumer Cyclical,operational_score,49.112,51.422,2.31,124
ENDURANCE.NS,Consumer Cyclical,operational_score,51.305,53.027,1.721,104
EXIDEIND.NS,Consumer Cyclical,operational_score,47.357,50.138,2.781,135
SUNDRMFAST.NS,Consumer Cyclical,operational_score,49.956,52.039,2.084,112
SUPRAJIT.NS,Consumer Cyclical,operational_score,32.317,39.136,6.819,232
CRAFTSMAN.NS,Consumer Cyclical,operational_score,35.629,41.559,5.93,215
GABRIEL.NS,Consumer Cyclical,operational_score,26.855,35.14,8.285,261
KMX,Consumer Cyclical,risk_adjusted_score,35.771,36.569,0.798,249
FIVE,Consumer Cyclical,risk_adjusted_score,63.259,65.064,1.805,25
DKS,Consumer Cyclical,risk_adjusted_score,55.174,56.683,1.509,85
ASO,Consumer Cyclical,risk_adjusted_score,56.791,58.359,1.568,72
BOOT,Consumer Cyclical,risk_adjusted_score,55.821,57.354,1.533,79
WSM,Consumer Cyclical,risk_adjusted_score,60.359,62.058,1.699,47
RH,Consumer Cyclical,risk_adjusted_score,40.406,41.374,0.968,207
DECK,Consumer Cyclical,risk_adjusted_score,47.305,48.526,1.221,148
YETI,Consumer Cyclical,risk_adjusted_score,51.294,52.66,1.367,115
LULU,Consumer Cyclical,risk_adjusted_score,37.711,38.58,0.869,231
FOXF,Consumer Cyclical,risk_adjusted_score,37.819,38.692,0.873,230
CROX,Consumer Cyclical,risk_adjusted_score,43.532,44.615,1.083,179
SIG,Consumer Cyclical,risk_adjusted_score,60.144,61.835,1.691,51
SHAK,Consumer Cyclical,risk_adjusted_score,47.736,48.973,1.237,145
WING,Consumer Cyclical,risk_adjusted_score,40.514,41.486,0.972,206
TXRH,Consumer Cyclical,risk_adjusted_score,54.743,56.236,1.493,88
SON,Consumer Cyclical,risk_adjusted_score,58.408,60.036,1.627,58
SEE,Consumer Cyclical,risk_adjusted_score,64.229,66.07,1.84,16
CASY,Consumer Cyclical,risk_adjusted_score,66.73,68.662,1.932,1
PAGEIND.NS,Consumer Cyclical,risk_adjusted_score,43.64,44.726,1.087,178
RELAXO.NS,Consumer Cyclical,risk_adjusted_score,36.094,36.904,0.81,246
ARVIND.NS,Consumer Cyclical,risk_adjusted_score,56.899,58.471,1.572,71
TRENT.NS,Consumer Cyclical,risk_adjusted_score,43.316,44.391,1.075,181
BATAINDIA.NS,Consumer Cyclical,risk_adjusted_score,33.539,34.256,0.717,266
VMART.NS,Consumer Cyclical,risk_adjusted_score,40.621,41.598,0.976,205
RAJESHEXPO.NS,Consumer Cyclical,risk_adjusted_score,33.28,33.988,0.707,272
JUBLFOOD.NS,Consumer Cyclical,risk_adjusted_score,39.436,40.368,0.933,216
DEVYANI.NS,Consumer Cyclical,risk_adjusted_score,39.544,40.48,0.937,215
SAPPHIRE.NS,Consumer Cyclical,risk_adjusted_score,34.693,35.452,0.759,259
SCHAEFFLER.NS,Consumer Cyclical,risk_adjusted_score,60.877,62.595,1.718,39
MOTHERSON.NS,Consumer Cyclical,risk_adjusted_score,63.367,65.176,1.809,24
BALKRISIND.NS,Consumer Cyclical,risk_adjusted_score,48.814,50.09,1.276,136
ENDURANCE.NS,Consumer Cyclical,risk_adjusted_score,60.058,61.745,1.688,53
EXIDEIND.NS,Consumer Cyclical,risk_adjusted_score,46.55,47.744,1.193,155
SUNDRMFAST.NS,Consumer Cyclical,risk_adjusted_score,41.807,42.827,1.019,194
SUPRAJIT.NS,Consumer Cyclical,risk_adjusted_score,53.557,55.007,1.45,96
CRAFTSMAN.NS,Consumer Cyclical,risk_adjusted_score,63.906,65.735,1.828,19
GABRIEL.NS,Consumer Cyclical,risk_adjusted_score,61.351,63.086,1.735,31
KMX,Consumer Cyclical,value_score,64.007,63.43,-0.577,29
FIVE,Consumer Cyclical,value_score,39.872,39.346,-0.526,223
DKS,Consumer Cyclical,value_score,61.637,61.065,-0.572,50
ASO,Consumer Cyclical,value_score,65.408,64.828,-0.58,17
BOOT,Consumer Cyclical,value_score,54.849,54.291,-0.558,108
WSM,Consumer Cyclical,value_score,43.427,42.894,-0.534,195
RH,Consumer Cyclical,value_score,51.616,51.065,-0.551,133
DECK,Consumer Cyclical,value_score,51.293,50.743,-0.55,136
YETI,Consumer Cyclical,value_score,58.512,57.947,-0.566,78
LULU,Consumer Cyclical,value_score,59.805,59.237,-0.568,66
FOXF,Consumer Cyclical,value_score,65.839,65.258,-0.581,14
CROX,Consumer Cyclical,value_score,63.469,62.892,-0.576,34
SIG,Consumer Cyclical,value_score,66.378,65.796,-0.582,9
SHAK,Consumer Cyclical,value_score,37.824,37.303,-0.522,238
WING,Consumer Cyclical,value_score,42.242,41.711,-0.531,204
TXRH,Consumer Cyclical,value_score,48.276,47.732,-0.544,158
SON,Consumer Cyclical,value_score,65.085,64.505,-0.58,20
SEE,Consumer Cyclical,value_score,57.65,57.086,-0.564,86
CASY,Consumer Cyclical,value_score,45.044,44.507,-0.537,182
PAGEIND.NS,Consumer Cyclical,value_score,33.622,33.109,-0.513,270
RELAXO.NS,Consumer Cyclical,value_score,46.337,45.797,-0.54,171
ARVIND.NS,Consumer Cyclical,value_score,62.068,61.495,-0.573,46
TRENT.NS,Consumer Cyclical,value_score,33.514,33.002,-0.513,271
BATAINDIA.NS,Consumer Cyclical,value_score,41.272,40.743,-0.529,212
VMART.NS,Consumer Cyclical,value_score,52.263,51.71,-0.552,128
RAJESHEXPO.NS,Consumer Cyclical,value_score,67.132,66.548,-0.584,2
JUBLFOOD.NS,Consumer Cyclical,value_score,35.238,34.722,-0.516,258
DEVYANI.NS,Consumer Cyclical,value_score,37.609,37.088,-0.521,239
SAPPHIRE.NS,Consumer Cyclical,value_score,47.199,46.657,-0.542,165
SCHAEFFLER.NS,Consumer Cyclical,value_score,34.7,34.185,-0.515,262
MOTHERSON.NS,Consumer Cyclical,value_score,61.314,60.742,-0.572,53
BALKRISIND.NS,Consumer Cyclical,value_score,40.734,40.206,-0.528,217
ENDURANCE.NS,Consumer Cyclical,value_score,45.69,45.152,-0.538,177
EXIDEIND.NS,Consumer Cyclical,value_score,58.081,57.516,-0.565,82
SUNDRMFAST.NS,Consumer Cyclical,value_score,46.983,46.442,-0.541,166
SUPRAJIT.NS,Consumer Cyclical,value_score,50.862,50.313,-0.549,139
CRAFTSMAN.NS,Consumer Cyclical,value_score,45.151,44.614,-0.537,181
GABRIEL.NS,Consumer Cyclical,value_score,41.703,41.173,-0.53,208
KMX,Consumer Cyclical,growth_score,20.429,30.037,9.608,272
FIVE,Consumer Cyclical,growth_score,71.502,63.866,-7.635,26
DKS,Consumer Cyclical,growth_score,38.601,42.074,3.473,209
ASO,Consumer Cyclical,growth_score,42.765,44.832,2.067,185
BOOT,Consumer Cyclical,growth_score,64.637,59.32,-5.318,55
WSM,Consumer Cyclical,growth_score,37.75,41.51,3.76,213
RH,Consumer Cyclical,growth_score,70.193,63.0,-7.193,30
DECK,Consumer Cyclical,growth_score,65.538,59.917,-5.622,51
YETI,Consumer Cyclical,growth_score,61.425,57.192,-4.233,74
LULU,Consumer Cyclical,growth_score,39.521,42.683,3.162,204
FOXF,Consumer Cyclical,growth_score,30.973,37.021,6.048,246
CROX,Consumer Cyclical,growth_score,16.435,27.392,10.956,276
SIG,Consumer Cyclical,growth_score,55.064,52.978,-2.085,112
SHAK,Consumer Cyclical,growth_score,62.676,58.02,-4.655,68
WING,Consumer Cyclical,growth_score,47.383,47.891,0.508,160
TXRH,Consumer Cyclical,growth_score,34.453,39.327,4.873,229
SON,Consumer Cyclical,growth_score,57.554,54.628,-2.926,96
SEE,Consumer Cyclical,growth_score,51.775,50.8,-0.975,128
CASY,Consumer Cyclical,growth_score,56.699,54.062,-2.638,102
PAGEIND.NS,Consumer Cyclical,growth_score,32.279,37.886,5.607,240
RELAXO.NS,Consumer Cyclical,growth_score,28.195,35.181,6.986,253
ARVIND.NS,Consumer Cyclical,growth_score,46.388,47.232,0.844,165
TRENT.NS,Consumer Cyclical,growth_score,52.848,51.511,-1.337,122
BATAINDIA.NS,Consumer Cyclical,growth_score,41.837,44.217,2.38,191
VMART.NS,Consumer Cyclical,growth_score,66.311,60.428,-5.883,49
RAJESHEXPO.NS,Consumer Cyclical,growth_score,78.617,68.58,-10.038,7
JUBLFOOD.NS,Consumer Cyclical,growth_score,50.141,49.717,-0.423,141
DEVYANI.NS,Consumer Cyclical,growth_score,58.363,55.164,-3.199,91
SAPPHIRE.NS,Consumer Cyclical,growth_score,54.136,52.364,-1.772,117
SCHAEFFLER.NS,Consumer Cyclical,growth_score,68.165,61.657,-6.509,39
MOTHERSON.NS,Consumer Cyclical,growth_score,60.483,56.568,-3.915,78
BALKRISIND.NS,Consumer Cyclical,growth_score,36.96,40.987,4.027,217
ENDURANCE.NS,Consumer Cyclical,growth_score,69.088,62.268,-6.82,34
EXIDEIND.NS,Consumer Cyclical,growth_score,55.951,53.566,-2.385,108
SUNDRMFAST.NS,Consumer Cyclical,growth_score,40.895,43.593,2.698,197
SUPRAJIT.NS,Consumer Cyclical,growth_score,33.029,38.383,5.354,235
CRAFTSMAN.NS,Consumer Cyclical,growth_score,80.397,69.759,-10.639,3
GABRIEL.NS,Consumer Cyclical,growth_score,45.212,46.453,1.241,173
KMX,Consumer Cyclical,stability_score,28.384,35.042,6.658,257
FIVE,Consumer Cyclical,stability_score,59.216,55.229,-3.987,83
DKS,Consumer Cyclical,stability_score,35.383,39.624,4.241,231
ASO,Consumer Cyclical,stability_score,31.518,37.094,5.576,246
BOOT,Consumer Cyclical,stability_score,59.996,55.74,-4.256,79
WSM,Consumer Cyclical,stability_score,58.452,54.729,-3.723,88
RH,Consumer Cyclical,stability_score,12.235,24.468,12.233,276
DECK,Consumer Cyclical,stability_score,79.382,68.433,-10.949,9
YETI,Consumer Cyclical,stability_score,70.629,62.702,-7.927,33
LULU,Consumer Cyclical,stability_score,73.04,64.281,-8.759,23
FOXF,Consumer Cyclical,stability_score,33.657,38.494,4.837,238
CROX,Consumer Cyclical,stability_score,54.417,52.087,-2.33,113
SIG,Consumer Cyclical,stability_score,30.003,36.102,6.099,254
SHAK,Consumer Cyclical,stability_score,37.944,41.301,3.357,220
WING,Consumer Cyclical,stability_score,48.789,48.402,-0.387,158
TXRH,Consumer Cyclical,stability_score,50.631,49.608,-1.023,138
SON,Consumer Cyclical,stability_score,39.867,42.56,2.693,210
SEE,Consumer Cyclical,stability_score,41.715,43.77,2.055,198
CASY,Consumer Cyclical,stability_score,49.789,49.057,-0.732,151
PAGEIND.NS,Consumer Cyclical,stability_score,66.627,60.082,-6.545,44
RELAXO.NS,Consumer Cyclical,stability_score,46.573,46.951,0.378,172
ARVIND.NS,Consumer Cyclical,stability_score,53.384,51.411,-1.973,121
TRENT.NS,Consumer Cyclical,stability_score,52.614,50.907,-1.707,125
BATAINDIA.NS,Consumer Cyclical,stability_score,43.094,44.673,1.579,189
VMART.NS,Consumer Cyclical,stability_score,36.975,40.667,3.692,227
RAJESHEXPO.NS,Consumer Cyclical,stability_score,45.763,46.421,0.658,175
JUBLFOOD.NS,Consumer Cyclical,stability_score,71.411,63.214,-8.197,30
DEVYANI.NS,Consumer Cyclical,stability_score,39.069,42.038,2.969,214
SAPPHIRE.NS,Consumer Cyclical,stability_score,36.127,40.112,3.985,229
SCHAEFFLER.NS,Consumer Cyclical,stability_score,78.52,67.869,-10.651,13
MOTHERSON.NS,Consumer Cyclical,stability_score,47.399,47.492,0.093,166
BALKRISIND.NS,Consumer Cyclical,stability_score,55.939,53.084,-2.855,103
ENDURANCE.NS,Consumer Cyclical,stability_score,61.676,56.84,-4.836,70
EXIDEIND.NS,Consumer Cyclical,stability_score,63.243,57.866,-5.377,62
SUNDRMFAST.NS,Consumer Cyclical,stability_score,68.327,61.195,-7.132,40
SUPRAJIT.NS,Consumer Cyclical,stability_score,51.899,50.438,-1.46,130
CRAFTSMAN.NS,Consumer Cyclical,stability_score,40.686,43.097,2.411,204
GABRIEL.NS,Consumer Cyclical,stability_score,57.612,54.179,-3.433,94
KMX,Consumer Cyclical,similarity_rank,52.359,52.618,0.259,109
FIVE,Consumer Cyclical,similarity_rank,46.774,47.256,0.482,171
DKS,Consumer Cyclical,similarity_rank,54.586,54.756,0.17,79
ASO,Consumer Cyclical,similarity_rank,54.308,54.489,0.181,82
BOOT,Consumer Cyclical,similarity_rank,48.446,48.862,0.415,154
WSM,Consumer Cyclical,similarity_rank,47.5,47.953,0.453,163
RH,Consumer Cyclical,similarity_rank,46.278,46.78,0.502,175
DECK,Consumer Cyclical,similarity_rank,51.842,52.122,0.28,119
YETI,Consumer Cyclical,similarity_rank,51.875,52.154,0.278,118
LULU,Consumer Cyclical,similarity_rank,40.877,41.595,0.717,233
FOXF,Consumer Cyclical,similarity_rank,50.853,51.172,0.319,131
CROX,Consumer Cyclical,similarity_rank,56.392,56.49,0.098,61
SIG,Consumer Cyclical,similarity_rank,51.043,51.354,0.311,128
SHAK,Consumer Cyclical,similarity_rank,31.336,32.434,1.098,267
WING,Consumer Cyclical,similarity_rank,48.416,48.833,0.416,155
TXRH,Consumer Cyclical,similarity_rank,41.943,42.617,0.675,225
SON,Consumer Cyclical,similarity_rank,48.335,48.754,0.42,157
SEE,Consumer Cyclical,similarity_rank,51.481,51.775,0.294,123
CASY,Consumer Cyclical,similarity_rank,43.311,43.931,0.62,213
PAGEIND.NS,Consumer Cyclical,similarity_rank,52.258,52.521,0.263,114
RELAXO.NS,Consumer Cyclical,similarity_rank,46.029,46.541,0.512,180
ARVIND.NS,Consumer Cyclical,similarity_rank,56.758,56.842,0.083,59
TRENT.NS,Consumer Cyclical,similarity_rank,45.885,46.402,0.517,182
BATAINDIA.NS,Consumer Cyclical,similarity_rank,43.957,44.551,0.594,203
VMART.NS,Consumer Cyclical,similarity_rank,43.653,44.259,0.606,209
RAJESHEXPO.NS,Consumer Cyclical,similarity_rank,61.659,61.546,-0.112,27
JUBLFOOD.NS,Consumer Cyclical,similarity_rank,49.527,49.899,0.372,145
DEVYANI.NS,Consumer Cyclical,similarity_rank,46.965,47.439,0.474,168
SAPPHIRE.NS,Consumer Cyclical,similarity_rank,52.532,52.784,0.252,104
SCHAEFFLER.NS,Consumer Cyclical,similarity_rank,55.827,55.947,0.12,66
MOTHERSON.NS,Consumer Cyclical,similarity_rank,62.682,62.529,-0.153,24
BALKRISIND.NS,Consumer Cyclical,similarity_rank,47.164,47.63,0.466,166
ENDURANCE.NS,Consumer Cyclical,similarity_rank,52.523,52.775,0.252,105
EXIDEIND.NS,Consumer Cyclical,similarity_rank,53.973,54.167,0.194,85
SUNDRMFAST.NS,Consumer Cyclical,similarity_rank,50.807,51.127,0.321,133
SUPRAJIT.NS,Consumer Cyclical,similarity_rank,49.643,50.011,0.367,140
CRAFTSMAN.NS,Consumer Cyclical,similarity_rank,49.404,49.781,0.377,146
GABRIEL.NS,Consumer Cyclical,similarity_rank,41.543,42.233,0.691,229
KMX,Consumer Cyclical,sector_position,46.099,48.202,2.103,147
FIVE,Consumer Cyclical,sector_position,60.102,63.916,3.814,28
DKS,Consumer Cyclical,sector_position,48.57,50.976,2.405,126
ASO,Consumer Cyclical,sector_position,50.218,52.824,2.606,111
BOOT,Consumer Cyclical,sector_position,57.631,61.143,3.512,48
WSM,Consumer Cyclical,sector_position,60.926,64.841,3.915,22
RH,Consumer Cyclical,sector_position,51.041,53.749,2.707,104
DECK,Consumer Cyclical,sector_position,62.573,66.689,4.116,13
YETI,Consumer Cyclical,sector_position,59.278,62.992,3.714,35
LULU,Consumer Cyclical,sector_position,61.749,65.765,4.016,18
FOXF,Consumer Cyclical,sector_position,37.039,38.035,0.996,229
CROX,Consumer Cyclical,sector_position,56.807,60.219,3.412,54
SIG,Consumer Cyclical,sector_position,54.336,57.446,3.11,74
SHAK,Consumer Cyclical,sector_position,35.392,36.186,0.794,243
WING,Consumer Cyclical,sector_position,64.22,68.538,4.318,7
TXRH,Consumer Cyclical,sector_position,37.863,38.959,1.096,223
SON,Consumer Cyclical,sector_position,42.805,44.505,1.7,180
SEE,Consumer Cyclical,sector_position,52.689,55.597,2.908,90
CASY,Consumer Cyclical,sector_position,47.747,50.051,2.304,133
PAGEIND.NS,Consumer Cyclical,sector_position,58.454,62.068,3.613,40
RELAXO.NS,Consumer Cyclical,sector_position,34.568,35.262,0.694,252
ARVIND.NS,Consumer Cyclical,sector_position,40.334,41.732,1.398,201
TRENT.NS,Consumer Cyclical,sector_position,51.865,54.673,2.808,97
BATAINDIA.NS,Consumer Cyclical,sector_position,46.923,49.127,2.204,139
VMART.NS,Consumer Cyclical,sector_position,45.276,47.278,2.002,155
RAJESHEXPO.NS,Consumer Cyclical,sector_position,65.868,70.387,4.519,3
JUBLFOOD.NS,Consumer Cyclical,sector_position,39.51,40.808,1.298,207
DEVYANI.NS,Consumer Cyclical,sector_position,33.744,34.337,0.593,259
SAPPHIRE.NS,Consumer Cyclical,sector_position,32.921,33.413,0.492,266
SCHAEFFLER.NS,Consumer Cyclical,sector_position,53.512,56.522,3.009,82
MOTHERSON.NS,Consumer Cyclical,sector_position,41.157,42.656,1.499,192
BALKRISIND.NS,Consumer Cyclical,sector_position,55.983,59.295,3.311,59
ENDURANCE.NS,Consumer Cyclical,sector_position,43.628,45.429,1.801,170
EXIDEIND.NS,Consumer Cyclical,sector_position,41.981,43.581,1.6,184
SUNDRMFAST.NS,Consumer Cyclical,sector_position,49.394,51.9,2.506,118
SUPRAJIT.NS,Consumer Cyclical,sector_position,36.215,37.11,0.895,238
CRAFTSMAN.NS,Consumer Cyclical,sector_position,44.452,46.354,1.902,163
GABRIEL.NS,Consumer Cyclical,sector_position,38.686,39.883,1.197,215
CELH,Consumer Defensive,ESG_composite,45.131,46.565,1.434,161
FLO,Consumer Defensive,ESG_composite,58.645,60.884,2.239,55
INGR,Consumer Defensive,ESG_composite,52.272,54.132,1.859,104
SPB,Consumer Defensive,ESG_composite,40.154,41.292,1.137,207
IPAR,Consumer Defensive,ESG_composite,37.341,38.311,0.97,233
ELF,Consumer Defensive,ESG_composite,37.125,38.082,0.957,235
FRPT,Consumer Defensive,ESG_composite,47.944,49.546,1.602,138
SJM,Consumer Defensive,ESG_composite,58.904,61.159,2.255,50
USFD,Consumer Defensive,ESG_composite,37.99,38.999,1.008,227
POST,Consumer Defensive,ESG_composite,41.561,42.782,1.221,194
HRL,Consumer Defensive,ESG_composite,43.292,44.616,1.324,178
DABUR.NS,Consumer Defensive,ESG_composite,62.875,65.366,2.491,19
MARICO.NS,Consumer Defensive,ESG_composite,59.51,61.801,2.291,37
GODREJCP.NS,Consumer Defensive,ESG_composite,63.416,65.94,2.523,16
EMAMILTD.NS,Consumer Defensive,ESG_composite,65.797,68.462,2.665,5
COLPAL.NS,Consumer Defensive,ESG_composite,64.823,67.43,2.607,9
TATACONSUM.NS,Consumer Defensive,ESG_composite,45.564,47.024,1.46,157
ZYDUSWELL.NS,Consumer Defensive,ESG_composite,35.718,36.591,0.873,248
JYOTHYLAB.NS,Consumer Defensive,ESG_composite,45.239,46.68,1.44,160
BIKAJI.NS,Consumer Defensive,ESG_composite,36.367,37.279,0.912,242
HONASA.NS,Consumer Defensive,ESG_composite,40.046,41.177,1.131,208
CELH,Consumer Defensive,financial_score,52.048,53.382,1.334,109
FLO,Consumer Defensive,financial_score,42.131,43.2,1.069,189
INGR,Consumer Defensive,financial_score,56.899,58.362,1.463,72
SPB,Consumer Defensive,financial_score,35.124,36.006,0.882,254
IPAR,Consumer Defensive,financial_score,60.348,61.904,1.555,41
ELF,Consumer Defensive,financial_score,41.376,42.425,1.049,196
FRPT,Consumer Defensive,financial_score,46.551,47.737,1.187,155
SJM,Consumer Defensive,financial_score,41.915,42.978,1.063,191
USFD,Consumer Defensive,financial_score,35.34,36.227,0.887,252
POST,Consumer Defensive,financial_score,40.837,41.872,1.034,201
HRL,Consumer Defensive,financial_score,43.317,44.417,1.101,181
DABUR.NS,Consumer Defensive,financial_score,57.761,59.248,1.486,65
MARICO.NS,Consumer Defensive,financial_score,55.929,57.366,1.437,80
GODREJCP.NS,Consumer Defensive,financial_score,59.055,60.576,1.521,53
EMAMILTD.NS,Consumer Defensive,financial_score,63.367,65.003,1.636,19
COLPAL.NS,Consumer Defensive,financial_score,64.876,66.552,1.676,9
TATACONSUM.NS,Consumer Defensive,financial_score,49.849,51.124,1.275,133
ZYDUSWELL.NS,Consumer Defensive,financial_score,38.681,39.658,0.977,221
JYOTHYLAB.NS,Consumer Defensive,financial_score,46.982,48.18,1.198,151
BIKAJI.NS,Consumer Defensive,financial_score,42.885,43.974,1.089,183
HONASA.NS,Consumer Defensive,financial_score,44.826,45.967,1.141,169
CELH,Consumer Defensive,market_score,35.366,36.192,0.826,251
FLO,Consumer Defensive,market_score,38.51,39.439,0.93,222
INGR,Consumer Defensive,market_score,56.938,58.474,1.537,67
SPB,Consumer Defensive,market_score,66.292,68.138,1.845,10
IPAR,Consumer Defensive,market_score,53.23,54.645,1.415,99
ELF,Consumer Defensive,market_score,34.933,35.744,0.812,261
FRPT,Consumer Defensive,market_score,52.927,54.331,1.405,105
SJM,Consumer Defensive,market_score,50.217,51.532,1.315,123
USFD,Consumer Defensive,market_score,64.417,66.2,1.783,14
POST,Consumer Defensive,market_score,53.534,54.959,1.425,93
HRL,Consumer Defensive,market_score,50.434,51.756,1.323,122
DABUR.NS,Consumer Defensive,market_score,43.529,44.624,1.095,194
MARICO.NS,Consumer Defensive,market_score,56.287,57.803,1.515,72
GODREJCP.NS,Consumer Defensive,market_score,41.22,42.239,1.019,197
EMAMILTD.NS,Consumer Defensive,market_score,35.626,36.461,0.835,245
COLPAL.NS,Consumer Defensive,market_score,40.244,41.231,0.987,206
TATACONSUM.NS,Consumer Defensive,market_score,45.74,46.908,1.168,149
ZYDUSWELL.NS,Consumer Defensive,market_score,44.613,45.743,1.131,171
JYOTHYLAB.NS,Consumer Defensive,market_score,34.759,35.565,0.806,265
BIKAJI.NS,Consumer Defensive,market_score,40.136,41.119,0.983,207
HONASA.NS,Consumer Defensive,market_score,53.144,54.555,1.412,101
CELH,Consumer Defensive,operational_score,61.283,60.364,-0.919,50
FLO,Consumer Defensive,operational_score,51.449,53.165,1.717,103
INGR,Consumer Defensive,operational_score,59.766,59.254,-0.512,57
SPB,Consumer Defensive,operational_score,62.632,61.352,-1.28,42
IPAR,Consumer Defensive,operational_score,70.325,66.983,-3.342,15
ELF,Consumer Defensive,operational_score,35.904,41.786,5.882,214
FRPT,Consumer Defensive,operational_score,32.868,39.564,6.696,229
SJM,Consumer Defensive,operational_score,72.313,68.438,-3.875,9
USFD,Consumer Defensive,operational_score,66.47,64.161,-2.309,28
POST,Consumer Defensive,operational_score,47.225,50.074,2.848,138
HRL,Consumer Defensive,operational_score,41.943,46.207,4.264,171
DABUR.NS,Consumer Defensive,operational_score,40.229,44.953,4.723,183
MARICO.NS,Consumer Defensive,operational_score,54.144,55.139,0.994,85
GODREJCP.NS,Consumer Defensive,operational_score,52.925,54.246,1.321,93
EMAMILTD.NS,Consumer Defensive,operational_score,43.996,47.71,3.714,157
COLPAL.NS,Consumer Defensive,operational_score,49.935,52.057,2.122,113
TATACONSUM.NS,Consumer Defensive,operational_score,37.244,42.767,5.523,203
ZYDUSWELL.NS,Consumer Defensive,operational_score,38.769,43.884,5.115,194
JYOTHYLAB.NS,Consumer Defensive,operational_score,26.804,35.125,8.321,263
BIKAJI.NS,Consumer Defensive,operational_score,28.05,36.037,7.987,256
HONASA.NS,Consumer Defensive,operational_score,45.748,48.993,3.244,146
CELH,Consumer Defensive,risk_adjusted_score,46.011,47.004,0.992,159
FLO,Consumer Defensive,risk_adjusted_score,33.324,33.997,0.674,271
INGR,Consumer Defensive,risk_adjusted_score,42.238,43.136,0.897,190
SPB,Consumer Defensive,risk_adjusted_score,50.647,51.756,1.109,119
IPAR,Consumer Defensive,risk_adjusted_score,39.759,40.594,0.835,213
ELF,Consumer Defensive,risk_adjusted_score,42.131,43.025,0.895,191
FRPT,Consumer Defensive,risk_adjusted_score,40.945,41.81,0.865,202
SJM,Consumer Defensive,risk_adjusted_score,47.628,48.661,1.033,146
USFD,Consumer Defensive,risk_adjusted_score,64.661,66.121,1.461,15
POST,Consumer Defensive,risk_adjusted_score,45.257,46.23,0.973,166
HRL,Consumer Defensive,risk_adjusted_score,36.849,37.611,0.762,239
DABUR.NS,Consumer Defensive,risk_adjusted_score,44.394,45.346,0.952,174
MARICO.NS,Consumer Defensive,risk_adjusted_score,65.415,66.895,1.48,9
GODREJCP.NS,Consumer Defensive,risk_adjusted_score,51.94,53.082,1.141,109
EMAMILTD.NS,Consumer Defensive,risk_adjusted_score,38.897,39.71,0.814,220
COLPAL.NS,Consumer Defensive,risk_adjusted_score,40.082,40.926,0.843,210
TATACONSUM.NS,Consumer Defensive,risk_adjusted_score,61.093,62.464,1.371,36
ZYDUSWELL.NS,Consumer Defensive,risk_adjusted_score,58.193,59.491,1.298,60
JYOTHYLAB.NS,Consumer Defensive,risk_adjusted_score,35.555,36.285,0.73,251
BIKAJI.NS,Consumer Defensive,risk_adjusted_score,52.803,53.966,1.163,102
HONASA.NS,Consumer Defensive,risk_adjusted_score,60.101,61.447,1.346,52
CELH,Consumer Defensive,value_score,46.552,45.908,-0.644,169
FLO,Consumer Defensive,value_score,66.917,66.448,-0.469,4
INGR,Consumer Defensive,value_score,65.3,64.818,-0.483,18
SPB,Consumer Defensive,value_score,66.055,65.578,-0.476,12
IPAR,Consumer Defensive,value_score,57.758,57.21,-0.547,85
ELF,Consumer Defensive,value_score,34.592,33.845,-0.746,263
FRPT,Consumer Defensive,value_score,53.771,53.189,-0.582,116
SJM,Consumer Defensive,value_score,61.745,61.231,-0.513,49
USFD,Consumer Defensive,value_score,63.253,62.753,-0.5,36
POST,Consumer Defensive,value_score,64.654,64.166,-0.488,24
HRL,Consumer Defensive,value_score,63.145,62.644,-0.501,37
DABUR.NS,Consumer Defensive,value_score,40.949,40.257,-0.692,215
MARICO.NS,Consumer Defensive,value_score,34.376,33.628,-0.748,264
GODREJCP.NS,Consumer Defensive,value_score,37.501,36.78,-0.721,240
EMAMILTD.NS,Consumer Defensive,value_score,47.953,47.321,-0.632,161
COLPAL.NS,Consumer Defensive,value_score,33.838,33.085,-0.753,268
TATACONSUM.NS,Consumer Defensive,value_score,39.225,38.518,-0.707,227
ZYDUSWELL.NS,Consumer Defensive,value_score,43.751,43.083,-0.668,192
JYOTHYLAB.NS,Consumer Defensive,value_score,52.801,52.211,-0.59,125
BIKAJI.NS,Consumer Defensive,value_score,36.747,36.019,-0.728,246
HONASA.NS,Consumer Defensive,value_score,38.148,37.432,-0.716,235
CELH,Consumer Defensive,growth_score,65.095,59.607,-5.488,53
FLO,Consumer Defensive,growth_score,45.623,46.786,1.163,171
INGR,Consumer Defensive,growth_score,56.711,54.086,-2.624,101
SPB,Consumer Defensive,growth_score,38.35,41.998,3.647,210
IPAR,Consumer Defensive,growth_score,54.378,52.551,-1.828,115
ELF,Consumer Defensive,growth_score,66.69,60.657,-6.033,44
FRPT,Consumer Defensive,growth_score,62.5,57.898,-4.602,69
SJM,Consumer Defensive,growth_score,39.798,42.951,3.153,202
USFD,Consumer Defensive,growth_score,76.808,67.319,-9.489,11
POST,Consumer Defensive,growth_score,43.416,45.333,1.917,180
HRL,Consumer Defensive,growth_score,24.516,32.889,8.373,267
DABUR.NS,Consumer Defensive,growth_score,41.609,44.143,2.534,192
MARICO.NS,Consumer Defensive,growth_score,50.655,50.099,-0.556,139
GODREJCP.NS,Consumer Defensive,growth_score,36.899,41.042,4.143,218
EMAMILTD.NS,Consumer Defensive,growth_score,52.917,51.588,-1.328,121
COLPAL.NS,Consumer Defensive,growth_score,29.393,36.1,6.707,251
TATACONSUM.NS,Consumer Defensive,growth_score,58.967,55.572,-3.395,86
ZYDUSWELL.NS,Consumer Defensive,growth_score,63.831,58.775,-5.057,60
JYOTHYLAB.NS,Consumer Defensive,growth_score,30.61,36.901,6.291,247
BIKAJI.NS,Consumer Defensive,growth_score,71.935,64.111,-7.825,24
HONASA.NS,Consumer Defensive,growth_score,70.391,63.094,-7.297,29
CELH,Consumer Defensive,stability_score,44.138,45.458,1.32,185
FLO,Consumer Defensive,stability_score,26.679,33.966,7.287,262
INGR,Consumer Defensive,stability_score,71.85,63.699,-8.151,26
SPB,Consumer Defensive,stability_score,57.277,54.107,-3.17,96
IPAR,Consumer Defensive,stability_score,73.817,64.994,-8.823,20
ELF,Consumer Defensive,stability_score,28.787,35.354,6.566,256
FRPT,Consumer Defensive,stability_score,55.813,53.143,-2.67,105
SJM,Consumer Defensive,stability_score,22.612,31.289,8.677,269
USFD,Consumer Defensive,stability_score,34.361,39.023,4.661,236
POST,Consumer Defensive,stability_score,37.946,41.382,3.436,219
HRL,Consumer Defensive,stability_score,76.913,67.032,-9.881,16
DABUR.NS,Consumer Defensive,stability_score,54.361,52.187,-2.174,114
MARICO.NS,Consumer Defensive,stability_score,64.635,58.95,-5.685,55
GODREJCP.NS,Consumer Defensive,stability_score,47.986,47.991,0.005,162
EMAMILTD.NS,Consumer Defensive,stability_score,68.486,61.485,-7.001,39
COLPAL.NS,Consumer Defensive,stability_score,61.975,57.199,-4.776,68
TATACONSUM.NS,Consumer Defensive,stability_score,63.396,58.134,-5.262,61
ZYDUSWELL.NS,Consumer Defensive,stability_score,35.996,40.099,4.103,230
JYOTHYLAB.NS,Consumer Defensive,stability_score,52.409,50.903,-1.507,127
BIKAJI.NS,Consumer Defensive,stability_score,60.402,56.163,-4.238,76
HONASA.NS,Consumer Defensive,stability_score,49.973,49.299,-0.674,149
CELH,Consumer Defensive,similarity_rank,52.461,52.895,0.434,107
FLO,Consumer Defensive,similarity_rank,53.564,53.984,0.419,91
INGR,Consumer Defensive,similarity_rank,50.879,51.334,0.455,130
SPB,Consumer Defensive,similarity_rank,48.397,48.885,0.488,156
IPAR,Consumer Defensive,similarity_rank,60.687,61.011,0.324,31
ELF,Consumer Defensive,similarity_rank,36.021,36.674,0.653,251
FRPT,Consumer Defensive,similarity_rank,42.497,43.064,0.567,221
SJM,Consumer Defensive,similarity_rank,52.88,53.308,0.428,99
USFD,Consumer Defensive,similarity_rank,54.806,55.208,0.403,75
POST,Consumer Defensive,similarity_rank,56.763,57.14,0.377,58
HRL,Consumer Defensive,similarity_rank,53.317,53.74,0.423,95
DABUR.NS,Consumer Defensive,similarity_rank,53.109,53.534,0.425,97
MARICO.NS,Consumer Defensive,similarity_rank,62.668,62.965,0.298,25
GODREJCP.NS,Consumer Defensive,similarity_rank,52.721,53.152,0.43,101
EMAMILTD.NS,Consumer Defensive,similarity_rank,53.112,53.537,0.425,96
COLPAL.NS,Consumer Defensive,similarity_rank,52.419,52.853,0.434,108
TATACONSUM.NS,Consumer Defensive,similarity_rank,45.826,46.349,0.522,183
ZYDUSWELL.NS,Consumer Defensive,similarity_rank,48.917,49.399,0.481,151
JYOTHYLAB.NS,Consumer Defensive,similarity_rank,51.626,52.071,0.445,120
BIKAJI.NS,Consumer Defensive,similarity_rank,37.921,38.549,0.628,245
HONASA.NS,Consumer Defensive,similarity_rank,43.253,43.81,0.557,214
CELH,Consumer Defensive,sector_position,59.772,63.187,3.415,31
FLO,Consumer Defensive,sector_position,40.4,41.759,1.359,200
INGR,Consumer Defensive,sector_position,48.702,50.942,2.24,125
SPB,Consumer Defensive,sector_position,41.783,43.29,1.506,186
IPAR,Consumer Defensive,sector_position,61.156,64.718,3.562,20
ELF,Consumer Defensive,sector_position,43.167,44.82,1.653,174
FRPT,Consumer Defensive,sector_position,52.853,55.534,2.681,86
SJM,Consumer Defensive,sector_position,58.389,61.656,3.268,41
USFD,Consumer Defensive,sector_position,50.086,52.473,2.387,112
POST,Consumer Defensive,sector_position,44.551,46.351,1.8,162
HRL,Consumer Defensive,sector_position,45.935,47.881,1.947,150
DABUR.NS,Consumer Defensive,sector_position,47.318,49.412,2.093,137
MARICO.NS,Consumer Defensive,sector_position,51.47,54.004,2.534,100
GODREJCP.NS,Consumer Defensive,sector_position,54.237,57.065,2.827,75
EMAMILTD.NS,Consumer Defensive,sector_position,55.621,58.595,2.974,65
COLPAL.NS,Consumer Defensive,sector_position,57.005,60.126,3.121,53
TATACONSUM.NS,Consumer Defensive,sector_position,39.016,40.228,1.213,211
ZYDUSWELL.NS,Consumer Defensive,sector_position,33.481,34.106,0.625,264
JYOTHYLAB.NS,Consumer Defensive,sector_position,37.632,38.698,1.066,226
BIKAJI.NS,Consumer Defensive,sector_position,34.864,35.637,0.772,251
HONASA.NS,Consumer Defensive,sector_position,36.248,37.167,0.919,237
NOV,Energy,ESG_composite,58.255,60.664,2.408,62
OII,Energy,ESG_composite,37.449,38.627,1.178,232
HLX,Energy,ESG_composite,34.528,35.533,1.005,259
TRGP,Energy,ESG_composite,47.836,49.628,1.792,139
OVV,Energy,ESG_composite,59.554,62.039,2.485,36
AR,Energy,ESG_composite,49.686,51.588,1.901,129
RRC,Energy,ESG_composite,62.659,65.328,2.669,21
SM,Energy,ESG_composite,62.551,65.213,2.662,22
CTRA,Energy,ESG_composite,64.282,67.046,2.765,11
PTEN,Energy,ESG_composite,44.157,45.732,1.575,170
MTDR,Energy,ESG_composite,59.857,62.36,2.503,31
CHRD,Energy,ESG_composite,59.64,62.13,2.49,34
DINO,Energy,ESG_composite,41.128,42.523,1.395,198
NOV,Energy,financial_score,37.819,38.761,0.941,229
OII,Energy,financial_score,49.978,51.424,1.446,130
HLX,Energy,financial_score,35.987,36.852,0.865,246
TRGP,Energy,financial_score,60.995,62.898,1.903,37
OVV,Energy,financial_score,57.977,59.754,1.777,63
AR,Energy,financial_score,50.755,52.232,1.478,114
RRC,Energy,financial_score,61.103,63.01,1.907,36
SM,Energy,financial_score,65.199,67.276,2.077,7
CTRA,Energy,financial_score,64.445,66.49,2.046,11
PTEN,Energy,financial_score,36.849,37.75,0.901,238
MTDR,Energy,financial_score,60.241,62.112,1.871,42
CHRD,Energy,financial_score,50.065,51.514,1.449,129
DINO,Energy,financial_score,36.31,37.189,0.879,243
NOV,Energy,market_score,36.147,37.166,1.02,233
OII,Energy,market_score,43.789,45.077,1.289,188
HLX,Energy,market_score,45.957,47.322,1.365,144
TRGP,Energy,market_score,60.818,62.706,1.888,38
OVV,Energy,market_score,60.471,62.347,1.876,42
AR,Energy,market_score,40.353,41.52,1.168,205
RRC,Energy,market_score,36.19,37.211,1.021,232
SM,Energy,market_score,50.108,51.619,1.511,124
CTRA,Energy,market_score,60.601,62.482,1.88,40
PTEN,Energy,market_score,63.983,65.983,1.999,16
MTDR,Energy,market_score,51.409,52.966,1.557,113
CHRD,Energy,market_score,58.563,60.372,1.809,54
DINO,Energy,market_score,43.659,44.943,1.284,191
NOV,Energy,operational_score,39.147,44.135,4.989,191
OII,Energy,operational_score,28.083,35.986,7.903,255
HLX,Energy,operational_score,31.45,38.466,7.016,238
TRGP,Energy,operational_score,47.818,50.522,2.704,132
OVV,Energy,operational_score,51.841,53.485,1.645,100
AR,Energy,operational_score,66.435,64.235,-2.2,29
RRC,Energy,operational_score,45.715,48.974,3.258,147
SM,Energy,operational_score,54.793,55.66,0.867,79
CTRA,Energy,operational_score,76.581,71.708,-4.872,3
PTEN,Energy,operational_score,41.913,46.173,4.26,172
MTDR,Energy,operational_score,58.358,58.286,-0.072,63
CHRD,Energy,operational_score,68.636,65.856,-2.779,21
DINO,Energy,operational_score,36.376,42.094,5.718,209
NOV,Energy,risk_adjusted_score,51.509,52.719,1.209,113
OII,Energy,risk_adjusted_score,57.762,59.126,1.365,64
HLX,Energy,risk_adjusted_score,39.005,39.903,0.899,219
TRGP,Energy,risk_adjusted_score,46.335,47.416,1.081,157
OVV,Energy,risk_adjusted_score,53.989,55.26,1.271,93
AR,Energy,risk_adjusted_score,35.878,36.7,0.821,248
RRC,Energy,risk_adjusted_score,41.915,42.886,0.971,193
SM,Energy,risk_adjusted_score,35.986,36.81,0.824,247
CTRA,Energy,risk_adjusted_score,58.301,59.679,1.378,59
PTEN,Energy,risk_adjusted_score,41.16,42.113,0.952,200
MTDR,Energy,risk_adjusted_score,42.346,43.328,0.982,189
CHRD,Energy,risk_adjusted_score,56.145,57.469,1.325,77
DINO,Energy,risk_adjusted_score,66.601,68.185,1.584,3
NOV,Energy,value_score,58.835,58.208,-0.627,75
OII,Energy,value_score,45.906,45.421,-0.485,175
HLX,Energy,value_score,57.866,57.249,-0.617,84
TRGP,Energy,value_score,33.299,32.953,-0.346,272
OVV,Energy,value_score,53.556,52.987,-0.569,118
AR,Energy,value_score,46.444,45.953,-0.491,170
RRC,Energy,value_score,38.04,37.642,-0.398,236
SM,Energy,value_score,57.973,57.356,-0.618,83
CTRA,Energy,value_score,36.316,35.937,-0.379,250
PTEN,Energy,value_score,61.852,61.192,-0.661,48
MTDR,Energy,value_score,51.939,51.388,-0.551,131
CHRD,Energy,value_score,59.159,58.528,-0.631,72
DINO,Energy,value_score,62.176,61.512,-0.664,45
NOV,Energy,growth_score,46.031,47.109,1.078,168
OII,Energy,growth_score,79.069,69.014,-10.055,5
HLX,Energy,growth_score,33.968,39.111,5.143,231
TRGP,Energy,growth_score,63.703,58.826,-4.877,62
OVV,Energy,growth_score,54.092,52.454,-1.638,118
AR,Energy,growth_score,66.581,60.734,-5.847,46
RRC,Energy,growth_score,76.043,67.008,-9.035,14
SM,Energy,growth_score,36.248,40.623,4.375,222
CTRA,Energy,growth_score,70.069,63.047,-7.022,31
PTEN,Energy,growth_score,48.85,48.978,0.128,156
MTDR,Energy,growth_score,51.218,50.548,-0.67,136
CHRD,Energy,growth_score,23.415,32.114,8.699,270
DINO,Energy,growth_score,57.529,54.732,-2.796,97
NOV,Energy,stability_score,61.251,56.539,-4.712,73
OII,Energy,stability_score,45.739,46.388,0.649,176
HLX,Energy,stability_score,43.659,45.027,1.368,187
TRGP,Energy,stability_score,31.293,36.935,5.642,247
OVV,Energy,stability_score,37.776,41.177,3.402,221
AR,Energy,stability_score,26.817,34.006,7.189,261
RRC,Energy,stability_score,54.025,51.811,-2.215,117
SM,Energy,stability_score,33.537,38.404,4.867,239
CTRA,Energy,stability_score,69.58,61.989,-7.591,35
PTEN,Energy,stability_score,58.907,55.005,-3.902,86
MTDR,Energy,stability_score,40.339,42.854,2.516,206
CHRD,Energy,stability_score,71.617,63.322,-8.295,27
DINO,Energy,stability_score,49.105,48.591,-0.514,155
NOV,Energy,similarity_rank,63.585,64.682,1.097,22
OII,Energy,similarity_rank,57.532,58.304,0.772,54
HLX,Energy,similarity_rank,60.317,61.239,0.922,33
TRGP,Energy,similarity_rank,20.276,19.049,-1.227,275
OVV,Energy,similarity_rank,52.137,52.62,0.483,115
AR,Energy,similarity_rank,45.065,45.168,0.103,191
RRC,Energy,similarity_rank,29.623,28.897,-0.725,269
SM,Energy,similarity_rank,35.158,34.73,-0.428,255
CTRA,Energy,similarity_rank,25.935,25.012,-0.923,272
PTEN,Energy,similarity_rank,65.023,66.197,1.174,17
MTDR,Energy,similarity_rank,46.885,47.086,0.201,169
CHRD,Energy,similarity_rank,58.844,59.687,0.843,39
DINO,Energy,similarity_rank,74.71,76.404,1.694,3
NOV,Energy,sector_position,41.322,42.825,1.503,190
OII,Energy,sector_position,36.709,37.705,0.995,233
HLX,Energy,sector_position,39.016,40.265,1.249,211
TRGP,Energy,sector_position,50.547,53.064,2.517,108
OVV,Energy,sector_position,52.853,55.624,2.77,86
AR,Energy,sector_position,57.466,60.744,3.278,49
RRC,Energy,sector_position,59.772,63.303,3.531,31
SM,Energy,sector_position,45.935,47.944,2.01,150
CTRA,Energy,sector_position,62.079,65.863,3.785,16
PTEN,Energy,sector_position,34.403,35.145,0.742,254
MTDR,Energy,sector_position,55.16,58.184,3.024,68
CHRD,Energy,sector_position,48.241,50.504,2.263,128
DINO,Energy,sector_position,43.628,45.384,1.756,170
MARA,Financial Services,ESG_composite,33.23,34.177,0.947,274
TROW,Financial Services,ESG_composite,57.649,59.664,2.015,76
BEN,Financial Services,ESG_composite,46.971,48.518,1.548,146
IVZ,Financial Services,ESG_composite,41.02,42.307,1.288,199
SF,Financial Services,ESG_composite,44.266,45.695,1.429,169
WBS,Financial Services,ESG_composite,54.003,55.858,1.855,90
PB,Financial Services,ESG_composite,50.206,51.895,1.689,118
FNB,Financial Services,ESG_composite,41.344,42.646,1.302,196
EWBC,Financial Services,ESG_composite,58.731,60.793,2.062,53
HBAN,Financial Services,ESG_composite,52.813,54.616,1.803,99
ZION,Financial Services,ESG_composite,54.652,56.536,1.883,85
CFR,Financial Services,ESG_composite,43.508,44.905,1.396,176
IBKR,Financial Services,ESG_composite,58.169,60.206,2.037,64
SEIC,Financial Services,ESG_composite,39.613,40.839,1.226,212
ALLY,Financial Services,ESG_composite,41.669,42.985,1.316,193
LPLA,Financial Services,ESG_composite,50.292,51.985,1.693,117
HLNE,Financial Services,ESG_composite,41.885,43.211,1.325,191
STEP,Financial Services,ESG_composite,33.662,34.628,0.966,264
CBSH,Financial Services,ESG_composite,42.426,43.775,1.349,186
PNFP,Financial Services,ESG_composite,46.105,47.615,1.51,153
CHOLAFIN.NS,Financial Services,ESG_composite,59.337,61.426,2.088,41
MUTHOOTFIN.NS,Financial Services,ESG_composite,66.684,69.093,2.409,2
MANAPPURAM.NS,Financial Services,ESG_composite,45.889,47.389,1.5,154
IIFL.NS,Financial Services,ESG_composite,58.558,60.612,2.054,57
CANFINHOME.NS,Financial Services,ESG_composite,62.983,65.231,2.248,18
ABCAPITAL.NS,Financial Services,ESG_composite,38.098,39.258,1.16,226
MASFIN.NS,Financial Services,ESG_composite,53.029,54.842,1.813,97
POONAWALLA.NS,Financial Services,ESG_composite,37.233,38.355,1.122,234
MARA,Financial Services,financial_score,33.173,34.291,1.118,276
TROW,Financial Services,financial_score,62.504,64.264,1.76,27
BEN,Financial Services,financial_score,41.161,42.454,1.293,198
IVZ,Financial Services,financial_score,40.191,41.462,1.272,207
SF,Financial Services,financial_score,46.443,47.851,1.409,156
WBS,Financial Services,financial_score,52.803,54.35,1.548,103
PB,Financial Services,financial_score,57.654,59.307,1.654,66
FNB,Financial Services,financial_score,47.952,49.393,1.442,144
EWBC,Financial Services,financial_score,61.858,63.603,1.746,33
HBAN,Financial Services,financial_score,49.763,51.244,1.481,135
ZION,Financial Services,financial_score,49.806,51.288,1.482,134
CFR,Financial Services,financial_score,50.97,52.478,1.508,110
IBKR,Financial Services,financial_score,58.839,60.519,1.68,55
SEIC,Financial Services,financial_score,58.3,59.968,1.668,60
ALLY,Financial Services,financial_score,39.436,40.691,1.255,214
LPLA,Financial Services,financial_score,43.209,44.547,1.338,182
HLNE,Financial Services,financial_score,63.798,65.586,1.788,15
STEP,Financial Services,financial_score,33.302,34.423,1.121,273
CBSH,Financial Services,financial_score,56.683,58.316,1.633,74
PNFP,Financial Services,financial_score,49.677,51.156,1.479,137
CHOLAFIN.NS,Financial Services,financial_score,55.605,57.214,1.609,83
MUTHOOTFIN.NS,Financial Services,financial_score,63.259,65.035,1.777,20
MANAPPURAM.NS,Financial Services,financial_score,47.305,48.733,1.427,149
IIFL.NS,Financial Services,financial_score,48.491,49.944,1.453,139
CANFINHOME.NS,Financial Services,financial_score,58.624,60.299,1.675,57
ABCAPITAL.NS,Financial Services,financial_score,41.484,42.784,1.3,195
MASFIN.NS,Financial Services,financial_score,53.665,55.232,1.567,97
POONAWALLA.NS,Financial Services,financial_score,47.197,48.622,1.425,150
MARA,Financial Services,market_score,35.887,36.748,0.861,239
TROW,Financial Services,market_score,45.176,46.361,1.185,160
BEN,Financial Services,market_score,60.254,61.965,1.71,47
IVZ,Financial Services,market_score,53.057,54.516,1.459,103
SF,Financial Services,market_score,46.043,47.258,1.215,142
WBS,Financial Services,market_score,66.769,68.707,1.937,2
PB,Financial Services,market_score,57.263,58.869,1.606,65
FNB,Financial Services,market_score,60.775,62.503,1.728,39
EWBC,Financial Services,market_score,57.913,59.542,1.629,59
HBAN,Financial Services,market_score,51.192,52.587,1.394,115
ZION,Financial Services,market_score,60.428,62.144,1.716,43
CFR,Financial Services,market_score,63.767,65.599,1.833,18
IBKR,Financial Services,market_score,53.751,55.234,1.484,89
SEIC,Financial Services,market_score,45.913,47.124,1.21,145
ALLY,Financial Services,market_score,53.577,55.055,1.478,92
LPLA,Financial Services,market_score,43.572,44.701,1.129,193
HLNE,Financial Services,market_score,34.456,35.267,0.811,272
STEP,Financial Services,market_score,34.586,35.401,0.816,269
CBSH,Financial Services,market_score,45.306,46.496,1.189,157
PNFP,Financial Services,market_score,45.393,46.585,1.192,156
CHOLAFIN.NS,Financial Services,market_score,35.54,36.389,0.849,247
MUTHOOTFIN.NS,Financial Services,market_score,44.656,45.823,1.167,170
MANAPPURAM.NS,Financial Services,market_score,36.103,36.972,0.869,234
IIFL.NS,Financial Services,market_score,36.407,37.286,0.879,227
CANFINHOME.NS,Financial Services,market_score,53.013,54.471,1.458,104
ABCAPITAL.NS,Financial Services,market_score,43.832,44.97,1.138,187
MASFIN.NS,Financial Services,market_score,43.702,44.835,1.133,190
POONAWALLA.NS,Financial Services,market_score,35.019,35.85,0.831,259
MARA,Financial Services,operational_score,37.177,42.64,5.463,204
TROW,Financial Services,operational_score,66.154,63.698,-2.457,31
BEN,Financial Services,operational_score,42.62,46.596,3.975,167
IVZ,Financial Services,operational_score,41.337,45.663,4.326,176
SF,Financial Services,operational_score,54.756,55.414,0.659,81
WBS,Financial Services,operational_score,57.976,57.754,-0.222,66
PB,Financial Services,operational_score,38.911,43.9,4.989,193
FNB,Financial Services,operational_score,46.516,49.426,2.911,140
EWBC,Financial Services,operational_score,57.094,57.113,0.02,71
HBAN,Financial Services,operational_score,61.521,60.33,-1.19,48
ZION,Financial Services,operational_score,52.61,53.855,1.245,96
CFR,Financial Services,operational_score,43.866,47.5,3.635,159
IBKR,Financial Services,operational_score,70.786,67.063,-3.722,13
SEIC,Financial Services,operational_score,39.92,44.633,4.713,184
ALLY,Financial Services,operational_score,68.822,65.636,-3.186,20
LPLA,Financial Services,operational_score,60.629,59.683,-0.947,52
HLNE,Financial Services,operational_score,51.686,53.184,1.497,102
STEP,Financial Services,operational_score,49.406,51.527,2.121,122
CBSH,Financial Services,operational_score,45.3,48.543,3.243,151
PNFP,Financial Services,operational_score,50.777,52.523,1.746,105
CHOLAFIN.NS,Financial Services,operational_score,32.864,39.506,6.642,230
MUTHOOTFIN.NS,Financial Services,operational_score,48.395,50.792,2.397,129
MANAPPURAM.NS,Financial Services,operational_score,29.778,37.263,7.485,246
IIFL.NS,Financial Services,operational_score,35.406,41.353,5.947,216
CANFINHOME.NS,Financial Services,operational_score,28.591,36.4,7.809,252
ABCAPITAL.NS,Financial Services,operational_score,31.604,38.59,6.986,237
MASFIN.NS,Financial Services,operational_score,26.423,34.825,8.402,265
POONAWALLA.NS,Financial Services,operational_score,34.164,40.45,6.286,222
MARA,Financial Services,risk_adjusted_score,38.25,39.151,0.901,226
TROW,Financial Services,risk_adjusted_score,44.718,45.764,1.046,171
BEN,Financial Services,risk_adjusted_score,57.654,58.99,1.337,65
IVZ,Financial Services,risk_adjusted_score,60.92,62.33,1.41,38
SF,Financial Services,risk_adjusted_score,48.922,50.063,1.141,135
WBS,Financial Services,risk_adjusted_score,60.575,61.977,1.402,44
PB,Financial Services,risk_adjusted_score,44.61,45.654,1.044,172
FNB,Financial Services,risk_adjusted_score,57.438,58.77,1.332,66
EWBC,Financial Services,risk_adjusted_score,49.245,50.393,1.148,132
HBAN,Financial Services,risk_adjusted_score,45.149,46.205,1.056,167
ZION,Financial Services,risk_adjusted_score,46.874,47.969,1.095,152
CFR,Financial Services,risk_adjusted_score,55.606,56.896,1.291,81
IBKR,Financial Services,risk_adjusted_score,62.72,64.171,1.45,28
SEIC,Financial Services,risk_adjusted_score,44.826,45.874,1.049,170
ALLY,Financial Services,risk_adjusted_score,41.699,42.678,0.979,195
LPLA,Financial Services,risk_adjusted_score,38.358,39.261,0.904,225
HLNE,Financial Services,risk_adjusted_score,33.237,34.026,0.789,273
STEP,Financial Services,risk_adjusted_score,34.908,35.734,0.826,257
CBSH,Financial Services,risk_adjusted_score,35.232,36.065,0.833,254
PNFP,Financial Services,risk_adjusted_score,34.8,35.624,0.824,258
CHOLAFIN.NS,Financial Services,risk_adjusted_score,40.729,41.686,0.957,204
MUTHOOTFIN.NS,Financial Services,risk_adjusted_score,57.33,58.66,1.329,67
MANAPPURAM.NS,Financial Services,risk_adjusted_score,47.197,48.299,1.102,149
IIFL.NS,Financial Services,risk_adjusted_score,53.342,54.582,1.24,97
CANFINHOME.NS,Financial Services,risk_adjusted_score,60.661,62.065,1.404,42
ABCAPITAL.NS,Financial Services,risk_adjusted_score,66.515,68.05,1.536,5
MASFIN.NS,Financial Services,risk_adjusted_score,52.264,53.479,1.216,107
POONAWALLA.NS,Financial Services,risk_adjusted_score,44.933,45.985,1.051,169
MARA,Financial Services,value_score,62.499,61.749,-0.75,42
TROW,Financial Services,value_score,61.421,60.687,-0.734,52
BEN,Financial Services,value_score,64.223,63.447,-0.775,27
IVZ,Financial Services,value_score,59.051,58.352,-0.699,73
SF,Financial Services,value_score,57.327,56.653,-0.674,88
WBS,Financial Services,value_score,51.401,50.814,-0.587,135
PB,Financial Services,value_score,53.987,53.362,-0.625,114
FNB,Financial Services,value_score,58.297,57.609,-0.688,80
EWBC,Financial Services,value_score,48.168,47.629,-0.539,159
HBAN,Financial Services,value_score,53.232,52.619,-0.614,121
ZION,Financial Services,value_score,60.021,59.307,-0.713,64
CFR,Financial Services,value_score,52.047,51.451,-0.596,130
IBKR,Financial Services,value_score,36.962,36.588,-0.374,244
SEIC,Financial Services,value_score,40.087,39.667,-0.42,221
ALLY,Financial Services,value_score,61.96,61.218,-0.742,47
LPLA,Financial Services,value_score,55.926,55.273,-0.653,99
HLNE,Financial Services,value_score,35.131,34.784,-0.347,259
STEP,Financial Services,value_score,63.792,63.023,-0.769,31
CBSH,Financial Services,value_score,49.246,48.691,-0.555,152
PNFP,Financial Services,value_score,55.818,55.167,-0.652,100
CHOLAFIN.NS,Financial Services,value_score,35.023,34.678,-0.345,260
MUTHOOTFIN.NS,Financial Services,value_score,37.932,37.544,-0.388,237
MANAPPURAM.NS,Financial Services,value_score,41.38,40.941,-0.439,211
IIFL.NS,Financial Services,value_score,52.37,51.77,-0.601,127
CANFINHOME.NS,Financial Services,value_score,40.518,40.092,-0.426,218
ABCAPITAL.NS,Financial Services,value_score,46.66,46.143,-0.517,168
MASFIN.NS,Financial Services,value_score,43.104,42.64,-0.464,197
POONAWALLA.NS,Financial Services,value_score,34.269,33.934,-0.334,265
MARA,Financial Services,growth_score,25.057,33.206,8.149,264
TROW,Financial Services,growth_score,34.405,39.427,5.022,230
BEN,Financial Services,growth_score,47.22,47.954,0.734,161
IVZ,Financial Services,growth_score,36.406,40.758,4.352,220
SF,Financial Services,growth_score,43.255,45.316,2.061,182
WBS,Financial Services,growth_score,59.083,55.848,-3.235,85
PB,Financial Services,growth_score,32.398,38.092,5.693,239
FNB,Financial Services,growth_score,63.882,59.041,-4.841,58
EWBC,Financial Services,growth_score,66.497,60.781,-5.716,48
HBAN,Financial Services,growth_score,31.408,37.432,6.025,245
ZION,Financial Services,growth_score,56.381,54.05,-2.331,105
CFR,Financial Services,growth_score,40.181,43.27,3.089,200
IBKR,Financial Services,growth_score,68.446,62.078,-6.368,38
SEIC,Financial Services,growth_score,55.451,53.431,-2.02,111
ALLY,Financial Services,growth_score,57.818,55.006,-2.812,94
LPLA,Financial Services,growth_score,59.951,56.425,-3.525,80
HLNE,Financial Services,growth_score,52.344,51.364,-0.98,127
STEP,Financial Services,growth_score,51.486,50.792,-0.693,133
CBSH,Financial Services,growth_score,42.062,44.522,2.46,190
PNFP,Financial Services,growth_score,44.737,46.302,1.565,175
CHOLAFIN.NS,Financial Services,growth_score,61.149,57.223,-3.926,76
MUTHOOTFIN.NS,Financial Services,growth_score,78.05,68.469,-9.581,8
MANAPPURAM.NS,Financial Services,growth_score,20.414,30.117,9.703,273
IIFL.NS,Financial Services,growth_score,79.193,69.229,-9.963,4
CANFINHOME.NS,Financial Services,growth_score,62.907,58.392,-4.515,66
ABCAPITAL.NS,Financial Services,growth_score,70.482,63.433,-7.049,28
MASFIN.NS,Financial Services,growth_score,65.365,60.028,-5.337,52
POONAWALLA.NS,Financial Services,growth_score,80.573,70.148,-10.425,2
MARA,Financial Services,stability_score,26.222,33.608,7.386,263
TROW,Financial Services,stability_score,85.828,72.807,-13.021,2
BEN,Financial Services,stability_score,53.696,51.676,-2.02,119
IVZ,Financial Services,stability_score,31.605,37.148,5.544,245
SF,Financial Services,stability_score,40.705,43.133,2.428,203
WBS,Financial Services,stability_score,67.094,60.487,-6.607,43
PB,Financial Services,stability_score,65.29,59.3,-5.989,50
FNB,Financial Services,stability_score,54.971,52.514,-2.457,111
EWBC,Financial Services,stability_score,61.44,56.769,-4.671,71
HBAN,Financial Services,stability_score,57.033,53.87,-3.162,97
ZION,Financial Services,stability_score,46.652,47.044,0.392,171
CFR,Financial Services,stability_score,69.055,61.777,-7.279,37
IBKR,Financial Services,stability_score,34.825,39.266,4.441,234
SEIC,Financial Services,stability_score,82.186,70.412,-11.774,6
ALLY,Financial Services,stability_score,41.887,43.91,2.023,197
LPLA,Financial Services,stability_score,45.141,46.05,0.909,181
HLNE,Financial Services,stability_score,63.849,58.353,-5.496,58
STEP,Financial Services,stability_score,24.735,32.63,7.896,264
CBSH,Financial Services,stability_score,62.525,57.482,-5.043,67
PNFP,Financial Services,stability_score,59.796,55.688,-4.109,81
CHOLAFIN.NS,Financial Services,stability_score,39.346,42.239,2.893,212
MUTHOOTFIN.NS,Financial Services,stability_score,58.568,54.88,-3.688,87
MANAPPURAM.NS,Financial Services,stability_score,49.871,49.161,-0.711,150
IIFL.NS,Financial Services,stability_score,42.868,44.555,1.687,192
CANFINHOME.NS,Financial Services,stability_score,37.727,41.175,3.447,222
ABCAPITAL.NS,Financial Services,stability_score,33.31,38.27,4.96,240
MASFIN.NS,Financial Services,stability_score,47.545,47.631,0.086,164
POONAWALLA.NS,Financial Services,stability_score,36.227,40.188,3.961,228
MARA,Financial Services,similarity_rank,34.215,34.631,0.415,260
TROW,Financial Services,similarity_rank,53.871,54.024,0.153,88
BEN,Financial Services,similarity_rank,57.247,57.355,0.108,56
IVZ,Financial Services,similarity_rank,43.801,44.089,0.288,206
SF,Financial Services,similarity_rank,42.031,42.342,0.311,223
WBS,Financial Services,similarity_rank,57.738,57.84,0.102,51
PB,Financial Services,similarity_rank,46.276,46.53,0.255,176
FNB,Financial Services,similarity_rank,35.512,35.91,0.398,254
EWBC,Financial Services,similarity_rank,57.056,57.167,0.111,57
HBAN,Financial Services,similarity_rank,49.061,49.278,0.218,148
ZION,Financial Services,similarity_rank,52.679,52.848,0.169,102
CFR,Financial Services,similarity_rank,41.941,42.253,0.312,226
IBKR,Financial Services,similarity_rank,54.534,54.679,0.145,80
SEIC,Financial Services,similarity_rank,49.128,49.345,0.217,147
ALLY,Financial Services,similarity_rank,46.863,47.11,0.247,170
LPLA,Financial Services,similarity_rank,61.21,61.265,0.055,29
HLNE,Financial Services,similarity_rank,31.806,32.254,0.448,265
STEP,Financial Services,similarity_rank,46.376,46.629,0.253,174
CBSH,Financial Services,similarity_rank,40.509,40.841,0.332,235
PNFP,Financial Services,similarity_rank,52.26,52.435,0.175,112
CHOLAFIN.NS,Financial Services,similarity_rank,45.741,46.002,0.262,185
MUTHOOTFIN.NS,Financial Services,similarity_rank,52.844,53.011,0.167,100
MANAPPURAM.NS,Financial Services,similarity_rank,51.045,51.236,0.191,127
IIFL.NS,Financial Services,similarity_rank,56.209,56.331,0.122,62
CANFINHOME.NS,Financial Services,similarity_rank,52.26,52.435,0.175,113
ABCAPITAL.NS,Financial Services,similarity_rank,43.754,44.043,0.288,207
MASFIN.NS,Financial Services,similarity_rank,49.548,49.759,0.211,144
POONAWALLA.NS,Financial Services,similarity_rank,39.226,39.575,0.349,240
MARA,Financial Services,sector_position,59.772,63.104,3.332,31
TROW,Financial Services,sector_position,51.865,54.353,2.488,97
BEN,Financial Services,sector_position,39.016,40.132,1.116,211
IVZ,Financial Services,sector_position,40.993,42.32,1.327,193
SF,Financial Services,sector_position,42.969,44.508,1.538,177
WBS,Financial Services,sector_position,52.853,55.447,2.593,86
PB,Financial Services,sector_position,53.842,56.541,2.699,78
FNB,Financial Services,sector_position,44.946,46.695,1.749,159
EWBC,Financial Services,sector_position,60.761,64.198,3.437,24
HBAN,Financial Services,sector_position,46.923,48.883,1.96,139
ZION,Financial Services,sector_position,43.958,45.602,1.644,166
CFR,Financial Services,sector_position,41.981,43.414,1.433,184
IBKR,Financial Services,sector_position,64.714,68.574,3.859,5
SEIC,Financial Services,sector_position,37.039,37.944,0.905,229
ALLY,Financial Services,sector_position,38.027,39.038,1.011,220
LPLA,Financial Services,sector_position,49.888,52.165,2.277,113
HLNE,Financial Services,sector_position,55.819,58.729,2.91,62
STEP,Financial Services,sector_position,36.051,36.85,0.8,240
CBSH,Financial Services,sector_position,45.935,47.789,1.855,150
PNFP,Financial Services,sector_position,50.877,53.259,2.382,106
CHOLAFIN.NS,Financial Services,sector_position,47.911,49.977,2.066,131
MUTHOOTFIN.NS,Financial Services,sector_position,54.83,57.635,2.804,72
MANAPPURAM.NS,Financial Services,sector_position,35.062,35.756,0.694,247
IIFL.NS,Financial Services,sector_position,40.004,41.226,1.222,204
CANFINHOME.NS,Financial Services,sector_position,56.807,59.822,3.015,54
ABCAPITAL.NS,Financial Services,sector_position,33.085,33.569,0.483,265
MASFIN.NS,Financial Services,sector_position,48.9,51.071,2.171,124
POONAWALLA.NS,Financial Services,sector_position,34.074,34.662,0.589,258
ILMN,Healthcare,ESG_composite,57.736,59.637,1.901,74
ALGN,Healthcare,ESG_composite,50.595,52.183,1.588,110
INCY,Healthcare,ESG_composite,59.078,61.037,1.959,47
BMRN,Healthcare,ESG_composite,59.381,61.353,1.973,40
ALKS,Healthcare,ESG_composite,50.119,51.686,1.567,120
IONS,Healthcare,ESG_composite,33.143,33.968,0.825,276
EXAS,Healthcare,ESG_composite,36.043,36.994,0.951,245
TECH,Healthcare,ESG_composite,47.728,49.191,1.463,140
DXCM,Healthcare,ESG_composite,59.467,61.444,1.977,38
VEEV,Healthcare,ESG_composite,59.943,61.941,1.997,30
TFX,Healthcare,ESG_composite,60.203,62.212,2.009,26
STE,Healthcare,ESG_composite,47.295,48.739,1.444,143
BIO,Healthcare,ESG_composite,37.774,38.801,1.027,229
HOLX,Healthcare,ESG_composite,58.861,60.811,1.95,51
NTRA,Healthcare,ESG_composite,34.853,35.752,0.899,256
MEDP,Healthcare,ESG_composite,46.646,48.061,1.415,149
HRMY,Healthcare,ESG_composite,52.056,53.708,1.652,106
PEN,Healthcare,ESG_composite,39.18,40.269,1.089,216
RVMD,Healthcare,ESG_composite,34.744,35.639,0.895,257
PCVX,Healthcare,ESG_composite,33.446,34.284,0.838,269
AZTA,Healthcare,ESG_composite,34.312,35.187,0.876,261
NEOG,Healthcare,ESG_composite,33.576,34.419,0.843,266
AVTR,Healthcare,ESG_composite,44.482,45.803,1.321,167
ENSG,Healthcare,ESG_composite,37.017,38.011,0.994,236
GMED,Healthcare,ESG_composite,57.693,59.592,1.899,75
OMCL,Healthcare,ESG_composite,36.908,37.898,0.989,237
IART,Healthcare,ESG_composite,42.318,43.544,1.226,187
LAURUSLABS.NS,Healthcare,ESG_composite,44.698,46.029,1.33,165
AJANTPHARM.NS,Healthcare,ESG_composite,58.212,60.134,1.922,63
GLENMARK.NS,Healthcare,ESG_composite,52.38,54.047,1.666,103
TORNTPHARM.NS,Healthcare,ESG_composite,63.957,66.13,2.173,13
ALKEM.NS,Healthcare,ESG_composite,47.62,49.078,1.458,141
IPCALAB.NS,Healthcare,ESG_composite,47.079,48.513,1.434,145
NATCOPHARM.NS,Healthcare,ESG_composite,52.597,54.273,1.676,101
AUROPHARMA.NS,Healthcare,ESG_composite,53.462,55.176,1.714,93
BIOCON.NS,Healthcare,ESG_composite,54.436,56.192,1.756,87
SYNGENE.NS,Healthcare,ESG_composite,46.43,47.836,1.406,150
LALPATHLAB.NS,Healthcare,ESG_composite,49.383,50.919,1.535,135
METROPOLIS.NS,Healthcare,ESG_composite,48.269,49.755,1.486,136
GRANULES.NS,Healthcare,ESG_composite,44.915,46.254,1.34,163
ILMN,Healthcare,financial_score,59.594,61.005,1.411,48
ALGN,Healthcare,financial_score,49.72,50.727,1.008,136
INCY,Healthcare,financial_score,62.828,64.371,1.543,24
BMRN,Healthcare,financial_score,46.119,46.98,0.86,159
ALKS,Healthcare,financial_score,53.018,54.161,1.142,101
IONS,Healthcare,financial_score,33.259,33.594,0.335,274
EXAS,Healthcare,financial_score,35.016,35.423,0.406,255
TECH,Healthcare,financial_score,49.892,50.907,1.015,132
DXCM,Healthcare,financial_score,60.672,62.127,1.455,39
VEEV,Healthcare,financial_score,63.582,65.157,1.574,17
TFX,Healthcare,financial_score,47.736,48.663,0.926,146
STE,Healthcare,financial_score,55.174,56.405,1.231,87
BIO,Healthcare,financial_score,42.778,43.501,0.724,184
HOLX,Healthcare,financial_score,59.486,60.893,1.407,49
NTRA,Healthcare,financial_score,33.734,34.088,0.354,263
MEDP,Healthcare,financial_score,60.133,61.566,1.433,43
HRMY,Healthcare,financial_score,58.192,59.546,1.354,61
PEN,Healthcare,financial_score,48.275,49.224,0.948,141
RVMD,Healthcare,financial_score,34.37,34.75,0.38,261
PCVX,Healthcare,financial_score,34.693,35.086,0.393,258
AZTA,Healthcare,financial_score,34.585,34.974,0.389,259
NEOG,Healthcare,financial_score,33.518,33.863,0.345,268
AVTR,Healthcare,financial_score,35.555,35.984,0.428,250
ENSG,Healthcare,financial_score,38.574,39.125,0.552,222
GMED,Healthcare,financial_score,59.378,60.781,1.402,50
OMCL,Healthcare,financial_score,34.801,35.198,0.398,257
IART,Healthcare,financial_score,34.262,34.637,0.376,262
LAURUSLABS.NS,Healthcare,financial_score,45.257,46.082,0.825,166
AJANTPHARM.NS,Healthcare,financial_score,57.33,58.649,1.319,68
GLENMARK.NS,Healthcare,financial_score,45.473,46.306,0.834,164
TORNTPHARM.NS,Healthcare,financial_score,59.27,60.668,1.398,51
ALKEM.NS,Healthcare,financial_score,50.496,51.535,1.039,119
IPCALAB.NS,Healthcare,financial_score,41.7,42.379,0.68,193
NATCOPHARM.NS,Healthcare,financial_score,58.947,60.332,1.385,54
AUROPHARMA.NS,Healthcare,financial_score,42.454,43.165,0.711,187
BIOCON.NS,Healthcare,financial_score,39.544,40.135,0.592,213
SYNGENE.NS,Healthcare,financial_score,45.58,46.419,0.838,163
LALPATHLAB.NS,Healthcare,financial_score,56.252,57.527,1.275,77
METROPOLIS.NS,Healthcare,financial_score,40.945,41.594,0.649,200
GRANULES.NS,Healthcare,financial_score,41.269,41.931,0.662,197
ILMN,Healthcare,market_score,56.07,57.713,1.643,74
ALGN,Healthcare,market_score,60.298,62.06,1.762,46
INCY,Healthcare,market_score,53.404,54.972,1.568,95
BMRN,Healthcare,market_score,45.48,46.825,1.345,154
ALKS,Healthcare,market_score,58.347,60.053,1.707,56
IONS,Healthcare,market_score,49.892,51.361,1.469,126
EXAS,Healthcare,market_score,63.55,65.403,1.853,20
TECH,Healthcare,market_score,41.003,42.222,1.219,199
DXCM,Healthcare,market_score,44.439,45.755,1.316,175
VEEV,Healthcare,market_score,35.496,36.561,1.064,248
TFX,Healthcare,market_score,45.567,46.914,1.348,152
STE,Healthcare,market_score,44.309,45.621,1.312,178
BIO,Healthcare,market_score,44.483,45.8,1.317,174
HOLX,Healthcare,market_score,56.721,58.382,1.661,68
NTRA,Healthcare,market_score,56.612,58.27,1.658,69
MEDP,Healthcare,market_score,43.615,44.908,1.293,192
HRMY,Healthcare,market_score,39.269,40.439,1.17,215
PEN,Healthcare,market_score,58.455,60.165,1.71,55
RVMD,Healthcare,market_score,66.336,68.267,1.931,9
PCVX,Healthcare,market_score,61.252,63.04,1.788,30
AZTA,Healthcare,market_score,34.629,35.669,1.04,268
NEOG,Healthcare,market_score,61.295,63.085,1.79,29
AVTR,Healthcare,market_score,34.499,35.535,1.036,271
ENSG,Healthcare,market_score,55.312,56.933,1.621,81
GMED,Healthcare,market_score,60.124,61.881,1.757,49
OMCL,Healthcare,market_score,39.377,40.55,1.174,214
IART,Healthcare,market_score,34.889,35.937,1.047,262
LAURUSLABS.NS,Healthcare,market_score,53.274,54.838,1.564,98
AJANTPHARM.NS,Healthcare,market_score,45.133,46.468,1.335,161
GLENMARK.NS,Healthcare,market_score,50.0,51.472,1.472,125
TORNTPHARM.NS,Healthcare,market_score,52.883,54.437,1.553,106
ALKEM.NS,Healthcare,market_score,44.526,45.844,1.318,173
IPCALAB.NS,Healthcare,market_score,45.783,47.137,1.354,148
NATCOPHARM.NS,Healthcare,market_score,56.396,58.047,1.652,71
AUROPHARMA.NS,Healthcare,market_score,58.78,60.499,1.719,52
BIOCON.NS,Healthcare,market_score,44.179,45.488,1.309,180
SYNGENE.NS,Healthcare,market_score,34.412,35.446,1.034,273
LALPATHLAB.NS,Healthcare,market_score,38.293,39.436,1.143,224
METROPOLIS.NS,Healthcare,market_score,35.236,36.293,1.057,254
GRANULES.NS,Healthcare,market_score,53.447,55.016,1.569,94
ILMN,Healthcare,operational_score,67.096,64.401,-2.696,27
ALGN,Healthcare,operational_score,58.126,57.767,-0.359,65
INCY,Healthcare,operational_score,65.221,63.014,-2.207,33
BMRN,Healthcare,operational_score,59.941,59.109,-0.832,55
ALKS,Healthcare,operational_score,51.735,53.04,1.306,101
IONS,Healthcare,operational_score,21.441,30.637,9.196,274
EXAS,Healthcare,operational_score,54.878,55.365,0.487,78
TECH,Healthcare,operational_score,52.645,53.713,1.069,95
DXCM,Healthcare,operational_score,62.249,60.816,-1.433,44
VEEV,Healthcare,operational_score,71.475,67.639,-3.836,11
TFX,Healthcare,operational_score,31.74,38.253,6.514,235
STE,Healthcare,operational_score,53.91,54.649,0.739,88
BIO,Healthcare,operational_score,41.488,45.463,3.974,175
HOLX,Healthcare,operational_score,64.575,62.536,-2.039,34
NTRA,Healthcare,operational_score,43.751,47.136,3.385,160
MEDP,Healthcare,operational_score,63.656,61.857,-1.799,39
HRMY,Healthcare,operational_score,69.618,66.266,-3.352,19
PEN,Healthcare,operational_score,38.986,43.612,4.626,192
RVMD,Healthcare,operational_score,29.181,36.361,7.18,248
PCVX,Healthcare,operational_score,26.839,34.629,7.79,262
AZTA,Healthcare,operational_score,33.015,39.196,6.182,227
NEOG,Healthcare,operational_score,22.801,31.643,8.842,272
AVTR,Healthcare,operational_score,50.006,51.762,1.756,111
ENSG,Healthcare,operational_score,28.542,35.888,7.347,253
GMED,Healthcare,operational_score,57.195,57.079,-0.117,70
OMCL,Healthcare,operational_score,29.93,36.915,6.985,245
IART,Healthcare,operational_score,33.663,39.676,6.013,225
LAURUSLABS.NS,Healthcare,operational_score,36.365,41.674,5.309,211
AJANTPHARM.NS,Healthcare,operational_score,39.79,44.207,4.417,185
GLENMARK.NS,Healthcare,operational_score,46.66,49.288,2.627,139
TORNTPHARM.NS,Healthcare,operational_score,45.319,48.296,2.977,150
ALKEM.NS,Healthcare,operational_score,42.231,46.012,3.781,170
IPCALAB.NS,Healthcare,operational_score,37.953,42.849,4.895,197
NATCOPHARM.NS,Healthcare,operational_score,47.361,49.806,2.445,134
AUROPHARMA.NS,Healthcare,operational_score,46.013,48.809,2.796,143
BIOCON.NS,Healthcare,operational_score,48.469,50.625,2.156,128
SYNGENE.NS,Healthcare,operational_score,35.353,40.926,5.572,217
LALPATHLAB.NS,Healthcare,operational_score,23.472,32.139,8.667,271
METROPOLIS.NS,Healthcare,operational_score,27.891,35.407,7.516,257
GRANULES.NS,Healthcare,operational_score,37.045,42.177,5.132,205
ILMN,Healthcare,risk_adjusted_score,57.977,59.53,1.553,62
ALGN,Healthcare,risk_adjusted_score,40.837,41.857,1.02,203
INCY,Healthcare,risk_adjusted_score,61.222,62.875,1.654,33
BMRN,Healthcare,risk_adjusted_score,38.142,39.078,0.936,227
ALKS,Healthcare,risk_adjusted_score,46.119,47.304,1.184,158
IONS,Healthcare,risk_adjusted_score,64.014,65.754,1.74,18
EXAS,Healthcare,risk_adjusted_score,61.394,63.053,1.659,30
TECH,Healthcare,risk_adjusted_score,40.19,41.19,1.0,209
DXCM,Healthcare,risk_adjusted_score,37.388,38.3,0.913,234
VEEV,Healthcare,risk_adjusted_score,36.633,37.522,0.889,241
TFX,Healthcare,risk_adjusted_score,36.956,37.856,0.9,238
STE,Healthcare,risk_adjusted_score,42.777,43.858,1.08,186
BIO,Healthcare,risk_adjusted_score,49.03,50.305,1.275,134
HOLX,Healthcare,risk_adjusted_score,60.23,61.853,1.623,49
NTRA,Healthcare,risk_adjusted_score,55.067,56.529,1.462,86
MEDP,Healthcare,risk_adjusted_score,53.665,55.084,1.419,95
HRMY,Healthcare,risk_adjusted_score,36.31,37.189,0.879,244
PEN,Healthcare,risk_adjusted_score,52.695,54.084,1.389,103
RVMD,Healthcare,risk_adjusted_score,61.049,62.698,1.648,37
PCVX,Healthcare,risk_adjusted_score,54.312,55.751,1.439,90
AZTA,Healthcare,risk_adjusted_score,34.369,35.188,0.819,262
NEOG,Healthcare,risk_adjusted_score,41.376,42.413,1.037,198
AVTR,Healthcare,risk_adjusted_score,33.41,34.199,0.789,269
ENSG,Healthcare,risk_adjusted_score,63.151,64.865,1.714,26
GMED,Healthcare,risk_adjusted_score,48.167,49.415,1.248,141
OMCL,Healthcare,risk_adjusted_score,38.573,39.523,0.95,223
IART,Healthcare,risk_adjusted_score,33.151,33.932,0.781,275
LAURUSLABS.NS,Healthcare,risk_adjusted_score,63.69,65.421,1.73,21
AJANTPHARM.NS,Healthcare,risk_adjusted_score,50.108,51.416,1.308,124
GLENMARK.NS,Healthcare,risk_adjusted_score,61.308,62.964,1.656,32
TORNTPHARM.NS,Healthcare,risk_adjusted_score,63.583,65.31,1.727,22
ALKEM.NS,Healthcare,risk_adjusted_score,56.468,57.974,1.506,75
IPCALAB.NS,Healthcare,risk_adjusted_score,50.862,52.194,1.332,118
NATCOPHARM.NS,Healthcare,risk_adjusted_score,55.39,56.862,1.472,83
AUROPHARMA.NS,Healthcare,risk_adjusted_score,56.684,58.196,1.513,73
BIOCON.NS,Healthcare,risk_adjusted_score,50.216,51.527,1.312,123
SYNGENE.NS,Healthcare,risk_adjusted_score,33.367,34.155,0.788,270
LALPATHLAB.NS,Healthcare,risk_adjusted_score,51.725,53.083,1.358,111
METROPOLIS.NS,Healthcare,risk_adjusted_score,48.275,49.526,1.251,140
GRANULES.NS,Healthcare,risk_adjusted_score,54.959,56.418,1.459,87
ILMN,Healthcare,value_score,45.798,45.288,-0.51,176
ALGN,Healthcare,value_score,59.913,59.312,-0.601,65
INCY,Healthcare,value_score,59.697,59.098,-0.599,67
BMRN,Healthcare,value_score,61.098,60.49,-0.608,55
ALKS,Healthcare,value_score,53.448,52.889,-0.559,119
IONS,Healthcare,value_score,38.902,38.437,-0.465,230
EXAS,Healthcare,value_score,36.424,35.975,-0.449,249
TECH,Healthcare,value_score,38.794,38.33,-0.464,231
DXCM,Healthcare,value_score,42.889,42.398,-0.491,198
VEEV,Healthcare,value_score,41.057,40.578,-0.479,214
TFX,Healthcare,value_score,58.404,57.814,-0.591,79
STE,Healthcare,value_score,54.525,53.96,-0.566,111
BIO,Healthcare,value_score,61.206,60.597,-0.609,54
HOLX,Healthcare,value_score,53.125,52.568,-0.557,122
NTRA,Healthcare,value_score,42.781,42.291,-0.49,199
MEDP,Healthcare,value_score,37.286,36.831,-0.455,241
HRMY,Healthcare,value_score,66.162,65.522,-0.641,11
PEN,Healthcare,value_score,34.053,33.619,-0.434,267
RVMD,Healthcare,value_score,55.064,54.495,-0.569,107
PCVX,Healthcare,value_score,59.374,58.777,-0.597,70
AZTA,Healthcare,value_score,64.331,63.702,-0.629,26
NEOG,Healthcare,value_score,57.542,56.957,-0.585,87
AVTR,Healthcare,value_score,65.947,65.307,-0.639,13
ENSG,Healthcare,value_score,54.094,53.531,-0.563,113
GMED,Healthcare,value_score,56.142,55.565,-0.576,97
OMCL,Healthcare,value_score,60.452,59.848,-0.604,61
IART,Healthcare,value_score,66.593,65.95,-0.644,7
LAURUSLABS.NS,Healthcare,value_score,34.161,33.726,-0.435,266
AJANTPHARM.NS,Healthcare,value_score,38.579,38.116,-0.463,232
GLENMARK.NS,Healthcare,value_score,51.185,50.641,-0.544,137
TORNTPHARM.NS,Healthcare,value_score,33.73,33.298,-0.432,269
ALKEM.NS,Healthcare,value_score,45.582,45.074,-0.508,178
IPCALAB.NS,Healthcare,value_score,46.121,45.609,-0.512,173
NATCOPHARM.NS,Healthcare,value_score,58.189,57.599,-0.589,81
AUROPHARMA.NS,Healthcare,value_score,62.714,62.096,-0.619,40
BIOCON.NS,Healthcare,value_score,51.832,51.283,-0.548,132
SYNGENE.NS,Healthcare,value_score,49.03,48.5,-0.53,154
LALPATHLAB.NS,Healthcare,value_score,36.1,35.653,-0.447,252
METROPOLIS.NS,Healthcare,value_score,38.255,37.794,-0.461,234
GRANULES.NS,Healthcare,value_score,56.249,55.673,-0.577,96
ILMN,Healthcare,growth_score,68.692,61.987,-6.705,37
ALGN,Healthcare,growth_score,58.053,54.904,-3.149,92
INCY,Healthcare,growth_score,75.035,66.21,-8.825,17
BMRN,Healthcare,growth_score,51.623,50.623,-1.0,132
ALKS,Healthcare,growth_score,25.841,33.457,7.617,262
IONS,Healthcare,growth_score,23.387,31.824,8.437,271
EXAS,Healthcare,growth_score,50.638,49.967,-0.671,140
TECH,Healthcare,growth_score,32.027,37.576,5.549,242
DXCM,Healthcare,growth_score,72.853,64.758,-8.096,22
VEEV,Healthcare,growth_score,62.39,57.791,-4.599,70
TFX,Healthcare,growth_score,45.814,46.755,0.941,170
STE,Healthcare,growth_score,42.922,44.83,1.908,183
BIO,Healthcare,growth_score,47.589,47.937,0.348,159
HOLX,Healthcare,growth_score,35.175,39.672,4.497,227
NTRA,Healthcare,growth_score,54.754,52.707,-2.047,113
MEDP,Healthcare,growth_score,71.063,63.566,-7.497,27
HRMY,Healthcare,growth_score,49.834,49.431,-0.402,151
PEN,Healthcare,growth_score,67.838,61.418,-6.419,41
RVMD,Healthcare,growth_score,35.92,40.168,4.248,225
PCVX,Healthcare,growth_score,39.621,42.632,3.011,203
AZTA,Healthcare,growth_score,37.165,40.997,3.832,214
NEOG,Healthcare,growth_score,30.188,36.351,6.164,249
AVTR,Healthcare,growth_score,19.506,29.24,9.734,275
ENSG,Healthcare,growth_score,61.044,56.895,-4.149,77
GMED,Healthcare,growth_score,77.837,68.076,-9.761,9
OMCL,Healthcare,growth_score,37.889,41.479,3.59,212
IART,Healthcare,growth_score,29.474,35.877,6.402,250
LAURUSLABS.NS,Healthcare,growth_score,73.502,65.189,-8.312,21
AJANTPHARM.NS,Healthcare,growth_score,52.415,51.15,-1.265,125
GLENMARK.NS,Healthcare,growth_score,48.905,48.813,-0.092,155
TORNTPHARM.NS,Healthcare,growth_score,57.413,54.477,-2.935,98
ALKEM.NS,Healthcare,growth_score,42.279,44.402,2.123,189
IPCALAB.NS,Healthcare,growth_score,56.192,53.665,-2.527,106
NATCOPHARM.NS,Healthcare,growth_score,58.838,55.426,-3.412,88
AUROPHARMA.NS,Healthcare,growth_score,41.592,43.944,2.352,193
BIOCON.NS,Healthcare,growth_score,69.509,62.531,-6.978,33
SYNGENE.NS,Healthcare,growth_score,24.164,32.341,8.177,268
LALPATHLAB.NS,Healthcare,growth_score,38.813,42.094,3.281,208
METROPOLIS.NS,Healthcare,growth_score,66.169,60.307,-5.862,50
GRANULES.NS,Healthcare,growth_score,63.439,58.49,-4.949,64
ILMN,Healthcare,stability_score,31.778,37.531,5.753,244
ALGN,Healthcare,stability_score,45.999,46.82,0.822,174
INCY,Healthcare,stability_score,78.902,68.314,-10.588,10
BMRN,Healthcare,stability_score,70.891,63.081,-7.81,32
ALKS,Healthcare,stability_score,53.299,51.59,-1.71,122
IONS,Healthcare,stability_score,49.45,49.075,-0.375,153
EXAS,Healthcare,stability_score,52.308,50.942,-1.366,128
TECH,Healthcare,stability_score,60.557,56.331,-4.227,74
DXCM,Healthcare,stability_score,46.71,47.285,0.575,169
VEEV,Healthcare,stability_score,77.704,67.532,-10.172,14
TFX,Healthcare,stability_score,30.345,36.595,6.25,252
STE,Healthcare,stability_score,56.441,53.642,-2.799,101
BIO,Healthcare,stability_score,65.12,59.312,-5.809,52
HOLX,Healthcare,stability_score,72.459,64.105,-8.354,24
NTRA,Healthcare,stability_score,62.619,57.677,-4.941,66
MEDP,Healthcare,stability_score,35.365,39.874,4.509,232
HRMY,Healthcare,stability_score,51.611,50.487,-1.124,133
PEN,Healthcare,stability_score,80.096,69.094,-11.002,8
RVMD,Healthcare,stability_score,67.973,61.175,-6.798,41
PCVX,Healthcare,stability_score,66.504,60.215,-6.288,45
AZTA,Healthcare,stability_score,50.89,50.016,-0.874,137
NEOG,Healthcare,stability_score,33.221,38.473,5.253,241
AVTR,Healthcare,stability_score,31.093,37.083,5.991,248
ENSG,Healthcare,stability_score,41.956,44.18,2.224,196
GMED,Healthcare,stability_score,73.399,64.72,-8.68,22
OMCL,Healthcare,stability_score,29.582,36.096,6.514,255
IART,Healthcare,stability_score,21.795,31.01,9.215,271
LAURUSLABS.NS,Healthcare,stability_score,37.422,41.218,3.796,223
AJANTPHARM.NS,Healthcare,stability_score,57.316,54.214,-3.103,95
GLENMARK.NS,Healthcare,stability_score,47.496,47.799,0.302,165
TORNTPHARM.NS,Healthcare,stability_score,59.819,55.848,-3.97,80
ALKEM.NS,Healthcare,stability_score,58.125,54.742,-3.383,90
IPCALAB.NS,Healthcare,stability_score,55.006,52.704,-2.301,110
NATCOPHARM.NS,Healthcare,stability_score,48.308,48.329,0.021,161
AUROPHARMA.NS,Healthcare,stability_score,54.096,52.11,-1.986,116
BIOCON.NS,Healthcare,stability_score,40.74,43.385,2.645,202
SYNGENE.NS,Healthcare,stability_score,45.313,46.372,1.06,178
LALPATHLAB.NS,Healthcare,stability_score,63.4,58.188,-5.212,60
METROPOLIS.NS,Healthcare,stability_score,55.741,53.184,-2.556,107
GRANULES.NS,Healthcare,stability_score,39.344,42.473,3.129,213
ILMN,Healthcare,similarity_rank,46.513,46.862,0.349,173
ALGN,Healthcare,similarity_rank,49.599,49.845,0.247,141
INCY,Healthcare,similarity_rank,49.9,50.137,0.236,137
BMRN,Healthcare,similarity_rank,55.409,55.462,0.053,70
ALKS,Healthcare,similarity_rank,50.35,50.572,0.222,135
IONS,Healthcare,similarity_rank,37.264,37.921,0.657,247
EXAS,Healthcare,similarity_rank,53.998,54.098,0.1,84
TECH,Healthcare,similarity_rank,44.45,44.868,0.418,198
DXCM,Healthcare,similarity_rank,43.195,43.655,0.459,215
VEEV,Healthcare,similarity_rank,49.597,49.844,0.247,142
TFX,Healthcare,similarity_rank,48.209,48.502,0.293,159
STE,Healthcare,similarity_rank,51.458,51.643,0.185,124
BIO,Healthcare,similarity_rank,57.591,57.571,-0.019,53
HOLX,Healthcare,similarity_rank,35.691,36.4,0.709,253
NTRA,Healthcare,similarity_rank,48.62,48.899,0.279,153
MEDP,Healthcare,similarity_rank,45.249,45.64,0.391,189
HRMY,Healthcare,similarity_rank,67.355,67.01,-0.344,12
PEN,Healthcare,similarity_rank,40.105,40.667,0.562,237
RVMD,Healthcare,similarity_rank,51.564,51.745,0.181,121
PCVX,Healthcare,similarity_rank,47.349,47.67,0.321,164
AZTA,Healthcare,similarity_rank,44.322,44.744,0.422,199
NEOG,Healthcare,similarity_rank,44.587,45.0,0.413,196
AVTR,Healthcare,similarity_rank,44.293,44.716,0.423,200
ENSG,Healthcare,similarity_rank,43.431,43.882,0.452,211
GMED,Healthcare,similarity_rank,40.341,40.896,0.554,236
OMCL,Healthcare,similarity_rank,43.807,44.246,0.439,205
IART,Healthcare,similarity_rank,47.262,47.586,0.324,165
LAURUSLABS.NS,Healthcare,similarity_rank,44.781,45.188,0.407,195
AJANTPHARM.NS,Healthcare,similarity_rank,53.522,53.638,0.116,92
GLENMARK.NS,Healthcare,similarity_rank,60.466,60.351,-0.115,32
TORNTPHARM.NS,Healthcare,similarity_rank,42.518,43.0,0.482,219
ALKEM.NS,Healthcare,similarity_rank,44.028,44.46,0.432,202
IPCALAB.NS,Healthcare,similarity_rank,54.768,54.843,0.075,76
NATCOPHARM.NS,Healthcare,similarity_rank,55.75,55.792,0.042,67
AUROPHARMA.NS,Healthcare,similarity_rank,59.393,59.313,-0.079,36
BIOCON.NS,Healthcare,similarity_rank,38.476,39.093,0.616,241
SYNGENE.NS,Healthcare,similarity_rank,57.975,57.943,-0.032,47
LALPATHLAB.NS,Healthcare,similarity_rank,52.331,52.487,0.156,110
METROPOLIS.NS,Healthcare,similarity_rank,51.978,52.145,0.167,117
GRANULES.NS,Healthcare,similarity_rank,52.639,52.784,0.145,103
ILMN,Healthcare,sector_position,55.65,58.557,2.907,64
ALGN,Healthcare,sector_position,51.97,54.492,2.521,96
INCY,Healthcare,sector_position,62.275,65.876,3.601,15
BMRN,Healthcare,sector_position,60.067,63.436,3.37,29
ALKS,Healthcare,sector_position,54.178,56.931,2.753,76
IONS,Healthcare,sector_position,39.457,40.668,1.211,208
EXAS,Healthcare,sector_position,37.249,38.228,0.979,228
TECH,Healthcare,sector_position,52.706,55.305,2.599,89
DXCM,Healthcare,sector_position,57.123,60.184,3.061,51
VEEV,Healthcare,sector_position,58.595,61.81,3.215,39
TFX,Healthcare,sector_position,59.331,62.623,3.293,34
STE,Healthcare,sector_position,51.234,53.679,2.444,103
BIO,Healthcare,sector_position,41.666,43.107,1.442,188
HOLX,Healthcare,sector_position,57.859,60.997,3.138,46
NTRA,Healthcare,sector_position,36.513,37.415,0.902,235
MEDP,Healthcare,sector_position,54.914,57.744,2.83,71
HRMY,Healthcare,sector_position,63.011,66.689,3.678,11
PEN,Healthcare,sector_position,49.026,51.239,2.213,121
RVMD,Healthcare,sector_position,35.041,35.789,0.748,248
PCVX,Healthcare,sector_position,34.305,34.976,0.671,256
AZTA,Healthcare,sector_position,32.833,33.349,0.516,269
NEOG,Healthcare,sector_position,33.569,34.163,0.594,263
AVTR,Healthcare,sector_position,46.818,48.8,1.982,141
ENSG,Healthcare,sector_position,37.985,39.042,1.056,221
GMED,Healthcare,sector_position,56.387,59.371,2.984,57
OMCL,Healthcare,sector_position,35.777,36.602,0.825,242
IART,Healthcare,sector_position,45.346,47.173,1.827,154
LAURUSLABS.NS,Healthcare,sector_position,49.762,52.052,2.29,116
AJANTPHARM.NS,Healthcare,sector_position,50.498,52.865,2.367,110
GLENMARK.NS,Healthcare,sector_position,46.082,47.986,1.905,148
TORNTPHARM.NS,Healthcare,sector_position,53.442,56.118,2.676,83
ALKEM.NS,Healthcare,sector_position,47.554,49.613,2.059,134
IPCALAB.NS,Healthcare,sector_position,43.138,44.734,1.596,175
NATCOPHARM.NS,Healthcare,sector_position,44.61,46.36,1.75,161
AUROPHARMA.NS,Healthcare,sector_position,42.402,43.921,1.519,182
BIOCON.NS,Healthcare,sector_position,40.193,41.481,1.288,202
SYNGENE.NS,Healthcare,sector_position,38.721,39.855,1.133,214
LALPATHLAB.NS,Healthcare,sector_position,48.29,50.426,2.136,127
METROPOLIS.NS,Healthcare,sector_position,40.929,42.294,1.365,195
GRANULES.NS,Healthcare,sector_position,43.874,45.547,1.673,167
GNRC,Industrials,ESG_composite,35.935,36.626,0.691,246
MTZ,Industrials,ESG_composite,33.316,33.868,0.552,272
AWI,Industrials,ESG_composite,49.513,50.926,1.413,132
GFF,Industrials,ESG_composite,59.813,61.774,1.961,32
WWD,Industrials,ESG_composite,46.862,48.135,1.272,147
FIX,Industrials,ESG_composite,33.706,34.278,0.573,263
ROAD,Industrials,ESG_composite,33.533,34.096,0.564,267
DY,Industrials,ESG_composite,34.636,35.258,0.622,258
EME,Industrials,ESG_composite,43.184,44.26,1.077,179
WSC,Industrials,ESG_composite,66.597,68.919,2.322,3
GGG,Industrials,ESG_composite,64.498,66.708,2.21,10
RBC,Industrials,ESG_composite,42.102,43.121,1.019,189
ITT,Industrials,ESG_composite,59.424,61.364,1.94,39
WTS,Industrials,ESG_composite,54.977,56.681,1.704,83
ALLE,Industrials,ESG_composite,60.289,62.276,1.986,24
SITE,Industrials,ESG_composite,37.666,38.449,0.783,230
TTC,Industrials,ESG_composite,44.374,45.514,1.14,168
AAON,Industrials,ESG_composite,36.151,36.854,0.703,244
ESAB,Industrials,ESG_composite,49.946,51.382,1.436,124
MWA,Industrials,ESG_composite,58.602,60.498,1.897,56
ZWS,Industrials,ESG_composite,50.509,51.975,1.466,112
SPXC,Industrials,ESG_composite,45.348,46.539,1.192,159
POOL,Industrials,ESG_composite,45.78,46.995,1.215,155
ATI,Industrials,ESG_composite,46.754,48.021,1.267,148
CMC,Industrials,ESG_composite,45.023,46.198,1.174,162
HXL,Industrials,ESG_composite,42.643,43.691,1.048,184
WOR,Industrials,ESG_composite,36.259,36.968,0.708,243
CYIENT.NS,Industrials,ESG_composite,45.456,46.653,1.198,158
SRF.NS,Industrials,ESG_composite,57.952,59.814,1.862,69
ABB.NS,Industrials,ESG_composite,53.246,54.858,1.612,95
CUMMINSIND.NS,Industrials,ESG_composite,57.996,59.86,1.864,68
THERMAX.NS,Industrials,ESG_composite,39.938,40.842,0.904,209
HONAUT.NS,Industrials,ESG_composite,38.207,39.019,0.812,225
GRINDWELL.NS,Industrials,ESG_composite,43.616,44.716,1.1,175
AIAENG.NS,Industrials,ESG_composite,59.294,61.227,1.933,42
ELGIEQUIP.NS,Industrials,ESG_composite,40.371,41.298,0.927,205
TIINDIA.NS,Industrials,ESG_composite,37.882,38.677,0.795,228
GNRC,Industrials,financial_score,33.69,34.377,0.687,264
MTZ,Industrials,financial_score,33.647,34.333,0.685,265
AWI,Industrials,financial_score,62.612,64.376,1.764,26
GFF,Industrials,financial_score,56.144,57.668,1.523,78
WWD,Industrials,financial_score,54.743,56.214,1.471,90
FIX,Industrials,financial_score,55.066,56.549,1.483,88
ROAD,Industrials,financial_score,36.202,36.983,0.78,244
DY,Industrials,financial_score,37.065,37.877,0.813,236
EME,Industrials,financial_score,46.658,47.828,1.17,154
WSC,Industrials,financial_score,45.796,46.934,1.138,161
GGG,Industrials,financial_score,66.557,68.469,1.911,1
RBC,Industrials,financial_score,57.007,58.562,1.555,71
ITT,Industrials,financial_score,57.438,59.009,1.571,67
WTS,Industrials,financial_score,58.731,60.351,1.62,56
ALLE,Industrials,financial_score,64.768,66.612,1.844,10
SITE,Industrials,financial_score,33.475,34.154,0.679,269
TTC,Industrials,financial_score,50.927,52.256,1.329,111
AAON,Industrials,financial_score,38.142,38.995,0.853,226
ESAB,Industrials,financial_score,43.64,44.697,1.057,178
MWA,Industrials,financial_score,60.025,61.693,1.668,44
ZWS,Industrials,financial_score,52.91,54.313,1.403,102
SPXC,Industrials,financial_score,49.935,51.227,1.292,131
POOL,Industrials,financial_score,48.599,49.841,1.242,138
ATI,Industrials,financial_score,52.587,53.978,1.391,104
CMC,Industrials,financial_score,37.603,38.436,0.833,231
HXL,Industrials,financial_score,38.25,39.107,0.857,225
WOR,Industrials,financial_score,35.879,36.647,0.768,247
CYIENT.NS,Industrials,financial_score,42.239,43.244,1.005,188
SRF.NS,Industrials,financial_score,53.234,54.649,1.415,100
ABB.NS,Industrials,financial_score,55.713,57.22,1.507,82
CUMMINSIND.NS,Industrials,financial_score,62.181,63.929,1.748,30
THERMAX.NS,Industrials,financial_score,38.789,39.666,0.877,220
HONAUT.NS,Industrials,financial_score,43.532,44.586,1.053,179
GRINDWELL.NS,Industrials,financial_score,54.312,55.767,1.455,93
AIAENG.NS,Industrials,financial_score,62.397,64.153,1.756,28
ELGIEQUIP.NS,Industrials,financial_score,44.395,45.48,1.086,172
TIINDIA.NS,Industrials,financial_score,35.771,36.535,0.764,248
GNRC,Industrials,market_score,55.854,57.333,1.479,76
MTZ,Industrials,market_score,66.466,68.358,1.892,7
AWI,Industrials,market_score,40.461,41.341,0.88,204
GFF,Industrials,market_score,39.594,40.44,0.846,212
WWD,Industrials,market_score,63.008,64.765,1.758,24
FIX,Industrials,market_score,64.959,66.793,1.834,13
ROAD,Industrials,market_score,36.06,36.768,0.708,235
DY,Industrials,market_score,53.36,54.742,1.382,96
EME,Industrials,market_score,58.672,60.261,1.589,53
WSC,Industrials,market_score,35.713,36.408,0.695,243
GGG,Industrials,market_score,52.667,54.022,1.355,111
RBC,Industrials,market_score,61.382,63.076,1.694,27
ITT,Industrials,market_score,54.011,55.418,1.407,84
WTS,Industrials,market_score,48.482,49.674,1.192,138
ALLE,Industrials,market_score,41.328,42.241,0.913,196
SITE,Industrials,market_score,44.786,45.834,1.048,168
TTC,Industrials,market_score,58.889,60.486,1.597,51
AAON,Industrials,market_score,39.485,40.327,0.842,213
ESAB,Industrials,market_score,36.277,36.993,0.717,230
MWA,Industrials,market_score,52.797,54.157,1.36,108
ZWS,Industrials,market_score,44.916,45.969,1.053,165
SPXC,Industrials,market_score,45.22,46.285,1.065,159
POOL,Industrials,market_score,35.583,36.273,0.69,246
ATI,Industrials,market_score,65.393,67.243,1.851,11
CMC,Industrials,market_score,44.222,45.248,1.026,179
HXL,Industrials,market_score,55.745,57.22,1.475,77
WOR,Industrials,market_score,43.745,44.753,1.007,189
CYIENT.NS,Industrials,market_score,34.369,35.011,0.642,274
SRF.NS,Industrials,market_score,36.363,37.083,0.72,228
ABB.NS,Industrials,market_score,53.707,55.103,1.395,90
CUMMINSIND.NS,Industrials,market_score,53.187,54.562,1.375,100
THERMAX.NS,Industrials,market_score,45.263,46.33,1.067,158
HONAUT.NS,Industrials,market_score,34.846,35.507,0.661,263
GRINDWELL.NS,Industrials,market_score,35.279,35.957,0.678,253
AIAENG.NS,Industrials,market_score,46.087,47.185,1.099,141
ELGIEQUIP.NS,Industrials,market_score,40.569,41.453,0.884,203
TIINDIA.NS,Industrials,market_score,38.185,38.975,0.791,225
GNRC,Industrials,operational_score,49.196,51.333,2.137,123
MTZ,Industrials,operational_score,33.124,39.524,6.4,226
AWI,Industrials,operational_score,54.579,55.288,0.709,82
GFF,Industrials,operational_score,57.763,57.628,-0.135,68
WWD,Industrials,operational_score,42.46,46.384,3.923,168
FIX,Industrials,operational_score,56.889,56.985,0.097,72
ROAD,Industrials,operational_score,40.882,45.224,4.342,179
DY,Industrials,operational_score,36.098,41.709,5.611,212
EME,Industrials,operational_score,46.222,49.148,2.926,142
WSC,Industrials,operational_score,69.981,66.605,-3.376,18
GGG,Industrials,operational_score,73.844,69.444,-4.4,6
RBC,Industrials,operational_score,47.264,49.914,2.649,136
ITT,Industrials,operational_score,53.34,54.378,1.038,90
WTS,Industrials,operational_score,60.158,59.388,-0.77,54
ALLE,Industrials,operational_score,60.894,59.928,-0.965,51
SITE,Industrials,operational_score,52.304,53.616,1.313,97
TTC,Industrials,operational_score,66.386,63.964,-2.422,30
AAON,Industrials,operational_score,19.002,29.147,10.145,276
ESAB,Industrials,operational_score,34.505,40.538,6.034,220
MWA,Industrials,operational_score,43.266,46.975,3.71,163
ZWS,Industrials,operational_score,65.331,63.188,-2.142,32
SPXC,Industrials,operational_score,48.046,50.488,2.442,131
POOL,Industrials,operational_score,62.198,60.886,-1.311,45
ATI,Industrials,operational_score,50.589,52.357,1.768,107
CMC,Industrials,operational_score,56.084,56.395,0.31,75
HXL,Industrials,operational_score,28.916,36.432,7.516,249
WOR,Industrials,operational_score,23.93,32.768,8.838,270
CYIENT.NS,Industrials,operational_score,25.819,34.156,8.337,266
SRF.NS,Industrials,operational_score,44.754,48.069,3.315,153
ABB.NS,Industrials,operational_score,39.619,44.296,4.677,187
CUMMINSIND.NS,Industrials,operational_score,43.966,47.49,3.524,158
THERMAX.NS,Industrials,operational_score,37.507,42.744,5.237,201
HONAUT.NS,Industrials,operational_score,26.754,34.843,8.089,264
GRINDWELL.NS,Industrials,operational_score,30.771,37.795,7.024,240
AIAENG.NS,Industrials,operational_score,41.65,45.788,4.139,173
ELGIEQUIP.NS,Industrials,operational_score,29.971,37.207,7.236,244
TIINDIA.NS,Industrials,operational_score,58.474,58.15,-0.324,62
GNRC,Industrials,risk_adjusted_score,48.383,49.518,1.135,139
MTZ,Industrials,risk_adjusted_score,64.768,66.419,1.651,14
AWI,Industrials,risk_adjusted_score,46.766,47.85,1.084,153
GFF,Industrials,risk_adjusted_score,37.064,37.843,0.778,237
WWD,Industrials,risk_adjusted_score,60.618,62.138,1.52,43
FIX,Industrials,risk_adjusted_score,66.429,68.131,1.703,6
ROAD,Industrials,risk_adjusted_score,47.089,48.183,1.094,150
DY,Industrials,risk_adjusted_score,60.791,62.316,1.525,40
EME,Industrials,risk_adjusted_score,55.929,57.301,1.372,78
WSC,Industrials,risk_adjusted_score,33.453,34.118,0.665,268
GGG,Industrials,risk_adjusted_score,50.97,52.186,1.216,117
RBC,Industrials,risk_adjusted_score,65.092,66.753,1.661,12
ITT,Industrials,risk_adjusted_score,58.516,59.97,1.454,57
WTS,Industrials,risk_adjusted_score,60.403,61.916,1.513,46
ALLE,Industrials,risk_adjusted_score,46.658,47.739,1.08,154
SITE,Industrials,risk_adjusted_score,44.502,45.515,1.013,173
TTC,Industrials,risk_adjusted_score,53.018,54.299,1.281,100
AAON,Industrials,risk_adjusted_score,39.112,39.955,0.843,218
ESAB,Industrials,risk_adjusted_score,35.663,36.397,0.734,250
MWA,Industrials,risk_adjusted_score,45.688,46.738,1.05,162
ZWS,Industrials,risk_adjusted_score,56.36,57.746,1.386,76
SPXC,Industrials,risk_adjusted_score,52.372,53.632,1.26,106
POOL,Industrials,risk_adjusted_score,33.496,34.162,0.666,267
ATI,Industrials,risk_adjusted_score,60.187,61.693,1.506,50
CMC,Industrials,risk_adjusted_score,45.58,46.627,1.047,163
HXL,Industrials,risk_adjusted_score,55.282,56.634,1.352,84
WOR,Industrials,risk_adjusted_score,38.789,39.622,0.833,221
CYIENT.NS,Industrials,risk_adjusted_score,33.194,33.851,0.657,274
SRF.NS,Industrials,risk_adjusted_score,41.268,42.179,0.911,199
ABB.NS,Industrials,risk_adjusted_score,52.587,53.854,1.267,104
CUMMINSIND.NS,Industrials,risk_adjusted_score,63.798,65.418,1.62,20
THERMAX.NS,Industrials,risk_adjusted_score,41.053,41.957,0.904,201
HONAUT.NS,Industrials,risk_adjusted_score,35.447,36.175,0.728,252
GRINDWELL.NS,Industrials,risk_adjusted_score,37.603,38.399,0.795,232
AIAENG.NS,Industrials,risk_adjusted_score,51.833,53.076,1.243,110
ELGIEQUIP.NS,Industrials,risk_adjusted_score,41.484,42.401,0.918,197
TIINDIA.NS,Industrials,risk_adjusted_score,39.651,40.511,0.86,214
GNRC,Industrials,value_score,55.495,54.963,-0.533,103
MTZ,Industrials,value_score,52.155,51.638,-0.517,129
AWI,Industrials,value_score,49.138,48.635,-0.503,153
GFF,Industrials,value_score,60.559,60.003,-0.556,60
WWD,Industrials,value_score,36.531,36.087,-0.444,248
FIX,Industrials,value_score,35.454,35.015,-0.439,256
ROAD,Industrials,value_score,57.111,56.571,-0.54,89
DY,Industrials,value_score,60.128,59.574,-0.554,63
EME,Industrials,value_score,56.465,55.928,-0.537,94
WSC,Industrials,value_score,64.115,63.542,-0.573,28
GGG,Industrials,value_score,45.259,44.774,-0.485,180
RBC,Industrials,value_score,35.777,35.336,-0.441,253
ITT,Industrials,value_score,54.741,54.212,-0.529,109
WTS,Industrials,value_score,53.879,53.354,-0.525,115
ALLE,Industrials,value_score,58.62,58.073,-0.547,77
SITE,Industrials,value_score,65.516,64.936,-0.579,16
TTC,Industrials,value_score,59.59,59.038,-0.552,68
AAON,Industrials,value_score,39.979,39.519,-0.46,222
ESAB,Industrials,value_score,63.684,63.113,-0.571,32
MWA,Industrials,value_score,60.99,60.432,-0.558,56
ZWS,Industrials,value_score,48.923,48.42,-0.502,155
SPXC,Industrials,value_score,50.646,50.136,-0.51,141
POOL,Industrials,value_score,63.361,62.792,-0.569,35
ATI,Industrials,value_score,40.841,40.377,-0.464,216
CMC,Industrials,value_score,67.24,66.652,-0.587,1
HXL,Industrials,value_score,51.508,50.994,-0.514,134
WOR,Industrials,value_score,62.391,61.826,-0.565,43
CYIENT.NS,Industrials,value_score,67.024,66.438,-0.586,3
SRF.NS,Industrials,value_score,44.72,44.238,-0.482,185
ABB.NS,Industrials,value_score,33.191,32.762,-0.429,273
CUMMINSIND.NS,Industrials,value_score,32.868,32.441,-0.427,276
THERMAX.NS,Industrials,value_score,41.811,41.342,-0.469,207
HONAUT.NS,Industrials,value_score,40.41,39.948,-0.462,219
GRINDWELL.NS,Industrials,value_score,39.117,38.661,-0.456,228
AIAENG.NS,Industrials,value_score,41.488,41.02,-0.467,210
ELGIEQUIP.NS,Industrials,value_score,44.936,44.452,-0.483,183
TIINDIA.NS,Industrials,value_score,46.875,46.383,-0.493,167
GNRC,Industrials,growth_score,27.238,34.685,7.448,258
MTZ,Industrials,growth_score,69.082,62.109,-6.973,35
AWI,Industrials,growth_score,51.72,50.73,-0.989,131
GFF,Industrials,growth_score,31.981,37.794,5.813,243
WWD,Industrials,growth_score,73.63,65.09,-8.54,20
FIX,Industrials,growth_score,67.511,61.08,-6.432,42
ROAD,Industrials,growth_score,66.686,60.539,-6.147,45
DY,Industrials,growth_score,45.136,46.415,1.28,174
EME,Industrials,growth_score,76.484,66.96,-9.524,13
WSC,Industrials,growth_score,26.066,33.917,7.851,261
GGG,Industrials,growth_score,55.652,53.307,-2.344,110
RBC,Industrials,growth_score,53.598,51.961,-1.637,119
ITT,Industrials,growth_score,45.849,46.883,1.034,169
WTS,Industrials,growth_score,59.805,56.029,-3.776,81
ALLE,Industrials,growth_score,50.988,50.251,-0.737,137
SITE,Industrials,growth_score,40.43,43.331,2.901,199
TTC,Industrials,growth_score,52.688,51.365,-1.323,124
AAON,Industrials,growth_score,65.085,59.49,-5.596,54
ESAB,Industrials,growth_score,32.686,38.256,5.57,236
MWA,Industrials,growth_score,56.4,53.797,-2.602,104
ZWS,Industrials,growth_score,47.186,47.759,0.573,162
SPXC,Industrials,growth_score,63.644,58.545,-5.099,63
POOL,Industrials,growth_score,37.088,41.141,4.053,215
ATI,Industrials,growth_score,35.34,39.996,4.655,226
CMC,Industrials,growth_score,74.465,65.637,-8.828,18
HXL,Industrials,growth_score,58.938,55.461,-3.477,87
WOR,Industrials,growth_score,48.527,48.638,0.111,157
CYIENT.NS,Industrials,growth_score,23.977,32.548,8.571,269
SRF.NS,Industrials,growth_score,64.362,59.016,-5.346,57
ABB.NS,Industrials,growth_score,34.454,39.415,4.961,228
CUMMINSIND.NS,Industrials,growth_score,28.09,35.244,7.154,255
THERMAX.NS,Industrials,growth_score,61.989,57.46,-4.528,71
HONAUT.NS,Industrials,growth_score,43.792,45.535,1.743,178
GRINDWELL.NS,Industrials,growth_score,42.357,44.594,2.237,187
AIAENG.NS,Industrials,growth_score,41.58,44.085,2.505,194
ELGIEQUIP.NS,Industrials,growth_score,61.15,56.911,-4.239,75
TIINDIA.NS,Industrials,growth_score,49.323,49.16,-0.164,152
GNRC,Industrials,stability_score,30.827,36.686,5.859,250
MTZ,Industrials,stability_score,31.958,37.436,5.478,243
AWI,Industrials,stability_score,53.164,51.496,-1.667,123
GFF,Industrials,stability_score,38.908,42.044,3.136,216
WWD,Industrials,stability_score,59.132,55.454,-3.679,85
FIX,Industrials,stability_score,33.815,38.667,4.852,237
ROAD,Industrials,stability_score,24.289,32.351,8.062,266
DY,Industrials,stability_score,51.693,50.521,-1.172,132
EME,Industrials,stability_score,58.388,54.96,-3.428,89
WSC,Industrials,stability_score,14.676,25.977,11.301,275
GGG,Industrials,stability_score,86.448,73.566,-12.883,1
RBC,Industrials,stability_score,47.637,47.832,0.195,163
ITT,Industrials,stability_score,71.57,63.7,-7.869,28
WTS,Industrials,stability_score,77.482,67.621,-9.862,15
ALLE,Industrials,stability_score,56.686,53.832,-2.854,100
SITE,Industrials,stability_score,43.064,44.8,1.736,190
TTC,Industrials,stability_score,62.708,57.824,-4.883,64
AAON,Industrials,stability_score,42.299,44.293,1.993,195
ESAB,Industrials,stability_score,27.835,34.702,6.867,259
MWA,Industrials,stability_score,78.539,68.321,-10.218,12
ZWS,Industrials,stability_score,74.93,65.928,-9.002,18
SPXC,Industrials,stability_score,60.078,56.081,-3.997,78
POOL,Industrials,stability_score,40.07,42.815,2.744,208
ATI,Industrials,stability_score,41.341,43.657,2.316,201
CMC,Industrials,stability_score,46.471,47.059,0.588,173
HXL,Industrials,stability_score,43.848,45.319,1.471,186
WOR,Industrials,stability_score,61.913,57.297,-4.616,69
CYIENT.NS,Industrials,stability_score,55.148,52.812,-2.336,109
SRF.NS,Industrials,stability_score,44.731,45.905,1.174,184
ABB.NS,Industrials,stability_score,73.776,65.163,-8.613,21
CUMMINSIND.NS,Industrials,stability_score,66.458,60.311,-6.147,46
THERMAX.NS,Industrials,stability_score,50.909,50.001,-0.908,136
HONAUT.NS,Industrials,stability_score,64.366,58.924,-5.442,57
GRINDWELL.NS,Industrials,stability_score,65.699,59.808,-5.891,49
AIAENG.NS,Industrials,stability_score,55.851,53.278,-2.573,104
ELGIEQUIP.NS,Industrials,stability_score,52.428,51.008,-1.42,126
TIINDIA.NS,Industrials,stability_score,48.622,48.485,-0.137,159
GNRC,Industrials,similarity_rank,38.133,38.453,0.32,244
MTZ,Industrials,similarity_rank,55.258,55.723,0.466,71
AWI,Industrials,similarity_rank,46.176,46.564,0.388,177
GFF,Industrials,similarity_rank,59.196,59.695,0.499,37
WWD,Industrials,similarity_rank,37.788,38.105,0.317,246
FIX,Industrials,similarity_rank,42.709,43.068,0.359,218
ROAD,Industrials,similarity_rank,60.025,60.531,0.506,34
DY,Industrials,similarity_rank,59.511,60.013,0.502,35
EME,Industrials,similarity_rank,25.458,25.67,0.212,273
WSC,Industrials,similarity_rank,64.268,64.81,0.542,18
GGG,Industrials,similarity_rank,41.594,41.943,0.349,227
RBC,Industrials,similarity_rank,35.072,35.366,0.294,257
ITT,Industrials,similarity_rank,41.986,42.339,0.353,224
WTS,Industrials,similarity_rank,46.699,47.092,0.393,172
ALLE,Industrials,similarity_rank,53.488,53.939,0.451,94
SITE,Industrials,similarity_rank,63.798,64.336,0.538,20
TTC,Industrials,similarity_rank,58.988,59.485,0.497,38
AAON,Industrials,similarity_rank,36.697,37.005,0.308,249
ESAB,Industrials,similarity_rank,61.449,61.967,0.518,28
MWA,Industrials,similarity_rank,49.573,49.99,0.417,143
ZWS,Industrials,similarity_rank,49.946,50.367,0.42,136
SPXC,Industrials,similarity_rank,52.945,53.391,0.446,98
POOL,Industrials,similarity_rank,65.437,65.989,0.552,16
ATI,Industrials,similarity_rank,48.012,48.417,0.404,160
CMC,Industrials,similarity_rank,53.497,53.948,0.451,93
HXL,Industrials,similarity_rank,53.934,54.388,0.454,86
WOR,Industrials,similarity_rank,53.73,54.182,0.453,90
CYIENT.NS,Industrials,similarity_rank,67.521,68.091,0.57,11
SRF.NS,Industrials,similarity_rank,44.901,45.279,0.378,193
ABB.NS,Industrials,similarity_rank,45.939,46.326,0.386,181
CUMMINSIND.NS,Industrials,similarity_rank,35.155,35.449,0.295,256
THERMAX.NS,Industrials,similarity_rank,58.753,59.249,0.495,40
HONAUT.NS,Industrials,similarity_rank,43.716,44.084,0.367,208
GRINDWELL.NS,Industrials,similarity_rank,43.381,43.745,0.365,212
AIAENG.NS,Industrials,similarity_rank,39.802,40.136,0.334,239
ELGIEQUIP.NS,Industrials,similarity_rank,53.913,54.367,0.454,87
TIINDIA.NS,Industrials,similarity_rank,54.521,54.98,0.459,81
GNRC,Industrials,sector_position,33.706,34.341,0.635,260
MTZ,Industrials,sector_position,40.947,42.344,1.398,194
AWI,Industrials,sector_position,51.405,53.904,2.499,101
GFF,Industrials,sector_position,54.623,57.461,2.838,73
WWD,Industrials,sector_position,49.796,52.126,2.329,114
FIX,Industrials,sector_position,44.165,45.901,1.736,165
ROAD,Industrials,sector_position,62.669,66.354,3.685,12
DY,Industrials,sector_position,35.315,36.119,0.804,244
EME,Industrials,sector_position,47.383,49.458,2.075,136
WSC,Industrials,sector_position,60.255,63.686,3.431,26
GGG,Industrials,sector_position,61.06,64.575,3.516,21
RBC,Industrials,sector_position,57.037,60.129,3.092,52
ITT,Industrials,sector_position,53.014,55.683,2.668,84
WTS,Industrials,sector_position,53.819,56.572,2.753,79
ALLE,Industrials,sector_position,55.428,58.351,2.923,66
SITE,Industrials,sector_position,36.924,37.898,0.974,231
TTC,Industrials,sector_position,43.36,45.012,1.652,173
AAON,Industrials,sector_position,37.729,38.787,1.059,225
ESAB,Industrials,sector_position,45.774,47.68,1.906,153
MWA,Industrials,sector_position,52.21,54.794,2.584,94
ZWS,Industrials,sector_position,57.842,61.018,3.177,47
SPXC,Industrials,sector_position,44.969,46.79,1.821,158
POOL,Industrials,sector_position,50.601,53.015,2.414,107
ATI,Industrials,sector_position,56.232,59.24,3.007,58
CMC,Industrials,sector_position,48.187,50.347,2.16,130
HXL,Industrials,sector_position,41.751,43.233,1.482,187
WOR,Industrials,sector_position,40.142,41.455,1.313,203
CYIENT.NS,Industrials,sector_position,32.901,33.452,0.55,267
SRF.NS,Industrials,sector_position,42.556,44.123,1.567,181
ABB.NS,Industrials,sector_position,46.578,48.569,1.991,143
CUMMINSIND.NS,Industrials,sector_position,59.451,62.797,3.346,33
THERMAX.NS,Industrials,sector_position,34.51,35.23,0.72,253
HONAUT.NS,Industrials,sector_position,36.119,37.009,0.889,239
GRINDWELL.NS,Industrials,sector_position,39.338,40.566,1.228,209
AIAENG.NS,Industrials,sector_position,58.646,61.907,3.261,38
ELGIEQUIP.NS,Industrials,sector_position,38.533,39.676,1.143,217
TIINDIA.NS,Industrials,sector_position,48.992,51.237,2.245,123
INVH,Real Estate,ESG_composite,57.606,59.994,2.388,77
ELS,Real Estate,ESG_composite,53.787,55.958,2.171,91
AMH,Real Estate,ESG_composite,50.552,52.54,1.988,111
SUI,Real Estate,ESG_composite,39.721,41.096,1.374,211
KRC,Real Estate,ESG_composite,41.994,43.497,1.503,190
HIW,Real Estate,ESG_composite,58.342,60.771,2.429,60
NNN,Real Estate,ESG_composite,66.727,69.631,2.904,1
STAG,Real Estate,ESG_composite,63.2,65.904,2.705,17
CUBE,Real Estate,ESG_composite,63.524,66.247,2.723,15
REXR,Real Estate,ESG_composite,59.164,61.64,2.476,45
LAMR,Real Estate,ESG_composite,50.638,52.631,1.993,109
ANANTRAJ.NS,Real Estate,ESG_composite,40.912,42.353,1.442,200
OBEROIRLTY.NS,Real Estate,ESG_composite,59.727,62.235,2.508,33
GODREJPROP.NS,Real Estate,ESG_composite,33.403,34.419,1.016,270
PRESTIGE.NS,Real Estate,ESG_composite,52.164,54.243,2.079,105
BRIGADE.NS,Real Estate,ESG_composite,44.807,46.469,1.662,164
INVH,Real Estate,financial_score,52.372,53.895,1.523,106
ELS,Real Estate,financial_score,57.115,58.799,1.684,70
AMH,Real Estate,financial_score,44.61,45.87,1.26,171
SUI,Real Estate,financial_score,38.466,39.517,1.051,223
KRC,Real Estate,financial_score,45.149,46.427,1.278,167
HIW,Real Estate,financial_score,50.841,52.312,1.471,112
NNN,Real Estate,financial_score,66.514,68.518,2.004,2
STAG,Real Estate,financial_score,62.72,64.595,1.875,25
CUBE,Real Estate,financial_score,63.474,65.375,1.901,18
REXR,Real Estate,financial_score,52.264,53.783,1.52,107
LAMR,Real Estate,financial_score,61.965,63.815,1.849,32
ANANTRAJ.NS,Real Estate,financial_score,40.083,41.188,1.106,208
OBEROIRLTY.NS,Real Estate,financial_score,59.163,60.917,1.754,52
GODREJPROP.NS,Real Estate,financial_score,42.562,43.752,1.19,186
PRESTIGE.NS,Real Estate,financial_score,38.897,39.962,1.065,219
BRIGADE.NS,Real Estate,financial_score,39.005,40.074,1.069,218
INVH,Real Estate,market_score,60.558,62.684,2.126,41
ELS,Real Estate,market_score,66.379,68.804,2.425,8
AMH,Real Estate,market_score,56.179,58.08,1.902,73
SUI,Real Estate,market_score,63.658,65.944,2.286,19
KRC,Real Estate,market_score,39.052,40.074,1.023,217
HIW,Real Estate,market_score,38.943,39.96,1.017,218
NNN,Real Estate,market_score,64.2,66.514,2.313,15
STAG,Real Estate,market_score,60.168,62.274,2.106,48
CUBE,Real Estate,market_score,57.371,59.334,1.963,64
REXR,Real Estate,market_score,46.217,47.607,1.39,140
LAMR,Real Estate,market_score,63.875,66.172,2.297,17
ANANTRAJ.NS,Real Estate,market_score,34.976,35.789,0.813,260
OBEROIRLTY.NS,Real Estate,market_score,48.591,50.103,1.512,137
GODREJPROP.NS,Real Estate,market_score,36.017,36.883,0.867,236
PRESTIGE.NS,Real Estate,market_score,35.106,35.926,0.82,257
BRIGADE.NS,Real Estate,market_score,39.702,40.758,1.056,211
INVH,Real Estate,operational_score,73.381,69.458,-3.923,7
ELS,Real Estate,operational_score,37.493,43.067,5.573,202
AMH,Real Estate,operational_score,61.97,61.067,-0.904,47
SUI,Real Estate,operational_score,45.355,48.848,3.493,149
KRC,Real Estate,operational_score,53.918,55.145,1.227,87
HIW,Real Estate,operational_score,50.552,52.67,2.118,108
NNN,Real Estate,operational_score,68.137,65.601,-2.536,24
STAG,Real Estate,operational_score,71.146,67.814,-3.332,12
CUBE,Real Estate,operational_score,64.337,62.807,-1.53,35
REXR,Real Estate,operational_score,48.49,51.153,2.663,127
LAMR,Real Estate,operational_score,56.063,56.722,0.66,76
ANANTRAJ.NS,Real Estate,operational_score,39.689,44.682,4.992,186
OBEROIRLTY.NS,Real Estate,operational_score,42.725,46.914,4.189,165
GODREJPROP.NS,Real Estate,operational_score,30.995,38.288,7.293,239
PRESTIGE.NS,Real Estate,operational_score,59.067,58.931,-0.135,60
BRIGADE.NS,Real Estate,operational_score,33.867,40.4,6.533,223
INVH,Real Estate,risk_adjusted_score,36.741,37.645,0.904,240
ELS,Real Estate,risk_adjusted_score,60.748,62.353,1.605,41
AMH,Real Estate,risk_adjusted_score,42.023,43.081,1.059,192
SUI,Real Estate,risk_adjusted_score,63.475,65.159,1.685,23
KRC,Real Estate,risk_adjusted_score,43.963,45.078,1.115,176
HIW,Real Estate,risk_adjusted_score,37.495,38.422,0.926,233
NNN,Real Estate,risk_adjusted_score,64.122,65.825,1.703,17
STAG,Real Estate,risk_adjusted_score,58.085,59.612,1.527,61
CUBE,Real Estate,risk_adjusted_score,48.06,49.294,1.235,142
REXR,Real Estate,risk_adjusted_score,44.179,45.3,1.121,175
LAMR,Real Estate,risk_adjusted_score,66.558,68.333,1.775,4
ANANTRAJ.NS,Real Estate,risk_adjusted_score,46.443,47.63,1.188,156
OBEROIRLTY.NS,Real Estate,risk_adjusted_score,54.635,56.062,1.427,89
GODREJPROP.NS,Real Estate,risk_adjusted_score,43.101,44.191,1.09,183
PRESTIGE.NS,Real Estate,risk_adjusted_score,56.576,58.059,1.483,74
BRIGADE.NS,Real Estate,risk_adjusted_score,36.202,37.09,0.889,245
INVH,Real Estate,value_score,53.017,52.288,-0.729,123
ELS,Real Estate,value_score,37.07,36.636,-0.434,243
AMH,Real Estate,value_score,51.077,50.385,-0.693,138
SUI,Real Estate,value_score,45.367,44.78,-0.587,179
KRC,Real Estate,value_score,62.93,62.018,-0.912,39
HIW,Real Estate,value_score,63.038,62.124,-0.914,38
NNN,Real Estate,value_score,42.458,41.924,-0.533,202
STAG,Real Estate,value_score,43.212,42.664,-0.547,196
CUBE,Real Estate,value_score,44.505,43.934,-0.571,187
REXR,Real Estate,value_score,48.061,47.424,-0.637,160
LAMR,Real Estate,value_score,44.828,44.251,-0.577,184
ANANTRAJ.NS,Real Estate,value_score,43.643,43.087,-0.555,193
OBEROIRLTY.NS,Real Estate,value_score,41.165,40.655,-0.51,213
GODREJPROP.NS,Real Estate,value_score,42.565,42.03,-0.535,201
PRESTIGE.NS,Real Estate,value_score,48.599,47.952,-0.647,156
BRIGADE.NS,Real Estate,value_score,64.546,63.605,-0.942,25
INVH,Real Estate,growth_score,58.772,55.46,-3.312,89
ELS,Real Estate,growth_score,51.328,50.549,-0.779,135
AMH,Real Estate,growth_score,36.864,41.008,4.144,219
SUI,Real Estate,growth_score,49.038,49.039,0.0,153
KRC,Real Estate,growth_score,26.469,34.15,7.681,259
HIW,Real Estate,growth_score,39.272,42.596,3.324,205
NNN,Real Estate,growth_score,44.263,45.889,1.626,177
STAG,Real Estate,growth_score,69.886,62.792,-7.095,32
CUBE,Real Estate,growth_score,33.543,38.817,5.274,233
REXR,Real Estate,growth_score,42.355,44.63,2.275,188
LAMR,Real Estate,growth_score,46.664,47.472,0.808,164
ANANTRAJ.NS,Real Estate,growth_score,75.923,66.774,-9.149,15
OBEROIRLTY.NS,Real Estate,growth_score,56.787,54.151,-2.637,100
GODREJPROP.NS,Real Estate,growth_score,63.195,58.378,-4.818,65
PRESTIGE.NS,Real Estate,growth_score,83.162,71.549,-11.613,1
BRIGADE.NS,Real Estate,growth_score,53.322,51.865,-1.457,120
INVH,Real Estate,stability_score,65.915,59.686,-6.229,48
ELS,Real Estate,stability_score,52.216,50.748,-1.468,129
AMH,Real Estate,stability_score,59.366,55.413,-3.953,82
SUI,Real Estate,stability_score,78.846,68.124,-10.723,11
KRC,Real Estate,stability_score,32.893,38.141,5.248,242
HIW,Real Estate,stability_score,47.009,47.351,0.342,168
NNN,Real Estate,stability_score,30.637,36.669,6.032,251
STAG,Real Estate,stability_score,56.902,53.806,-3.096,99
CUBE,Real Estate,stability_score,35.112,39.589,4.476,233
REXR,Real Estate,stability_score,72.189,63.78,-8.409,25
LAMR,Real Estate,stability_score,40.119,42.855,2.736,207
ANANTRAJ.NS,Real Estate,stability_score,49.346,48.876,-0.47,154
OBEROIRLTY.NS,Real Estate,stability_score,63.421,58.059,-5.362,59
GODREJPROP.NS,Real Estate,stability_score,54.938,52.524,-2.414,112
PRESTIGE.NS,Real Estate,stability_score,42.569,44.454,1.885,194
BRIGADE.NS,Real Estate,stability_score,45.1,46.106,1.005,182
INVH,Real Estate,similarity_rank,44.807,45.108,0.301,194
ELS,Real Estate,similarity_rank,43.836,44.117,0.282,204
AMH,Real Estate,similarity_rank,49.7,50.098,0.398,139
SUI,Real Estate,similarity_rank,56.403,56.934,0.532,60
KRC,Real Estate,similarity_rank,61.775,62.414,0.639,26
HIW,Real Estate,similarity_rank,63.778,64.457,0.679,21
NNN,Real Estate,similarity_rank,41.086,41.312,0.227,232
STAG,Real Estate,similarity_rank,41.586,41.823,0.237,228
CUBE,Real Estate,similarity_rank,44.56,44.856,0.296,197
REXR,Real Estate,similarity_rank,36.426,36.56,0.134,250
LAMR,Real Estate,similarity_rank,48.715,49.094,0.379,152
ANANTRAJ.NS,Real Estate,similarity_rank,50.852,51.274,0.421,132
OBEROIRLTY.NS,Real Estate,similarity_rank,31.599,31.637,0.038,266
GODREJPROP.NS,Real Estate,similarity_rank,39.973,40.178,0.205,238
PRESTIGE.NS,Real Estate,similarity_rank,69.554,70.348,0.794,7
BRIGADE.NS,Real Estate,similarity_rank,71.651,72.487,0.836,6
INVH,Real Estate,sector_position,64.529,68.978,4.449,6
ELS,Real Estate,sector_position,55.88,59.26,3.379,61
AMH,Real Estate,sector_position,53.718,56.83,3.112,80
SUI,Real Estate,sector_position,58.043,61.689,3.646,44
KRC,Real Estate,sector_position,45.07,47.112,2.042,157
HIW,Real Estate,sector_position,42.908,44.682,1.775,178
NNN,Real Estate,sector_position,66.691,71.407,4.716,1
STAG,Real Estate,sector_position,60.205,64.119,3.914,27
CUBE,Real Estate,sector_position,49.394,51.971,2.577,118
REXR,Real Estate,sector_position,51.556,54.401,2.844,99
LAMR,Real Estate,sector_position,62.367,66.548,4.181,14
ANANTRAJ.NS,Real Estate,sector_position,36.421,37.394,0.973,236
OBEROIRLTY.NS,Real Estate,sector_position,47.232,49.541,2.31,138
GODREJPROP.NS,Real Estate,sector_position,34.259,34.964,0.705,257
PRESTIGE.NS,Real Estate,sector_position,40.745,42.253,1.507,197
BRIGADE.NS,Real Estate,sector_position,38.583,39.823,1.24,216
ZS,Technology,ESG_composite,39.072,39.582,0.51,217
OKTA,Technology,ESG_composite,43.075,43.801,0.725,180
CRWD,Technology,ESG_composite,46.213,47.107,0.893,152
FTNT,Technology,ESG_composite,58.039,59.567,1.528,67
QLYS,Technology,ESG_composite,54.869,56.227,1.358,84
VRNS,Technology,ESG_composite,34.42,34.68,0.26,260
ESTC,Technology,ESG_composite,38.639,39.126,0.487,221
DOCN,Technology,ESG_composite,34.961,35.25,0.289,255
PAYC,Technology,ESG_composite,57.779,59.294,1.514,73
MANH,Technology,ESG_composite,40.695,41.292,0.597,202
WK,Technology,ESG_composite,36.476,36.846,0.371,241
GLOB,Technology,ESG_composite,39.397,39.924,0.528,214
HUBS,Technology,ESG_composite,57.563,59.066,1.503,78
CDNS,Technology,ESG_composite,58.082,59.613,1.531,66
NET,Technology,ESG_composite,40.803,41.406,0.603,201
BILL,Technology,ESG_composite,37.558,37.986,0.429,231
FROG,Technology,ESG_composite,33.186,33.38,0.194,275
CFLT,Technology,ESG_composite,33.273,33.472,0.199,273
SMCI,Technology,ESG_composite,35.069,35.364,0.295,254
TENB,Technology,ESG_composite,41.453,42.09,0.638,195
CWAN,Technology,ESG_composite,33.36,33.563,0.203,271
RPD,Technology,ESG_composite,38.531,39.012,0.481,222
GRMN,Technology,ESG_composite,60.03,61.665,1.635,29
DIXON.NS,Technology,ESG_composite,39.289,39.81,0.522,215
PERSISTENT.NS,Technology,ESG_composite,57.866,59.385,1.519,71
LTTS.NS,Technology,ESG_composite,54.22,55.543,1.323,89
MPHASIS.NS,Technology,ESG_composite,58.125,59.659,1.533,65
COFORGE.NS,Technology,ESG_composite,47.187,48.133,0.946,144
TATAELXSI.NS,Technology,ESG_composite,49.773,50.857,1.085,127
BSOFT.NS,Technology,ESG_composite,50.162,51.268,1.106,119
HAPPSTMNDS.NS,Technology,ESG_composite,43.833,44.599,0.766,173
MASTEK.NS,Technology,ESG_composite,43.4,44.143,0.742,177
KPITTECH.NS,Technology,ESG_composite,41.236,41.862,0.626,197
NEWGEN.NS,Technology,ESG_composite,42.21,42.888,0.679,188
KAYNES.NS,Technology,ESG_composite,35.826,36.162,0.336,247
ZS,Technology,financial_score,36.526,36.834,0.309,241
OKTA,Technology,financial_score,43.963,44.589,0.625,175
CRWD,Technology,financial_score,37.711,38.071,0.359,230
FTNT,Technology,financial_score,64.337,65.828,1.492,12
QLYS,Technology,financial_score,63.151,64.592,1.441,21
VRNS,Technology,financial_score,33.389,33.564,0.175,271
ESTC,Technology,financial_score,35.232,35.486,0.254,253
DOCN,Technology,financial_score,56.468,57.625,1.157,75
PAYC,Technology,financial_score,59.809,61.108,1.299,46
MANH,Technology,financial_score,60.78,62.12,1.34,38
WK,Technology,financial_score,36.418,36.722,0.304,242
GLOB,Technology,financial_score,40.622,41.105,0.483,203
HUBS,Technology,financial_score,40.514,40.992,0.478,204
CDNS,Technology,financial_score,62.073,63.468,1.395,31
NET,Technology,financial_score,35.663,35.935,0.272,249
BILL,Technology,financial_score,37.28,37.621,0.341,234
FROG,Technology,financial_score,34.477,34.699,0.222,260
CFLT,Technology,financial_score,33.216,33.384,0.168,275
SMCI,Technology,financial_score,40.406,40.88,0.474,205
TENB,Technology,financial_score,36.741,37.059,0.318,239
CWAN,Technology,financial_score,36.094,36.385,0.291,245
RPD,Technology,financial_score,39.22,39.644,0.423,216
GRMN,Technology,financial_score,61.642,63.019,1.377,34
DIXON.NS,Technology,financial_score,36.633,36.947,0.313,240
PERSISTENT.NS,Technology,financial_score,53.449,54.478,1.029,98
LTTS.NS,Technology,financial_score,50.151,51.039,0.888,127
MPHASIS.NS,Technology,financial_score,56.791,57.962,1.171,73
COFORGE.NS,Technology,financial_score,45.904,46.611,0.708,160
TATAELXSI.NS,Technology,financial_score,55.39,56.501,1.111,85
BSOFT.NS,Technology,financial_score,47.844,48.634,0.79,145
HAPPSTMNDS.NS,Technology,financial_score,47.628,48.41,0.781,147
MASTEK.NS,Technology,financial_score,45.041,45.712,0.671,168
KPITTECH.NS,Technology,financial_score,46.335,47.061,0.726,157
NEWGEN.NS,Technology,financial_score,50.668,51.579,0.91,115
KAYNES.NS,Technology,financial_score,44.718,45.375,0.657,170
ZS,Technology,market_score,35.973,36.659,0.686,237
OKTA,Technology,market_score,58.021,59.532,1.51,58
CRWD,Technology,market_score,54.054,55.416,1.362,83
FTNT,Technology,market_score,60.992,62.613,1.621,34
QLYS,Technology,market_score,38.835,39.628,0.793,219
VRNS,Technology,market_score,35.149,35.805,0.655,256
ESTC,Technology,market_score,39.16,39.965,0.805,216
DOCN,Technology,market_score,66.509,68.336,1.827,6
PAYC,Technology,market_score,44.829,45.846,1.017,167
MANH,Technology,market_score,44.352,45.352,0.999,177
WK,Technology,market_score,40.895,41.765,0.87,200
GLOB,Technology,market_score,45.09,46.116,1.027,162
HUBS,Technology,market_score,36.32,37.019,0.699,229
CDNS,Technology,market_score,53.664,55.011,1.347,91
NET,Technology,market_score,61.078,62.703,1.624,32
BILL,Technology,market_score,44.049,45.037,0.988,182
FROG,Technology,market_score,55.42,56.833,1.413,80
CFLT,Technology,market_score,63.333,65.042,1.709,22
SMCI,Technology,market_score,35.453,36.12,0.667,249
TENB,Technology,market_score,41.111,41.989,0.878,198
CWAN,Technology,market_score,63.441,65.154,1.713,21
RPD,Technology,market_score,34.282,34.905,0.623,276
GRMN,Technology,market_score,60.862,62.478,1.616,37
DIXON.NS,Technology,market_score,44.569,45.577,1.007,172
PERSISTENT.NS,Technology,market_score,57.479,58.969,1.49,63
LTTS.NS,Technology,market_score,45.436,46.476,1.04,155
MPHASIS.NS,Technology,market_score,50.542,51.773,1.231,121
COFORGE.NS,Technology,market_score,45.697,46.746,1.049,150
TATAELXSI.NS,Technology,market_score,45.827,46.881,1.054,147
BSOFT.NS,Technology,market_score,53.794,55.146,1.352,88
HAPPSTMNDS.NS,Technology,market_score,45.523,46.566,1.043,153
MASTEK.NS,Technology,market_score,38.401,39.178,0.777,223
KPITTECH.NS,Technology,market_score,35.8,36.479,0.68,241
NEWGEN.NS,Technology,market_score,34.542,35.175,0.633,270
KAYNES.NS,Technology,market_score,39.811,40.64,0.829,210
ZS,Technology,operational_score,61.305,59.915,-1.39,49
OKTA,Technology,operational_score,63.186,61.298,-1.888,41
CRWD,Technology,operational_score,64.071,61.949,-2.122,36
FTNT,Technology,operational_score,67.775,64.672,-3.103,25
QLYS,Technology,operational_score,54.003,54.547,0.544,86
VRNS,Technology,operational_score,45.838,48.545,2.706,145
ESTC,Technology,operational_score,52.107,53.153,1.046,98
DOCN,Technology,operational_score,34.642,40.313,5.672,219
PAYC,Technology,operational_score,54.791,55.126,0.335,80
MANH,Technology,operational_score,44.516,47.573,3.056,156
WK,Technology,operational_score,36.89,41.966,5.076,206
GLOB,Technology,operational_score,31.675,38.132,6.457,236
HUBS,Technology,operational_score,58.894,58.142,-0.751,61
CDNS,Technology,operational_score,68.514,65.215,-3.299,23
NET,Technology,operational_score,49.521,51.252,1.731,121
BILL,Technology,operational_score,50.491,51.965,1.474,110
FROG,Technology,operational_score,38.701,43.298,4.596,195
CFLT,Technology,operational_score,35.916,41.25,5.334,213
SMCI,Technology,operational_score,48.681,50.634,1.953,126
TENB,Technology,operational_score,53.296,54.027,0.731,91
CWAN,Technology,operational_score,39.415,43.822,4.407,189
RPD,Technology,operational_score,32.687,38.877,6.189,231
GRMN,Technology,operational_score,47.226,49.564,2.339,137
DIXON.NS,Technology,operational_score,41.585,45.418,3.833,174
PERSISTENT.NS,Technology,operational_score,26.885,34.611,7.726,260
LTTS.NS,Technology,operational_score,37.599,42.487,4.888,200
MPHASIS.NS,Technology,operational_score,28.174,35.558,7.384,254
COFORGE.NS,Technology,operational_score,40.28,44.458,4.178,182
TATAELXSI.NS,Technology,operational_score,20.374,29.824,9.45,275
BSOFT.NS,Technology,operational_score,29.2,36.313,7.113,247
HAPPSTMNDS.NS,Technology,operational_score,22.049,31.055,9.007,273
MASTEK.NS,Technology,operational_score,33.813,39.704,5.891,224
KPITTECH.NS,Technology,operational_score,30.3,37.121,6.821,242
NEWGEN.NS,Technology,operational_score,25.03,33.247,8.217,269
KAYNES.NS,Technology,operational_score,43.204,46.608,3.404,164
ZS,Technology,risk_adjusted_score,41.592,42.348,0.756,196
OKTA,Technology,risk_adjusted_score,45.796,46.637,0.841,161
CRWD,Technology,risk_adjusted_score,58.624,59.722,1.098,56
FTNT,Technology,risk_adjusted_score,52.911,53.894,0.984,101
QLYS,Technology,risk_adjusted_score,42.562,43.338,0.776,187
VRNS,Technology,risk_adjusted_score,38.681,39.379,0.698,222
ESTC,Technology,risk_adjusted_score,39.867,40.589,0.722,212
DOCN,Technology,risk_adjusted_score,66.385,67.64,1.254,7
PAYC,Technology,risk_adjusted_score,36.525,37.18,0.655,242
MANH,Technology,risk_adjusted_score,43.209,43.998,0.789,182
WK,Technology,risk_adjusted_score,47.952,48.836,0.884,143
GLOB,Technology,risk_adjusted_score,34.261,34.87,0.609,263
HUBS,Technology,risk_adjusted_score,36.417,37.07,0.652,243
CDNS,Technology,risk_adjusted_score,60.446,61.581,1.135,45
NET,Technology,risk_adjusted_score,61.136,62.285,1.149,35
BILL,Technology,risk_adjusted_score,53.126,54.114,0.988,99
FROG,Technology,risk_adjusted_score,51.617,52.575,0.958,112
CFLT,Technology,risk_adjusted_score,53.234,54.224,0.99,98
SMCI,Technology,risk_adjusted_score,45.904,46.747,0.843,160
TENB,Technology,risk_adjusted_score,34.585,35.2,0.616,260
CWAN,Technology,risk_adjusted_score,51.401,52.355,0.953,114
RPD,Technology,risk_adjusted_score,33.108,33.694,0.586,276
GRMN,Technology,risk_adjusted_score,60.273,61.405,1.132,48
DIXON.NS,Technology,risk_adjusted_score,46.982,47.846,0.865,151
PERSISTENT.NS,Technology,risk_adjusted_score,58.84,59.942,1.103,55
LTTS.NS,Technology,risk_adjusted_score,45.041,45.867,0.826,168
MPHASIS.NS,Technology,risk_adjusted_score,55.498,56.533,1.036,82
COFORGE.NS,Technology,risk_adjusted_score,47.844,48.726,0.882,144
TATAELXSI.NS,Technology,risk_adjusted_score,47.521,48.396,0.875,147
BSOFT.NS,Technology,risk_adjusted_score,58.947,60.052,1.105,54
HAPPSTMNDS.NS,Technology,risk_adjusted_score,39.22,39.929,0.709,217
MASTEK.NS,Technology,risk_adjusted_score,40.298,41.028,0.73,208
KPITTECH.NS,Technology,risk_adjusted_score,34.477,35.09,0.613,261
NEWGEN.NS,Technology,risk_adjusted_score,35.124,35.75,0.626,255
KAYNES.NS,Technology,risk_adjusted_score,45.365,46.197,0.832,165
ZS,Technology,value_score,47.63,47.265,-0.364,162
OKTA,Technology,value_score,49.461,49.081,-0.38,150
CRWD,Technology,value_score,36.639,36.371,-0.268,247
FTNT,Technology,value_score,37.178,36.905,-0.273,242
QLYS,Technology,value_score,56.788,56.344,-0.444,92
VRNS,Technology,value_score,53.663,53.246,-0.417,117
ESTC,Technology,value_score,59.482,59.014,-0.468,69
DOCN,Technology,value_score,44.613,44.275,-0.338,186
PAYC,Technology,value_score,60.775,60.296,-0.479,58
MANH,Technology,value_score,39.333,39.041,-0.292,226
WK,Technology,value_score,63.9,63.393,-0.507,30
GLOB,Technology,value_score,66.701,66.17,-0.531,6
HUBS,Technology,value_score,46.013,45.663,-0.35,174
CDNS,Technology,value_score,34.915,34.662,-0.253,261
NET,Technology,value_score,35.669,35.409,-0.26,254
BILL,Technology,value_score,64.869,64.354,-0.515,22
FROG,Technology,value_score,42.35,42.032,-0.318,203
CFLT,Technology,value_score,43.966,43.634,-0.332,190
SMCI,Technology,value_score,66.486,65.956,-0.529,8
TENB,Technology,value_score,55.603,55.169,-0.434,102
CWAN,Technology,value_score,39.548,39.255,-0.294,225
RPD,Technology,value_score,66.27,65.743,-0.527,10
GRMN,Technology,value_score,47.522,47.158,-0.363,163
DIXON.NS,Technology,value_score,53.34,52.926,-0.414,120
PERSISTENT.NS,Technology,value_score,42.027,41.711,-0.315,205
LTTS.NS,Technology,value_score,55.28,54.848,-0.431,105
MPHASIS.NS,Technology,value_score,59.266,58.8,-0.466,71
COFORGE.NS,Technology,value_score,55.172,54.742,-0.43,106
TATAELXSI.NS,Technology,value_score,41.596,41.284,-0.312,209
BSOFT.NS,Technology,value_score,63.576,63.073,-0.504,33
HAPPSTMNDS.NS,Technology,value_score,60.667,60.189,-0.478,59
MASTEK.NS,Technology,value_score,65.624,65.102,-0.522,15
KPITTECH.NS,Technology,value_score,55.711,55.276,-0.435,101
NEWGEN.NS,Technology,value_score,56.357,55.917,-0.441,95
KAYNES.NS,Technology,value_score,42.673,42.352,-0.321,200
ZS,Technology,growth_score,50.841,49.79,-1.051,138
OKTA,Technology,growth_score,63.854,58.328,-5.526,59
CRWD,Technology,growth_score,47.097,47.333,0.236,163
FTNT,Technology,growth_score,52.402,50.814,-1.588,126
QLYS,Technology,growth_score,61.444,56.747,-4.697,73
VRNS,Technology,growth_score,33.48,38.397,4.918,234
ESTC,Technology,growth_score,41.008,43.337,2.33,196
DOCN,Technology,growth_score,67.241,60.551,-6.69,43
PAYC,Technology,growth_score,40.054,42.712,2.657,201
MANH,Technology,growth_score,44.664,45.737,1.072,176
WK,Technology,growth_score,54.636,52.28,-2.356,114
GLOB,Technology,growth_score,24.668,32.616,7.947,265
HUBS,Technology,growth_score,72.269,63.85,-8.419,23
CDNS,Technology,growth_score,42.56,44.356,1.796,186
NET,Technology,growth_score,51.733,50.375,-1.358,129
BILL,Technology,growth_score,43.749,45.136,1.387,179
FROG,Technology,growth_score,46.327,46.828,0.501,166
CFLT,Technology,growth_score,38.161,41.469,3.308,211
SMCI,Technology,growth_score,73.847,64.885,-8.961,19
TENB,Technology,growth_score,36.283,40.237,3.954,221
CWAN,Technology,growth_score,56.97,53.811,-3.159,99
RPD,Technology,growth_score,56.045,53.205,-2.841,107
GRMN,Technology,growth_score,60.469,56.107,-4.362,79
DIXON.NS,Technology,growth_score,57.807,54.361,-3.447,95
PERSISTENT.NS,Technology,growth_score,62.708,57.577,-5.132,67
LTTS.NS,Technology,growth_score,32.228,37.576,5.348,241
MPHASIS.NS,Technology,growth_score,38.97,42.0,3.03,207
COFORGE.NS,Technology,growth_score,58.499,54.815,-3.684,90
TATAELXSI.NS,Technology,growth_score,19.586,29.281,9.695,274
BSOFT.NS,Technology,growth_score,29.199,35.588,6.39,252
HAPPSTMNDS.NS,Technology,growth_score,30.563,36.484,5.921,248
MASTEK.NS,Technology,growth_score,37.034,40.73,3.696,216
KPITTECH.NS,Technology,growth_score,27.863,34.712,6.849,256
NEWGEN.NS,Technology,growth_score,25.439,33.121,7.682,263
KAYNES.NS,Technology,growth_score,50.013,49.246,-0.767,142
ZS,Technology,stability_score,50.511,49.563,-0.949,139
OKTA,Technology,stability_score,40.551,43.03,2.479,205
CRWD,Technology,stability_score,65.221,59.21,-6.011,51
FTNT,Technology,stability_score,49.039,48.597,-0.442,156
QLYS,Technology,stability_score,56.289,53.352,-2.937,102
VRNS,Technology,stability_score,58.047,54.505,-3.542,91
ESTC,Technology,stability_score,45.643,46.369,0.727,177
DOCN,Technology,stability_score,18.28,28.423,10.143,273
PAYC,Technology,stability_score,47.353,47.491,0.138,167
MANH,Technology,stability_score,53.795,51.716,-2.079,118
WK,Technology,stability_score,61.432,56.725,-4.707,72
GLOB,Technology,stability_score,43.452,44.932,1.481,188
HUBS,Technology,stability_score,51.406,50.149,-1.256,135
CDNS,Technology,stability_score,71.518,63.34,-8.178,29
NET,Technology,stability_score,49.783,49.085,-0.698,152
BILL,Technology,stability_score,39.613,42.415,2.802,211
FROG,Technology,stability_score,69.33,61.905,-7.425,36
CFLT,Technology,stability_score,75.681,66.071,-9.61,17
SMCI,Technology,stability_score,23.845,32.073,8.228,267
TENB,Technology,stability_score,24.607,32.573,7.966,265
CWAN,Technology,stability_score,64.459,58.71,-5.748,56
RPD,Technology,stability_score,21.26,30.378,9.118,272
GRMN,Technology,stability_score,82.432,70.498,-11.934,5
DIXON.NS,Technology,stability_score,38.869,41.927,3.058,217
PERSISTENT.NS,Technology,stability_score,74.384,65.22,-9.164,19
LTTS.NS,Technology,stability_score,46.671,47.044,0.373,170
MPHASIS.NS,Technology,stability_score,48.309,48.118,-0.191,160
COFORGE.NS,Technology,stability_score,55.496,52.832,-2.664,108
TATAELXSI.NS,Technology,stability_score,62.73,57.576,-5.154,63
BSOFT.NS,Technology,stability_score,60.455,56.084,-4.371,75
HAPPSTMNDS.NS,Technology,stability_score,41.637,43.742,2.105,199
MASTEK.NS,Technology,stability_score,42.635,44.397,1.762,193
KPITTECH.NS,Technology,stability_score,53.113,51.269,-1.844,124
NEWGEN.NS,Technology,stability_score,38.034,41.379,3.345,218
KAYNES.NS,Technology,stability_score,44.742,45.779,1.037,183
ZS,Technology,similarity_rank,33.69,33.97,0.281,262
OKTA,Technology,similarity_rank,55.983,56.245,0.263,64
CRWD,Technology,similarity_rank,38.215,38.492,0.277,243
FTNT,Technology,similarity_rank,44.963,45.235,0.272,192
QLYS,Technology,similarity_rank,49.715,49.982,0.268,138
VRNS,Technology,similarity_rank,53.855,54.12,0.264,89
ESTC,Technology,similarity_rank,47.829,48.098,0.269,162
DOCN,Technology,similarity_rank,41.167,41.442,0.275,231
PAYC,Technology,similarity_rank,54.74,55.003,0.264,77
MANH,Technology,similarity_rank,43.137,43.41,0.273,217
WK,Technology,similarity_rank,51.128,51.395,0.267,126
GLOB,Technology,similarity_rank,48.99,49.258,0.268,150
HUBS,Technology,similarity_rank,44.119,44.391,0.272,201
CDNS,Technology,similarity_rank,51.02,51.287,0.267,129
NET,Technology,similarity_rank,34.827,35.107,0.28,258
BILL,Technology,similarity_rank,60.689,60.948,0.259,30
FROG,Technology,similarity_rank,31.032,31.314,0.283,268
CFLT,Technology,similarity_rank,42.517,42.791,0.274,220
SMCI,Technology,similarity_rank,58.733,58.994,0.261,41
TENB,Technology,similarity_rank,57.774,58.035,0.261,50
CWAN,Technology,similarity_rank,29.088,29.372,0.284,271
RPD,Technology,similarity_rank,47.018,47.288,0.27,167
GRMN,Technology,similarity_rank,51.533,51.8,0.266,122
DIXON.NS,Technology,similarity_rank,69.493,69.745,0.252,8
PERSISTENT.NS,Technology,similarity_rank,45.399,45.67,0.271,187
LTTS.NS,Technology,similarity_rank,58.261,58.522,0.261,43
MPHASIS.NS,Technology,similarity_rank,58.112,58.373,0.261,45
COFORGE.NS,Technology,similarity_rank,54.698,54.962,0.264,78
TATAELXSI.NS,Technology,similarity_rank,34.236,34.517,0.28,259
BSOFT.NS,Technology,similarity_rank,57.346,57.607,0.262,55
HAPPSTMNDS.NS,Technology,similarity_rank,58.413,58.674,0.261,42
MASTEK.NS,Technology,similarity_rank,52.499,52.765,0.266,106
KPITTECH.NS,Technology,similarity_rank,52.313,52.579,0.266,111
NEWGEN.NS,Technology,similarity_rank,46.168,46.439,0.271,178
KAYNES.NS,Technology,similarity_rank,49.039,49.307,0.268,149
ZS,Technology,sector_position,36.709,37.503,0.793,233
OKTA,Technology,sector_position,42.86,44.29,1.431,179
CRWD,Technology,sector_position,40.553,41.745,1.192,199
FTNT,Technology,sector_position,59.004,62.108,3.104,36
QLYS,Technology,sector_position,56.697,59.562,2.865,56
VRNS,Technology,sector_position,32.866,33.26,0.395,268
ESTC,Technology,sector_position,37.478,38.351,0.873,227
DOCN,Technology,sector_position,52.085,54.472,2.387,95
PAYC,Technology,sector_position,55.16,57.865,2.706,68
MANH,Technology,sector_position,53.622,56.169,2.546,81
WK,Technology,sector_position,38.247,39.2,0.953,219
GLOB,Technology,sector_position,50.547,52.775,2.228,108
HUBS,Technology,sector_position,41.322,42.593,1.271,190
CDNS,Technology,sector_position,58.235,61.259,3.024,42
NET,Technology,sector_position,39.016,40.048,1.032,211
BILL,Technology,sector_position,39.785,40.896,1.112,206
FROG,Technology,sector_position,34.403,34.957,0.554,254
CFLT,Technology,sector_position,35.172,35.806,0.634,246
SMCI,Technology,sector_position,63.616,67.198,3.582,9
TENB,Technology,sector_position,42.091,43.442,1.351,183
CWAN,Technology,sector_position,33.634,34.109,0.474,262
RPD,Technology,sector_position,35.941,36.654,0.714,241
GRMN,Technology,sector_position,55.929,58.714,2.785,60
DIXON.NS,Technology,sector_position,61.31,64.653,3.343,19
PERSISTENT.NS,Technology,sector_position,49.01,51.078,2.068,122
LTTS.NS,Technology,sector_position,45.935,47.684,1.749,150
MPHASIS.NS,Technology,sector_position,46.703,48.533,1.829,142
COFORGE.NS,Technology,sector_position,43.628,45.139,1.51,170
TATAELXSI.NS,Technology,sector_position,51.316,53.623,2.307,102
BSOFT.NS,Technology,sector_position,49.778,51.926,2.148,115
HAPPSTMNDS.NS,Technology,sector_position,44.397,45.987,1.59,164
MASTEK.NS,Technology,sector_position,45.166,46.836,1.67,156
KPITTECH.NS,Technology,sector_position,47.472,49.381,1.909,135
NEWGEN.NS,Technology,sector_position,52.853,55.32,2.467,86
KAYNES.NS,Technology,sector_position,48.241,50.229,1.989,128
NRG,Utilities,ESG_composite,58.472,60.786,2.314,58
OGE,Utilities,ESG_composite,48.161,49.909,1.748,137
PNW,Utilities,ESG_composite,35.177,36.213,1.035,253
ATO,Utilities,ESG_composite,57.52,59.782,2.262,79
EVRG,Utilities,ESG_composite,46.321,47.969,1.647,151
AES,Utilities,ESG_composite,39.83,41.12,1.291,210
MDU,Utilities,ESG_composite,43.725,45.229,1.505,174
AVA,Utilities,ESG_composite,65.688,68.399,2.71,6
CMS,Utilities,ESG_composite,65.147,67.828,2.681,8
DTE,Utilities,ESG_composite,50.076,51.929,1.853,121
WEC,Utilities,ESG_composite,59.207,61.562,2.355,44
NRG,Utilities,financial_score,44.287,45.48,1.193,173
OGE,Utilities,financial_score,57.869,59.466,1.597,64
PNW,Utilities,financial_score,42.67,43.815,1.145,185
ATO,Utilities,financial_score,65.415,67.236,1.821,6
EVRG,Utilities,financial_score,54.527,56.025,1.497,92
AES,Utilities,financial_score,39.975,41.04,1.065,209
MDU,Utilities,financial_score,37.496,38.487,0.991,232
AVA,Utilities,financial_score,47.413,48.699,1.286,148
CMS,Utilities,financial_score,56.36,57.912,1.552,76
DTE,Utilities,financial_score,45.688,46.923,1.235,162
WEC,Utilities,financial_score,61.426,63.129,1.703,35
NRG,Utilities,market_score,35.67,36.73,1.06,244
OGE,Utilities,market_score,48.699,50.119,1.42,136
PNW,Utilities,market_score,61.035,62.796,1.761,33
ATO,Utilities,market_score,53.881,55.444,1.563,86
EVRG,Utilities,market_score,52.71,54.241,1.531,110
AES,Utilities,market_score,36.233,37.309,1.076,231
MDU,Utilities,market_score,57.805,59.476,1.672,60
AVA,Utilities,market_score,45.653,46.989,1.336,151
CMS,Utilities,market_score,55.637,57.249,1.612,78
DTE,Utilities,market_score,48.374,49.785,1.411,139
WEC,Utilities,market_score,48.916,50.342,1.426,134
NRG,Utilities,operational_score,81.009,75.125,-5.884,1
OGE,Utilities,operational_score,56.323,56.839,0.516,73
PNW,Utilities,operational_score,31.998,38.821,6.823,234
ATO,Utilities,operational_score,36.669,42.28,5.612,207
EVRG,Utilities,operational_score,43.369,47.243,3.875,162
AES,Utilities,operational_score,50.593,52.595,2.002,106
MDU,Utilities,operational_score,25.268,33.835,8.567,268
AVA,Utilities,operational_score,63.367,62.057,-1.31,40
CMS,Utilities,operational_score,46.007,49.197,3.191,144
DTE,Utilities,operational_score,70.075,67.026,-3.049,17
WEC,Utilities,operational_score,53.227,54.546,1.319,92
NRG,Utilities,risk_adjusted_score,51.078,52.361,1.283,116
OGE,Utilities,risk_adjusted_score,43.424,44.499,1.074,180
PNW,Utilities,risk_adjusted_score,57.007,58.453,1.446,70
ATO,Utilities,risk_adjusted_score,65.846,67.534,1.687,8
EVRG,Utilities,risk_adjusted_score,65.307,66.98,1.673,10
AES,Utilities,risk_adjusted_score,37.927,38.85,0.924,229
MDU,Utilities,risk_adjusted_score,53.773,55.13,1.357,94
AVA,Utilities,risk_adjusted_score,33.582,34.387,0.805,265
CMS,Utilities,risk_adjusted_score,43.748,44.831,1.083,177
DTE,Utilities,risk_adjusted_score,45.472,46.603,1.13,164
WEC,Utilities,risk_adjusted_score,52.479,53.801,1.322,105
NRG,Utilities,value_score,49.569,49.029,-0.54,149
OGE,Utilities,value_score,52.909,52.32,-0.589,124
PNW,Utilities,value_score,55.387,54.762,-0.625,104
ATO,Utilities,value_score,35.346,35.014,-0.333,257
EVRG,Utilities,value_score,49.354,48.816,-0.537,151
AES,Utilities,value_score,60.236,59.54,-0.696,62
MDU,Utilities,value_score,56.034,55.399,-0.635,98
AVA,Utilities,value_score,64.762,64.0,-0.762,23
CMS,Utilities,value_score,44.289,43.826,-0.463,188
DTE,Utilities,value_score,52.586,52.002,-0.584,126
WEC,Utilities,value_score,36.855,36.5,-0.355,245
NRG,Utilities,growth_score,52.813,51.478,-1.335,123
OGE,Utilities,growth_score,28.146,35.213,7.068,254
PNW,Utilities,growth_score,43.341,45.233,1.892,181
ATO,Utilities,growth_score,68.753,61.989,-6.764,36
EVRG,Utilities,growth_score,49.028,48.983,-0.046,154
AES,Utilities,growth_score,32.537,38.109,5.572,238
MDU,Utilities,growth_score,64.436,59.142,-5.294,56
AVA,Utilities,growth_score,36.043,40.421,4.378,224
CMS,Utilities,growth_score,59.408,55.827,-3.581,83
DTE,Utilities,growth_score,77.774,67.937,-9.837,10
WEC,Utilities,growth_score,46.104,47.054,0.951,167
NRG,Utilities,stability_score,54.184,52.068,-2.116,115
OGE,Utilities,stability_score,71.255,63.306,-7.949,31
PNW,Utilities,stability_score,37.013,40.765,3.751,226
ATO,Utilities,stability_score,84.144,71.791,-12.353,4
EVRG,Utilities,stability_score,39.904,42.668,2.764,209
AES,Utilities,stability_score,23.32,31.75,8.43,268
MDU,Utilities,stability_score,65.038,59.213,-5.825,53
AVA,Utilities,stability_score,51.551,50.335,-1.216,134
CMS,Utilities,stability_score,57.643,54.346,-3.298,92
DTE,Utilities,stability_score,49.023,48.671,-0.352,157
WEC,Utilities,stability_score,45.272,46.202,0.929,179
NRG,Utilities,similarity_rank,29.472,27.947,-1.525,270
OGE,Utilities,similarity_rank,48.325,48.525,0.2,158
PNW,Utilities,similarity_rank,72.324,74.72,2.396,5
ATO,Utilities,similarity_rank,32.617,31.38,-1.237,264
EVRG,Utilities,similarity_rank,45.359,45.288,-0.071,188
AES,Utilities,similarity_rank,21.011,18.712,-2.299,274
MDU,Utilities,similarity_rank,55.88,56.772,0.892,65
AVA,Utilities,similarity_rank,72.459,74.868,2.409,4
CMS,Utilities,similarity_rank,19.878,17.476,-2.403,276
DTE,Utilities,similarity_rank,85.957,89.602,3.644,1
WEC,Utilities,similarity_rank,45.82,45.792,-0.029,184
NRG,Utilities,sector_position,63.808,67.892,4.083,8
OGE,Utilities,sector_position,49.394,51.841,2.447,118
PNW,Utilities,sector_position,34.98,35.79,0.81,249
ATO,Utilities,sector_position,58.043,61.471,3.429,44
EVRG,Utilities,sector_position,43.628,45.42,1.792,170
AES,Utilities,sector_position,52.277,55.051,2.774,92
MDU,Utilities,sector_position,37.863,39.0,1.137,223
AVA,Utilities,sector_position,40.745,42.21,1.465,197
CMS,Utilities,sector_position,46.511,48.631,2.119,144
DTE,Utilities,sector_position,60.926,64.682,3.756,22
WEC,Utilities,sector_position,55.16,58.261,3.101,68
