size_group,ESG_composite,E_score,S_score,G_score,financial_score,market_score,operational_score,pref_balanced,pref_esg_first,pref_financial_first
Small,48.176564820914344,48.7213473047879,48.28302797671533,47.41677824129404,46.99860578222141,45.649209818975855,50.302141998165624,49.57926184130873,50.205188439563834,49.29123842968719
Medium,50.37557369423741,49.102077630909065,50.23859615979559,52.02112622496927,48.25864620951153,52.7491720195099,50.92253492113583,51.59569374164715,52.32207331646059,51.06781945998278
Large,51.44786148484825,52.17657506430304,51.47837586348906,50.562095533736695,54.82468236603565,51.60161816151425,48.4628956837589,54.14264598328691,53.911478796725476,53.5997093703082
