size_group,ESG_composite,E_score,S_score,G_score,financial_score,market_score,operational_score,pref_balanced,pref_esg_first,pref_financial_first
Small,45.84211907891674,0.4292357073407966,-0.20737843840474005,-0.37885279325296806,45.696018489184056,43.85215822315145,40.246644156585084,39.04193132159941,38.5242780574237,39.634144506147756
Medium,49.16148519396624,0.04265077496808421,0.11282906262993217,-0.3321540520236587,49.51280986791243,48.440476182330336,47.562019497557706,48.175680974072726,47.99024648461579,48.395412885457574
Large,50.15735383036089,-0.21058000730848964,0.23616973513052109,-0.3258784268388121,51.01316331701809,53.56748731878225,53.89548421159283,54.24146510119264,52.49254008795717,54.764718497449095
