factor,VIF,multicollinearity
ESG_composite,2.527685438267106,Low
financial_score,2.80089445085128,Low
market_score,1.911091068003023,Low
operational_score,1.4232513513067222,Low
risk_adjusted_score,2.126556043237047,Low
value_score,1.4895101267588913,Low
growth_score,1.2172505067689376,Low
stability_score,1.209192760721081,Low
