profile1,profile2,kendall_tau,spearman_r,top10_overlap,top20_overlap
esg_first,balanced,0.7506752578429741,0.9176302782339614,8,11
esg_first,financial_first,0.5927087313917785,0.7862237676722399,7,10
balanced,financial_first,0.8333509015226144,0.9593681365095846,9,18
