factor,corr_with_return
market_score,0.7079362989430061
risk_adjusted_score,0.39446741126758994
sector_position,0.3229478246979787
growth_score,0.21016008368788233
operational_score,0.13429460504212914
stability_score,0.05781867043417515
value_score,0.035597963830228535
financial_score,0.034864826407333266
similarity_rank,-0.06451316583597975
ESG_composite,-0.15934060208010736
