factor,corr_with_return
market_score,0.7014192186842906
risk_adjusted_score,0.4321035742057362
operational_score,0.08601816652097444
financial_score,0.07191008537624347
growth_score,0.07014273222461333
ESG_composite,0.03210209300489562
sector_position,0.028499848832188042
stability_score,0.01852058983965469
value_score,-0.04800320319611846
similarity_rank,-0.0896166149134807
