var1,var2,wilcoxon_stat,wilcoxon_p,wilcoxon_r,wilcoxon_r_size,significant,mean_diff
ESG_composite,financial_score,17475.0,0.2171527537166582,0.07428617311113535,negligible,False,-0.353677856956907
ESG_composite,market_score,18602.0,0.7002316355108369,0.023174746312448213,negligible,False,-0.23305454034005973
ESG_composite,operational_score,17207.0,0.15098626578421784,0.08644044319281072,negligible,False,1.1522700791694147
financial_score,market_score,17990.0,0.39748875180184495,0.05093012097320606,negligible,False,0.12062331661684744
financial_score,operational_score,16402.0,0.04109406294379825,0.12294884947316259,small,True,1.5059479361263224
market_score,operational_score,17282.0,0.16772485838701923,0.0830392266268391,negligible,False,1.3853246195094746
