ticker,company_name,market_cap,total_revenue,ebitda,net_income,gross_profit,total_debt,total_cash,total_assets,roa,roe,debt_to_equity,current_ratio,quick_ratio,free_cashflow,operating_cashflow,trailing_pe,forward_pe,price_to_book,price_to_sales,enterprise_to_revenue,enterprise_to_ebitda,dividend_yield,payout_ratio,revenue_growth,earnings_growth,earnings_quarterly_growth,profit_margins,gross_margins,operating_margins,currency,sector,industry,country,price,beta,employees,52_week_high,52_week_low,50d_avg,200d_avg,avg_volume,avg_volume_10d,avg_daily_volume,avg_daily_volume_30d,avg_daily_volume_90d,price_volatility,price_volatility_30d,price_momentum_1m,price_momentum_3m,price_momentum_6m,price_momentum_12m,price_latest,max_drawdown_1y,sharpe_ratio_1y,sortino_ratio_1y,avg_daily_return,return_skewness,return_kurtosis,amihud_illiquidity,r_d_expenditure,sec_revenue,scope1_emissions,scope2_emissions,scope3_emissions,emissions_intensity,renewable_energy_pct,energy_efficiency,water_usage_intensity,waste_recycling_pct,carbon_reduction_target,environmental_fines,employee_turnover,gender_diversity_pct,women_management_pct,pay_gap_ratio,injury_rate,safety_training_hours,employee_satisfaction,community_investment_pct,supply_chain_audit_pct,human_rights_policy,board_independence_pct,board_diversity_pct,board_size,exec_comp_esg_linked,ceo_pay_ratio,shareholder_rights_score,ethics_compliance_score,anti_corruption_policy,data_privacy_score,tax_transparency_score,esg_controversy_score,esg_risk_rating,esg_data_quality_score,esg_data_source,revenue_per_employee,r_d_intensity,net_margin,operating_margin,market_share,gross_margin,debt_to_ebitda,cash_flow_to_debt,fcf_margin,pct_from_52w_high
ZS,"Zscaler, Inc.",22279159808.0,3001123072.0,-68018000.0,-67630000.0,2299827968.0,1866436992.0,3512751104.0,,-0.014090001,-0.03556,84.995,1.901,1.746,1020966656.0,1114038016.0,,30.196573,10.131618,7.4236073,6.875,-303.344,,0.0,0.259,,,-0.02253,0.76632005,-0.061979998,USD,Technology,Software - Infrastructure,US,138.56,1.115,7923.0,336.99,128.0,165.4546,250.97252,2727304.0,2851290.0,2050204.1832669324,3274893.333333333,2531182.222222222,43.43205853869513,69.64019304642343,-14.448016908651995,-37.180943483887816,-54.9515561455299,-33.0757331666344,138.55999755859375,-60.40086596705023,-0.5750930851436781,-0.6835192781408763,-0.0209410839497225,-0.9274608444543544,7.818860868518289,4.476964034081269e-05,672485000.0,2673115000.0,38.96504745902777,,,,40.759560012995095,,,59.286757981927224,1.0,,,29.180061282412517,,,,37.56823844323435,38.77238098465122,66.23499472692092,47.70725925134466,0.0,20.0,39.47831515835203,40.0,40.0,,20.0,90.0,,60.0,55.0,90.0,40.0,48.90625,real_sec,378786.2011864193,22.407778150592286,-2.253489722929963,-2.266418216386962,0.1114769839575868,76.63224442399675,-27.440339204328264,0.5968795200561477,34.01948642244819,-58.88305290958189
OKTA,"Okta, Inc.",14212091904.0,2919000064.0,249000000.0,235000000.0,2257999872.0,451000000.0,2552999936.0,,0.00999,0.03506,6.444,1.427,1.278,836124992.0,884000000.0,61.213745,18.956596,2.03203,4.868822,4.139,48.525,,0.0,0.116,1.708,1.739,0.08051,0.77355003,0.0657,USD,Technology,Software - Infrastructure,US,80.19,0.762,6366.0,127.567,68.77,80.8154,88.35632,3314165.0,3966990.0,2901759.760956175,4005893.3333333335,3200943.333333333,44.20858276678329,63.6216581522374,0.6779672381448609,-4.124817041389372,-15.518327024534472,-23.90396229697632,80.19000244140625,-45.39670033788688,-0.3819185124726939,-0.4762392978920882,-0.0096706855921996,0.4622057184684625,17.140905297826176,7.745801790331173e-05,639000000.0,2919000000.0,52.06905360143228,,,,48.8652091244029,,,62.760607601101995,0.0,,,43.07545975911162,,,,44.11722446518838,47.06281696644884,55.81310082233545,34.96981064770382,0.0,20.0,49.19063962756554,40.0,60.0,,0.0,90.0,,30.0,40.0,90.0,20.0,48.90625,real_sec,458529.699026076,21.891058101737677,8.050702118792415,8.530318415231115,0.1084265175069511,77.35525256912088,1.8112449799196788,1.960088691796009,28.64422657306252,-37.13891523669914
CRWD,"CrowdStrike Holdings, Inc.",101222457344.0,4812004864.0,-46664000.0,-162502000.0,3599789056.0,820076992.0,5230125056.0,,-0.015700001,-0.04137,18.336,1.773,1.592,1604615040.0,1612349056.0,,64.661835,22.835564,21.035402,20.128,-2075.618,,0.0,0.233,,,-0.033770002,0.74808997,0.0100300005,USD,Technology,Software - Infrastructure,US,399.12,1.072,10698.0,566.9,298.0,413.469,463.91104,3936745.0,3943780.0,4097508.167330677,4794710.0,3426318.888888889,46.98682640499676,58.13813995359392,-6.345036679312866,-12.00670070710922,-19.66183475763035,7.4376175964743,399.1199951171875,-37.17827173511796,0.4369848832773566,0.6388779867645852,0.0878635540660607,0.0284634061145089,4.157207247829451,1.4969895436337642e-05,1384770000.0,,41.26399590506366,,,,26.864161536296002,,,56.97085823581071,1.0,,,33.81186077464555,,,,41.49763005640677,44.694120971649525,63.91901830367971,43.075459759111624,1.0,10.0,49.19063962756554,40.0,0.0,,0.0,0.0,,30.0,90.0,90.0,0.0,48.90625,real_sec,449804.1562908955,28.777402333066306,-3.3770123803432632,-0.9697413306687797,0.17874234950000667,74.80850825673646,-17.57408263329333,1.9660947346758388,33.34608100678761,-29.596048685835243
FTNT,"Fortinet, Inc.",61373280256.0,6799600128.0,2226299904.0,1853400064.0,5470700032.0,1061800000.0,3582500096.0,,0.12866001,1.3571601,85.802,1.172,1.048,1746974976.0,2590599936.0,34.103306,24.943481,49.537815,9.026013,8.61,26.297,,0.0,0.148,-0.011,-0.038,0.27257,0.80456,0.32766,USD,Technology,Software - Infrastructure,US,82.53,0.998,15109.0,109.33,70.12,81.6516,85.1846,6775583.0,6920090.0,5543724.302788844,6295820.0,6378827.777777778,40.51729401978549,33.747773592014866,-2.238805295714508,5.970726360901124,-4.357401896323165,-15.85440738321262,82.52999877929688,-31.557643096243947,-0.151754917217848,-0.1616406716196143,0.0616125786794688,0.6640047189326332,31.618385439112405,3.3108041080215024e-05,815500000.0,6799600000.0,74.82864321718745,,,,37.285710393820324,,,68.55035696639328,1.0,,,67.39240709333504,,,,63.10928392885508,45.87846896904918,46.54919512937059,30.338011155470788,0.0,30.0,48.381279255131076,40.0,30.0,,50.0,90.0,,80.0,90.0,90.0,50.0,48.90625,real_sec,450036.410616189,11.993352324379508,27.25748616257453,32.74162983250065,0.252571752707868,80.45620226213397,0.47693484516271173,2.4398191147108683,25.6923192998681,-24.512942467758158
QLYS,"Qualys, Inc.",3168440064.0,669124992.0,236443008.0,198320000.0,554356992.0,52274000.0,445939008.0,,0.13412,0.38202,9.315,1.407,1.32,259132000.0,309400000.0,16.242647,11.070684,5.6262336,4.735199,4.123,11.667,,0.0,0.101,0.236,0.209,0.29639,0.82848,0.33566,USD,Technology,Software - Infrastructure,US,88.36,0.612,2625.0,155.47,82.06,104.1826,128.389,684522.0,810490.0,415275.2988047809,757543.3333333334,592863.3333333334,39.80429845648888,52.93785834814692,-11.151328987634168,-32.55476351787722,-32.43615121952471,-31.5357180521906,88.36000061035156,-44.32380002970404,-0.7175730989355721,-0.986360797140244,-0.0952415700623794,2.287753835710815,28.285713880441097,0.0002931773187385,117284000.0,94801000.0,77.35748650782693,,,,51.18110887051942,,,69.70830683945154,0.0,,,69.70830683945155,,,,50.666210487142415,29.29759700545393,69.70895936178273,33.81186077464557,0.0,70.0,43.52511702052432,40.0,70.0,,20.0,90.0,,30.0,90.0,67.5,60.0,51.25,real_sec,254904.75885714285,17.527965836314184,29.638707621310907,35.336149572485255,0.02485470745759686,82.84804761858304,0.2210849897494114,5.918812411523893,38.72699467187141,-43.165884093394226
VRNS,"Varonis Systems, Inc.",2656226560.0,623532032.0,-134205000.0,-129324000.0,491558016.0,521747008.0,920966016.0,,-0.052989997,-0.24531999,87.153,1.971,1.837,215746880.0,147431008.0,,54.311405,4.423719,4.2599683,3.603,-16.742,,0.0,0.094,,,-0.20741,0.78834,-0.17073,USD,Technology,Software - Infrastructure,US,22.53,0.675,2658.0,63.9,20.06,25.1147,41.927925,3156909.0,2425390.0,1794326.892430279,2319123.333333333,2800155.5555555555,52.00712914736816,53.47447245654288,-5.455305250619446,-29.681647806299104,-62.10897908922273,-45.78922054337406,22.530000686645508,-66.70352319309978,-0.5061126881729204,-0.424991260986265,-0.0785502635557185,-6.470135930462118,98.00151391878975,0.0002348591205547,237814000.0,270288000.0,41.03410106046007,,,,52.339058743577674,,,67.39240709333502,0.0,,,25.70621166323774,,,,27.089860808107893,25.744553013254954,67.39298293854152,50.023158997461174,0.0,40.0,41.09703590322094,40.0,60.0,,20.0,90.0,,30.0,84.2,72.5,50.0,48.90625,real_sec,234586.9194883371,38.139820858473556,-20.74055435214594,-21.52335294941191,0.02316115289533368,78.83444486778187,-3.887686807495995,0.28257183220876275,34.60076931540864,-64.74178403755869
ESTC,Elastic N.V.,5339239424.0,1677081984.0,-16481000.0,-84515000.0,1275694976.0,591676032.0,1248045952.0,,-0.0071799997,-0.10244001,74.802,1.818,1.633,387170752.0,261163008.0,,17.905098,6.6714945,3.1836483,2.736,-278.383,,0.0,0.177,,,-0.05039,0.76066,0.00233,USD,Technology,Software - Application,US,50.67,1.029,3921.0,96.07,47.49,57.6878,76.0265,2149272.0,2142590.0,1628797.609561753,2556340.0,2066857.7777777775,52.61584331546722,70.17158253621801,-4.432293980627932,-30.168136888334097,-42.14432848872308,-44.556298821154606,50.66999816894531,-48.639780003379,-0.8847505145241302,-1.0596445710840463,-0.0742499654756362,-0.977934737416892,11.707618888038208,0.0001590567556424,365758000.0,1483296000.0,41.03410106046007,,,,60.44470785498548,,,58.12880810886896,0.0,,,32.653910901587295,,,,33.63884683006192,43.509772974249856,44.23321870612937,45.39135950522814,0.0,50.0,36.240873668614185,40.0,30.0,,80.0,90.0,,80.0,55.0,80.0,70.0,48.90625,real_sec,427717.9250191278,21.809190217858784,-5.039407781271592,-0.9827188030898316,0.06229535975055335,76.06634548403807,-35.90049341666161,0.4413952803144813,23.085976457546874,-47.25720828562506
DOCN,"DigitalOcean Holdings, Inc.",9356012544.0,901427008.0,284300000.0,259262000.0,539592000.0,1701208064.0,254475008.0,,0.05644,,,0.689,0.603,112400376.0,309604000.0,35.718254,51.589645,-288.4936,10.379113,10.791,34.215,,0.0,0.183,0.901,0.405,0.28761,0.59860003,0.16006,USD,Technology,Software - Infrastructure,US,90.01,1.434,1462.0,91.53,25.45,66.8374,45.61065,3755550.0,5407730.0,1924998.605577689,4491413.333333333,3059567.777777778,62.64154506090054,85.24304838032525,67.21159032973215,83.80641186951165,132.52390665215813,155.78290891979023,90.01000213623047,-26.854217744749587,1.707635219985752,3.074381639899107,0.2549101124703106,1.0422175209141205,7.150509941087005,0.0004562130930017,161621000.0,901427000.0,49.7701051553964,,,,31.495961028529035,,,46.54930937828639,0.0,,,52.33905874357768,,,,36.91333984103894,50.61586095864782,32.6533365899233,24.548261790179495,0.0,10.0,29.765990689138512,40.0,30.0,,20.0,10.0,,80.0,90.0,50.0,20.0,48.90625,real_sec,616571.1409028728,17.92946057369517,28.76128601640478,31.538881959037106,0.03348358654374821,59.85975516722037,5.983848272951108,0.18199067271762004,12.469160009902875,-1.6606577078553397
PAYC,"Paycom Software, Inc.",6784200192.0,2051699968.0,634499968.0,453400000.0,1788700032.0,90300000.0,370000000.0,,0.05268,0.27417,5.215,1.088,0.092,260975008.0,678899968.0,15.292079,10.730799,3.8178225,3.306624,3.065,9.912,1.21,0.1856,0.102,0.021,0.002,0.22099,0.87181,0.28863,USD,Technology,Software - Application,US,123.56,0.796,5770.0,267.76,104.9,128.0706,181.22185,1891831.0,2420110.0,847394.2231075697,2198133.333333333,1533640.0,38.82464013034219,45.15136143833496,-9.339491395588851,-18.70297886250625,-38.33356509443288,-42.98589367626921,123.55999755859376,-56.76509728406995,-1.3031786859054744,-1.809630541834669,-0.0622210452182158,1.06217019943037,14.876879770445896,0.0001151436803491,283400000.0,150332000.0,75.51832775099822,,,,59.286757981927224,,,74.34010633168457,1.0,,,63.91855747416027,,,,53.94070349811943,36.4036849898519,61.60304188043848,52.339058743577695,0.0,20.0,42.71575664808986,40.0,60.0,,50.0,90.0,,80.0,90.0,62.5,50.0,48.90625,real_sec,355580.5837088388,13.812935829806475,22.098747724891517,30.9255728369734,0.0762105781506975,87.18136471696822,0.14231679204749778,7.518272070874861,12.719940150625375,-53.85419778906484
MANH,"Manhattan Associates, Inc.",8108349952.0,1081392000.0,289054016.0,219948000.0,609052992.0,61063000.0,328747008.0,,0.22131,0.71656996,19.4,1.279,1.207,312002624.0,389470016.0,37.27424,22.873928,25.581747,7.4980674,7.199,26.934,,0.0,0.057,0.101,0.082,0.20339,0.56321,0.24784,USD,Technology,Software - Application,US,134.56,1.047,4370.0,247.22,126.0,143.4982,181.8606,798573.0,556430.0,611224.3027888446,651316.6666666666,706392.2222222222,41.16094246653468,49.33890918534347,-8.462586694834185,-19.560020002076094,-33.17441539991918,-24.780592533011024,134.55999755859375,-44.10809855166688,-0.4509560837628212,-0.6205654504816882,-0.0819990525550764,-1.6723980953873947,19.94008103285379,0.0001409715214601,145062000.0,131300000.0,55.74737111508968,,,,39.60161013993684,,,44.233409632169874,0.0,,,61.60265772804374,,,,51.32110908933782,28.113249008054275,56.971089033956055,31.495961028529045,0.0,50.0,37.85959441348311,40.0,60.0,,50.0,90.0,,30.0,90.0,47.5,60.0,48.90625,real_sec,247458.12356979406,13.414377025167562,20.33934040569932,26.729808986935353,0.040168402209352215,56.32120378179236,0.21125117320632555,6.3781670733504745,28.851944900646576,-45.57074670334115
WK,Workiva Inc.,3410078464.0,884568000.0,-31451000.0,-26169000.0,694137984.0,797347968.0,891620992.0,,-0.01854,,,1.567,1.444,137754752.0,140070000.0,,17.868683,-618.5567,3.8550777,3.749,-105.428,,0.0,0.195,,,-0.029579999,0.78472,0.032899998,USD,Technology,Software - Application,US,60.0,0.679,2860.0,97.095,56.065,65.0158,77.22845,956121.0,685030.0,614648.6055776892,1002906.6666666666,847226.6666666666,44.23012055850404,35.336646517296785,-6.861220575253046,-27.684706379119017,-31.397209435081976,-22.199172895310603,60.0,-38.28099704276124,-0.2146721815805424,-0.3780810657027303,-0.0236042911259467,2.871625516873807,36.55172610233773,0.0004173753659477,214844000.0,884568000.0,49.54021031079281,,,,58.12880810886896,,,66.23445722027677,0.0,,,37.285710393820324,,,,34.293745432257325,31.666293000253255,36.12730122478512,36.12776052076208,0.0,30.0,41.9063962756554,40.0,70.0,,0.0,90.0,,30.0,89.7,47.5,20.0,48.90625,real_sec,309289.5104895105,24.288014036230116,-2.958393249586239,-3.555520887031862,0.032857357189180494,78.47197547277315,-25.352070458808942,0.17566985258812373,15.57311049009234,-38.20485091920284
GLOB,Globant S.A.,2107969920.0,2454876928.0,393580000.0,102918000.0,859291008.0,523775008.0,250336000.0,,0.04736,0.04956,24.23,1.644,1.552,291899008.0,301176000.0,20.895197,7.1568522,1.0018845,0.8586866,0.981,6.117,,0.0,-0.047,0.095,0.082,0.04192,0.35002998,0.19084999,USD,Technology,Information Technology Services,US,47.85,1.218,28773.0,142.245,40.76,51.8638,65.05345,1441565.0,1062440.0,974856.7729083664,1466676.6666666667,1328618.888888889,53.108418698288176,54.23626376404784,-10.056395135515327,-24.13191896995068,-19.512198721534222,-59.42508407504767,47.84999847412109,-70.39042377274971,-1.198127132661965,-1.4257181413124456,-0.2246840769009817,-2.010917276901607,15.031071942359231,0.0002228090571313,,,44.4825237295139,,,,73.18215645862631,,,31.495961028529035,0.0,,,56.97085823581071,,,,60.48968952007346,24.56020501585529,31.495348378302694,38.443660266878595,0.0,30.0,25.71918882696621,40.0,40.0,,60.0,90.0,,30.0,100.0,75.0,40.0,48.90625,real_yahoo,85318.7685677545,,4.192389395416567,16.03257562572196,0.09118662225942395,35.00342514930345,1.330796808780934,0.5750102532574445,11.890576047647796,-66.36085626911314
HUBS,"HubSpot, Inc.",12904027136.0,3131266048.0,30810000.0,45911000.0,2622778880.0,262304992.0,1703794048.0,,0.0020299999,0.0231,12.695,1.669,1.447,651586880.0,760716992.0,284.5,16.018976,6.223166,4.1210256,3.661,372.04,,0.0,0.204,9.681,9.922,0.01466,0.83761,0.05687,USD,Technology,Software - Application,US,244.67,1.439,8882.0,682.565,207.2,259.4478,406.1626,1698463.0,1104600.0,831352.9880478088,1455670.0,1381101.111111111,47.79366485932906,65.08080832260794,-16.056541961695924,-35.988804872337234,-45.03774010329607,-58.739607379841054,244.6699981689453,-68.86082279067149,-1.2733694675535323,-1.585464100046428,-0.1416558781718551,-0.5293684839162666,3.5282335785352976,5.390892348962402e-05,905943000.0,144022000.0,56.666950493504025,,,,54.65495848969419,,,72.02420658556805,1.0,,,41.91750988605335,,,,45.42702166957919,35.219336992452234,41.917242282888154,40.75956001299511,1.0,80.0,30.57535106157297,40.0,70.0,,80.0,90.0,,30.0,83.0,90.0,90.0,48.90625,real_sec,352540.64940328756,28.932163096733454,1.4662120463805444,0.9839470529717186,0.116311156398931,83.76097207310823,8.513631678026615,2.9001239595165615,20.80905518763508,-64.15432962428487
ANSS,ANSS,,,,,,,,,,,,,,,,,,,,,,,,,,,,,,,,,US,,,,,,,,,,,,,,,,,,,,,,,,,,,89233000.0,375401000.0,49.81743176856749,,,,50.0236992794642,,,50.0274184500031,1.0,,,50.02702075014408,,,,50.00000000000001,50.028268176690304,50.0,50.0,1.0,50.0,49.19063962756554,65.0,90.0,,50.0,60.0,,30.0,83.0,57.5,60.0,28.28125,real_sec,,,,,,,,,,
CDNS,"Cadence Design Systems, Inc.",76952379392.0,5296758784.0,1908109056.0,1108888064.0,4574510080.0,2666328064.0,3155529984.0,,0.10981,0.21855,48.707,2.856,2.507,1510117504.0,1728781056.0,68.48157,29.606054,13.838439,14.528202,14.255,39.57,,0.0,0.062,0.146,0.141,0.20934999,0.86364,0.32824,USD,Technology,Software - Application,US,278.72,1.041,13800.0,376.45,221.56,292.8576,321.7707,2520726.0,2382930.0,1956849.003984064,2452013.333333333,2222975.5555555555,38.25489005621059,32.45178146678774,-7.04375512778066,-10.206183408091896,-19.732747074270808,5.20117711644712,278.7200012207031,-28.08741904508758,0.3832248916895137,0.5539597067290658,0.0072991897808545,0.3065537421113745,5.703556711700511,2.791157546223536e-05,,5296759000.0,78.50696073084487,,,,29.18006128241252,,,73.18215645862631,1.0,,,68.5503569663933,,,,63.10928392885508,39.956728982050876,54.65511261071484,60.444707854985495,1.0,50.0,49.19063962756554,40.0,10.0,,90.0,70.0,,30.0,89.9,87.5,60.0,48.90625,real_sec,383823.1002898551,,20.935219239162546,36.02408819831203,0.19674857705774718,86.36432706390733,1.39736670480956,0.6483752240924544,28.510218523857173,-25.960950989507225
NET,"Cloudflare, Inc.",74510704640.0,2167937024.0,-42443000.0,-102267000.0,1615411968.0,3518327040.0,4101251072.0,,-0.026919998,-0.08164,241.126,1.976,1.918,388025120.0,603113984.0,,146.82953,51.046543,34.369404,34.101,-1741.813,,0.0,0.336,,,-0.04717,0.74514,-0.07016,USD,Technology,Software - Infrastructure,US,211.69,1.875,5156.0,260.0,89.42,192.1248,201.68166,4674863.0,3469060.0,3226570.3187251,3889310.0,3835261.111111111,50.85165917325993,62.03376560673971,10.07748173721843,7.994081128150854,-5.73120558296647,77.07235218535082,211.69000244140625,-36.758783848623175,1.41127770892711,2.0806771255929166,0.2118172632155869,0.2076898040405802,5.06781233551111,5.715428106131043e-05,512489000.0,2167937000.0,35.976414479181145,,,,24.548261790179488,,,55.81290836275245,1.0,,,28.02211140935426,,,,33.63884683006192,42.3254249768502,37.285289436405726,51.18110887051943,0.0,20.0,34.62215292374527,40.0,20.0,,0.0,90.0,,30.0,83.3,90.0,10.0,48.90625,real_sec,420468.7788983708,23.6394781917798,-4.717249572651793,-1.9577598209790066,0.08052821395440143,74.51378661449532,-82.89534293051858,0.17142067157008803,17.89835754933811,-18.580769230769235
BILL,"BILL Holdings, Inc.",3869052672.0,1551979008.0,-2262000.0,-24211000.0,1296822016.0,1887090048.0,2241499904.0,,-0.00509,-0.00636,49.571,1.654,0.687,122548376.0,385518016.0,,14.362037,1.0144166,2.49298,2.235,-1533.347,,0.0,0.144,,,-0.0156,0.83559,-0.042600002,USD,Technology,Software - Application,US,38.63,1.325,2364.0,57.21,35.458,42.823,47.32785,2841222.0,2294420.0,2481886.852589641,2009890.0,2636064.4444444445,61.87906996080099,44.39836976224111,-14.402835909951506,-23.59572781079464,-29.01506363857361,-17.333615564879278,38.630001068115234,-36.636477650487976,0.028672247769291,0.0550957885693594,-0.0203540965304904,0.6948387017229386,31.468418170447112,0.0001895628870576,340059000.0,1462570000.0,46.781472175549766,,,,67.39240709333502,,,70.8662567125098,0.0,,,30.338011155470777,,,,27.744759410303296,52.98455695344715,30.337360166682082,39.60161013993685,0.0,30.0,26.528549199400672,40.0,10.0,,20.0,90.0,,80.0,100.0,75.0,30.0,48.90625,real_yahoo,656505.502538071,21.91131440870623,-1.5600082137193443,-0.14574939405365978,0.057648398558353915,83.55924979108997,-834.2573156498673,0.20429232638293263,7.896265050512848,-32.47683971333682
FROG,JFrog Ltd.,6054419968.0,531840000.0,-61012000.0,-71819000.0,408387008.0,12456000.0,704414016.0,,-0.04325,-0.08648,1.404,2.142,2.023,174897120.0,145728992.0,,46.20736,6.821674,11.383912,10.083,-87.892,,0.0,0.252,,,-0.13504,0.76788,-0.13675,USD,Technology,Software - Application,US,50.61,1.136,1800.0,70.43,27.0,46.7436,50.044327,3373921.0,3828870.0,1484767.7290836654,4045266.6666666665,2891265.5555555555,57.599484062198215,104.85602558522756,23.13869218807516,-15.041126624768395,5.262060488655718,52.53164600621434,50.61000061035156,-49.62308160498652,1.016692294603624,1.4193241344085414,0.0990558629500949,-0.7770742705697257,17.886104200258117,0.0004934732318839,,,38.5052577698206,,,,30.338011155470777,,,61.60265772804374,0.0,,,26.864161536296,,,,24.470266399326277,30.481945002853593,62.761030092059094,54.65495848969421,0.0,20.0,31.38471143400743,40.0,0.0,,70.0,90.0,,80.0,86.679,70.0,30.0,48.90625,real_yahoo,295466.6666666667,,-13.50387334536703,-11.471871239470516,0.019755244195464625,76.78756919374248,-0.20415655936537075,11.699501605651895,32.88528880866426,-28.141417009796964
CFLT,"Confluent, Inc.",11133729792.0,1166748032.0,-338046016.0,-295275008.0,866838976.0,1105371008.0,2053971968.0,,-0.0809,-0.27721,94.546,3.83,3.592,210338752.0,64274000.0,,47.630024,9.439537,9.542531,8.686,-29.981,,0.0,0.205,,,-0.25308,0.74294996,-0.27531,USD,Technology,Software - Infrastructure,US,30.99,0.949,3241.0,31.0,15.64,30.5918,24.972,11663133.0,6891380.0,6841930.244897959,14076985.3,12477758.522222225,62.35779416830464,4.430163178717351,0.9446221530026612,3.0595280533118885,58.67894870228516,13.933819492176848,30.989999771118164,-41.828154934171366,0.5873262864527011,0.6459273675010825,0.0881460327478022,-0.0260985934651782,20.968075206174863,0.0003418708575542,53759000.0,2436000.0,32.527991810127325,,,,34.96981064770381,,,54.65495848969419,0.0,,,24.548261790179488,,,,28.399658012498698,37.58803298725155,38.44327764802633,66.23445722027678,0.0,20.0,43.52511702052432,40.0,30.0,,0.0,80.0,,30.0,40.0,40.0,10.0,48.90625,real_sec,359996.3073125579,4.6075929442836205,-25.307521410072535,-28.97335214875254,0.04333895962458216,74.29530217540577,-3.2698832575503567,0.058146992760642405,18.02777859753013,-0.032258064516133
SMCI,"Super Micro Computer, Inc.",13943189504.0,28057104384.0,1096866048.0,872780032.0,2250259968.0,5263713792.0,4106275072.0,,0.03418,0.13193,75.28,1.697,0.981,103480000.0,548956032.0,16.948904,7.716516,1.9890355,0.49695754,0.537,13.736,,0.0,1.234,0.192,0.249,0.03111,0.0802,0.0374,USD,Technology,Computer Hardware,US,23.22,1.629,6238.0,62.36,19.48,29.638,39.8813,37477539.0,71733740.0,54830971.11553785,40310816.66666666,32420056.666666668,98.09254148789944,116.72549291284687,-27.97767337318966,-25.0,-55.77142987932477,-33.827303469982986,23.21999931335449,-66.18349366456124,-0.1033309127772752,-0.1347699624266659,-0.099110419511385,-0.1256109248273469,5.7444433716627135,1.9987461221682388e-05,,,26.32083100583046,,,,74.34010633168457,,,25.706211663237745,0.0,,,38.44366026687858,,,,40.84273145421136,64.82803692744375,28.021383743440868,41.91750988605337,0.0,0.0,28.956630316704054,40.0,10.0,,10.0,0.0,,80.0,56.293000000000006,57.5,0.0,48.90625,real_yahoo,4497772.42449503,,3.110727393870753,3.9094057354881744,1.0421836426811844,8.020285832786243,4.798866554031582,0.10429063085350974,0.3688192430114459,-62.764592687620265
MARA,"MARA Holdings, Inc.",3311843584.0,907092992.0,-352031008.0,-1311480064.0,435808992.0,3645352960.0,547132032.0,,-0.08999,-0.34464002,104.839,1.273,1.084,-401107008.0,-802724992.0,,-7.168724,0.9520166,3.651052,7.073,-18.224,,0.0,-0.056,,,-1.44581,0.48044997,-5.98828,USD,Financial Services,Capital Markets,US,8.71,5.305,266.0,23.45,6.66,8.6316,13.6266,47644450.0,50050980.0,46722373.70517928,49656966.66666666,45165224.44444445,89.61849753748402,82.59018002274676,-0.6841552620853508,-12.108979089222728,-53.64555820245139,-29.87117564699737,8.710000038146973,-70.53415072630399,0.0289055312028478,0.0484942354664947,-0.0042899606218477,0.7514095332451654,2.60911245054086,6.102195438971489e-05,,,33.18665531239516,,,,54.500092761957696,,,54.620198119380625,0.0,,,24.698153941045803,,,,11.292482779169084,66.42086829032246,24.6945862063857,30.6530859933878,0.0,30.0,18.6489702652587,70.0,0.0,,60.0,20.0,,30.0,69.391996,47.5,10.0,48.90625,real_yahoo,3410124.030075188,,-144.58055299362294,-38.80870110393268,0.052373157031795556,48.04457710990672,-10.35520416428771,-0.22020501191741937,-44.21895125830716,-62.857142857142854
RBLX,Roblox Corporation,42600321024.0,4890550784.0,-1006521984.0,-1065057024.0,1161692032.0,1802704000.0,3055141888.0,,-0.09206,-3.67223,480.747,0.955,0.779,1018041600.0,1796358016.0,,-45.19651,107.91742,8.710741,8.451,-41.061,,0.0,0.432,,,-0.21778,0.23753999,-0.25345,USD,Communication Services,Electronic Gaming & Multimedia,US,60.11,1.673,3065.0,150.59,50.1,63.642,99.48225,11986114.0,8658820.0,8440907.17131474,9316820.0,10394541.111111112,52.63085429246115,59.89942619054212,-9.034505228929168,-25.74428304329066,-54.9737823143434,-2.434669672358314,60.11000061035156,-63.33003620890443,0.2566212938737378,0.3474450421890211,0.1556067963528796,-0.4569471975163389,8.203810948788346,4.428895998641446e-05,,,25.435428779478073,,,,34.73988606593307,,,30.354795854994297,0.0,,,25.969705644055516,,,,29.26715778604736,52.28024690968816,43.51006648781062,30.354795854994297,0.0,30.0,30.846728057928164,65.0,40.0,,0.0,50.0,,30.0,82.67999999999999,90.0,10.0,48.90625,real_yahoo,1595612.0013050572,,-21.777854295766783,-20.580953525581467,0.5790235120517115,23.75380776743203,-1.7910229768016672,0.9964797415438141,20.816501963963656,-60.0836708944817
SAMSN,SAMSN,,,,,,,,,,,,,,,,,,,,,,,,,,,,,,,,,US,,,,,,,,,,,,,,,,,,,,,,,,,,,,,49.81743176856749,,,,50.0236992794642,,,50.0274184500031,0.0,,,50.02702075014408,,,,50.00000000000001,50.028268176690304,50.0,50.0,0.0,50.0,49.19063962756554,65.0,90.0,,50.0,60.0,,30.0,83.0,57.5,60.0,23.59375,financial_proxy,,,,,,,,,,
TENB,"Tenable Holdings, Inc.",2098072192.0,999404992.0,32656000.0,-36118000.0,780467968.0,417180000.0,402180992.0,,0.00598,-0.09945,127.822,0.952,0.838,273022240.0,266750000.0,,8.458185,6.381125,2.0993214,2.036,62.308,,0.0,0.105,,,-0.036140002,0.78093004,0.05108,USD,Technology,Software - Infrastructure,US,17.58,0.746,1995.0,35.69,15.85,20.3534,26.80305,2803118.0,3303370.0,1363070.717131474,2994640.0,2347534.4444444445,35.26087109886924,63.1895107821798,-16.99716869498812,-22.657279904298587,-40.44715565347301,-50.0,17.579999923706055,-53.35589017888629,-1.5862119951212197,-1.9258726903450705,-0.1746708912431642,-0.552232072381764,4.545325771340213,0.0003940083122066,639000000.0,2919000000.0,50.689684533810755,,,,68.55035696639328,,,65.07650734721851,0.0,,,39.60161013993684,,,,32.32904962567112,49.43151296124816,52.33913618747363,26.864161536296013,0.0,30.0,37.85959441348311,40.0,30.0,,20.0,90.0,,30.0,40.0,70.0,40.0,48.90625,real_sec,500954.88320802007,63.93804364747459,-3.61395032935757,3.267544214948248,0.037122987490836284,78.09326291618123,12.774987751102401,0.63941224411525,27.318478713382294,-50.74250490333427
CWAN,"Clearwater Analytics Holdings, ",7112855552.0,731368000.0,86555000.0,-38807000.0,492148000.0,860336000.0,91245000.0,,0.00029999999,-0.026300002,42.358,1.832,1.631,175079744.0,175896000.0,,26.802103,3.430878,9.725412,10.643,89.932,,0.0,0.72,,,-0.053060003,0.67291,-0.03101,USD,Technology,Software - Application,US,23.8,0.638,3000.0,25.069,15.735,23.541,21.3383,9807301.0,4683150.0,4319535.258964144,5232803.333333333,10432623.333333334,38.46374277987417,8.20329275343719,1.104495800430083,-1.2857792013406977,35.30414457420583,-10.961467846439954,23.799999237060547,-40.55368269567378,-0.0813081312554472,-0.1028011481912187,0.0938740210459022,1.7692223880653597,14.104904720355364,0.0002730562203995,,,35.28672994537038,,,,33.81186077464555,,,50.02315899746116,0.0,,,31.495961028529035,,,,31.674151023475716,26.928901010654613,45.39120691774998,46.5493093782864,0.0,40.0,47.57191888269662,40.0,50.0,,20.0,30.0,,30.0,100.0,37.5,40.0,48.90625,real_yahoo,243789.33333333334,,-5.306083941326391,11.834671464980694,0.027166729536606073,67.29143194670809,9.939760845705043,0.2044503542801882,23.93866617079227,-5.062028800510587
RPD,"Rapid7, Inc.",353846016.0,859793984.0,57537000.0,23381000.0,604753984.0,968368000.0,474670016.0,,0.00448,0.27118,625.844,1.281,1.12,123466624.0,153827008.0,14.916666,3.3698347,2.2851064,0.41154745,0.986,14.73,,0.0,0.005,0.39,0.441,0.027190002,0.70337,0.010140001,USD,Technology,Software - Infrastructure,US,5.37,0.905,2613.0,27.1,5.24,7.8678,15.927725,1883495.0,2751900.0,1023724.1035856572,2248670.0,1632411.111111111,50.66145212768329,66.29707205991447,-23.721592121349644,-62.368607475149005,-71.20643434103047,-80.43002995246296,5.369999885559082,-80.79446108470164,-2.419675916288324,-2.523220203510213,-0.3848675100851163,-2.185851046434303,16.755780050364294,0.0009876182870975,190660000.0,685083000.0,39.424837148234964,,,,74.4559013189904,,,52.339058743577674,0.0,,,34.96981064770381,,,,31.019252421280317,34.03498899505257,34.96931301316451,32.6539109015873,0.0,70.0,33.81279255131081,40.0,50.0,,60.0,40.0,,30.0,90.0,75.0,60.0,48.90625,real_sec,329044.769996173,22.175079559523876,2.719372365368865,6.6919519176351905,0.03193712415709876,70.33708019059598,16.83035264264734,0.1588518084034169,14.360024179931921,-80.18450184501845
ILMN,"Illumina, Inc.",19476402176.0,4343000064.0,1139000064.0,850000000.0,2964000000.0,2552999936.0,1632999936.0,,0.083900005,0.33359,93.757,2.075,1.582,786000000.0,1079000064.0,23.372477,21.825247,7.1573853,4.4845505,4.696,17.907,,0.0,0.05,0.864,0.786,0.19572,0.68248004,0.19672,USD,Healthcare,Diagnostics & Research,US,127.38,1.493,8600.0,155.53,68.7,127.6084,114.7693,2028111.0,1339600.0,2102184.338645418,1723836.6666666667,1883825.5555555555,44.79801644484096,40.206371965165175,-0.670623988543062,-5.187948294343448,28.277938911063384,55.5691274135951,127.37999725341795,-25.66417362133443,1.226813973808573,2.218408661444928,0.0438980929821011,1.3009693282970205,11.906568631979589,9.135956849901612e-05,967000000.0,4343000000.0,56.76791256763753,,,,44.233409632169874,,,57.78213415944701,1.0,,,54.45643580070897,,,,54.6470522524379,47.06281696644884,60.000428614144475,41.153642365756816,0.0,80.0,36.48279394853541,65.0,30.0,,80.0,60.0,,30.0,90.0,65.0,70.0,51.25,real_sec,505000.00744186045,22.265714615471854,19.571724325905972,26.226112070349718,0.19408450902375404,68.24775400233565,2.2414396773905714,0.42264006699920265,18.098088611955408,-18.099402044621616
ALGN,"Align Technology, Inc.",12240550912.0,4034963968.0,851347008.0,410351008.0,2816613120.0,114446000.0,1094908032.0,,0.06938,0.103870004,2.826,1.363,1.173,483692384.0,593222976.0,30.19469,13.881318,3.0067503,3.0336208,2.771,13.132,,0.0,0.053,0.356,0.308,0.1017,0.69805,0.22384001,USD,Healthcare,Medical Instruments & Supplies,US,170.6,1.811,20290.0,208.31,122.0,176.8918,159.42125,1254777.0,1103070.0,1075115.737051793,1318640.0,1319018.888888889,46.66441656882175,42.40667633260716,-2.84738031105336,9.33795259771033,32.556340441969,4.037084125173429,170.60000610351562,-39.726822828367744,0.4507114597084484,0.4419407887857058,-0.0717406126104242,-3.570708734823932,48.29177994857548,9.579712691377604e-05,369911000.0,387126000.0,62.0724926882183,,,,60.44470785498549,,,61.10783251818505,0.0,,,59.9992663986057,,,,64.60502136480483,28.113249008054275,51.13086886767487,30.067981169963364,0.0,50.0,30.95302783657262,70.0,10.0,,50.0,90.0,,55.0,87.1,52.5,30.0,48.90625,real_sec,198864.66081813702,9.16764072575728,10.169880357157131,21.099246852060116,0.18031867122206388,69.80516164054133,0.13442932074062097,5.18343127763312,11.987526724798748,-18.102827516681874
INCY,Incyte Corporation,19091460096.0,5141241856.0,1439769984.0,1286649984.0,2718960128.0,54920000.0,3580603904.0,,0.13571,0.2987,1.063,3.316,3.039,609552000.0,1413497984.0,14.965679,11.091802,3.6842308,3.7133946,3.028,10.811,,0.0,0.278,0.436,0.487,0.25026,0.52884996,0.25572002,USD,Healthcare,Biotechnology,US,95.93,0.857,2844.0,112.29,53.56,98.186,90.72375,1849365.0,1717140.0,2152195.6175298803,1671026.6666666667,1916765.5555555555,33.34188138489325,23.944884280804864,-1.438406965520278,-5.413131495648715,11.184517457590015,53.90662199111402,95.93000030517578,-18.332275209380544,1.5060052478070254,2.329270387251152,0.1319002130951158,0.3073340987801383,5.309880737295487,9.619271687236334e-05,2050152000.0,3394635000.0,56.21916289999124,,,,54.654958489694195,,,38.93651012659814,0.0,,,67.75922923566111,,,,48.67227078501774,60.090644937845106,50.02217389936617,51.13073744197093,0.0,70.0,45.391861573364345,70.0,20.0,,40.0,20.0,,30.0,90.0,75.0,40.0,48.90625,real_sec,1807750.3009845288,39.876591248229346,25.026054405482533,28.00432316405696,0.22975716939665555,52.88527955219385,0.038144981913999954,25.73739956300073,11.856123813522458,-14.569418470032947
BMRN,BioMarin Pharmaceutical Inc.,10673946624.0,3221253120.0,722888000.0,348900992.0,1701089024.0,642873024.0,1560609024.0,,0.05578,0.05941,10.561,5.209,3.253,402657984.0,827993984.0,30.833334,8.241758,1.753333,3.3136008,3.029,13.496,,0.0,0.17,,,0.10831001,0.52808,0.22485,USD,Healthcare,Biotechnology,US,55.5,0.291,3221.0,66.28,50.76,58.3736,56.5309,2186611.0,2022650.0,2095428.486055777,2219146.6666666665,2546208.888888889,34.070566529375505,27.795934260071668,-8.370479974193323,-6.644240054243777,-0.1259667000335418,-18.76463663947504,55.5,-24.677986952082552,-0.3941253264708071,-0.6647168141314679,-0.0659792398557313,-0.2450011238578196,19.834001598711023,0.0001084453340227,921930000.0,1313646000.0,51.28041589117467,,,,59.286757981927224,,,37.82794400701879,0.0,,,61.10783251818505,,,,47.34454157003548,55.353252948246464,52.239563835983574,66.65066311608177,0.0,90.0,49.385581543115244,70.0,60.0,,70.0,70.0,,30.0,89.3,77.5,80.0,48.90625,real_sec,1000078.5842905929,28.620228391117553,10.831219373409564,22.44120449621792,0.1439547135674267,52.808300392115726,0.889312070472881,1.2879588240429887,12.500041722893233,-16.264333132166563
ALKS,Alkermes plc,5806083584.0,1475899008.0,281120992.0,241664000.0,1279442048.0,69999000.0,588214976.0,,0.06988,0.14716,3.848,3.55,1.697,-363090624.0,520753984.0,24.363638,17.473118,3.171309,3.9339302,3.583,18.81,,0.0,-0.106,-0.67,-0.663,0.16374001,0.86689,0.1511,USD,Healthcare,Drug Manufacturers - Specialty & Generic,US,34.84,0.39,2050.0,36.48,25.17,31.4148,29.7287,2406450.0,3891770.0,1920404.1832669324,2800830.0,2172750.0,36.174089717406126,62.861882732637056,22.892415110372237,23.28379288893729,11.452334924804042,6.707499308914744,34.84000015258789,-22.196792118852706,0.3687048362678388,0.5586528472343745,0.0815475446218052,0.8108505768664723,7.12538875283426,0.0003046290272531,,,56.76791256763753,,,,53.49700861663593,,,74.47713992031194,0.0,,,41.15364236575682,,,,32.07565559773953,51.80020895604748,24.52218962826607,55.56500192028831,0.0,50.0,43.24139697426771,70.0,80.0,,80.0,70.0,,30.0,100.0,62.5,70.0,48.90625,real_yahoo,719950.7356097561,,16.374020084713006,19.04744094793781,0.06595651165441144,86.6889970834644,0.24899954820876558,7.439448906412949,-24.601319062611633,-4.495614035087703
IONS,"Ionis Pharmaceuticals, Inc.",12354710528.0,943710976.0,-369236992.0,-381387008.0,12183000.0,2615865088.0,2680448000.0,,-0.07309,-0.70795,534.844,3.826,3.514,-154724496.0,-268583008.0,,-120.219894,24.97162,13.091625,13.023,-33.285,,0.0,-0.103,,,-0.40414003,0.01291,-1.0547299,USD,Healthcare,Biotechnology,US,74.79,0.4,1402.0,86.74,23.95,78.5818,66.27495,2356780.0,2314420.0,1839689.442231076,2462446.6666666665,2201793.333333333,45.267279451697,35.814533025729936,-0.4922867596513502,-6.125263418570215,9.34210416242578,160.50157889408055,74.79000091552734,-19.445086352397944,2.2621389008400743,4.996136111505337,0.1454294065906695,3.4389926507042685,43.96621024106201,0.0002574257892272,848329000.0,4769507000.0,21.64793383827522,,,,24.548261790179488,,,26.742282811225337,0.0,,,24.525150572066636,,,,22.117686485372595,49.43151296124816,25.63088459657477,58.89070027902635,0.0,70.0,47.54232617246099,70.0,70.0,,50.0,40.0,,30.0,90.0,75.0,60.0,48.90625,real_sec,673117.6718972896,89.89288262765739,-40.4135394945327,-39.12606734373724,0.042173538737780625,1.2909672886966614,-7.084515215636899,-0.10267464068850328,-16.395326528447626,-13.776804242563967
EXAS,Exact Sciences Corporation,20026083328.0,3246990080.0,71456000.0,-207948992.0,2262839040.0,2534827008.0,964710976.0,,-0.01592,-0.08659001,105.572,2.427,1.97,281868512.0,491438016.0,,55.215794,8.336778,6.167584,6.651,302.231,,0.0,0.231,,,-0.06404,0.6969,-0.09279,USD,Healthcare,Diagnostics & Research,US,104.91,1.442,7100.0,104.98,38.8118,103.1134,75.67735,2473639.0,3743537.0,3031371.139676113,2463000.533333333,4394429.855555556,51.85339632102104,3.5628129134263977,1.4603502069122865,3.0347711417664014,95.87378822291306,129.964941074967,104.91000366210938,-29.5626746596657,2.1585489932363666,4.0367792326919885,0.1261959757010103,1.4603295541668917,20.919344212803573,0.0001535469397728,522996000.0,1036000.0,38.842090091192176,,,,37.28571039382033,,,59.9992663986057,0.0,,,25.633716691645983,,,,36.058843242686294,43.509772974249856,45.58739402613137,44.479340724494854,0.0,80.0,39.55488623295918,70.0,70.0,,60.0,90.0,,30.0,40.0,45.0,80.0,48.90625,real_sec,457322.54647887324,16.107101873252414,-6.404361789734818,2.200684271878034,0.14510487363460464,69.69035889385901,35.47395611285266,0.1938743805589119,8.680916943238707,-0.06667936749857883
TECH,Bio-Techne Corp,8312364032.0,1215577984.0,330536992.0,81060000.0,809633984.0,350895008.0,179544992.0,,0.06518,0.03966,17.449,4.539,2.593,260637504.0,249316992.0,100.24529,24.439274,4.1182857,6.8381987,6.979,25.666,0.6,0.6038,-0.004,0.091,0.089,0.06672,0.66605,0.1967,USD,Healthcare,Biotechnology,US,53.13,1.486,3100.0,72.16,46.01,58.0788,57.709,2435201.0,2004020.0,1696641.8326693226,2347136.6666666665,2197138.888888889,41.15527267268602,40.22811298209709,-4.9382686557058575,-10.81059152606193,-14.199945012407934,-8.462028962037238,53.130001068115234,-31.527494212995165,0.0610325540762287,0.0928355689001537,-0.0134998593409677,0.4789144225778316,4.159930744744539,0.0001927975550998,15547000.0,134332000.0,53.29249800587771,,,,33.81186077464555,,,52.23930356155028,0.0,,,53.34786968112963,,,,42.03362471010645,38.77238098465122,66.65259842399668,72.1934937139785,0.0,90.0,30.338609379687863,75.0,0.0,,90.0,30.0,,30.0,100.0,47.5,20.0,51.25,real_sec,392121.9303225806,1.2789800576052552,6.668432718175982,27.191755391318438,0.05432301467373976,66.60485749633321,1.0615907341469362,0.7105173522445779,21.441446573616126,-26.37195121951219
DXCM,"DexCom, Inc.",24266811392.0,4662000128.0,1163600000.0,836300032.0,2801900032.0,1396400000.0,1998700032.0,,0.088870004,0.34497002,50.852,1.883,1.535,719537472.0,1440700032.0,29.770336,20.801365,8.719171,5.205236,5.007,20.062,,0.0,0.131,0.78,0.762,0.17939,0.60101,0.25643,USD,Healthcare,Medical Devices,US,62.22,1.556,11000.0,89.98,54.11,69.3988,71.64195,5040203.0,3887100.0,4476829.083665338,4000936.6666666665,4901730.0,49.79242025770369,27.99363002418706,-11.98189408427842,-6.492334889367479,-6.351597028348643,-8.687992694412404,62.220001220703125,-38.74678778028843,0.0376285161235872,0.0472653999117649,-0.1038833940817125,-4.352373387036327,58.16750900305174,5.033540067794973e-05,599100000.0,221000000.0,60.24332712939733,,,,41.91750988605336,,,45.58790684407421,1.0,,,68.86779535524047,,,,64.60502136480483,42.3254249768502,55.56564874090967,40.04507624617747,0.0,40.0,38.32604931918967,70.0,70.0,,40.0,80.0,,30.0,90.0,80.0,60.0,48.90625,real_sec,423818.19345454546,12.850707497878473,17.938653132529474,24.959244273963265,0.20834031604369752,60.10081413708619,1.2000687521485047,1.0317244571755944,15.434093784735307,-30.85130028895311
VEEV,Veeva Systems Inc.,28599154688.0,3195311104.0,984968000.0,908905984.0,2413292032.0,95859000.0,6560814080.0,,0.07254,0.13933,1.329,4.885,4.808,1048066496.0,1415224960.0,31.922935,17.59624,3.9494236,8.950351,6.87,22.286,,0.0,0.16,0.232,0.248,0.28445,0.75526,0.29413,USD,Healthcare,Health Information Services,US,173.98,1.103,7928.0,310.5,168.14,187.5056,249.31935,2181549.0,1924360.0,1312465.3386454184,2099416.6666666665,2028940.0,34.13186419348096,33.96002823870432,-11.261859688872,-20.734433744885205,-42.158984412690096,-23.201200280873813,173.97999572753906,-43.83449650331461,-0.5585319785287086,-0.8367305913839016,-0.021455863126356,1.212893642163092,14.767831216799763,4.932301216278637e-05,,,71.58415359408724,,,,30.33801115547078,,,65.54209699650242,1.0,,,71.08492759439915,,,,63.94115675731369,39.956728982050876,67.76129339230538,65.54209699650241,1.0,60.0,43.85581543115246,70.0,0.0,,70.0,90.0,,55.0,88.889,90.0,30.0,48.90625,real_yahoo,403041.25933400606,,28.444991877698556,30.825417868294053,0.1427953897442055,75.52604279999397,0.09732194345400054,14.763610719911537,32.800139388242805,-43.967793880837355
TFX,Teleflex Incorporated,5207267840.0,1992712960.0,469188000.0,58530000.0,1123453952.0,2822424064.0,404824000.0,,0.025940001,0.01581,90.324,2.544,0.985,12825875.0,340676992.0,89.9313,11.619489,1.6662422,2.613155,3.826,16.251,1.15,1.0382,,,,-0.45448002,0.56378,0.40557,USD,Healthcare,Medical Instruments & Supplies,US,117.81,0.835,15500.0,138.93,100.18,110.2804,117.71505,985240.0,828050.0,648997.0119521912,901310.0,885087.7777777778,37.479464767286935,36.72284567133432,0.4947554825496247,-3.4708527658438126,-5.561846026636886,-15.710352550956408,117.80999755859376,-28.41724619832292,-0.2206563232360956,-0.2884530337937612,-0.0869360272430503,-2.3439248439370104,19.98506203523877,0.0001681216417951,,,61.70665957645409,,,,63.91855747416026,,,41.15364236575683,0.0,,,74.41062595313718,,,,69.25207361724273,25.744553013254958,63.32651351907057,73.30205983355785,0.0,50.0,38.32604931918967,70.0,60.0,,90.0,60.0,,30.0,100.0,42.5,80.0,48.90625,real_yahoo,128562.1264516129,,2.9372017533323014,23.545187361053745,0.08905243167568869,56.37811238001884,6.015550406233748,0.12070368742434305,0.6436388610630605,-15.201900237529697
STE,STERIS plc (Ireland),21465733120.0,5828015104.0,1574845952.0,708524032.0,2583096064.0,2053699968.0,423700000.0,,0.06606,0.10468,28.651,2.479,1.533,870695744.0,1266786944.0,30.503487,19.741398,2.998862,3.683198,3.962,14.664,1.12,0.33470002,0.092,0.121,0.112,0.12144,0.44322,0.18494,USD,Healthcare,Medical Devices,US,218.71,1.07,17787.0,269.44,204.9,239.5204,244.47415,833173.0,813090.0,603273.3067729083,917320.0,758273.3333333334,23.220299239594176,23.61481702026074,-8.301533792707062,-12.30754039157903,-9.543635632491188,-3.170470186035057,218.7100067138672,-20.755610655621947,0.0320465529111333,0.0491243321357234,0.0159615933581535,0.799660754881399,7.254523339971106,7.747033108168213e-05,107648000.0,5459515000.0,42.50042120883409,,,,55.81290836275245,,,33.39367952870141,1.0,,,51.13073744197093,,,,57.96637528989354,31.666293000253255,69.97868332892277,63.324964757343736,1.0,60.0,43.85581543115246,70.0,40.0,,20.0,20.0,,30.0,90.0,37.5,30.0,48.90625,real_sec,327655.87811322877,1.8470782604203766,12.157209948095565,27.021995034280543,0.26044840740828107,44.32205507201101,1.3040640358454565,0.616831554627555,14.93983334741886,-18.82793942992874
BIO,"Bio-Rad Laboratories, Inc.",7560398336.0,2583200000.0,431600000.0,759900032.0,1343600000.0,1384800000.0,1540700032.0,,0.01669,0.108380005,18.579,5.621,3.894,256550000.0,532200000.0,10.049891,24.698751,1.0138761,2.9267569,2.865,17.148,,0.0,0.039,,,0.29417,0.52013,0.088719994,USD,Healthcare,Medical Devices,US,279.99,1.158,7450.0,343.12,211.43,279.6512,288.27505,291413.0,361250.0,272949.80079681275,302036.6666666667,251496.66666666663,39.29910697512053,27.38371490481546,0.3440459661247619,-8.281193595537061,-4.842985478843054,14.039583480807403,279.989990234375,-24.48565193271707,0.5691852495279797,0.9050857322446544,-0.0013603254767426,0.6800351807439221,8.055469713241706,0.0002380786059771,275600000.0,2583200000.0,33.903343082375606,,,,62.760607601102,,,36.71937788743945,1.0,,,35.61081176786009,,,,42.03362471010645,34.03498899505258,46.696088994440075,67.75922923566111,1.0,10.0,32.79628320722688,70.0,40.0,,0.0,60.0,,80.0,90.0,30.0,10.0,48.90625,real_sec,346738.25503355707,10.66893775162589,29.41700340662744,16.707959120470733,0.11544073136586566,52.01300712294829,3.2085264133456906,0.38431542461005197,9.931480334468876,-18.39881091163441
HOLX,"Hologic, Inc.",16888477696.0,4126500096.0,1350700032.0,543800000.0,2491500032.0,2520300032.0,2366599936.0,,0.07434,0.108559996,48.051,4.04,3.102,848612480.0,1097699968.0,31.390041,15.590063,3.2172325,4.092688,4.13,12.617,,0.0,0.025,-0.092,-0.109,0.13178,0.60378,0.22990999,USD,Healthcare,Medical Instruments & Supplies,US,75.65,0.703,7070.0,75.78,51.9,75.2674,71.2183,2812201.0,2785520.0,2379972.310756972,3041866.6666666665,2816687.777777778,23.05935302080297,2.5677045319377045,-0.1320111869585361,1.4619152400435098,11.397434025008144,24.91743693923212,75.6500015258789,-14.524232912842672,0.9602722074858197,1.4786451802694405,0.0055251736557012,1.3156396908405972,26.27499474450696,6.0714325770705966e-05,248200000.0,4100500000.0,56.402079455873334,,,,48.8652091244029,,,46.696472963653555,1.0,,,62.216398637764385,,,,56.638646074911286,48.2471649638485,64.43520848737927,61.10783251818504,0.0,50.0,47.54232617246099,70.0,40.0,,30.0,30.0,,30.0,90.0,42.5,40.0,48.90625,real_sec,583663.3799151344,6.014782363402615,13.178237909824103,32.73233976922219,0.1844093330224353,60.37804371833462,1.8659213535874115,0.43554336946498917,20.56494511711263,-0.17154922143045592
NTRA,"Natera, Inc.",29477263360.0,2306113024.0,-271427008.0,-208160000.0,1493180032.0,214376992.0,1076140032.0,,-0.09544,-0.14317,12.519,3.393,3.111,141016496.0,215300992.0,,-293.6658,16.966877,12.782228,12.409,-105.426,,0.0,0.398,,,-0.09026,0.64749,-0.03424,USD,Healthcare,Diagnostics & Research,US,207.98,1.68,6135.0,256.36,125.38,208.6651,192.67418,1207434.0,1136640.0,1331458.565737052,1257146.6666666667,1215547.7777777778,43.61083044425036,48.65543940550432,5.4986285743388486,-9.115539653982086,29.81710692952433,45.23743027921348,207.97999572753903,-28.203617028856986,1.1487406771051842,1.7470725130120492,0.1987891374640834,0.7680479156990155,6.232999401757681,0.0001047680624868,624110000.0,53765000.0,35.915425197078655,,,,26.864161536296006,,,51.130737441970936,0.0,,,27.850848930804673,,,,34.06724942021291,37.58803298725156,40.04391918458787,54.45643580070897,0.0,20.0,38.94046777607443,70.0,50.0,,20.0,90.0,,30.0,90.0,67.5,40.0,48.90625,real_sec,375894.5434392828,27.063287597130365,-9.026443970163363,-11.769891812553244,0.10305798006461292,64.74877928619685,-0.7898145198579501,1.0043101640310357,6.114899596525587,-18.87189889218288
MEDP,"Medpace Holdings, Inc.",14143528960.0,2530234112.0,563059008.0,451123008.0,1798105984.0,136852000.0,497048992.0,,0.16404,0.70235,29.811,0.736,0.687,472381376.0,713222976.0,32.656616,25.944857,30.79785,5.5898104,5.447,24.479,,0.0,0.32,0.269,0.155,0.17829001,0.71065,0.21634,USD,Healthcare,Diagnostics & Research,US,498.34,1.391,6200.0,628.916,250.05,487.4052,496.3466,343696.0,296290.0,349383.06772908365,319216.6666666667,314274.44444444444,56.05628513122692,33.65510185064305,6.169839182286507,-12.728104218311351,-7.055595758445254,60.11951892382961,498.3399963378906,-32.960571304537766,1.043995939967301,2.166715145330181,0.1011944587995563,6.875922851619172,115.79564361070076,0.0001382300065648,,2530234000.0,62.438325799982486,,,,40.759560012995095,,,63.324964757343736,0.0,,,58.89070027902635,,,,53.31932303745564,41.14107697945054,62.217818550761876,24.525150572066636,0.0,10.0,37.097212405420166,70.0,60.0,,30.0,40.0,,80.0,89.8,50.0,30.0,48.90625,real_sec,408102.27612903225,,17.82929910953631,22.253237569188222,0.11307373661200901,71.06480682843628,0.24305090240204452,5.211637213924532,18.669473064158897,-20.762073154443527
HRMY,"Harmony Biosciences Holdings, I",1604498688.0,868452992.0,233804000.0,158687008.0,670110976.0,169248000.0,775340032.0,,0.114750005,0.20752001,19.449,3.597,3.459,211456496.0,348199008.0,10.236162,4.78953,1.8401327,1.8475366,1.15,4.27,,0.0,0.211,-0.55,-0.546,0.18271999,0.77161,0.15817,USD,Healthcare,Biotechnology,US,27.74,0.891,293.0,40.87,25.52,31.515,33.2636,874785.0,740800.0,667273.3067729083,1107163.3333333333,819058.8888888889,44.60876276048094,57.70451204430928,-2.7008083184216547,-25.789194814175364,3.662180619784228,-14.724866854981922,27.739999771118164,-34.485307294076264,-0.1567919645174047,-0.1782347858869979,0.0135986373062031,-0.8415443271413046,10.325732376419683,0.0009663950006119,,,56.95082912351962,,,,69.70830683945155,,,69.97636147481981,0.0,,,45.587906844074205,,,,32.07565559773953,61.27499293524477,65.54390345568797,56.67356803986766,0.0,10.0,34.63953857788115,70.0,0.0,,20.0,10.0,,80.0,91.136,47.5,0.0,48.90625,real_yahoo,2964003.385665529,,18.272377372384017,26.92189469709375,0.03881033158615449,77.16145631057944,0.7238883851431114,2.0573301191151447,24.34864039250152,-32.12625397602154
PEN,"Penumbra, Inc.",12964334592.0,1403665024.0,206520000.0,177687008.0,942436992.0,219699008.0,544816000.0,,0.07041,0.13781999,15.389,6.644,4.013,92686248.0,238663008.0,72.92715,51.76677,9.078069,9.23606,9.004,61.201,,0.0,0.221,0.383,0.406,0.12659,0.67140996,0.1537,USD,Healthcare,Medical Devices,US,330.36,0.839,4700.0,362.41,221.26,341.4166,287.1683,1052626.0,734090.0,510739.8406374502,668423.3333333334,862007.7777777778,37.89587951213604,9.038108366992812,-3.012157217046263,6.76749111728634,30.32465903689108,19.11302616963415,330.3599853515625,-24.76482947343689,0.7107203605833003,1.354403547082624,0.1135198611641148,1.6590656106513946,9.39474002720281,0.0001520340255303,,,47.80500132941485,,,,29.18006128241252,,,54.456435800708974,0.0,,,43.37077460491552,,,,40.04203088763307,30.481945002853593,41.152614152896575,68.86779535524046,0.0,50.0,44.470233888037214,70.0,30.0,,60.0,30.0,,30.0,95.267,55.0,50.0,48.90625,real_yahoo,298652.13276595745,,12.65879002197037,14.71291201739027,0.06272844416353568,67.14116088141554,1.0638146813867906,1.0863180957102911,6.603160042833696,-8.843574956540934
RVMD,"Revolution Medicines, Inc.",19642947584.0,,-1174619008.0,-1131300992.0,-987331968.0,427148000.0,2025678976.0,,-0.30084,-0.58068,26.185,7.145,6.975,-523279008.0,-897740992.0,,-14.715664,11.969569,,,-15.362,,0.0,,,,0.0,0.0,0.0,USD,Healthcare,Biotechnology,US,99.12,1.012,883.0,124.49,29.17,99.115,67.0402,3290373.0,2007740.0,1937946.4143426293,2215516.6666666665,2948385.5555555555,49.22568031101899,30.103926300819182,-0.5218753976833357,25.436607134150396,116.8927813825414,186.47400901106505,99.12000274658205,-24.953350648579008,2.245752429787492,3.905153151942802,0.2763488344846271,1.6910880031189095,17.0525713502271,0.0002789364433725,13300000.0,310943000.0,24.84897356621189,,,,50.02315899746116,,,25.07943363185632,0.0,,,30.62226422975304,,,,25.105077219082677,50.023686959947995,28.40262201734652,69.9763614748198,0.0,30.0,43.85581543115246,70.0,20.0,,20.0,50.0,,30.0,40.0,70.0,30.0,46.71875,real_sec,,,,,,,-0.3636481251289269,-2.101709459016547,,-20.379146919431268
PCVX,"Vaxcyte, Inc.",8477141504.0,,-907278976.0,-766627968.0,,117481000.0,1560958976.0,,-0.17725,-0.25591,4.375,7.909,7.813,-430852864.0,-655577024.0,,-8.010065,2.8490558,,,-7.67,,0.0,,,,0.0,0.0,0.0,USD,Healthcare,Biotechnology,US,58.38,1.386,507.0,65.0,27.66,56.4196,43.548176,1419740.0,1647560.0,1385415.737051793,1387823.3333333333,1403406.6666666667,64.67668968436841,39.85575613066126,0.223177799339469,25.656483466497427,45.477197892477264,73.28585172999189,58.380001068115234,-20.60476070557509,1.3466465814730002,2.151403979857146,0.0683776087811858,-1.3827516841452676,44.03559526362222,0.000352050450744,,,24.84897356621189,,,,50.02315899746116,,,25.07943363185632,0.0,,,30.62226422975304,,,,24.441212611591546,50.023686959947995,28.40262201734652,74.41062595313718,0.0,50.0,33.410701664111635,70.0,0.0,,20.0,80.0,,30.0,100.0,42.5,10.0,46.71875,real_yahoo,,,,,,,-0.1294871843255409,-5.580281271014036,,-10.18461538461538
AZTA,"Azenta, Inc.",1042372352.0,595027008.0,37328000.0,26341000.0,265156992.0,54462000.0,409656000.0,,-0.00592,0.01534,3.176,2.919,2.229,108520128.0,63230000.0,39.017242,21.349056,0.60728854,1.7518067,1.155,18.409,,0.0,0.008,,,-0.10118,0.44562,-0.040999997,USD,Healthcare,Medical Instruments & Supplies,US,22.63,1.465,3000.0,41.73,19.87,27.4364,31.0629,876245.0,1001290.0,694850.0,958243.3333333334,852655.5555555555,51.77918508023258,54.04074200225498,-8.713197559455566,-32.225218405417664,-28.1359183066039,-36.09150167104425,22.6299991607666,-51.47524888319408,-0.369162789375577,-0.465145061589501,-0.1369979907544113,-0.5555075269748292,7.777365299281799,0.0009415529730221,,,26.952513958855985,,,,70.86625671250981,,,34.502245648280756,0.0,,,26.74228281122533,,,,26.10087413031937,26.928901010654616,61.10912358245318,48.913605202812235,0.0,80.0,26.037680181494586,70.0,80.0,,40.0,0.0,,30.0,100.0,35.0,50.0,48.90625,real_yahoo,198342.336,,4.426857881382083,6.273328688972719,0.02659118650741824,44.56217758774405,1.4590120017145307,1.1609929859351475,18.237849129698663,-45.770428947999044
NEOG,Neogen Corporation,2046919424.0,880318976.0,90364000.0,-602739008.0,404774016.0,795070976.0,145340000.0,,-0.00459,-0.25253,37.78,3.907,1.886,-924000.0,66202000.0,,29.103394,0.97260976,2.325202,3.063,29.842,,0.0,-0.028,,,-0.68468004,0.4598,-0.023929998,USD,Healthcare,Medical Devices,US,9.41,1.967,2974.0,11.43,3.87,10.0958,7.03625,3393847.0,2317070.0,3722193.027888446,2555283.333333333,3462191.111111111,60.98300337482952,49.0250747172773,-11.973805268618133,34.428569248744424,62.241371344159504,9.54597997972304,9.40999984741211,-48.894065325912365,0.5234688902838788,0.6555397813988169,-0.0089239420055766,0.3512815172882034,16.53075288357492,0.0008607837873837,,,28.964596073559036,,,,67.39240709333502,,,35.6108117678601,0.0,,,28.95941505038402,,,,26.764738737810497,29.297597005453934,26.73957956488347,59.99926639860569,0.0,70.0,24.194424810840324,70.0,20.0,,50.0,0.0,,30.0,100.0,27.5,40.0,48.90625,real_yahoo,296005.0356422327,,-68.46825121715881,10.264915611679374,0.03934061103464306,45.9803806387561,8.798536762427515,0.08326552219659947,-0.10496195415421784,-17.672790901137358
AVTR,"Avantor, Inc.",5388241920.0,6552200192.0,975500032.0,-530200000.0,2139399936.0,4131800064.0,365400000.0,,0.02955,-0.09204,74.246,1.778,1.044,507962496.0,623800000.0,,9.282105,0.9587379,0.8223561,1.397,9.385,,0.0,-0.014,-0.894,-0.895,-0.08092,0.32652,0.10170999,USD,Healthcare,Medical Instruments & Supplies,US,7.9,0.997,13500.0,16.17,7.265,9.1638,11.7472,11637836.0,8119240.0,9211681.075697212,9442193.333333334,10993362.222222222,46.11842777024224,32.78479450668089,-7.276999167661757,-31.06457182311821,-42.62890462786203,-51.50399231815088,7.900000095367432,-54.51197402727567,-0.959723956358102,-1.0804701057455504,-0.188269492281508,-1.4659624598668104,12.951535593874535,0.0001387077606944,,,32.07417752355465,,,,73.18215645862632,,,30.067981169963375,0.0,,,37.827944007018786,,,,46.68067696254436,44.694120971649525,43.37000408951398,38.93651012659813,0.0,70.0,35.253957034765904,70.0,70.0,,90.0,80.0,,30.0,100.0,52.5,90.0,48.90625,real_yahoo,485348.16237037035,,-8.091938348394102,14.888129230102741,0.2928115446810334,32.651626527103524,4.235571428458959,0.1509753594892243,7.752548474025624,-51.14409400123686
ENSG,"The Ensign Group, Inc.",11426134016.0,5057841152.0,528672992.0,343971008.0,826281024.0,2205785088.0,572387008.0,,0.052470002,0.16895,98.701,1.423,1.352,281247744.0,564270016.0,33.667805,23.865442,5.079045,2.259093,2.566,24.546,0.13,0.0432,0.202,0.184,0.198,0.06801,0.16337,0.091000006,USD,Healthcare,Medical Care Facilities,US,196.62,0.816,46000.0,218.0,118.73,200.3584,177.06744,389111.0,423480.0,408834.0637450199,365296.6666666667,377777.77777777775,25.95485899407918,18.587847641665316,-5.121186946049782,13.088647199373373,13.123762816058026,48.89175448326864,196.6199951171875,-12.755155244453444,1.6348202146195367,3.0050589237163905,0.1102542705501813,1.069832149749881,13.345765308835578,0.0002058678812089,,3880084000.0,30.245011964733703,,,,68.5503569663933,,,27.850848930804684,0.0,,,36.719377887439435,,,,51.991593822473384,24.560205015855292,42.26130912120527,35.61081176786009,0.0,50.0,43.2413969742677,70.0,30.0,,80.0,30.0,,30.0,90.0,32.5,60.0,48.90625,real_sec,109953.06852173913,,6.800747545501405,10.452542421008006,0.22603007189503427,16.336634527821563,4.172305227197988,0.2558136869587904,5.560628251221125,-9.807339449541285
GMED,"Globus Medical, Inc.",11891448832.0,2938930944.0,877110976.0,537868032.0,2000583936.0,119440000.0,557243008.0,,0.071090005,0.122930005,2.612,4.264,2.61,327532128.0,753446976.0,22.42857,17.73961,2.5964208,4.0461817,3.897,13.058,,0.0,0.257,4.37,4.304,0.18301001,0.68072,0.24381,USD,Healthcare,Medical Devices,US,87.92,1.092,6000.0,101.4,51.79,89.026,73.5915,1248998.0,1065500.0,1247296.215139442,1114660.0,1333125.5555555555,44.35315224909552,30.504851032840136,-1.5343294126272,0.7101891128456383,51.42954889661888,16.45032870058982,87.91999816894531,-31.27152398722062,0.5902358589907483,0.8948846597843745,0.1405605678334877,3.899867895560543,67.69484762791471,0.0001663880107689,,,62.98707546762876,,,,50.02315899746116,,,55.56500192028832,0.0,,,65.54209699650242,,,,55.31091685992902,45.87846896904918,48.913478931057476,64.43353087692307,0.0,10.0,37.097212405420166,70.0,40.0,,0.0,30.0,,30.0,100.0,50.0,0.0,48.90625,real_yahoo,489821.824,,18.301485888877014,29.844558879162285,0.131338006197404,68.07182523578206,0.13617433057866557,6.308162893503014,11.144601021288917,-13.293885601577916
OMCL,"Omnicell, Inc.",1551636736.0,1184845056.0,45560000.0,2052000.0,508043008.0,204344992.0,196520000.0,,0.00356,0.00166,16.589,1.427,0.898,94530872.0,127300000.0,853.75006,16.359282,1.2483094,1.3095694,1.316,34.229,,0.0,0.023,,,0.0017299999,0.42878,0.02204,USD,Healthcare,Health Information Services,US,34.15,0.857,3580.0,55.0,22.66,39.588,35.9438,659062.0,535350.0,548201.7928286853,617570.0,638410.0,54.35279718646706,43.86022030230726,-19.17159402158839,-24.34647322190654,13.90927967749902,-3.694296650919471,34.150001525878906,-37.05001195108517,0.1707253943177664,0.2181381733792694,0.098062255171978,3.099364936428584,33.64068109993463,0.0011152737351321,,,30.245011964733703,,,,72.02420658556807,,,32.28511340912206,0.0,,,33.3936795287014,,,,32.07565559773953,32.85064099765292,44.478699057822666,31.17654728954271,0.0,60.0,34.94674780632352,70.0,80.0,,30.0,90.0,,30.0,100.0,37.5,60.0,48.90625,real_yahoo,330962.3061452514,,0.17318720195596612,3.8452285190613145,0.052949589586509006,42.8784342245675,4.48518419666374,0.6229660866854031,7.978331978624553,-37.909090909090914
GNRC,Generac Holdlings Inc.,11389990912.0,4209146880.0,484025984.0,159554000.0,1611736960.0,1384946944.0,341412992.0,,0.03384,0.06283,52.479,2.026,0.777,91862752.0,437977984.0,71.885185,18.562654,4.326282,2.7060094,2.955,25.698,,0.0,-0.116,,,0.03791,0.38291,-0.00853,USD,Industrials,Specialty Industrial Machinery,US,194.09,1.786,9400.0,241.09,99.5,201.944,174.2985,1198247.0,1246020.0,980462.3505976096,1057713.3333333333,1116725.5555555555,44.274794033502616,43.33860843130504,-11.297473377140143,37.55491703912457,14.177298703420371,51.41988409128895,194.08999633789065,-32.77298939414523,1.0798056871155053,1.7312460723260192,0.120872358756353,1.0760888465753482,8.831663070144067,0.0001320085433314,243470000.0,4209147000.0,37.11134861552352,,,,57.296108001642395,,,57.2961080016424,1.0,,,24.57270002085425,,,,34.394246640190175,44.440640677144145,26.996656167579296,39.11643690120454,0.0,10.0,33.28239145972373,40.0,20.0,,10.0,50.0,,30.0,90.0,62.5,10.0,51.25,real_sec,447781.5829787234,5.784307531696304,3.7906493773864214,11.499384502353124,0.29484802135609234,38.29129764176821,2.8613070161125895,0.31624170579057215,2.182455367297613,-19.49479447509229
MTZ,"MasTec, Inc.",26530437120.0,14299170816.0,1083725056.0,399041984.0,1792733952.0,2799171072.0,396030016.0,,0.04343,0.13351,83.945,1.323,1.205,96627248.0,545713984.0,66.321495,31.360842,8.032345,1.8553829,2.004,26.443,,0.0,0.158,0.928,0.909,0.02791,0.12537,0.053850003,USD,Industrials,Engineering & Construction,US,336.25,1.8,36000.0,341.4,99.7,283.5274,219.21754,994655.0,1097820.0,921769.7211155378,1092430.0,914437.7777777778,42.36386084975924,44.83773304432484,13.86725834737954,47.70481397548272,56.104925500412506,173.9084344645524,336.25,-14.130827020712475,2.744936831748591,3.754767535946606,0.2884348336614463,-0.4670296650765193,6.382480959266802,0.0001497938926601,,,25.003827617985007,,,,68.20391066190511,,,25.784678094216776,0.0,,,29.420612314304346,,,,47.07392124503566,38.235998575742514,25.784678094216773,24.57270002085425,0.0,30.0,37.4617935947928,40.0,30.0,,40.0,20.0,,80.0,76.805,65.0,40.0,48.90625,real_yahoo,397199.18933333334,,2.79066520104434,7.578936358934675,1.0016476835634636,12.537328038588278,2.5829162632187033,0.1949555671887138,0.6757542045156866,-1.5084944346807183
AWI,Armstrong World Industries Inc,7117420544.0,1620800000.0,440900000.0,308700000.0,658800000.0,496500000.0,112700000.0,,0.10634,0.37242,55.124,1.464,0.909,228287504.0,355500000.0,23.309322,17.750887,7.8634396,4.391301,4.598,16.903,0.78,0.1784,0.056,0.068,0.053,0.19046,0.40647,0.17435,USD,Industrials,Building Products & Equipment,US,165.03,1.322,3800.0,206.08,122.37,178.8086,185.06966,574208.0,526270.0,332123.9043824701,690693.3333333334,496968.8888888889,24.94919736302345,35.58566874776098,-3.8958784031266847,-15.99700971454424,-15.552050231799551,16.1792085372346,165.02999877929688,-21.2934663306096,0.7348083189822404,0.9910302403211072,0.0749792582668947,0.1354938826416447,6.41555062521727,0.000259065217162,,,62.30280359427301,,,,42.7523711212921,,,60.93204222172997,0.0,,,60.93204222172996,,,,48.049280830023775,41.95878383658349,60.93204222172996,41.540393047929584,0.0,50.0,35.37209252725827,40.0,80.0,,60.0,50.0,,30.0,100.0,45.0,70.0,48.90625,real_yahoo,426526.3157894737,,19.04615004935834,27.202615992102665,0.11353599354887668,40.64659427443238,1.1261056929008846,0.716012084592145,14.084865745310957,-19.91944875776398
GFF,Griffon Corporation,3326684416.0,2536643072.0,519503008.0,44646000.0,1060494016.0,1547897984.0,95280000.0,,0.13024999,0.26521,1421.355,2.555,1.08,228638880.0,319537984.0,70.71287,12.360378,30.547476,1.3114516,1.884,9.2,1.23,0.7525,0.026,-0.054,-0.091,0.0176,0.41807,0.17485,USD,Industrials,Building Products & Equipment,US,71.42,1.304,5100.0,97.58,63.92,80.8172,77.07755,325181.0,301740.0,386443.8247011952,320550.0,320463.3333333333,40.52752295772201,32.77137800555715,-10.512466666207809,-4.579435098829576,-7.384872464715886,-3.736325390886386,71.41999816894531,-27.85169506493833,0.150178621026536,0.2155270904654286,0.0317051930055534,-0.192052804222721,14.20275591260641,0.0006501891648822,,,64.45091215835242,,,,71.83984488199268,,,62.1440202950925,0.0,,,63.35599836845501,,,,53.90143833995247,50.64528277854577,63.35599836845501,74.26380102871772,0.0,60.0,31.1926903921892,40.0,90.0,,30.0,20.0,,80.0,78.818,37.5,60.0,48.90625,real_yahoo,497380.99450980395,,1.7600426521496835,20.47994113694526,0.1776902094387924,41.80698607959299,2.979574632222341,0.206433490645337,9.01344310217563,-26.80877228940356
WWD,"Woodward, Inc.",22305605632.0,3790792960.0,676028032.0,488739008.0,1065355008.0,938115968.0,454244992.0,,0.077870004,0.20381,36.256,2.051,1.297,252776256.0,551214976.0,46.706028,36.141674,8.590309,5.884153,5.974,33.501,0.34,0.14109999,0.29,0.528,0.535,0.12893,0.28104,0.16055,USD,Industrials,Aerospace & Defense,US,371.78,0.984,10200.0,403.31,146.82,369.3726,292.02335,648049.0,619290.0,517508.764940239,596940.0,645114.4444444445,34.47450781060565,43.1809177523353,-3.8309313999034256,19.694863986894017,46.434524375469465,96.388194384944,371.7799987792969,-17.276746927849405,2.0307872669206097,3.149804603109052,0.1979886374457435,-0.2201299252314556,14.458708836521918,0.0001389054789853,,,50.00000000000001,,,,31.844568461029382,,,40.32841497456707,0.0,,,57.296108001642395,,,,60.72895543486927,34.51321331490154,45.176327268017154,48.812261488104724,0.0,60.0,54.87596915758056,40.0,90.0,,80.0,80.0,,30.0,91.265,42.5,80.0,48.90625,real_yahoo,371646.36862745095,,12.892790852919598,17.833420055734198,0.2655425993655523,28.103750831066225,1.3876879709035497,0.5875765841350651,6.668163064226014,-7.817807641764407
FIX,"Comfort Systems USA, Inc.",49987055616.0,9101640704.0,1454573952.0,1022558016.0,2195898880.0,303920992.0,70540000.0,,0.14712,0.49238998,45.489,1.211,1.156,774215744.0,1186355968.0,49.020752,31.992275,20.324839,5.4920926,5.693,35.62,0.16,0.0675,0.01,0.388,0.382,0.112349994,0.24125999,0.07885,USD,Industrials,Engineering & Construction,US,1417.19,1.598,22700.0,1500.0,281.52,1330.946,936.81464,440793.0,479600.0,439918.5258964144,469193.3333333333,544983.3333333334,55.55926400951638,64.56893798374622,5.17024231527774,41.27836155545144,70.3283321772341,315.213327746904,1417.18994140625,-13.769863769166657,2.901117082337165,4.848733869925938,0.3601379303480805,-0.1834621203992278,10.733222338719475,0.0001195429822153,,,32.815131487364695,,,,33.056546534391906,,,35.48050268111697,0.0,,,34.26852460775444,,,,50.00000000000001,39.47692699602284,42.75237112129211,26.996656167579296,0.0,80.0,40.24806168483884,40.0,50.0,,10.0,10.0,,30.0,96.893,30.0,30.0,48.90625,real_yahoo,400953.33497797354,,11.234875658743649,15.981447733492073,0.6375640549441864,24.126407000827264,0.20894158841639976,3.903501236268668,8.506331651388379,-5.520666666666663
ROAD,"Construction Partners, Inc.",5984413184.0,3060244992.0,459412992.0,122037000.0,484022016.0,1838279936.0,104093000.0,,0.0627,0.1371,189.68,1.592,1.179,86515376.0,333207008.0,47.914024,29.090658,6.1761446,1.955534,2.523,16.804,,0.0,0.441,,,0.03988,0.15816,0.07617,USD,Industrials,Engineering & Construction,US,105.89,0.921,1639.0,141.9,64.793,121.1643,114.977974,567770.0,628130.0,473666.9322709164,547376.6666666666,545958.8888888889,46.91975274944704,58.25096323007543,-15.712806093556186,-5.590231872093909,-16.385028506006215,38.59947287275958,105.88999938964844,-26.554046898735496,1.0226294099499549,1.7806583621651535,0.1638605687949159,0.4612693077497773,2.785679739183371,0.0006225785229508,,,27.151936182064418,,,,63.35599836845501,,,26.996656167579296,0.0,,,31.844568461029393,,,,16.837774110404105,64.29549540162934,29.420612314304346,29.420612314304346,0.0,0.0,43.03432977488489,40.0,50.0,,0.0,20.0,,30.0,100.0,35.0,0.0,48.90625,real_yahoo,1867141.5448444174,,3.987817979247591,15.012294545076735,0.21436818587715584,15.816446633041334,4.001366892123068,0.1812602104144382,2.827073526013959,-25.377026074700492
DY,"Dycom Industries, Inc.",10434078720.0,5545911808.0,713433024.0,281188992.0,1140116992.0,2992005888.0,720185984.0,,0.06217,0.18152,160.935,2.738,2.582,276473888.0,642502976.0,36.37931,20.265102,5.6122446,1.8814,2.291,17.81,,0.0,0.344,-0.507,-0.501,0.0507,0.20558001,0.04658,USD,Industrials,Engineering & Construction,US,348.15,1.382,19556.0,445.53,131.37,379.9236,313.6157,410326.0,439090.0,394058.9641434263,449800.0,444423.3333333333,40.164766997958296,44.18925563479249,-5.90032338007862,0.1697538099997064,19.401196902860264,120.4178541456812,348.1499938964844,-24.433946272218957,2.226913337565452,3.601239745878274,0.2119747116803778,0.2666579245063678,5.115516087397706,0.0002387667101793,,,26.37080579512645,,,,66.9919325885426,,,31.844568461029397,0.0,,,26.996656167579296,,,,43.1724829050832,27.067642793219598,33.05654653439191,47.6002834147422,0.0,80.0,37.461793594792795,40.0,60.0,,70.0,40.0,,30.0,94.303,47.5,80.0,48.90625,real_yahoo,283591.31765187153,,5.070203092562412,12.864124939218652,0.38848754149538933,20.557791603454216,4.193814678250723,0.21473987687553642,4.985183637453183,-21.857113999057297
EME,"EMCOR Group, Inc.",33856421888.0,16986422272.0,1764573056.0,1272817024.0,3282988032.0,474556992.0,1111968000.0,,0.11599,0.3849,12.913,1.22,1.173,991140096.0,1302062976.0,26.809643,24.174131,9.164718,1.9931462,1.945,18.726,0.21,0.0355,0.197,0.53,0.488,0.07493,0.19327,0.09503999,USD,Industrials,Engineering & Construction,US,756.3,1.112,44000.0,835.0,324.8,745.4246,653.53503,380636.0,380100.0,462595.6175298805,402936.6666666667,374458.8888888889,40.008661725891656,41.240695399332765,5.186294699777427,18.492349914892813,14.653198939816692,96.87431209007916,756.2999877929688,-25.150576438754637,1.9494940614355656,2.3637492509744096,0.1804181352148071,-1.4736209469357875,11.26039229217747,8.355082916463468e-05,,16986422000.0,33.791544471037156,,,,60.93204222172996,,,29.420612314304346,1.0,,,40.32841497456706,,,,56.827517094916814,35.75414173518187,41.540393047929584,25.784678094216773,0.0,50.0,52.08970106753452,40.0,50.0,,50.0,70.0,,30.0,90.0,35.0,60.0,48.90625,real_sec,386055.0516363636,,7.493143662736326,10.388138406924446,1.1898879130628623,19.327130689619064,0.26893587113686496,2.7437441612913798,5.834896131328201,-9.425149700598812
WSC,WillScot Holdings Corporation,3164035584.0,2281445888.0,600880000.0,-52990000.0,1204585984.0,3905441024.0,14611000.0,,0.05325,-0.05653,456.108,0.859,0.67,378834752.0,761985024.0,,13.32618,3.6796446,1.3868554,3.084,11.709,1.61,0.1736,-0.061,,,-0.02323,0.52799,0.27708,USD,Industrials,Rental & Leasing Services,US,17.39,1.164,4700.0,31.88,14.91,20.0478,22.32025,2001131.0,2238350.0,2523181.274900398,2304560.0,2308376.6666666665,47.48302180078349,55.48578773429805,-13.353265301079787,-10.383381855279085,-18.371126981806277,-39.27085066534267,17.389999389648438,-52.53015550746397,-0.5830499100539919,-0.9021423054718514,-0.1398700282221666,-0.0070797185579685,4.201318697565027,0.0003333160526204,,,77.5348461395634,,,,70.62786680863016,,,73.05182295535522,0.0,,,74.43347795898848,,,,62.19199481235144,46.92249751770479,70.62786680863016,33.05654653439191,0.0,40.0,33.97895848223524,40.0,90.0,,80.0,70.0,,30.0,100.0,42.5,80.0,48.90625,real_yahoo,485414.01872340427,,-2.322649872114784,26.337683622501068,0.15981381146475768,52.799235359291586,6.4995357209426174,0.1951085727110957,16.605029029730815,-45.45169385194478
GGG,Graco Inc.,14029153280.0,2236603904.0,723169024.0,521839008.0,1173182976.0,51596000.0,624083008.0,,0.12001,0.19925,1.944,3.15,2.178,517793888.0,683590976.0,27.474028,24.405369,5.2657127,6.272525,5.999,18.555,1.39,0.35709998,0.081,0.238,0.219,0.23332001,0.52454,0.27471,USD,Industrials,Specialty Industrial Machinery,US,84.62,1.089,4400.0,95.69,72.06,89.2402,85.407,1041319.0,1022440.0,819853.5856573705,1015080.0,957045.5555555556,20.81459628219417,19.781477550435227,-7.275914129101624,2.7421305509846228,0.3897630493731485,1.320120707399286,84.62000274658203,-12.547262661734448,0.1829801967121286,0.2654552738228991,-0.003247294713967,-0.1555614283330028,3.740760238140575,0.0001525755104542,302000000.0,3580000000.0,76.16786796242195,,,,30.632590387666863,,,71.83984488199269,1.0,,,74.26380102871772,,,,59.75359584988115,51.886211198826096,73.0518229553552,71.83984488199268,0.0,90.0,48.60686595497697,40.0,10.0,,80.0,40.0,,30.0,90.0,40.0,60.0,48.90625,real_sec,508319.0690909091,13.502614363674114,23.331757897173016,32.33335248618076,0.15667265943727568,52.4537659038263,0.07134708247680698,13.24891417939375,23.15089797858101,-11.568606959974915
RBC,RBC Bearings Incorporated,17330667520.0,1790599936.0,537299968.0,268600000.0,796499968.0,1055600000.0,107600000.0,,0.05249,0.08663999,32.369,1.86,0.631,220350000.0,399700000.0,64.48353,39.30287,5.314336,9.678693,10.208,34.019,,0.0,0.17,0.17,0.164,0.15001,0.44482,0.22444001,USD,Industrials,Tools & Accessories,US,548.11,1.491,5334.0,589.17,297.28,543.6372,444.5657,203009.0,189430.0,174578.08764940238,185543.3333333333,196536.66666666663,26.609262649668896,28.7102586672553,-3.1710441091844177,19.468596774791138,46.166564341886726,62.64874365269857,548.1099853515625,-10.345536468424076,2.012974982132424,3.4649307674000136,0.1614649769064548,1.250745361857499,5.749605070704808,0.0002208541891971,,,69.72354227018371,,,,26.99665616757929,,,63.35599836845502,0.0,,,70.62786680863016,,,,60.72895543486926,29.549499633780243,43.96434919465463,35.48050268111696,0.0,20.0,38.15836061730431,40.0,30.0,,50.0,50.0,,30.0,100.0,35.0,40.0,48.90625,real_yahoo,335695.5260592426,,15.000559008173672,30.00670094964194,0.1254303694362753,44.482296239733586,1.96463812184705,0.3786472148541114,12.305931412699437,-6.969126058692732
ITT,ITT Inc.,17357053952.0,3938500096.0,861200000.0,488100000.0,1392400000.0,867200000.0,1742899968.0,,0.08128,0.14291,21.196,2.584,1.958,444987488.0,668300032.0,31.620293,22.028088,4.0632625,4.4070215,3.998,18.284,0.8,0.2298,0.135,0.061,0.037,0.123909995,0.35354,0.18852,USD,Industrials,Specialty Industrial Machinery,US,193.2,1.324,11600.0,209.7,105.64,192.844,177.93745,979024.0,1187080.0,541995.6175298805,1003650.0,1020397.7777777778,30.084061948649317,34.50290645320225,1.516442120525463,11.125558390011236,6.836430224887535,45.99555471612655,193.1999969482422,-15.565054478711138,1.3654365629867713,2.009446416550406,0.0971002729724061,0.5637166001879259,7.531622611099282,0.0001934775270709,302000000.0,3580000000.0,60.154695030193594,,,,41.54039304792958,,,50.02423956146726,1.0,,,65.77995451518005,,,,69.5071916997623,30.79042805406057,58.50808607500492,57.296108001642395,0.0,90.0,42.33776275237337,40.0,60.0,,80.0,70.0,,30.0,90.0,50.0,90.0,48.90625,real_sec,339525.8703448276,7.6678936813208605,12.393042734611628,21.866192179978558,0.2758893888769165,35.353560138646245,1.0069670227589411,0.7706411808118081,11.298399826165701,-7.868383404864088
WTS,"Watts Water Technologies, Inc.",9632571392.0,2438500096.0,528600000.0,340800000.0,1206000000.0,291900000.0,406200000.0,,0.11173,0.18246001,14.396,2.51,1.367,217324992.0,402000000.0,28.409048,22.644266,4.7508802,3.9502034,3.903,18.007,0.72,0.19569999,0.157,0.238,0.238,0.13976,0.49457002,0.18365,USD,Industrials,Specialty Industrial Machinery,US,288.92,1.266,5700.0,345.17,177.59,308.4632,280.9339,193972.0,209870.0,175962.1513944223,180866.66666666663,188325.5555555556,26.39326519149556,20.401474521687263,-7.743397822344766,3.8753464813470417,3.289165403190597,39.60699358364095,288.9200134277344,-15.450706367752009,1.3656910203898822,2.37550734252458,0.0828520462439218,0.988675877072805,6.519741895717617,0.0003173288883346,,,68.74712928651124,,,,46.38830534137968,,,69.41588873526764,0.0,,,64.56797644181754,,,,58.77823626489304,43.19971225686382,52.448195708192294,54.87215185491734,0.0,40.0,40.24806168483884,40.0,60.0,,0.0,90.0,,30.0,100.0,42.5,30.0,48.90625,real_yahoo,427807.0343859649,,13.975804247825627,21.677259757630946,0.17081535733489092,49.45663122910125,0.5522133938706016,1.3771839671120247,8.912240452911592,-16.296317756467825
ALLE,Allegion plc,12151682048.0,4067300096.0,1006300032.0,643800000.0,1838300032.0,2150299904.0,356200000.0,,0.11238,0.36084,104.0,1.842,1.091,505562496.0,783800000.0,18.985195,14.87311,5.8718724,2.9876533,3.429,13.858,1.47,0.2742,0.093,0.033,0.024,0.15829,0.45196998,0.21409,USD,Industrials,Security & Protection Services,US,141.06,1.03,13300.0,183.11,116.57,158.0116,162.60345,915906.0,866980.0,844598.6055776892,871756.6666666666,885007.7777777778,23.90612660837741,21.37352344070221,-7.005153063883062,-12.004257526273287,-20.33647801966885,7.541910132057317,141.05999755859375,-21.23605230954234,0.4406233655484286,0.6671294576949568,0.0298121042642564,0.2729844568875069,7.900823674527523,9.327903545310466e-05,132000000.0,2408200000.0,70.11410746365269,,,,54.87215185491734,,,65.77995451518007,0.0,,,69.41588873526763,,,,75.35934920969098,28.308571213499917,66.9919325885426,52.448195708192294,0.0,70.0,49.303432977488484,40.0,90.0,,30.0,30.0,,30.0,89.2,47.5,60.0,48.90625,real_sec,305812.0372932331,3.245396132186456,15.828682044709394,24.741229027817475,0.2849117457186584,45.197059194326044,2.1368377577473834,0.3645072943276288,12.429928553764624,-22.964338375839667
SITE,"SiteOne Landscape Supply, Inc.",5634773504.0,4704799744.0,374100000.0,151800000.0,1635200000.0,980000000.0,190600000.0,,0.04725,0.09612001,58.222,2.474,1.106,209050000.0,300500000.0,37.60831,23.533562,3.3907647,1.1976649,1.371,17.236,,0.0,0.032,,,0.03226,0.34756002,-0.0050700004,USD,Industrials,Industrial Distribution,US,126.74,1.573,7750.0,168.56,101.25,141.1268,133.68706,681573.0,672250.0,493181.6733067729,622893.3333333334,625003.3333333334,38.938528777564166,41.08368621796832,-6.444233615020767,1.343355459757345,-1.4693360392583732,3.334689186308437,126.73999786376952,-23.52095382742536,0.3303360126880496,0.6769300457582235,-0.0255646937026759,0.4989822183568814,2.08098310486649,0.0003041680632015,,,33.79154447103715,,,,74.26380102871772,,,48.81226148810473,0.0,,,25.784678094216773,,,,33.418887055202056,55.60899645966707,31.844568461029393,43.96434919465463,0.0,50.0,25.620154212097113,40.0,90.0,,50.0,80.0,,30.0,100.0,45.0,70.0,48.90625,real_yahoo,607070.9347096775,,3.2264922687429904,7.951454267040531,0.32956818446664654,34.75599576975321,2.619620422346966,0.3066326530612245,4.443334708700409,-24.81015662078785
TTC,Toro Company (The),9036454912.0,4551699968.0,643000000.0,331200000.0,1512000000.0,1195299968.0,189000000.0,,0.084300004,0.22945999,84.224,1.688,0.656,579837504.0,736700032.0,27.75449,18.24085,6.3315344,1.9852923,2.195,15.54,1.68,0.45810002,0.042,0.327,0.286,0.07276,0.33218,0.09814,USD,Industrials,Tools & Accessories,US,92.7,0.806,9227.0,105.19,62.34,96.0938,81.01175,941504.0,754850.0,913349.6015936256,975360.0,998162.2222222222,30.217844812802756,19.588954525654284,-5.880753578377195,16.11993223774284,22.946666669365,28.03073401711935,92.6999969482422,-17.21715082607783,1.0431869698894554,1.714513441834337,0.0380231262815567,0.9119509890888684,10.856620603208386,0.0001893550600257,,,43.36039171102726,,,,62.14402029509249,,,47.60028341474221,0.0,,,41.540393047929584,,,,47.073921245035656,49.404354358265444,68.20391066190511,58.50808607500492,0.0,60.0,50.69656702251151,40.0,60.0,,30.0,80.0,,30.0,93.556,30.0,50.0,48.90625,real_yahoo,493302.26162349625,,7.276402274500708,14.126590164565082,0.31884364400497917,33.21835820967715,1.8589424074650078,0.6163306715657839,12.738921898992794,-11.87375225781918
AAON,"AAON, Inc.",6641746944.0,1442076032.0,226930000.0,107593000.0,385724000.0,417111008.0,13000.0,,0.06453,0.12514,46.605,2.627,1.78,-235688880.0,534000.0,63.06977,27.467928,7.426068,4.6056843,4.887,31.058,0.49,0.3101,0.425,0.261,0.297,0.07461,0.26748,0.105299994,USD,Industrials,Building Products & Equipment,US,81.36,1.201,5897.0,116.04,62.0,91.9102,87.5779,917678.0,739870.0,866034.06374502,868326.6666666666,937610.0,52.69706208121507,52.62286353503238,-11.837156293426675,2.869637456523577,-17.08277091121714,-1.1900903390126727,81.36000061035156,-32.763399031061724,0.330468492869632,0.5067040052188693,0.0460243593373145,-0.6432073314742194,8.559836115902407,0.000316880870671,58200000.0,,39.454739776337426,,,,39.11643690120453,,,37.904458827842014,0.0,,,42.75237112129211,,,,43.1724829050832,24.58578595265894,24.57270002085425,63.35599836845501,0.0,70.0,38.15836061730431,40.0,90.0,,40.0,70.0,,80.0,89.4,30.0,70.0,48.90625,real_sec,244544.0108529761,4.035848229117506,7.4609796995780036,15.73634086999374,0.10101649498157805,26.74782684412579,1.8380602300268805,0.0012802347331001152,-16.34372077269224,-29.886246122026893
ESAB,ESAB Corporation,5988915200.0,2842554880.0,550912000.0,251419008.0,1048342016.0,1345174016.0,185863008.0,,0.06632,0.12891,60.826,1.898,0.958,165628496.0,260567008.0,24.654137,15.124237,2.757625,2.1068776,2.525,13.031,0.41,0.092700005,0.075,-0.316,-0.299,0.079780005,0.3688,0.16799,USD,Industrials,Metal Fabrication,US,98.37,1.31,10300.0,137.42,89.41,114.5966,116.3672,545808.0,895730.0,354883.46613545815,627083.3333333334,520670.0,36.59982302042716,46.19332570754337,-13.16799706159043,-12.527762577436372,-12.33364385460588,-19.799299715505924,98.37000274658205,-32.25041736454005,-0.2970616409846525,-0.3693788634655492,0.0019563005302065,-0.2841787335851011,9.494055379249842,0.0004487458578207,,,57.420738675910705,,,,59.720064148367435,,,52.4481957081923,0.0,,,59.72006414836744,,,,63.655034189833614,25.826714372939268,46.38830534137968,42.75237112129211,0.0,80.0,33.28239145972373,40.0,70.0,,70.0,40.0,,55.0,97.783,42.5,80.0,48.90625,real_yahoo,275976.20194174757,,8.844825117325438,19.380874715073222,0.19911913408070578,36.880273565729716,2.441722118959108,0.19370505592638507,5.826747520878119,-28.416533255712405
MWA,MUELLER WATER PRODUCTS,4324054016.0,1443600000.0,327000000.0,199600000.0,534300000.0,452300000.0,459600000.0,,0.10145,0.21552,44.422,4.019,2.331,150775008.0,226400000.0,21.771654,17.815722,4.2460074,2.995327,2.99,13.201,0.99,0.2134,0.046,0.227,0.224,0.13826999,0.37012002,0.18856001,USD,Industrials,Specialty Industrial Machinery,US,27.65,1.156,3500.0,31.0,22.01,28.3548,25.8954,1139970.0,1268150.0,1435803.984063745,993326.6666666666,1199468.888888889,32.1788388852786,22.238442805860632,-4.391426190917292,15.770202517313136,7.281866087296041,7.113339629642823,27.649999618530277,-16.11083470318023,0.4279497846680962,0.5794249096361076,0.1390790346820715,1.315513424154714,10.823408227437358,0.0004595477635302,,,63.27921657794547,,,,53.66017378155482,,,54.87215185491735,0.0,,,66.9919325885426,,,,51.95071916997623,40.717855416303166,59.72006414836744,73.0518229553552,0.0,90.0,36.06865954976978,40.0,90.0,,80.0,20.0,,30.0,100.0,32.5,80.0,48.90625,real_yahoo,412457.14285714284,,13.826544749238016,22.65170407315046,0.1011232479560454,37.01163757273483,1.3831804281345565,0.5005527304886137,10.444375727348296,-10.806451612903235
ZWS,Zurn Elkay Water Solutions Corp,7542754816.0,1695900032.0,375300000.0,192400000.0,764800000.0,553200000.0,300500000.0,,0.06724,0.120620005,34.504,3.129,1.922,283049984.0,346500000.0,40.19643,24.715622,4.6886063,4.4476414,4.577,20.682,0.98,0.3393,0.098,0.147,0.157,0.11675,0.45097,0.15938,USD,Industrials,Pollution & Treatment Controls,US,45.02,0.811,2600.0,53.17,27.74,48.0048,45.4788,1023557.0,1065320.0,1022907.3705179284,898346.6666666666,948964.4444444444,27.45300422196464,24.051881962890743,-7.060277179817232,-3.698003494109703,-3.58783871162488,35.64143341949138,45.02000045776367,-17.024199147258834,1.1912991895721583,2.103799936336064,0.0843090553161179,1.142500032790177,8.253979352197176,0.0003637681678065,,,60.154695030193594,,,,40.32841497456705,,,64.56797644181755,0.0,,,54.87215185491734,,,,37.32032539515452,59.33178172050805,65.77995451518005,70.62786680863016,0.0,60.0,49.303432977488484,40.0,10.0,,40.0,90.0,,80.0,91.99300000000001,42.5,40.0,48.90625,real_yahoo,652269.2430769231,,11.34500833596305,22.129842143902973,0.11879670230299344,45.096997792851035,1.4740207833733014,0.6263557483731019,16.690251704647647,-15.328192589806278
SPXC,"SPX Technologies, Inc.",9840210944.0,2265100032.0,467400000.0,245500000.0,919200000.0,577400000.0,364000000.0,,0.06834,0.13555999,25.806,2.48,1.705,165024992.0,333300000.0,39.067326,22.416592,4.3970222,4.344272,4.438,21.51,,0.0,0.194,0.271,0.364,0.10772,0.40581,0.11486,USD,Industrials,Building Products & Equipment,US,197.29,1.342,4700.0,246.68,115.0,215.3214,199.2103,439203.0,685490.0,331409.561752988,451096.6666666667,500886.6666666667,37.7540538610537,47.935929464429314,-6.894762166670343,-2.937125544644425,5.0924187802510845,45.47264443982397,197.2899932861328,-23.152563597804576,1.2623253509231345,2.008752413274545,0.1252871568034539,0.3105628453968596,4.2964411534497255,0.0003710243347366,,,51.56226077387594,,,,45.176327268017154,,,59.72006414836745,0.0,,,45.176327268017154,,,,38.78336477263669,45.681569097424465,37.904458827842014,45.176327268017154,0.0,90.0,37.461793594792795,40.0,90.0,,60.0,60.0,,30.0,96.41000600000001,50.0,80.0,48.90625,real_yahoo,481936.1770212766,,10.838373428622159,20.634850266957216,0.15866879480547408,40.58098922847042,1.235344458707745,0.5772428126082438,7.285549850718469,-20.021890708610346
KMX,CarMax Inc,6054420992.0,27834193920.0,1057622016.0,457840000.0,3447569920.0,18043396096.0,204938000.0,,0.01721,0.07459,297.523,1.993,0.169,648438528.0,2484491008.0,13.518033,15.6470585,0.97261214,0.21751738,0.851,22.394,,0.0,-0.067,-0.472,-0.504,0.016449999,0.123859994,0.01832,USD,Consumer Cyclical,Auto & Truck Dealerships,US,41.23,1.299,28000.0,81.79,30.26,43.3418,48.6737,3371109.0,3240870.0,3011261.354581673,3095683.333333333,3622174.444444445,44.02441410787541,34.8312108519143,-1.9500587626682164,4.93763955587565,-10.50575251714544,-50.18726445038446,41.22999954223633,-62.69179604545339,-0.9308161117212752,-0.9561792230705514,-0.1004922672548901,-2.471220959750247,19.27911084850973,0.0001077732523766,,26353420000.0,21.840646620865815,,,,74.22292276387194,,,25.826714372939275,1.0,,,25.826714372939275,,,,44.40462459111962,50.0267344145597,33.26478382813614,41.95550598803028,0.0,50.0,35.69377726174933,65.0,20.0,,80.0,70.0,,30.0,90.0,50.0,60.0,48.90625,real_sec,994078.3542857143,,1.6448832731276741,3.799722093766314,0.25191028640995194,12.386095785309523,17.06034464396021,0.1376953093963714,2.3296472312570566,-49.59041447609734
FIVE,"Five Below, Inc.",13002574848.0,4764147200.0,649521984.0,358640992.0,1714685952.0,2032189056.0,932206976.0,,0.06163,0.17924999,92.655,2.009,0.977,347362368.0,586428032.0,36.381763,25.965359,5.927278,2.7292554,2.96,21.712,,0.0,0.243,0.263,0.271,0.075279996,0.35991,0.17986,USD,Consumer Cyclical,Specialty Retail,US,235.39,1.066,7800.0,237.5,54.61,213.2844,169.1646,1120011.0,1201940.0,1657905.9760956175,1171860.0,1199772.2222222222,54.34759862586972,41.385818749563,6.198964976999255,21.680022281224097,50.26492726529956,188.85753535441293,235.38999938964844,-31.586695960896005,2.3201019681727,2.853124118222613,0.1318913267551642,-1.0760293602335016,17.50207954766892,0.0001177594614558,,,57.32349483486638,,,,36.99507015546219,,,40.71785541630317,0.0,,,68.01828066247032,,,,58.393063113320565,44.6798515026195,40.71369310344646,43.19694024913672,0.0,80.0,43.187512981785396,65.0,80.0,,60.0,90.0,,30.0,100.0,75.0,80.0,48.90625,real_yahoo,610788.1025641026,,7.527915846093085,13.633541465721294,0.043117386086357,35.991456183385765,3.1287456099407405,0.2885696241048943,7.29117622562124,-0.8884210526315828
DKS,Dick's Sporting Goods Inc,17251536896.0,17215119360.0,1980056064.0,849238976.0,5885188096.0,7746642944.0,1353225984.0,,0.06689,0.19437,139.828,1.53,0.409,-583168128.0,1537342976.0,19.232698,11.853388,3.0749862,1.0021155,1.363,11.852,2.61,0.48650002,0.599,-0.61,-0.572,0.04933,0.34186,0.06962,USD,Consumer Cyclical,Specialty Retail,US,191.75,1.238,31600.0,237.31,166.37,200.2482,211.58035,1187985.0,1129640.0,1306196.215139442,1297666.6666666667,1403532.2222222222,41.14000446567699,27.51931888571732,-4.55725648046924,-3.6038716692053385,-15.7591988785705,-7.056721123153764,191.75,-21.278600040423747,0.1041813195137988,0.1505445369232546,0.0229418313803168,0.6582098567698722,8.252108044710011,7.225197745255626e-05,,17215120000.0,37.93170569465677,,,,65.53642382190966,,,38.23599857574253,0.0,,,40.71785541630317,,,,55.59537540888038,40.66968931866435,69.26784532546935,68.0256254712655,0.0,30.0,41.14376687632101,65.0,80.0,,0.0,30.0,,30.0,90.0,72.5,40.0,48.90625,real_sec,544782.2582278481,,4.933099551858118,11.501843365668073,0.1558035293216463,34.18615911356655,3.9123351529504973,0.19845279911741856,-3.3875346188712108,-19.19851670810333
ASO,"Academy Sports and Outdoors, In",3824172544.0,6053413888.0,619649984.0,376768000.0,2105613056.0,1892450944.0,330320000.0,,0.06101,0.18047,87.154,1.893,0.354,57371248.0,434798016.0,10.351985,8.288841,1.7153198,0.6317382,0.868,8.48,1.05,0.0939,0.025,0.045,0.0,0.06224,0.34784,0.090050004,USD,Consumer Cyclical,Specialty Retail,US,57.35,1.217,10350.0,62.445,33.34,57.1091,52.160976,1537800.0,1474740.0,1606279.282868526,1731443.3333333333,1650302.2222222222,45.59485060913363,46.56570151893583,-4.764771051247452,10.2829410137931,8.837146336201585,21.71901014333315,57.34999847412109,-28.40646587696711,0.6740157105878211,1.0093062536812438,0.0248151255831361,0.4980244294588661,8.166819134835304,0.0002541360448585,,,43.50168768173826,,,,69.25920908275063,,,39.476926996022854,0.0,,,48.163425937985124,,,,47.20231229555981,42.00641004664941,58.094481412503875,53.12841433798823,0.0,60.0,35.01252855992787,65.0,70.0,,70.0,80.0,,30.0,100.0,65.0,70.0,48.90625,real_yahoo,584870.9070531401,,6.22405814257781,10.236372325843515,0.05478575131965096,34.783893765699176,3.054064379674058,0.22975391641116166,0.9477502953123697,-8.159180078469053
BOOT,"Boot Barn Holdings, Inc.",4120168192.0,2168855040.0,365335008.0,218979008.0,831171968.0,704065984.0,200071008.0,,0.08262999,0.18451001,54.875,2.396,0.485,6181500.0,266136000.0,18.929974,15.938285,3.2071755,1.8996973,2.128,12.634,,0.0,0.16,0.148,0.143,0.10097,0.38323003,0.16266,USD,Consumer Cyclical,Apparel Retail,US,135.16,1.755,3300.0,210.25,86.17,176.5692,178.60844,683860.0,801360.0,736399.203187251,647296.6666666666,635777.7777777778,49.4295794410777,39.998277531549526,-26.845633426824666,-27.57863144944021,-20.433268059572782,17.683940320264526,135.16000366210938,-35.012978921697055,0.6376215394315176,1.089407831012344,0.1122513375510972,-0.013358890521934,7.005299972777383,0.0002024920767906,,,56.292016689110554,,,,49.40435435826544,,,41.9587838365835,0.0,,,65.53642382190966,,,,49.06743743185327,46.01657223060455,29.54032919048097,54.369848599094674,0.0,50.0,28.20004154171327,65.0,50.0,,60.0,70.0,,30.0,100.0,55.0,60.0,48.90625,real_yahoo,657228.8,,10.09652576873003,16.844602394450483,0.019628982103034362,38.32307612407328,1.9271790783324,0.37799866212539535,0.28501213248442825,-35.71462544589774
WSM,"Williams-Sonoma, Inc.",21443121152.0,7806816256.0,1648770944.0,1088436992.0,3603051008.0,1456904960.0,1019801024.0,,0.16537,0.51523995,69.957,1.388,0.587,867585280.0,1314888960.0,20.35819,17.77487,10.275464,2.7467177,2.803,13.271,1.69,0.29860002,-0.043,-0.073,-0.104,0.13942,0.46153,0.20326,USD,Consumer Cyclical,Specialty Retail,US,180.17,1.578,19800.0,222.0,133.57,198.2196,191.02016,1187611.0,1484440.0,1703590.0398406377,1370163.3333333333,1212958.888888889,45.52213375088277,33.88666347990414,-6.932175434066412,-3.785989639876053,-7.527030689903547,10.878134558240491,180.1699981689453,-20.56464642197056,0.5503444403943143,0.7921208177251332,0.0769087264502874,1.4307211934071986,19.22260811498253,7.350886995563314e-05,,1379100000.0,65.57532000091304,,,,35.75414173518186,,,55.608996459667075,1.0,,,69.25920908275064,,,,66.78612622664114,35.32280640672416,68.02636044625098,64.30132268794618,1.0,60.0,37.05627466539225,65.0,10.0,,70.0,30.0,,30.0,90.0,67.5,40.0,48.90625,real_sec,394283.6492929293,,13.942136670162716,21.119633022396574,0.07065472507129925,46.152629828207395,0.8836309041603295,0.9025221247101801,11.113176633729651,-18.842342342342345
RH,RH,2130517888.0,3439536128.0,540598016.0,124787000.0,1518340992.0,3812788992.0,41191000.0,,0.05219,,6291.731,1.19,0.044,463744992.0,452240992.0,17.980982,11.357186,35.17049,0.6194201,1.716,10.92,,0.0,0.037,1.112,1.068,0.03628,0.44144002,0.114580005,USD,Consumer Cyclical,Specialty Retail,US,113.46,2.105,,257.0,106.3,170.7188,189.40054,1257018.0,2300350.0,1047823.7051792828,1575673.3333333333,1210958.888888889,73.08345054568657,81.33589440211935,-25.163248712020724,-41.33705757914713,-44.32503909788724,-54.497695485369,113.45999908447266,-55.03984124537008,-0.4639364865960149,-0.5838047448240455,-0.0827996799334882,-0.4646340290405897,16.54639269981566,0.0001330395195285,,,55.054242914203556,,,,70.50013750303097,,,54.36806803938675,0.0,,,54.36806803938675,,,,50.93256256814673,50.0267344145597,53.12854189563033,32.024031899178766,0.0,20.0,22.750051927141584,65.0,30.0,,20.0,60.0,,80.0,95.27799999999999,62.5,30.0,46.71875,real_yahoo,,,3.628018295378696,15.717178011278618,0.031129140423904078,44.14377216857075,7.052909702132536,0.11861159716650797,13.48277717523658,-55.85214007782102
POOL,Pool Corporation,7465352192.0,5289396224.0,631166976.0,404424000.0,1572457984.0,1535031040.0,104963000.0,,0.10374,0.33058998,129.513,2.238,0.514,203107872.0,365849984.0,18.686003,17.05853,6.2626915,1.4113808,1.682,14.094,2.46,0.4562,-0.005,-0.129,-0.153,0.07683,0.29728,0.053239997,USD,Industrials,Industrial Distribution,US,202.93,1.262,6000.0,345.0,195.49,229.9196,270.59146,836300.0,792830.0,528629.6812749004,803316.6666666666,809825.5555555555,32.23610484692047,25.692817060809997,-6.323400448687922,-11.131410273544208,-34.257837691569314,-36.50952632564904,202.92999267578125,-39.77801142886735,-1.0757555305747124,-1.529302526704393,-0.1042175320320848,-0.1649103857387591,7.154614909628826,9.565527170778015e-05,,5289396000.0,32.42456629389571,,,,69.41588873526763,,,42.752371121292114,0.0,,,28.20863424094182,,,,32.443527470213944,63.05456698134902,71.83984488199268,65.77995451518005,0.0,90.0,38.85492763981582,40.0,50.0,,80.0,40.0,,80.0,90.0,47.5,90.0,48.90625,real_sec,881566.0373333333,,7.645938834473672,11.932684738877297,0.37051879045256464,29.728496739668714,2.432052211806468,0.23833393232230665,3.839906548849988,-41.17971014492754
DECK,Deckers Outdoor Corporation,14328173568.0,5374707200.0,1359971968.0,1039910976.0,3092856064.0,342881984.0,2086745984.0,,0.19903,0.39688,13.14,2.856,2.122,758731904.0,1013121024.0,13.964488,13.425778,5.362169,2.6658518,2.272,8.979,,0.0,0.071,0.11,0.053,0.19348,0.57545,0.31384,USD,Consumer Cyclical,Footwear & Accessories,US,98.31,1.211,5500.0,133.43,78.91,107.8926,103.1855,2634911.0,2373760.0,2815657.569721116,2255113.333333333,2801651.111111111,49.36764136302659,37.00849641791869,-8.616847104184567,-7.9408215041045,-5.289022477606842,-16.672321782218237,98.30999755859376,-38.51742759711984,0.0103438679659174,0.0134810118389554,-0.0353338552772158,-0.4756617840420311,12.593380759014252,5.6838915073458746e-05,56676000.0,4985612000.0,76.92157960422716,,,,38.235998575742514,,,71.7410659233113,1.0,,,74.22292276387195,,,,61.19075081776075,48.69001368657465,54.37002677484872,61.8184541657333,0.0,80.0,41.82501557814248,65.0,60.0,,40.0,80.0,,30.0,90.0,72.5,70.0,48.90625,real_sec,977219.490909091,1.0544946522854306,19.348234932686193,25.30318243196578,0.048643191680459164,57.54464287840647,0.25212430260915497,2.9547222405245996,14.116711399646107,-26.320917334932183
YETI,"YETI Holdings, Inc.",2752220672.0,1868493952.0,264807008.0,165387008.0,1072684032.0,228462000.0,188342000.0,,0.10587,0.2379,35.133,1.975,0.986,90632248.0,254736992.0,17.911331,11.156352,4.1932883,1.472962,1.486,10.486,,0.0,0.068,0.19,0.095,0.08851,0.57409,0.12732,USD,Consumer Cyclical,Leisure,US,36.36,1.798,1390.0,51.29,26.61,42.555,38.63785,1462904.0,1330840.0,1798938.4462151397,1428413.3333333333,1618748.888888889,43.92343344191808,39.47755635522176,-13.46977578713082,-18.911684909409875,3.826385308601044,4.72350038015128,36.36000061035156,-30.076817648380796,0.3966410117030445,0.5766875631487761,0.0218958820922428,0.7734344724761767,6.031097572483285,0.0002988963892951,,,66.4005025175177,,,,56.849924879947395,,,70.50013750303097,0.0,,,59.33178172050805,,,,40.6743743185327,51.36345514254475,39.47220822422807,40.71407172692384,0.0,60.0,24.793798032605963,65.0,80.0,,20.0,70.0,,30.0,100.0,57.5,60.0,48.90625,real_yahoo,1344240.25323741,,8.851353670316831,14.172216491070557,0.01691059737373501,57.40901814810905,0.8627490704475616,1.1150081501518851,4.850550781980802,-29.108988106843437
GRMN,Garmin Ltd.,45743067136.0,7245518848.0,2064834944.0,1663886976.0,4256303104.0,195988000.0,2737848064.0,,0.11371,0.19783,2.184,3.633,2.331,790871488.0,1633358976.0,27.698135,23.366829,5.1017556,6.3132906,5.962,20.922,1.77,0.4016,0.166,0.212,0.213,0.22964,0.58744,0.28902,USD,Technology,Scientific & Technical Instruments,US,237.65,0.968,23000.0,261.69,169.26,228.2388,223.21594,971426.0,752290.0,898710.9561752988,863990.0,993330.0,36.088072097591166,29.72660780719558,-0.6700260872537722,17.842719549228605,-7.0444050026159495,10.772239184389695,237.6499938964844,-27.97474465084665,0.4746437648985516,0.4964371526376865,0.1288605081072427,1.978274432303493,31.048643083043533,6.886835513051887e-05,1126231000.0,7245519000.0,59.1957937841435,,,,45.39135950522813,,,45.39135950522813,1.0,,,65.07650734721852,,,,63.76418253105048,32.85064099765292,70.86694757340335,74.45590131899041,0.0,10.0,46.76255851026216,40.0,20.0,,30.0,30.0,,80.0,90.0,40.0,20.0,48.90625,real_sec,315022.55860869563,15.543828173338845,22.964359225416786,28.498096372628467,0.26913544330077005,58.74393805731219,0.09491702984274951,8.333974406596322,10.915318896980116,-9.18644197332722
LULU,lululemon athletica inc.,18267686912.0,11102600192.0,2706842880.0,1579182976.0,6284131840.0,1798440960.0,1807202048.0,,0.17206,0.34013,36.245,2.258,1.058,824078400.0,1602477056.0,11.734739,11.737783,3.6560857,1.6453521,1.621,6.647,,0.0,0.008,-0.185,-0.216,0.14224,0.56601,0.22311,USD,Consumer Cyclical,Apparel Retail,US,155.72,1.07,39000.0,340.25,143.96,171.4614,188.76535,2761649.0,2874650.0,2959064.541832669,2919030.0,3508270.0,44.92474868995,39.41516040402311,-10.081991103767873,-26.132534972673007,-12.61503710017926,-44.92661318454354,155.72000122070312,-56.49333191059394,-0.9356206144033106,-1.0646674963052805,-0.1337170326791326,-1.017718237049957,11.248828375023985,2.8309918005403563e-05,,11102600000.0,72.79566702120385,,,,51.88621119882609,,,66.77735224219,1.0,,,71.7410659233113,,,,77.9768770444019,29.975923494783967,43.19666286188323,50.64554581577536,1.0,20.0,44.550010385428315,65.0,30.0,,10.0,10.0,,30.0,87.5,82.5,10.0,48.90625,real_sec,284682.0562051282,,14.223541771213949,24.3802607784654,0.1004828522176908,56.6005415968058,0.6644053754608764,0.8910367877742287,7.422391023264904,-54.23365172667156
FOXF,Fox Factory Holding Corp.,703209600.0,1467320960.0,154619008.0,-544579008.0,443247008.0,780312000.0,58008000.0,,0.01994,-0.58223,116.464,2.864,0.955,49567248.0,60918000.0,,9.807017,1.046033,0.4792473,0.97,9.204,,0.0,0.023,,,-0.37113997,0.30208,0.04531,USD,Consumer Cyclical,Auto Parts,US,16.77,1.46,3700.0,31.18,13.08,17.8989,21.92745,681529.0,754190.0,647305.9760956175,841093.3333333334,752273.3333333334,54.09399542539324,52.77999307591281,-4.2808218059586345,-3.731341077402328,-33.399522420511744,-32.56936111032075,16.770000457763672,-56.62611099451955,-0.2597394726336509,-0.3121515235530716,-0.1548920920545271,-0.6106237959956649,10.004158435699798,0.0014014972825948,,,28.85469801200546,,,,72.98199434359161,,,33.27228489462122,0.0,,,30.790428054060573,,,,26.68593579633175,36.65952713470921,36.9892384657913,63.05988842683974,0.0,70.0,26.83754413807035,65.0,10.0,,30.0,70.0,,30.0,100.0,35.0,30.0,48.90625,real_yahoo,396573.2324324324,,-37.11383009208837,10.537504214483517,0.013279825683161932,30.207910885427548,5.046675761883041,0.0780687724910036,3.3780780995590765,-46.21552277100706
CROX,"Crocs, Inc.",4343263744.0,4040646912.0,968012032.0,-81198000.0,2357054976.0,1613848960.0,130354000.0,,0.12361,-0.0519,124.787,1.265,0.662,443983872.0,710430976.0,,5.90219,3.2486796,1.0748931,1.407,5.874,,0.0,-0.032,-0.68,-0.715,-0.0201,0.58334,0.15402001,USD,Consumer Cyclical,Footwear & Accessories,US,83.66,1.539,8010.0,122.84,73.21,85.655,87.4313,1277850.0,1084700.0,1537518.5258964144,1269090.0,1294028.888888889,52.110154848994085,37.54964835265543,0.4442342928502096,-3.783776195059807,-2.946628046469568,-24.99551463562596,83.66000366210938,-38.97389149676525,-0.1771209865918682,-0.2163509191556411,-0.0457450050415382,-0.5195771237931638,22.05495669485899,0.0001326262698823,29600000.0,4040647000.0,71.55789324629684,,,,63.05456698134901,,,74.22292276387195,0.0,,,64.29549540162935,,,,56.527937977027115,39.33296859067931,48.16260237875678,33.26546616028521,0.0,80.0,31.60628505082057,65.0,70.0,,30.0,80.0,,30.0,55.0,47.5,70.0,48.90625,real_sec,504450.3011235955,0.7325559655334715,-2.0095297057225276,23.95685772803303,0.03656942693612619,58.33360418105248,1.6671786162261255,0.44020908623319993,10.987940338994907,-31.895148160208407
SIG,Signet Jewelers Limited,3452075008.0,6813599744.0,615299968.0,294400000.0,2694599936.0,1217299968.0,874800000.0,,0.05746,0.15422,61.911,1.601,0.473,364400000.0,678800000.0,11.984463,6.9816313,1.7434454,0.50664485,0.549,6.082,1.65,0.1808,-0.003,1.659,1.485,0.04321,0.39547002,0.15083,USD,Consumer Cyclical,Luxury Goods,US,84.85,1.25,27097.0,110.2,50.02,91.0026,90.0614,972657.0,1231980.0,1050547.80876494,1127423.3333333333,985598.8888888888,51.389206871825856,61.53773733050605,-9.464364736502596,-1.463247157472436,-13.90157702018696,41.4822211219493,84.8499984741211,-25.6886824122015,0.96163086881252,1.735826484224106,0.0158610725300209,0.0084574170166759,8.247540183981952,0.0002684588599391,,,55.879425430808226,,,,71.74106592331128,,,44.440640677144145,0.0,,,63.054566981349026,,,,67.71868879478787,28.63920276679892,64.30190580859582,58.09415138241398,0.0,90.0,32.287533752642034,65.0,60.0,,80.0,50.0,,30.0,100.0,42.5,90.0,48.90625,real_yahoo,251452.1808318264,,4.320770386596985,9.030468344458127,0.0616657291361508,39.54737638313496,1.978384578755577,0.5576275510096785,5.348127475801431,-23.003629764065348
SHAK,"Shake Shack, Inc.",3813722112.0,1445305984.0,174356000.0,45725000.0,581267008.0,902126016.0,360123008.0,,0.023570001,0.094919994,162.912,1.757,1.678,29684124.0,222355008.0,81.954124,51.37717,6.8452106,2.6386952,2.883,23.897,,0.0,0.219,0.287,0.358,0.03164,0.40218,0.05129,USD,Consumer Cyclical,Restaurants,US,89.33,1.753,13873.0,144.65,72.93,91.4574,99.9814,1496239.0,1217660.0,1233245.8167330676,1465986.6666666667,1550243.3333333333,47.106170698711615,51.08633377245704,-7.707406771266911,7.020487030852118,-5.520889531696405,-6.665967312137422,89.33000183105469,-45.70160993494038,0.2046175518259163,0.295891612731846,0.0164623972602105,0.4197491152867189,5.250798080342443,0.0001748094890783,,,36.69393191974977,,,,39.47692699602284,,,45.68156909742447,0.0,,,33.27228489462122,,,,39.74181175038597,25.965761310828825,32.02329894891775,38.231203204710965,0.0,30.0,27.518792839891805,65.0,20.0,,20.0,0.0,,30.0,100.0,82.5,20.0,48.90625,real_yahoo,104181.2141569956,,3.1636899387527895,12.063604657434256,0.013080581583425909,40.21757430155357,5.1740462960838745,0.24647887773585725,2.053829730770699,-38.244037331489814
WING,Wingstop Inc.,4237773056.0,696852992.0,217230000.0,174267008.0,339249984.0,1270406016.0,196572000.0,,0.17040001,,,3.263,2.652,104511248.0,153064992.0,24.558775,26.007622,-5.689398,6.081301,7.556,24.239,0.79,0.18360001,0.086,0.047,0.0,0.25008,0.48683,0.27186,USD,Consumer Cyclical,Restaurants,US,152.51,2.025,345.0,388.14,142.24,229.1572,269.24738,989831.0,1452000.0,716074.7011952191,1191916.6666666667,913683.3333333334,54.892433828481366,59.16378885063537,-35.38807030808546,-40.54515225240767,-42.35453985693394,-35.082356641079734,152.50999450683594,-61.88885057605069,-0.3882128086882996,-0.7582556977948364,-0.1162555406684167,0.7382375067474537,11.13564240316598,0.0001117180515958,,,68.66975443818052,,,,28.308571213499913,,,56.8499248799474,0.0,,,72.98199434359162,,,,49.06743743185327,52.7001758705298,63.06042092937743,69.26705973237193,0.0,90.0,27.518792839891805,65.0,80.0,,50.0,40.0,,30.0,100.0,90.0,80.0,48.90625,real_yahoo,2019863.7449275362,,25.007714683099184,31.17300241138952,0.006306790751867837,48.68314951570159,5.848207043226074,0.12048509694714796,14.99760339695865,-60.70747668367085
TXRH,"Texas Roadhouse, Inc.",10780487680.0,5878074880.0,681729024.0,405553984.0,971659008.0,976764032.0,134708992.0,,0.08811,0.29021,65.922,0.497,0.384,189807632.0,730067008.0,26.761904,21.350624,7.357017,1.8340167,1.975,17.026,1.84,0.4459,0.031,-0.259,-0.269,0.06899,0.16530001,0.06531,USD,Consumer Cyclical,Restaurants,US,162.98,0.896,101000.0,199.99,148.73,177.3378,175.4325,1002006.0,1135570.0,948004.780876494,1019616.6666666666,949136.6666666666,26.5345708494156,22.397789444477148,-6.480234609816016,-4.4718747596381725,-0.4296018855350136,-3.855810589486486,162.97999572753906,-20.208734578622323,0.0685897470624712,0.1188815227953151,0.0329058220395785,0.4383927192897558,2.0359791505719795,8.03981481660148e-05,,,29.886176157761295,,,,50.64528277854577,,,27.0676427932196,0.0,,,36.9950701554622,,,,55.59537540888038,24.62904058284377,65.5433906878142,59.33558564352043,0.0,90.0,43.868761683606856,65.0,60.0,,90.0,60.0,,30.0,100.0,82.5,90.0,48.90625,real_yahoo,58198.76118811881,,6.899435483203644,11.597828165128785,0.05319886506560431,16.53022507940559,1.4327746034177944,0.7474343690820917,3.2290781569628453,-18.505925296264824
TROW,"T. Rowe Price Group, Inc.",19663632384.0,7314800128.0,2844300032.0,2036499968.0,3750299904.0,469000000.0,3378200064.0,,0.106479995,0.18791,3.891,6.234,6.234,1867074944.0,1753400064.0,9.758658,8.918601,1.8147238,2.688198,2.454,6.31,5.77,0.5498,0.06,0.036,0.012,0.28533,0.5127,0.32217,USD,Financial Services,Asset Management,US,90.17,1.523,7773.0,118.22,77.85,94.1554,101.3536,2375470.0,3363150.0,1626229.0836653386,2587520.0,2192506.6666666665,26.71915368834061,19.916222801030344,-0.5726922982118743,-12.536659636798186,-8.923019020360613,1.2117739949268902,90.16999816894533,-19.75633180521006,0.246373160276324,0.3594039376138026,-0.0205971050647375,0.4889265979650268,7.183097718615462,7.696277390946901e-05,,5266292000.0,47.72022444913832,,,,64.93077134927685,,,56.150065046327846,1.0,,,42.57931723359294,,,,43.16926166691219,51.51989887986651,73.87471902083044,72.38756921258206,1.0,20.0,35.24657424247468,65.0,20.0,,30.0,50.0,,30.0,88.5,50.0,20.0,51.25,real_sec,941052.3772031391,,27.840814955484184,38.884179775636376,0.42233726766565316,51.27002567909399,0.16489118402541297,3.7385928869936036,25.52462010346812,-23.726949754694637
BEN,"Franklin Resources, Inc.",12200542208.0,8846199808.0,1702599936.0,562800000.0,3276199936.0,3538599936.0,2672100096.0,,0.023670001,0.04464,24.587,5.564,1.316,328337504.0,956200000.0,21.666666,8.044444,1.0026996,1.3791846,1.731,8.992,5.64,1.1944001,0.034,0.606,0.562,0.06972,0.37035,0.16523,USD,Financial Services,Asset Management,US,23.4,1.473,9900.0,28.32,16.25,25.7596,24.38065,5545329.0,5434740.0,4459897.211155378,5214783.333333333,4972212.222222222,30.687645322163725,32.81840298621729,-11.805412228932964,-0.2437650416910686,5.053500621928997,27.3239401830641,23.399999618530277,-19.21164773947487,0.9638555758820752,1.4169031091481543,0.009808421048274,-0.0985382782381893,7.897648037814658,0.0001523757725612,,5774500000.0,36.03637475097225,,,,74.3183820778641,,,51.56046426548617,0.0,,,30.65854170522818,,,,37.47697972267235,50.02980193882091,72.38441196584726,74.32524164775894,0.0,40.0,33.40239602278402,40.0,30.0,,60.0,0.0,,60.0,86.8,47.5,30.0,51.25,real_sec,893555.5361616162,,6.362053901281267,19.246681885483362,0.5107562463441716,37.035111201503625,2.0783507981994895,0.2702198658492261,3.7116220651388656,-17.37288135593221
IVZ,Invesco Ltd,10710285312.0,6377099776.0,1280000000.0,-726300032.0,1822099968.0,2231800064.0,1037500032.0,,0.025969999,-0.01219,17.161,0.787,0.787,745699968.0,1525299968.0,,7.9755244,1.1026355,1.6794915,2.382,11.866,3.48,0.5646,0.062,,,-0.04417,0.28573,0.20378,USD,Financial Services,Asset Management,US,24.14,1.634,7499.0,29.61,11.6,25.5028,23.36255,5722683.0,4714360.0,4830218.326693228,4939886.666666667,5529606.666666667,36.10112416921139,37.09797509876884,-2.38576693695538,-9.670280384931008,3.980585292088601,60.158940162698535,24.13999938964844,-22.625872446723093,1.4444395971376962,1.9860952955864213,0.1171786425408468,0.3927142202830084,7.470274542502882,0.0001952335750349,,,35.46643086325684,,,,70.89115911345924,,,48.50073041159172,0.0,,,32.14863864627378,,,,34.06161055612844,48.53970499777532,70.8941049108641,60.463431149955134,0.0,60.0,27.86986136371202,70.0,80.0,,60.0,10.0,,30.0,94.04299999999999,47.5,60.0,48.90625,real_yahoo,850393.3559141218,,-11.389190345326032,20.071820184109974,0.3681969223899332,28.572549152475425,1.7435938,0.6834393423514123,11.693402866400438,-18.473488686254637
SF,Stifel Financial Corporation,11465141248.0,5491325952.0,,646497984.0,5228835840.0,2250888960.0,4661662208.0,,0.01685,0.11725,37.657,0.888,0.873,,1117028992.0,18.943733,10.070809,2.1343362,2.087864,1.774,,1.7,0.31350002,0.146,0.105,0.083,0.12452,0.9522,0.27427998,USD,Financial Services,Capital Markets,US,74.07,1.104,8900.0,89.82667,48.84667,77.3022,77.50298,1590047.0,1652620.0,1109325.3984063745,1561836.6666666667,1419682.2222222222,31.0763444312315,33.12046692177512,-1.3452345652617104,-13.009519355006349,-0.044672815639335,17.140559820335866,74.06999969482422,-21.0117426618288,0.6924436036079191,0.8725576322625159,0.0991140002358338,0.5291229831560027,10.72008974156907,0.0001984658954509,,,50.28497194385771,,,,69.40106217241365,,,66.85913353495843,0.0,,,38.10902641045615,,,,40.89234888921625,42.579317233592946,43.32342439367538,47.04877582949983,0.0,50.0,39.85701979170135,70.0,70.0,,70.0,90.0,,30.0,88.835996,40.0,70.0,48.90625,real_yahoo,617002.9159550562,,11.773076114058362,,0.3170546778922422,95.21991383694136,,0.4962612602622566,,-17.541193500772103
WBS,Webster Financial Corporation,11252667392.0,2675645952.0,,974860992.0,2675645952.0,4666250240.0,2432306944.0,,0.0123000005,0.10767999,,,,,1058136000.0,11.828814,9.409084,1.2218565,4.2055893,5.146,,2.29,0.2712,0.159,0.527,0.439,0.37479,0.0,0.46374,USD,Financial Services,Banks - Regional,US,69.79,1.029,4498.0,74.0,39.78,69.567,62.0358,4503167.0,3458850.0,1686925.0996015936,5206060.0,3442403.333333333,36.43389293325494,21.47094609667029,1.0277925096311646,9.95586687061909,19.85227306227133,39.34909644883939,69.79000091552734,-18.8968794765205,1.1603985837699635,1.422560920604986,0.1105445287808087,0.7718363315003975,13.8477877808116,0.0002188632995043,,2899413000.0,52.84971943857709,,,,47.049608056729724,,,34.731928069066676,0.0,,,64.93077134927685,,,,54.55382555539187,41.089220292547346,54.500727306049185,41.08670679818637,0.0,60.0,41.70119801139201,70.0,80.0,,60.0,90.0,,30.0,90.0,50.0,80.0,48.90625,real_sec,594852.3681636283,,36.43460343739828,,0.154484740640113,100.0,,0.22676366366498166,,-5.689189189189181
PB,"Prosperity Bancshares, Inc.",6807993344.0,1249793024.0,,542843008.0,1249793024.0,2180147968.0,1748704000.0,,0.01391,0.072119996,,,,,549513024.0,11.716784,9.25743,0.81888485,5.4472966,5.793,,3.52,0.4091,0.033,0.09,0.076,0.43435,0.0,0.58164,USD,Financial Services,Banks - Regional,US,67.02,0.673,3941.0,77.2,61.07,69.547,68.739,1285144.0,1201880.0,764415.3386454183,1202266.6666666667,1146140.0,24.774823994223155,21.745344271193822,-2.6188590576945114,-2.8566161533389867,3.99941799266903,-3.022007501724411,67.0199966430664,-16.445335285753735,0.0569894541580817,0.069680894875113,0.0383706404113517,-0.0215423520667178,5.139346339042392,0.0002578400408558,,,56.2693827648696,,,,41.089220292547346,,,34.731928069066676,0.0,,,69.40106217241365,,,,55.69228194423983,24.698153941045806,64.93287669093141,55.99187937647003,0.0,30.0,43.54537623108267,70.0,80.0,,10.0,80.0,,30.0,81.418,55.0,50.0,48.90625,real_yahoo,317125.86247145396,,43.4346325812105,,0.07215975305781508,100.0,,0.25205308633436757,,-13.186528497409334
FNB,F.N.B. Corporation,6025579008.0,1679000064.0,,565000000.0,1679000064.0,4398000128.0,2736999936.0,,0.01143,0.08652,,,,,482000000.0,10.8076935,8.657253,0.8912619,3.5887902,4.578,,2.85,0.3077,0.264,0.558,0.527,0.33651,0.0,0.38483003,USD,Financial Services,Banks - Regional,US,16.86,0.896,4128.0,19.14,10.88,17.224,16.39675,7585390.0,9373610.0,4484364.741035856,8641476.666666666,6530603.333333333,30.69259479265318,30.580205153411384,-0.2366805271099115,-1.2220556459954235,6.363620556952387,27.307541140755,16.860000610351562,-15.897441879857745,0.995043024869074,1.1594642920980165,0.0741690007390555,0.2482387415715007,10.161086747453265,0.0003042757506706,,,41.45084168426872,,,,55.99018970300329,,,34.731928069066676,0.0,,,50.02980193882091,,,,42.03080527806422,33.638735587319374,57.48134141601553,50.02981034515656,0.0,50.0,38.93493068185601,70.0,80.0,,70.0,90.0,,30.0,87.03500600000001,40.0,80.0,48.90625,real_yahoo,406734.511627907,,33.650981445108506,,0.09694103557606008,100.0,,0.10959526738785944,,-11.91222570532916
EWBC,"East West Bancorp, Inc.",14999494656.0,2697061120.0,,1325187968.0,2697061120.0,3458183936.0,4781270016.0,,0.01694,0.15945,,,,,1501699968.0,11.448528,9.944016,1.6849607,5.561422,5.071,,2.93,0.2521,0.213,0.214,0.215,0.49135,0.0,0.66164,USD,Financial Services,Banks - Regional,US,108.99,0.888,3350.0,123.82,68.27,111.8806,107.52975,1187475.0,1460340.0,918227.2908366534,1221956.6666666667,1011680.0,31.689964427805123,31.07593333855015,-1.160786087116794,-4.60866717709294,4.891967170672529,23.25780966551667,108.98999786376952,-21.7300224806546,0.851336589724265,1.0211237629180283,0.1029098557595793,-0.5406437647872159,7.302011428089893,0.0001843652770427,,,57.40927054030044,,,,39.599123351501746,,,34.731928069066676,1.0,,,70.89115911345924,,,,53.415369166543904,45.55951111568413,60.46195552598188,38.10567228252963,0.0,50.0,50.92208910984533,70.0,90.0,,90.0,90.0,,30.0,90.0,60.0,90.0,48.90625,real_sec,805092.8716417911,,49.134517500293065,,0.1557211959610315,100.0,,0.43424525583129653,,-11.977063479244066
CMA,CMA,,,,,,,,,,,,,,,,,,,,,,,,,,,,,,,,,US,,,,,,,,,,,,,,,,,,,,,,,,,,,,,49.81743176856749,,,,50.0236992794642,,,50.0274184500031,0.0,,,50.02702075014408,,,,50.00000000000001,50.028268176690304,50.0,50.0,0.0,50.0,49.19063962756554,65.0,90.0,,50.0,60.0,,30.0,83.0,57.5,60.0,23.59375,financial_proxy,,,,,,,,,,
HBAN,Huntington Bancshares Incorpora,32166119424.0,7692000256.0,,2087000064.0,7692000256.0,19285999616.0,14387999744.0,,0.01038,0.10095,,,,,2481999872.0,11.359713,8.260312,1.145448,4.1817627,5.163,,3.93,0.44599998,0.103,-0.109,-0.021,0.28744,0.0,0.39784,USD,Financial Services,Banks - Regional,US,15.79,0.974,20424.0,19.46,11.92,16.7876,16.8181,34918613.0,26363780.0,23345352.98804781,28137373.33333333,31072395.55555556,29.46678838721927,29.00973018404643,-4.372627944306185,-8.749165312170494,-5.5683160171663975,7.806865123491713,15.789999961853027,-21.262002716052887,0.4514923835341823,0.5510744388538233,0.062965450005944,0.063249176623806,8.80058638617396,4.226538322902132e-05,,1562000000.0,44.870505010561224,,,,48.53970499777532,,,34.731928069066676,0.0,,,54.500092761957696,,,,60.246107499631705,30.658541705228185,66.42318374591459,57.4823966342984,0.0,20.0,50.922089109845324,70.0,70.0,,10.0,70.0,,30.0,90.0,70.0,20.0,48.90625,real_sec,376615.75871523697,,27.1320852124527,,0.44411580824571023,100.0,,0.12869438563821653,,-18.859198355601237
ZION,Zions Bancorporation N.A.,8596777984.0,3312999936.0,,884000000.0,3312999936.0,5093000192.0,4728999936.0,,0.01011,0.13515,,,,,1073000000.0,9.672213,8.901391,1.2064922,2.5948622,2.725,,3.1,0.2928,0.136,0.314,0.218,0.27136,0.0,0.38757,USD,Financial Services,Banks - Regional,US,58.13,0.796,9195.0,66.18,39.42,58.6498,56.02905,1904844.0,1943840.0,1634538.4462151397,1789503.3333333333,1744986.6666666667,35.35872623043736,35.93503336624254,1.1308307777582405,-1.183450025387578,4.726863598183506,19.10066457041461,58.130001068115234,-20.65933944976489,0.7191889890396714,0.7877023103128917,0.1005186703609168,-0.151438166807158,10.174812235749942,0.0001916602846863,,662000000.0,43.7306172351304,,,,66.42086829032246,,,34.731928069066676,0.0,,,53.009995820912096,,,,53.415369166543904,26.188250882091403,63.44256963594823,48.5392930873282,0.0,60.0,43.54537623108267,70.0,80.0,,90.0,60.0,,30.0,90.0,75.0,80.0,48.90625,real_sec,360304.50636215333,,26.68276538113401,,0.19128387874752384,100.0,,0.21068131936956347,,-12.16379570867332
CFR,"Cullen/Frost Bankers, Inc.",8757872640.0,2191042048.0,,635473024.0,2191042048.0,5173317120.0,9011485696.0,,0.01229,0.15311,,,,,273979008.0,13.968751,13.039355,1.9807034,3.9971266,2.312,,2.89,0.3982,0.095,0.085,0.074,0.296,0.0,0.34518,USD,Financial Services,Banks - Regional,US,138.57,0.606,6008.0,148.97,100.31,138.6072,130.92245,565655.0,497670.0,457803.5856573705,583723.3333333334,524932.2222222222,27.722632409029043,18.993265667376004,0.7562048674128574,8.869855293135798,11.80024848537673,14.505252761547885,138.57000732421875,-15.197183531022583,0.662888624351723,0.8237075495754151,0.0740468902570719,0.2725110746231165,8.676159079605767,0.0002338096505816,,,38.031178357976216,,,,51.5198988798665,,,34.731928069066676,0.0,,,45.559511115684124,,,,43.169261666912185,27.678347823136995,58.9716484709987,54.501362118641666,0.0,70.0,49.07791089015467,70.0,80.0,,80.0,80.0,,55.0,88.94800000000001,57.5,80.0,48.90625,real_yahoo,364687.4247669774,,29.00323271203602,,0.1265049892957071,100.0,,0.05296002577162716,,-6.981271396925559
IBKR,"Interactive Brokers Group, Inc.",115170893824.0,6208999936.0,,984000000.0,5745999872.0,25453000704.0,105503997952.0,,0.02466,0.23507999,124.331,1.106,1.106,,15811000320.0,30.513512,24.58124,5.6262455,18.549025,-5.6,,0.47,0.1363,0.152,0.303,0.309,0.15847999,0.92543,0.78801,USD,Financial Services,Capital Markets,US,67.74,1.256,3182.0,79.18,32.82,71.1796,66.36946,5066478.0,5479920.0,5332993.824701196,4715950.0,4612240.0,39.40766442584015,39.12017877778622,-0.4555549949828763,0.8668089896116005,-4.304015347887235,56.24353517830853,67.73999786376953,-18.69624250484873,1.2734269238901657,1.8198184180275891,0.2046550494954567,0.1159451187115962,6.289168076073807,7.588876751423746e-05,,2580000000.0,76.78736272262466,,,,24.698153941045803,,,65.32926660801121,1.0,,,73.87135299555041,,,,54.55382555539187,63.44067440823127,32.14612148130158,35.1246377668729,0.0,0.0,45.38955445077333,70.0,10.0,,0.0,70.0,,30.0,40.0,42.5,0.0,48.90625,real_sec,1951288.4776869894,,15.847962798239589,,0.35849128096729527,92.54308151437546,,0.6211841387139577,,-14.448092952765867
SEIC,SEI Investments Company,9429058560.0,2297381120.0,667630976.0,715305024.0,1800557056.0,28562000.0,433580992.0,,0.13076,0.28957,1.056,3.288,3.116,314429760.0,607662016.0,13.678508,12.065031,3.8455012,4.104264,4.033,13.878,1.31,0.17940001,0.091,0.169,0.107,0.31136,0.78374,0.26352,USD,Financial Services,Asset Management,US,77.01,0.938,4997.0,93.96,64.66,81.2098,84.50585,777190.0,813940.0,715196.812749004,824526.6666666666,716643.3333333334,22.89263607879504,21.529049447004745,-6.142596865411532,-7.2280446278668915,-8.690939992061232,0.4391864527939937,77.01000213623047,-18.777282355557112,0.1600854474111533,0.2395951023995796,0.0315230051293361,0.5516920434342989,7.146690189220104,0.0002075149042898,,2297381000.0,44.870505010561224,,,,50.02980193882091,,,59.2097989002223,0.0,,,36.61892946941056,,,,35.20006694497641,35.12883252836497,48.539499086116486,64.93498292344023,1.0,50.0,42.62328712123734,70.0,60.0,,60.0,80.0,,80.0,90.0,37.5,60.0,48.90625,real_sec,459752.0752451471,,31.135670863352445,29.06052331447731,0.13264472685909842,78.37432981080649,0.04278111865199017,21.27519137315314,13.686443109622143,-18.039591315453375
ALLY,Ally Financial Inc.,12314213376.0,7374000128.0,,742000000.0,7374000128.0,21888999424.0,10030000128.0,,0.00439,0.05796,,,,,3728999936.0,16.810127,6.289477,0.9329337,1.6699502,3.593,,3.01,0.50630003,0.12,2.654,2.028,0.11554,0.0,0.20402001,USD,Financial Services,Credit Services,US,39.84,1.122,10300.0,47.27,29.52,40.1796,40.6617,3927214.0,3311030.0,3515359.561752988,3843166.6666666665,3557055.5555555555,33.714311553905034,37.19518349599928,-0.1503793759308536,-12.314886420852432,4.077613922089696,11.115725055045475,39.84000015258789,-23.040842154625015,0.5081452734035744,0.6812213848199061,0.0394701203859514,-1.142259538072805,11.736424102636992,0.0001161613982771,,7914000000.0,28.912076154529526,,,,72.38125605450482,,,34.731928069066676,0.0,,,33.638735587319374,,,,42.03080527806422,44.06941417463854,61.952262580965055,58.97291389212676,0.0,80.0,40.77910890154668,75.0,0.0,,80.0,80.0,,80.0,90.0,62.5,60.0,51.25,real_sec,715922.3425242718,,10.062381165177001,,0.4257553195342341,100.0,,0.1703595428812233,,-15.718214512375717
LPLA,LPL Financial Holdings Inc.,23517149184.0,16586073088.0,,863024000.0,5118048256.0,7571097088.0,2865550080.0,,0.05426,0.20858,141.662,2.378,2.307,,-411404000.0,26.892859,10.138005,4.3991556,1.4178853,1.702,,0.41,0.1099,0.418,0.046,0.111,0.05203,0.30858,0.10067,USD,Financial Services,Capital Markets,US,293.67,0.566,10099.0,403.58,262.83,325.3068,351.077,1005565.0,940720.0,816709.561752988,1042840.0,886748.8888888889,36.70036583735613,38.167745891873295,-7.247277678044317,-18.71472692506424,-5.977730655264246,-12.924792301242691,293.6700134277344,-28.624220197894434,-0.1332152401196029,-0.1645831153629141,0.0500932951672034,-0.0720673925421614,5.358496788211724,6.362215250260268e-05,,11102600000.0,32.90168336853745,,,,73.87135299555041,,,50.03059733853894,0.0,,,27.678347823136992,,,,36.338523333824384,61.950577467185674,30.655814426318397,53.0108448608133,0.0,90.0,60.14298020829866,70.0,80.0,,70.0,80.0,,30.0,87.5,52.5,90.0,48.90625,real_sec,1642348.0629765324,,5.203305179116789,,0.9576361167374802,30.857504539172087,,-0.05433875635435518,,-27.233757867089537
HLNE,Hamilton Lane Incorporated,5256154112.0,763398976.0,336420992.0,233506000.0,459825984.0,370616000.0,338504000.0,,0.10857,0.31697,27.949,3.644,3.514,227907632.0,361224992.0,16.789661,14.697347,4.718229,6.8851995,6.051,13.731,2.29,0.3761,0.18,0.041,0.102,0.30587998,0.60234,0.43308997,USD,Financial Services,Asset Management,US,94.19,1.338,760.0,179.19,90.47,115.181,133.2392,704244.0,662750.0,492091.235059761,879563.3333333334,648752.2222222222,38.88093846187007,45.88829538721818,-13.928101353085353,-30.70664930750833,-24.86741600822987,-38.38485782374887,94.19000244140624,-45.67924467899016,-0.8242344350999515,-1.1645154138140126,-0.0006058899216622,0.0959909940761664,4.70712444797509,0.0003127496585498,,,63.39368136131233,,,,32.14863864627378,,,57.679931973275075,0.0,,,61.95057746718567,,,,40.89234888921625,55.99018970300329,67.91349080089775,67.91601743909696,0.0,0.0,24.181504924330692,70.0,0.0,,0.0,60.0,,80.0,98.40299999999999,37.5,0.0,48.90625,real_yahoo,1004472.3368421053,,30.587675297065108,44.068829350905496,0.044076643520094494,60.23403206660838,1.101643502674173,0.9746610831696418,29.85432770609323,-47.435682794798815
STEP,StepStone Group Inc.,5881093120.0,1782752000.0,-963206976.0,-546524992.0,-826902976.0,376743008.0,377452000.0,,-0.13149,-0.65119004,72.527,0.666,0.662,2396484352.0,23158000.0,,18.626286,-9.953458,3.2988846,2.619,-4.847,3.15,1.6721001,0.73,,,-0.30656,-0.46383998,-0.37707,USD,Financial Services,Asset Management,US,47.05,1.308,1275.0,77.795,40.07,53.5754,60.3003,1288968.0,1077610.0,719957.96812749,1567570.0,1088624.4444444445,43.62288415049431,60.5477673953465,-1.196975446470594,-28.941453132628254,-26.481072111628777,-13.13481284074014,47.04999923706055,-43.09865476267147,0.0050582023407395,0.0065300399550089,0.1059385978625043,-0.1486506251980417,4.54925339278264,0.0006321432976714,,,17.228226456363444,,,,58.970383585094474,,,24.022859580436087,0.0,,,26.1882508820914,,,,15.846308334560952,58.97038358509448,74.3218111373254,70.89705195475369,0.0,0.0,26.94777225386669,70.0,30.0,,60.0,40.0,,55.0,100.0,40.0,20.0,48.90625,real_yahoo,1398236.862745098,,-30.656254599630234,-54.02921864622785,0.10293139873000759,-46.38351133528388,-0.39113401105599965,0.061468957640217176,134.42612051479958,-39.52053473873642
CBSH,"Commerce Bancshares, Inc.",7350174208.0,1711661056.0,,560865024.0,1711661056.0,3052690944.0,4489133056.0,,0.01758,0.1597,,,,,645136000.0,12.346535,11.430536,1.8117758,4.294176,3.455,,2.2,0.2626,0.065,0.05,0.033,0.33082,0.0,0.42567003,USD,Financial Services,Banks - Regional,US,49.88,0.594,4577.0,63.190475,46.99,51.318,54.50059,1345518.0,1289290.0,808893.876494024,1338900.0,1268602.5,23.465873147231093,23.115031953107398,-2.6446683171335583,-4.005112290751301,-10.118463663664324,-14.295262295014275,49.880001068115234,-23.442375858175637,-0.5054196397982634,-0.597266543084597,0.0283264942372243,0.0519338127578569,7.645809948299792,0.0002680876383887,,,49.43005611228458,,,,45.559511115684124,,,34.731928069066676,0.0,,,60.460480526140074,,,,52.27691277769594,29.168444764182592,50.02980614109966,39.596189540358,0.0,60.0,48.15582178030934,70.0,50.0,,30.0,80.0,,30.0,69.241,40.0,50.0,48.90625,real_yahoo,373970.0799650426,,32.76729478853084,,0.09882679511550785,100.0,,0.21133354533252088,,-21.064052770611386
PNFP,"Pinnacle Financial Partners, In",13144473600.0,1947606016.0,,626673024.0,1947606016.0,2946592000.0,3740374016.0,,0.01164,0.09526,,,,,759008000.0,11.156888,7.3696494,0.9860441,6.7490416,3.16,,1.39,0.119899996,0.14,0.127,0.122,0.32957,0.0,0.4352,USD,Financial Services,Banks - Regional,US,87.47,0.999,3709.0,120.46,81.08,91.763,95.4128,1642785.0,1575720.0,834294.0239043825,1550923.3333333333,1538881.111111111,35.30148260017588,31.74545252036719,-3.465400472902891,-7.5641606039802305,-4.450236668612684,-17.092774217631334,87.47000122070312,-30.645512957468625,-0.2732708660937802,-0.304546007907002,0.0431668866819825,-0.2254263453925289,9.653189484449433,0.0002705659784185,,,51.709831663146254,,,,35.12883252836497,,,34.731928069066676,0.0,,,63.44067440823127,,,,49.99999999999999,38.10902641045616,41.087963811200616,33.634120509044536,0.0,50.0,46.31164356061867,70.0,70.0,,90.0,80.0,,30.0,47.961999999999996,67.5,80.0,48.90625,real_yahoo,525102.7274197896,,32.17658083060676,,0.11244963483527577,100.0,,0.2575884275800654,,-27.386684376556538
NOV,NOV Inc.,6850059264.0,8743999488.0,1032000000.0,145000000.0,1863000064.0,2340000000.0,1552000000.0,,0.03736,0.02369,37.014,2.419,1.6,754124992.0,1251000064.0,48.15385,15.049163,1.08105,0.78340113,0.87,7.374,1.68,1.3077,-0.013,,,0.01658,0.21305999,0.12077,USD,Energy,Oil & Gas Equipment & Services,US,18.78,0.943,31605.0,20.86,10.84,19.1156,15.38935,4985880.0,5076280.0,4032099.601593625,4883776.666666667,4480886.666666667,39.69487985967488,32.404788248023166,-0.4183366216630069,14.995276332504616,43.29521855618206,27.54482663923914,18.780000686645508,-27.38561790941145,0.7483681276638973,1.005042917548846,0.029072150862666,0.2059186140841888,5.985461772890153,0.0002982092316102,,8744000000.0,41.61201417568406,,,,71.05572126406177,,,36.079440094523946,0.0,,,46.57232444538529,,,,67.82265577358015,29.084183860616385,50.069952562339076,67.558093147108,0.0,50.0,32.66760005330802,65.0,90.0,,70.0,20.0,,30.0,55.0,70.0,70.0,48.90625,real_sec,276665.06843853823,,1.6582800605031325,11.802379465098157,1.444922227929298,21.30604040584317,2.2674418604651163,0.534615411965812,8.62448577490127,-9.971236816874395
OII,"Oceaneering International, Inc.",3548006912.0,2784155904.0,406807008.0,353760992.0,568441984.0,873139008.0,695873984.0,,0.076079994,0.39373,81.097,1.985,1.603,218078368.0,318860992.0,10.189112,16.800133,3.3002322,1.2743564,1.335,9.139,,0.0,-0.063,2.196,2.167,0.12706,0.20417,0.09779,USD,Energy,Oil & Gas Equipment & Services,US,35.56,1.19,11100.0,39.0,15.46,33.925,26.2296,1273527.0,1098920.0,877151.593625498,1351840.0,1127435.5555555555,45.92371352069061,50.86773417114404,3.2520406249768152,43.09859487892636,47.18543707731031,57.69402472905077,35.560001373291016,-29.26829113567517,1.2043547745583991,1.670981865405065,0.1080648803733331,0.0991388910048528,3.8065876265999914,0.001011497143048,,,37.94227037754584,,,,60.56283691320042,,,32.58181197757016,0.0,,,43.07469632843151,,,,58.911327886790076,25.5865557436626,29.084183860616378,43.07469632843151,0.0,40.0,24.96431118811159,65.0,90.0,,40.0,70.0,,30.0,100.0,30.0,60.0,48.90625,real_yahoo,250824.85621621623,,12.706220635552453,14.611502445518223,0.46007422086781674,20.41703135888758,2.1463224350353376,0.36518926434220195,7.832836073823544,-8.820512820512816
HLX,"Helix Energy Solutions Group, I",1415515392.0,1291474048.0,217736992.0,30805000.0,159138000.0,629750016.0,445196000.0,,0.01995,0.01989,39.86,2.753,2.561,169580256.0,136748992.0,45.761906,17.633026,0.89528596,1.0960463,1.239,7.349,,0.0,-0.059,-0.569,-0.589,0.02387,0.12322,0.09076,USD,Energy,Oil & Gas Equipment & Services,US,9.61,1.15,2212.0,10.75,5.52,8.9386,7.1295,2109870.0,1831080.0,1756229.6812749004,2286240.0,1961317.7777777775,47.56798549933115,66.62958736529282,5.0273230308709005,50.15624239807961,49.455675166950485,13.05881949032055,9.609999656677246,-32.94117871452781,0.5013314766351311,0.6936586139488448,0.0049045486042469,0.089335673747396,4.2788107475213,0.001643394643328,,,30.07853366724965,,,,64.0604650301542,,,29.08418386061638,0.0,,,32.58181197757016,,,,27.721680283024828,32.58181197757017,32.58181197757016,46.57232444538529,0.0,80.0,24.96431118811159,65.0,80.0,,50.0,50.0,,55.0,88.92,30.0,80.0,48.90625,real_yahoo,583849.027124774,,2.385258925466228,16.859571614094097,0.21341258783351713,12.322198827490492,2.8922509226176873,0.21714805641227644,13.130752124877388,-10.604651162790702
CHX,CHX,,,,,,,,,,,,,,,,,,,,,,,,,,,,,,,,,US,,,,,,,,,,,,,,,,,,,,,,,,,,,,,49.81743176856749,,,,50.0236992794642,,,50.0274184500031,0.0,,,50.02702075014408,,,,50.00000000000001,50.028268176690304,50.0,50.0,0.0,50.0,49.19063962756554,65.0,90.0,,50.0,60.0,,30.0,83.0,57.5,60.0,23.59375,financial_proxy,,,,,,,,,,
TRGP,"Targa Resources, Inc.",52532068352.0,17028299776.0,4846499840.0,1841400064.0,6520500224.0,17546299392.0,166100000.0,,0.086840004,0.51381,548.63,0.666,0.463,-264400000.0,3917400064.0,28.819576,22.035202,17.099777,3.0849862,4.113,14.452,1.64,0.44169998,-0.079,0.745,0.553,0.11293,0.38292,0.22621,USD,Energy,Oil & Gas Midstream,US,244.39,0.811,3570.0,253.4,144.14,227.217,183.4767,1500654.0,1676410.0,1674578.0876494024,1638676.6666666667,1483081.111111111,30.948545221548606,23.33672565336563,2.250953937685063,31.503331028899574,52.00770006531559,21.58807047371796,244.38999938964844,-28.05250615537812,0.7823395584602123,0.9088881265716524,0.176756284070025,-1.0690955211131368,5.4722954851535,5.414101632305662e-05,,17028300000.0,52.62124557009872,,,,32.58181197757016,,,46.57232444538529,0.0,,,57.06520879624664,,,,63.3669918301851,46.57232444538529,39.57706821147772,50.069952562339076,0.0,20.0,53.85164443259821,65.0,60.0,,10.0,60.0,,30.0,90.0,72.5,10.0,48.90625,real_sec,4769831.8700280115,,10.813763489149416,28.46144303162167,2.813880408382051,38.292139026058926,3.620406472973287,0.223260755814191,-1.5527093337448183,-3.555643251775853
OVV,Ovintiv Inc. (DE),16767792128.0,8663000064.0,4272999936.0,1242000000.0,4497999872.0,6424000000.0,320000000.0,,0.06514,0.1154,57.383,0.545,0.494,-1404749952.0,3652000000.0,12.380753,8.653084,1.339005,1.9355642,2.64,5.353,2.03,0.25100002,-0.06,,,0.14337,0.51922,0.23807,USD,Energy,Oil & Gas E&P,US,59.18,0.599,1465.0,62.6,29.8,50.9892,42.5313,5094591.0,5329990.0,3467596.812749004,5240590.0,4415257.777777778,39.68755482778577,29.645869991768524,13.062869899677064,46.962180950586486,51.54405891447333,37.82028058915159,59.18000030517578,-29.36112318812898,0.9536702559111132,1.1989324502383896,0.0607417445728361,-0.5569829220212621,7.042435990338133,0.0001354814614354,,8908000000.0,61.00923139441466,,,,53.56758067929286,,,60.56283691320042,0.0,,,60.56283691320042,,,,58.91132788679007,60.56283691320042,36.079440094523946,36.079440094523946,0.0,90.0,55.77746664889732,65.0,90.0,,90.0,70.0,,30.0,55.0,77.5,90.0,48.90625,real_sec,5913310.623890785,,14.336834708812487,49.32471319903248,1.4315372925404417,51.92196512489833,1.5033934229387267,0.5684931506849316,-16.215513582154813,-5.463258785942493
AR,Antero Resources Corporation,12479836160.0,5139509760.0,1694317056.0,634417984.0,3413979904.0,3526520064.0,,,0.043390002,0.09035,45.706,0.553,0.337,-467250.0,1630930048.0,19.92611,9.157613,1.6527069,2.4282153,,,,0.0,0.111,0.299,0.294,0.12344,0.66426,0.22196,USD,Energy,Oil & Gas E&P,US,40.45,0.42,632.0,45.75,29.1,37.674,34.92695,6365809.0,6632540.0,4687576.294820718,6420383.333333333,5979743.333333333,41.94934557402603,42.57749784902091,3.957853820525692,18.24028601421106,20.78231930620582,-3.6904743739536783,40.45000076293945,-31.772495038627945,0.1998247964456875,0.2491628317828271,0.0988722324627121,-0.5828254247909282,2.6746311733171946,0.0001260677264709,,21876000000.0,58.38798582431593,,,,36.079440094523946,,,64.0604650301542,0.0,,,53.56758067929286,,,,32.177344226419855,73.50406094592941,25.586555743662593,25.586555743662597,0.0,50.0,63.48075551409375,65.0,50.0,,30.0,40.0,,55.0,40.0,72.5,50.0,48.90625,real_sec,8132135.696202531,,12.343939667895484,32.96651110941756,0.8492900649268167,66.42617804854602,2.0813814341959858,0.46247576035342247,-0.009091334034162823,-11.584699453551906
RRC,Range Resources Corporation,10294860800.0,2988818944.0,1362567040.0,656726016.0,1483769984.0,1372626944.0,204000.0,,0.081520006,0.15942,31.783,0.672,0.543,342940992.0,1171324032.0,15.857664,9.845487,2.3688803,3.4444578,3.881,8.513,0.92,0.1314,0.163,0.941,0.888,0.22016001,0.49644002,0.33636,USD,Energy,Oil & Gas E&P,US,43.45,0.517,564.0,48.31,30.32,40.375,37.54855,3499604.0,3733970.0,2732450.3984063747,3747173.3333333335,3365321.111111111,35.06761648348074,33.55403039803166,4.115627631705587,23.375540762489333,13.19623295284751,8.028021646278827,43.45000076293945,-24.14989359224405,0.4215460977196386,0.5194251226133025,0.0707813044363952,-0.5619087809764509,2.604388013136932,0.0001760527340329,,,66.25172253461213,,,,29.084183860616378,,,53.56758067929286,0.0,,,73.50406094592941,,,,54.45566394339503,53.56758067929286,43.07469632843151,29.08418386061638,0.0,90.0,57.703288865196434,65.0,90.0,,90.0,80.0,,30.0,100.0,80.0,90.0,48.90625,real_yahoo,5299324.368794327,,21.972760087002445,45.58881168547625,0.49389423379638825,49.6440236695716,1.0073830525065395,0.8533447759568386,11.474130699300064,-10.06002897950735
SM,SM Energy Company,7298557952.0,3027000064.0,2207000064.0,648000000.0,2735000064.0,2852999936.0,368000000.0,,0.07011,0.14325,59.314,0.694,0.598,206875008.0,2011000064.0,5.429078,4.9879537,0.72972524,2.4111521,3.232,4.433,2.68,0.17729999,-0.171,-0.423,-0.42,0.21406999,0.90352994,0.26882,USD,Energy,Oil & Gas E&P,US,30.62,0.783,1241.0,33.25,17.45,24.2808,23.5401,7199211.0,7140740.0,2721623.505976096,7396406.666666667,5748562.222222222,50.70229393146016,58.10068311329629,20.725598969323663,61.43026436787966,27.224037377655307,4.933914709756926,30.6200008392334,-40.29816327563102,0.4170433319537146,0.6008243791798603,-0.0422539601387581,0.084831683824114,6.016008314385257,0.0003406690000665,,,71.49421367480957,,,,39.57706821147772,,,73.50406094592941,0.0,,,67.558093147108,,,,63.3669918301851,39.57706821147773,57.06520879624664,32.58181197757016,0.0,70.0,40.37088891850446,65.0,80.0,,90.0,80.0,,30.0,48.943999999999996,52.5,90.0,48.90625,real_yahoo,2439162.017727639,,21.407333541437282,72.91047298768738,0.5002035604438735,90.35348550293259,1.2927049629664171,0.7048721027381053,6.834324533400473,-7.909774436090222
CTRA,Coterra Energy Inc.,26243227648.0,6991000064.0,4832000000.0,1716000000.0,5182000128.0,4006000128.0,114000000.0,,0.0671,0.12275,26.984,1.188,0.978,1216499968.0,4020999936.0,15.428572,11.9555,1.7701291,3.7538588,4.311,6.238,2.55,0.39290002,0.234,0.206,0.239,0.2456,0.74124,0.33333,USD,Energy,Oil & Gas E&P,US,34.56,0.27,1075.0,36.88,22.33,31.3842,26.47635,11705416.0,11031240.0,7388139.043824702,10834200.0,10026555.555555556,28.423278197780714,29.67663650958993,11.755526486359669,30.871598605983078,51.651969520282506,23.29786269071745,34.560001373291016,-22.04208095374223,0.8176759927401176,1.0245277409538462,0.0687525290982089,-0.5566741735226944,2.4727260750738327,7.66494872636643e-05,,7645000000.0,70.44571544677008,,,,25.586555743662593,,,67.558093147108,0.0,,,71.05572126406176,,,,63.3669918301851,64.0604650301542,64.0604650301542,53.56758067929286,0.0,40.0,71.18404437929019,65.0,20.0,,70.0,40.0,,30.0,90.0,75.0,50.0,48.90625,real_sec,6503255.873488372,,24.54584443270862,69.11743607158976,1.15524382198234,74.12387470405837,0.8290563178807947,1.0037443353771156,17.40094345391784,-6.290672451193058
PTEN,"Patterson-UTI Energy, Inc.",4027292672.0,4826624000.0,900449984.0,-93635000.0,1170121984.0,1280470016.0,418507008.0,,-0.0043599997,-0.02777,39.708,1.642,1.383,409757760.0,961219008.0,,-44.79439,1.2504419,0.83439124,1.014,5.437,3.77,2.1333,-0.01,,,-0.0194,0.24243,-0.024360001,USD,Energy,Oil & Gas Drilling,US,10.61,0.571,7900.0,11.75,5.1,9.0614,6.74025,11185693.0,10676080.0,9424566.733067729,10908363.333333334,10266797.777777778,51.13882141055945,36.148366529918746,20.02261847892832,65.93755150408714,103.85868481229215,30.845359510423865,10.609999656677246,-37.73877997841157,0.7928720975068537,0.9809092942698902,0.0404853066315944,-0.3786949383321147,7.651587614354625,0.000358077833878,,,30.602782781269394,,,,67.558093147108,,,39.57706821147772,0.0,,,25.586555743662597,,,,32.177344226419855,36.079440094523946,71.05572126406177,73.50406094592941,0.0,90.0,44.222533351102676,65.0,90.0,,70.0,70.0,,30.0,100.0,55.0,90.0,48.90625,real_yahoo,610965.0632911392,,-1.9399688063540892,18.655896626710515,0.7975865406931985,24.2430730879389,1.4220334707674336,0.7506767015152036,8.48953139917259,-9.702127659574478
MTDR,Matador Resources Company,7816625664.0,3656514048.0,2429745920.0,759220992.0,2915298048.0,3548670976.0,15314000.0,,0.06796,0.1503,59.178,0.792,0.528,-170397248.0,2425015040.0,10.328407,8.42976,1.3813853,2.137726,3.196,4.81,2.38,0.2155,-0.125,-0.096,-0.102,0.20763999,0.79728997,0.24063998,USD,Energy,Oil & Gas E&P,US,62.9,0.906,483.0,66.84,35.19,52.5552,47.17385,1986501.0,2113240.0,1678326.6932270916,2162730.0,1775128.888888889,42.073196693832976,38.877649810993695,14.342853017788991,46.16924077682676,47.60967222743382,24.23297775427729,62.900001525878906,-29.79130051250971,0.7391388970370998,0.9508881997028562,0.0281310608621028,-0.5132195873408376,6.221457816339985,0.0002395906651673,,,67.82446987667137,,,,46.57232444538529,,,71.05572126406176,0.0,,,64.0604650301542,,,,36.63300816981489,71.05572126406177,46.57232444538529,39.57706821147772,0.0,30.0,38.44506670220535,65.0,90.0,,40.0,60.0,,55.0,92.946,67.5,60.0,48.90625,real_yahoo,7570422.459627329,,20.763519079470523,66.44979037695742,0.6042290409487883,79.7288895852753,1.4605111369010961,0.6833586591714498,-4.660101007767276,-5.894673847995224
CHRD,Chord Energy Corporation,8071639552.0,4585246208.0,2335627008.0,46195000.0,2336591104.0,1510419968.0,189531008.0,,0.04144,0.0053,18.693,1.06,0.9,622480256.0,2040657024.0,191.89189,14.969477,0.9975623,1.7603503,2.048,4.021,3.66,7.027,-0.194,-0.569,-0.599,0.0097,0.50958997,0.12948,USD,Energy,Oil & Gas E&P,US,142.0,0.532,676.0,148.42,79.83,114.586,102.484,1039508.0,1194240.0,895398.406374502,1349293.3333333333,906120.0,36.63582384020509,36.81445818175631,20.29066922222018,51.55760369564193,49.25060849844163,31.645939211599416,142.0,-27.752330371028844,0.8658904900480334,1.200026915344418,-0.0018580997460674,-0.1267780983929362,7.083236603926643,0.0001888562813807,,,53.14549468411847,,,,57.06520879624664,,,57.06520879624664,0.0,,,50.069952562339076,,,,32.177344226419855,67.558093147108,73.50406094592941,71.05572126406176,0.0,90.0,53.85164443259821,65.0,90.0,,90.0,80.0,,30.0,96.940005,65.0,90.0,48.90625,real_yahoo,6782908.591715977,,1.007470436797971,50.937875569799715,0.7576995144567561,50.95890161630335,0.6466871477451249,1.35105273184524,13.575721515541353,-4.325562592642496
DINO,HF Sinclair Corporation,11142788096.0,26869000192.0,1494000000.0,574000000.0,2300999936.0,3326000128.0,978000000.0,,0.034649998,0.06303,35.961,1.936,0.87,1031750016.0,1315000064.0,19.714287,11.498018,1.2019002,0.41470796,0.497,8.942,3.29,0.6494,-0.006,,,0.02155,0.08564,-0.00014999999,USD,Energy,Oil & Gas Refining & Marketing,US,60.72,0.691,5165.0,64.7,24.66,55.7434,50.6574,3026304.0,2724520.0,2455940.039840637,3274443.333333333,2934842.222222222,36.895393681282194,46.223832597308,6.209556000451588,30.914008916775003,19.375530369078756,88.65705068715877,60.720001220703125,-22.90985902205066,1.8136465168070224,2.4028102069048307,0.0374171934500052,-0.3158124141067758,3.7585587745707287,0.0001674167758863,,,26.408789869111427,,,,73.50406094592941,,,25.586555743662597,0.0,,,29.08418386061638,,,,32.177344226419855,50.06995256233908,60.56283691320042,60.56283691320042,0.0,90.0,50.0,65.0,70.0,,90.0,50.0,,55.0,90.897006,57.5,90.0,48.90625,real_yahoo,5202129.756437561,,2.1362908775850293,5.560311099498317,4.440029493704537,8.563772077701284,2.226238372155288,0.39536981761655543,3.839927085590606,-6.1514683153014005
CLF,Cleveland-Cliffs Inc.,4791280128.0,18609999872.0,-135000000.0,-1472999936.0,-860000000.0,7965000192.0,57000000.0,,-0.037809998,-0.21576999,125.969,1.949,0.454,-130625000.0,-462000000.0,,11.428571,0.78256005,0.2574573,0.694,-95.602,,0.0,-0.003,,,-0.07942,-0.04621,-0.06492,USD,Basic Materials,Steel,US,8.4,1.919,25000.0,16.7,5.63,10.8086,11.3073,18973254.0,18176720.0,18892427.689243022,17752690.0,17041968.888888888,67.11964749403772,52.74750545942324,-21.3483204259888,-38.23529865502473,-33.858269726884934,-3.780068052804497,8.399999618530273,-51.66872667388112,0.4312373234833245,0.5895877133610014,-0.1106098723012513,0.4775176610811185,6.165711334017674,0.0001394858278848,,18610000000.0,23.213673673510232,,,,73.95525770392615,,,25.094136831632355,1.0,,,25.094136831632355,,,,50.00000000000001,42.57825876983047,25.094136831632355,36.976705137151264,0.0,50.0,33.177376049201285,65.0,50.0,,60.0,70.0,,30.0,88.0,42.5,60.0,48.90625,real_sec,744399.99488,,-7.915099119459038,-0.7254164477621335,1.6454887177334125,-4.621171445003221,-59.00000142222222,-0.05800376508013523,-0.7019075813994718,-49.7005988023952
ATI,ATI Inc.,20078970880.0,4587400192.0,811600000.0,404300000.0,1030600000.0,1838400000.0,416700000.0,,0.079619996,0.21621999,95.915,2.663,1.168,143862496.0,614300032.0,51.630283,29.035816,11.045575,4.3769827,4.711,26.63,,0.0,0.004,-0.265,-0.295,0.08813,0.22466,0.14536001,USD,Industrials,Metal Fabrication,US,146.63,1.003,7600.0,168.14,39.23,144.0314,104.87305,2122709.0,2398910.0,1750581.2749003984,2276510.0,1874591.111111111,44.43621828435207,54.06405555326621,-4.896866099121766,23.011752212108423,77.69027005302578,171.7383383444242,146.6300048828125,-25.314071560879768,2.347200868100596,2.9808313319217468,0.2510171584622155,0.2384815660270607,9.653801542836572,0.0001666641592292,,,42.5792613240893,,,,43.96434919465462,,,33.05654653439192,0.0,,,51.23621763482977,,,,50.97535958498813,54.36806803938674,30.632590387666866,46.38830534137968,0.0,70.0,52.786268090046036,40.0,90.0,,40.0,90.0,,30.0,95.505,42.5,80.0,48.90625,real_yahoo,603605.2884210526,,8.813270765107035,17.691938048382067,0.3213444216467347,22.465883874645833,2.2651552488910793,0.3341492776327241,3.1360354444524554,-12.792910669680024
CMC,Commercial Metals Company,6856778240.0,8386826752.0,1058310976.0,505220992.0,1487772032.0,3596049920.0,495036000.0,,0.05678,0.12002,81.609,2.384,1.296,144200128.0,840060992.0,13.823267,8.876573,1.556188,0.81756526,1.187,9.405,1.2,0.1611,0.215,2.773,2.652,0.06024,0.17739001,0.08224,USD,Industrials,Metal Fabrication,US,61.79,1.468,12690.0,84.87,38.02,71.3846,62.58315,1329370.0,1649050.0,1019470.717131474,1359103.3333333333,1228266.6666666667,35.83602541673564,38.672143977368165,-9.491718245451509,-13.72463944425424,5.916956243635152,32.53538217329226,61.790000915527344,-29.96034200152735,0.9393601823516494,1.3744427655759657,0.042535261288376,0.4669639879431531,5.100644045415276,0.0002950516157108,,,30.081175133081803,,,,74.43347795898848,,,28.208634240941823,0.0,,,35.48050268111696,,,,48.049280830023775,60.57271014078837,53.660173781554825,51.23621763482977,0.0,80.0,31.1926903921892,40.0,80.0,,60.0,80.0,,30.0,94.217,45.0,80.0,48.90625,real_yahoo,660900.4532702916,,6.023982692613989,12.618729434796366,0.5874917991181011,17.73939150042908,3.397914225166271,0.23360659909860207,1.7193645733246214,-27.194532814893368
SON,Sonoco Products Company,5409079808.0,7518752768.0,1266822016.0,590662976.0,1591465984.0,4644094976.0,378398016.0,,0.039470002,0.19974001,127.872,1.047,0.554,999868096.0,689782016.0,9.247892,8.359743,1.4967657,0.71941185,1.289,7.652,3.87,0.35580003,0.297,,,0.13340001,0.21167,0.07716,USD,Consumer Cyclical,Packaging & Containers,US,54.84,0.49,22000.0,58.44,38.65,52.7598,46.25505,1007985.0,952640.0,864316.3346613545,902243.3333333334,970971.1111111112,25.905165968049275,19.61986079470858,2.065886134019057,24.75540490465864,30.187254053370705,19.91410646247649,54.84000015258789,-18.38858476965015,0.7487016367813111,1.0161784295775182,0.0231162070329313,-0.3115743966573327,9.03763332584137,0.0003126836691587,,,34.63097562823812,,,,68.0182806624703,,,28.308571213499928,0.0,,,43.199712256863826,,,,50.93256256814673,32.64936495075406,74.43242242301785,60.577019904626866,0.0,50.0,45.23125908724978,65.0,70.0,,80.0,70.0,,30.0,88.947,42.5,80.0,48.90625,real_yahoo,341761.48945454543,,7.855863787859556,16.848831915203093,0.06804763840750375,21.166622086223118,3.665941164066413,0.14852883491071825,13.298323895626197,-6.160164271047219
SEE,Sealed Air Corporation,6201483264.0,5359799808.0,1031699968.0,441200000.0,1596800000.0,4100100096.0,344000000.0,,0.07019,0.4739,331.321,0.913,0.485,332500000.0,628000000.0,14.073579,11.466315,5.0071397,1.1570363,1.858,9.652,1.9,0.2676,0.021,,,0.09431,0.29792,0.11542,USD,Consumer Cyclical,Packaging & Containers,US,42.08,1.298,16100.0,44.27,22.78,41.9152,37.1625,3126324.0,4107930.0,1913019.3227091637,3076710.0,3277798.888888889,31.20824284170094,2.0793348334188964,0.7181737858761528,1.8340245959511003,17.64730976786588,47.92253759573679,42.08000183105469,-17.68145822312246,1.3207039996286896,2.060126029379334,0.0717806167672832,1.5697893352398953,15.759783372488856,0.0002526565208429,81900000.0,5359800000.0,44.73946145664525,,,,61.813638561068686,,,32.031356474340896,0.0,,,55.608996459667075,,,,56.527937977027115,31.31264422276902,66.7848755670326,49.404111554668916,0.0,90.0,37.05627466539225,65.0,70.0,,90.0,50.0,,30.0,40.0,32.5,90.0,48.90625,real_sec,332906.82037267083,1.5280421458606837,8.231650729593817,19.248852661625378,0.048508273981777504,29.792157490968734,3.9741206001471934,0.153166992340667,6.203589908408758,-4.946916647842792
HXL,Hexcel Corporation,6305581056.0,1893900032.0,326600000.0,109400000.0,434800000.0,1018700032.0,71000000.0,,0.047030002,0.07874,81.45,2.264,1.104,118425000.0,230500000.0,57.817516,25.947521,4.794214,3.329416,3.674,21.302,0.87,0.4964,0.037,8.166,7.0,0.05776,0.22958,0.13088,USD,Industrials,Aerospace & Defense,US,79.21,1.048,5563.0,95.22,45.28,85.01,71.2737,1320844.0,1273790.0,1071946.215139442,1305636.6666666667,1252783.3333333333,32.134300893551455,37.19334384025942,-11.229411515742516,3.2467975453582376,24.32121226381685,42.77454536928404,79.20999908447266,-18.653019288684025,1.27897318437171,2.086093757464242,0.0466644122039884,-0.0453261076897526,7.228792544605717,0.0002231221038621,,,41.60284834041684,,,,51.23621763482977,,,34.26852460775444,0.0,,,48.812261488104724,,,,45.12320207505944,32.031356474340896,51.23621763482977,68.20391066190511,0.0,70.0,40.94462870735035,40.0,60.0,,80.0,80.0,,30.0,100.0,57.5,80.0,48.90625,real_yahoo,340445.8083767751,,5.776440052354357,17.24483840126996,0.1326664744665408,22.957917136779475,3.119106037966932,0.22626876681986793,6.252969956124907,-16.813694601974383
WOR,"Worthington Enterprises, Inc.",2584569600.0,1327719936.0,135092992.0,111816000.0,369620992.0,357679008.0,5979000.0,,0.02893,0.11394,35.677,2.363,1.234,2984625.0,216932000.0,157.69696,12.990515,2.547484,1.9466226,2.188,21.508,1.46,2.1818,0.244,0.165,0.146,0.08422,0.27839002,0.08906999,USD,Industrials,Metal Fabrication,US,52.04,1.212,3400.0,70.91,43.35,53.572,57.41125,202731.0,419510.0,267871.9123505976,245010.0,205906.66666666663,36.73109793942092,36.91398317348344,0.2326324334078533,0.5605735605093587,-6.221934237817006,3.4268844756193184,52.040000915527344,-29.83470548779428,0.3032350394736002,0.3984909820885181,0.0017869251828874,2.278942972344526,24.285670214056413,0.0013107143427505,,,36.134935631851064,,,,64.56797644181754,,,39.11643690120454,0.0,,,36.69248075447949,,,,27.56672954527337,36.995070155462194,57.296108001642395,74.43347795898848,0.0,30.0,31.889257414700708,40.0,30.0,,10.0,70.0,,60.0,52.693003000000004,32.5,30.0,48.90625,real_yahoo,390505.8635294118,,8.421655574206879,10.174810842035892,0.09300592428949345,27.838776987378154,2.6476503533210662,0.6064991099505621,0.2247932654375689,-26.611197292342403
SLVM,Sylvamo Corporation,1688189184.0,3351000064.0,428000000.0,132000000.0,735000000.0,915000000.0,135000000.0,,0.05799,0.14562,94.72,1.503,0.772,-16500000.0,268000000.0,13.1882715,7.217905,1.7428012,0.5037867,0.737,5.767,4.21,0.5556,-0.082,-0.572,-0.593,0.039389998,0.21934,0.08989,USD,Basic Materials,Paper & Paper Products,US,42.73,0.87,6500.0,62.99,37.09,45.8304,46.36545,346027.0,452160.0,346096.4143426295,368620.0,347542.22222222225,40.17463639326877,37.233753757869664,-5.317973563210332,-9.718991478789665,-2.73671310142265,-35.19479203102944,42.72999954223633,-43.71819955426584,-0.7380502167216649,-0.9630639439381316,-0.0311084822804563,-0.3591887620281274,5.973061175309141,0.0009709392688317,,,38.15570604610996,,,,72.62441005370803,,,32.2236778149437,0.0,,,44.10624612046262,,,,52.061334693693496,35.106707195834296,73.95525770392614,60.7418417481891,0.0,80.0,35.76547204163185,65.0,70.0,,90.0,60.0,,30.0,100.0,30.0,90.0,48.90625,real_yahoo,515538.4713846154,,3.939122574722816,12.772306530161856,0.2962940804063184,21.933750700161134,2.1378504672897196,0.292896174863388,-0.492390321840352,-32.16383552944912
TROX,Tronox Holdings plc,1464329344.0,2897999872.0,279000000.0,-470000000.0,269000000.0,3441999872.0,206000000.0,,-0.00235,-0.29198,237.543,2.465,0.545,-221250000.0,60000000.0,,-65.655846,1.0265012,0.5052897,1.63,16.927,2.18,0.1558,0.08,,,-0.16218,0.092819996,-0.050679997,USD,Basic Materials,Chemicals,US,9.18,0.905,5700.0,9.94,2.86,7.4258,5.13375,4074601.0,3786330.0,2619929.6812749,3841126.6666666665,4199341.111111111,75.1558892807577,89.5015702322778,26.098901656727435,116.5690999749704,131.15033390799172,42.09155881111904,9.18000030517578,-55.74763990222387,0.8736618924559173,1.2549514826195067,0.0102118216364008,-0.3308421820058821,10.7349477052424,0.0019225095560168,,,25.76475237127116,,,,70.24789639260425,,,27.470650492736137,0.0,,,27.470650492736137,,,,33.50932245045203,32.61619000450224,55.98881442598153,53.61230076487775,0.0,50.0,30.589280056770715,65.0,80.0,,70.0,80.0,,80.0,74.18400000000001,40.0,80.0,48.90625,real_yahoo,508421.0301754386,,-16.218082151799347,9.627329617770252,0.2562399852857384,9.282264040072393,12.336917103942652,0.017431726389093835,-7.634575906565119,-7.6458752515090485
IOSP,Innospec Inc.,1836667648.0,1778000000.0,199600000.0,116600000.0,492400000.0,52700000.0,292500000.0,,0.05467,0.09149,3.954,2.79,1.763,17500000.0,138300000.0,15.800857,11.759362,1.378737,1.0329964,0.897,7.993,2.36,0.3662,-0.024,,,0.06558,0.27694,0.10316,USD,Basic Materials,Specialty Chemicals,US,73.79,0.881,2450.0,95.55,65.51,77.2362,79.12915,229786.0,369840.0,178250.796812749,288436.6666666667,246104.44444444444,27.966185724334824,26.43990394117714,-0.5793590650815528,-3.2642867116108865,-4.987118674704416,-21.170612536051404,73.79000091552734,-29.61013379262656,-0.7257652657062384,-1.0970106853710166,-0.0840688079754247,0.2580808395444312,8.043981013116312,0.0008837584223608,,,46.9022615812903,,,,58.36532808708532,,,41.729732459358836,0.0,,,51.235787103773966,,,,43.81599591891951,40.08774157849841,65.49486907039667,67.87138273150045,0.0,70.0,34.47142404541657,65.0,70.0,,30.0,90.0,,30.0,100.0,27.5,60.0,48.90625,real_yahoo,725714.2857142857,,6.55793025871766,11.226096737907762,0.1572100462253032,27.69403824521935,0.26402805611222446,2.6242884250474385,0.984251968503937,-22.77341705913134
CBT,Cabot Corporation,3965186304.0,3607000064.0,763000000.0,306000000.0,922000000.0,1126000000.0,230000000.0,,0.10221,0.21825,65.124,1.667,0.968,291624992.0,667000000.0,13.274476,11.069998,2.5173225,1.0993031,1.39,6.573,2.37,0.31120002,-0.111,-0.182,-0.215,0.086219996,0.25561002,0.15194,USD,Basic Materials,Specialty Chemicals,US,75.93,0.831,4064.0,83.71,58.33,73.0878,72.51995,472216.0,426130.0,411858.9641434263,431720.0,487184.4444444445,32.61651277227562,27.014902957918157,2.580388744570805,13.920062141356237,1.7539560117443065,-7.744263457909161,75.93000030517578,-29.590320555942885,-0.0703813373602422,-0.1138774856298442,-0.0127570892415872,1.4085210421568437,10.423505728215304,0.0004331249913155,,,54.55549767457309,,,,55.98881442598154,,,39.35321879825505,0.0,,,65.49486907039667,,,,60.30667346846747,47.55929315249458,70.24789639260423,51.235787103773966,0.0,90.0,44.82380801513885,65.0,60.0,,50.0,70.0,,30.0,100.0,32.5,70.0,48.90625,real_yahoo,887549.2283464567,,8.483504146674726,21.153312627166063,0.31892949763560835,25.561407919065676,1.4757536041939712,0.5923623445825933,8.084973297078378,-9.293991159956983
NGVT,Ingevity Corporation,2508899840.0,1167600000.0,358100000.0,-150300000.0,461500000.0,1242700032.0,78100000.0,,0.08908,-1.3365899,4184.175,1.331,0.691,306487488.0,331200000.0,,11.8879595,84.93428,2.1487665,3.146,10.258,,0.0,-0.146,,,-0.14310999,0.39526,0.1521,USD,Basic Materials,Specialty Chemicals,US,71.09,1.275,1500.0,77.46,28.49,69.5648,57.4845,346470.0,360380.0,278542.03187251,395513.3333333333,339784.44444444444,50.53065403949464,36.26467478388983,5.804425888933995,18.30586812676018,26.24754857777372,79.79260164855893,71.08999633789062,-24.43095986618267,1.484715984863623,2.125612249154667,0.1318235759669748,0.7068684888761925,8.369572745711501,0.0017859317708044,,,65.85313190751434,,,,39.35321879825506,,,60.7418417481891,0.0,,,67.87138273150045,,,,52.0613346936935,45.06877596116253,53.61230076487775,25.094136831632355,0.0,80.0,34.47142404541657,65.0,90.0,,80.0,90.0,,30.0,100.0,30.0,90.0,48.90625,real_yahoo,778400.0,,-12.87255909558068,30.669749914354234,0.10323872326921488,39.525522439191505,3.470259793353812,0.26651644924074486,26.24935662898253,-8.223599277046201
AVNT,Avient Corporation,3216263168.0,3260199936.0,543100032.0,81900000.0,1058200000.0,2000400000.0,510500000.0,,0.037720002,0.03545,83.829,1.655,1.117,335049984.0,301600000.0,39.404495,10.365037,1.3530614,0.9865233,1.446,8.682,3.11,1.2162,0.019,-0.653,-0.65,0.025120001,0.32458,0.13069001,USD,Basic Materials,Specialty Chemicals,US,35.07,1.413,9000.0,44.85,27.48,37.7838,34.19955,875901.0,870430.0,625183.8645418327,794066.6666666666,831990.0,35.51247533763171,37.2147171785375,-9.444089293225,11.488585365309412,9.466790865858332,-4.3876043002432645,35.06999969482422,-28.48177217344581,0.1528790213802746,0.2220471559935605,-0.0059584717614899,0.2564659226910727,6.7256347827534455,0.0007168507651554,,,53.46217823267554,,,,63.11835540929289,,,46.4827597815664,0.0,,,58.36532808708532,,,,68.55201224324148,25.144638430506067,72.62441005370802,72.62441005370802,0.0,90.0,33.177376049201285,65.0,60.0,,30.0,50.0,,30.0,100.0,37.5,60.0,48.90625,real_yahoo,362244.4373333333,,2.512115870429856,16.65848851792628,0.28826556954009597,32.45813204015718,3.683299359481533,0.15076984603079385,10.276976583561286,-21.80602006688963
KWR,Quaker Houghton,2090090112.0,1888633984.0,286785984.0,-2468000.0,685393984.0,905852992.0,179844992.0,,0.04468,-0.00176,65.808,2.423,1.57,91071128.0,136452992.0,,12.789031,1.5218681,1.1066676,1.493,9.831,1.69,0.3561,0.055,0.486,0.459,-0.00132,0.36290002,0.09,USD,Basic Materials,Specialty Chemicals,US,120.57,1.424,4700.0,183.01,95.91,145.8786,136.7164,163368.0,185410.0,137613.74501992032,194520.0,153600.0,38.48926442969642,41.81314475598667,-10.880326943454277,-12.959043686616775,-8.422163349257927,-1.4915934669613606,120.56999969482422,-36.45677952609788,0.1980742898695239,0.3313234658949839,-0.065598695855448,0.857639012369176,4.869655096731698,0.0009328067625279,,,50.54665972094877,,,,53.61230076487776,,,55.98881442598153,0.0,,,46.4827597815664,,,,45.877330612613,27.635155621838127,63.11835540929288,55.98881442598153,0.0,50.0,28.001184064340137,65.0,70.0,,50.0,80.0,,80.0,93.554,30.0,60.0,48.90625,real_yahoo,401837.01787234045,,-0.13067645827133437,15.184836576571946,0.1669922586767821,36.29046124375998,3.158637599248923,0.15063480852310304,4.822063394576722,-34.11835418829572
STLD,"Steel Dynamics, Inc.",26107807744.0,18176581632.0,2027376000.0,1185595008.0,2392183040.0,4382816768.0,769878016.0,,0.05884,0.13284001,49.077,3.055,1.156,-109405624.0,1449533952.0,22.581453,11.43021,2.9159048,1.4363431,1.634,14.647,1.13,0.25030002,0.14,0.347,0.283,0.06523,0.13161,0.07028,USD,Basic Materials,Steel,US,180.2,1.4,14400.0,208.47,103.17,184.5702,155.9829,1316793.0,1301880.0,1402513.9442231075,1215203.3333333333,1289287.7777777778,35.64335241767731,36.69914602318941,-4.8543539920472885,2.668232911857249,25.554190701052782,43.40350555510695,180.1999969482422,-20.327535896201752,1.2151595733428646,2.071983236398605,0.0702962718400629,0.8425972682731295,4.495827625189175,8.634517122581795e-05,10700000.0,389400000.0,32.68910883662225,,,,46.4827597815664,,,29.847164153839916,1.0,,,36.976705137151264,,,,54.12266938738699,52.540327535158696,48.85927344267019,65.49486907039667,1.0,40.0,40.941664026493,65.0,50.0,,70.0,70.0,,55.0,90.0,47.5,60.0,48.90625,real_sec,1262262.6133333333,0.05886695428563187,6.5226511343186315,11.153780402970767,1.6071660509475352,13.160797164349896,2.1618174270584243,0.3307311322214965,-0.6019042865980402,-13.560704178059202
RS,"Reliance, Inc.",15967393792.0,14294299648.0,1325900032.0,739400000.0,4119399936.0,1739500032.0,216600000.0,,0.06421,0.10293,24.229,4.883,2.108,305600000.0,831400000.0,21.82845,15.96663,2.2034302,1.1170462,1.212,13.071,1.64,0.3433,0.119,0.151,0.106,0.05173,0.28818,0.05499,USD,Basic Materials,Steel,US,305.38,0.874,15700.0,365.59,250.07,318.8798,299.8651,370259.0,323580.0,372034.4621513944,366203.3333333333,352540.0,26.668114629372592,22.54445407170284,-1.4585314948995065,3.648085740020601,7.841853949809274,5.659944641650028,305.3800048828125,-22.29706650655972,0.4068163900155879,0.4942144330562733,-4.724758035220839e-05,-0.0824574394051118,11.23193566139781,0.0001146007565644,,,36.33350697628073,,,,51.23578710377397,,,44.10624612046262,0.0,,,32.2236778149437,,,,52.0613346936935,50.04981034382664,58.36532808708532,70.24789639260423,0.0,70.0,46.11785601135414,65.0,80.0,,90.0,50.0,,30.0,84.559995,40.0,90.0,48.90625,real_yahoo,910464.9457324841,,5.1726913399597985,9.27572574138331,1.2638962364569268,28.818480355393767,1.3119390527324462,0.47795342610261016,2.137915165663666,-16.46926885308678
RPM,RPM International Inc.,12561588224.0,7582175232.0,1119517056.0,664006976.0,3122643968.0,2868122880.0,316592000.0,,0.07858,0.22830999,91.61,2.219,1.226,414667264.0,823891008.0,18.876686,16.652445,4.009577,1.6567262,1.992,13.488,2.2,0.39880002,0.035,-0.116,-0.12,0.087919995,0.41184,0.11547,USD,Basic Materials,Specialty Chemicals,US,97.97,1.093,17800.0,129.12,92.92,107.4616,111.8843,1076477.0,1063350.0,776638.2470119522,953633.3333333334,1054343.3333333333,25.64835724509042,27.50358200447539,-6.6151960720146175,-5.124253075895801,-14.922849265296566,-15.068577773871096,97.97000122070312,-26.59028393705089,-0.3961672584813317,-0.5920146607890768,-0.01797757553681,0.4287872805448823,6.1876082687814105,0.0001368265746807,,8086400000.0,59.65765507009495,,,,44.10624612046262,,,63.11835540929288,1.0,,,55.98881442598153,,,,74.73601632432195,30.125672813170183,67.87138273150045,58.36532808708532,1.0,60.0,40.941664026493,65.0,70.0,,40.0,70.0,,30.0,90.0,55.0,60.0,48.90625,real_sec,425964.9006741573,,8.757473359328449,14.765117156289959,0.670412890163706,41.18401213969727,2.561928703657017,0.2872579183218259,5.468974948639119,-24.124845105328387
FMC,FMC Corporation,2219549440.0,3467399936.0,413800000.0,-2203399936.0,1172300032.0,4198799872.0,584499968.0,,0.01407,-0.66613,200.048,1.321,0.785,94775000.0,-80200000.0,,7.9060006,1.0705024,0.64011925,1.69,14.16,1.8,2.2308,-0.115,,,-0.6457,0.33808997,0.09498999,USD,Basic Materials,Agricultural Inputs,US,17.75,0.523,5500.0,44.78,12.17,15.0234,25.22135,4339868.0,4927030.0,2670849.6015936253,3874406.6666666665,4337315.555555556,60.45111742501662,60.7143669953658,24.806703485050477,24.37152773601372,-42.92865333480681,-56.55420038702057,17.75,-72.11579677927045,-0.7745379291199581,-0.7383067526390664,-0.1392190485172821,-5.0674267656243295,56.16286678768563,0.000258524966257,9400000000.0,184992000000.0,49.81778009301708,,,,67.87138273150046,,,51.235787103773966,1.0,,,48.85927344267019,,,,50.00000000000001,37.59722438716636,60.7418417481891,73.95525770392614,0.0,60.0,43.52976001892357,65.0,0.0,,70.0,80.0,,30.0,86.0,62.5,40.0,51.25,real_sec,630436.352,271.0965038213579,-63.54617225210677,11.93401417885935,0.30658611036005257,33.809195755836804,10.14693057515708,-0.01910069601907428,2.7333160797520417,-60.36176864671729
CELH,"Celsius Holdings, Inc.",8785323008.0,2515269120.0,569673984.0,63837000.0,1289032960.0,695142016.0,398865984.0,,0.09806,0.05185,23.633,1.679,1.07,78625752.0,359441984.0,136.32,16.608755,7.410307,3.4927964,4.299,18.983,,0.0,1.172,,,0.042940002,0.51248,0.14220001,USD,Consumer Defensive,Beverages - Non-Alcoholic,US,34.08,1.123,1497.0,66.74,32.36,45.608,49.6697,5620524.0,8112360.0,6906240.6374502,7028863.333333333,5490778.888888889,61.41082712355885,64.7981333548529,-21.995873421198564,-28.6282684166394,-42.139217405485205,-7.265301139987246,34.08000183105469,-47.872338798752665,0.1954425811781682,0.2505232526594373,-0.0871520839821975,0.4726153891772695,9.77223535484346,9.287203876066998e-05,,,58.415626429948404,,,,50.041791972462484,,,58.40018646495962,0.0,,,56.310587841835336,,,,43.98070734571154,52.13139059558677,35.4146016105925,31.235404364343935,0.0,30.0,32.67713491156633,65.0,60.0,,80.0,20.0,,80.0,64.645,70.0,60.0,48.90625,real_yahoo,1680206.492985972,,2.537978918136601,22.64862950331136,0.12327506725599095,51.248311751229224,1.2202453254386285,0.5170770514898642,3.125937951323475,-48.93617021276596
FLO,"Flowers Foods, Inc.",1743207552.0,5256479232.0,514752992.0,83825000.0,2568893952.0,1465965952.0,252683008.0,,0.06024,0.06178,111.007,0.747,0.399,221076128.0,446203008.0,20.599998,9.810107,1.2243685,0.33163026,0.562,5.744,12.01,2.4563,0.068,,,0.01595,0.48871,0.0828,USD,Consumer Defensive,Packaged Foods,US,8.24,0.393,10300.0,18.86,7.86,9.7804,12.4264,5130290.0,5140170.0,2625852.390438247,5483540.0,4856060.0,25.90678778948466,29.752308598100125,-8.260962769431323,-21.52444606275108,-33.39147009981952,-52.8024743852056,8.239999771118164,-54.03857645861041,-2.2813397886083275,-3.032279134860282,-0.1672812851281086,-0.5515140718638099,2.658498234913434,0.0003480812616656,,,43.68828017753869,,,,74.07217613839174,,,54.220989218711054,0.0,,,37.50420023371679,,,,45.485530509283656,29.14580574121965,74.07217613839174,74.07217613839174,0.0,60.0,35.15182992419971,65.0,90.0,,90.0,70.0,,55.0,84.195,35.0,90.0,48.90625,real_yahoo,510337.7895145631,,1.5946985862646705,9.792733296962828,0.25762365772395746,48.87099974373113,2.847901760229108,0.3043747417129644,4.205783343614283,-56.30965005302227
INGR,Ingredion Incorporated,7163658240.0,7218999808.0,1262000000.0,729000000.0,1828000000.0,1971000064.0,1033000000.0,,0.08474,0.18101,45.816,2.663,1.685,357875008.0,944000000.0,10.094897,9.396651,1.6614115,0.9923339,1.117,6.39,2.91,0.2898,-0.024,0.801,0.737,0.10098,0.25322,0.13261,USD,Consumer Defensive,Packaged Foods,US,112.76,0.692,11200.0,141.78,102.31,115.083,119.6131,676327.0,755110.0,512243.02788844623,678910.0,685997.7777777778,21.482997706730607,15.814186187734974,0.6974711781294607,3.4581895935600797,-4.316203360581151,-14.354760947240695,112.76000213623048,-23.93892193262224,-0.7777232748112661,-1.047693265132248,0.0163912772738469,2.7521832435921687,36.67798172486328,0.0001455948197302,,,42.98697797504298,,,,66.75858095745676,,,33.32500298746821,0.0,,,52.13139059558677,,,,59.02893898143269,35.4146016105925,64.66898233433247,52.13139059558677,0.0,60.0,35.15182992419972,65.0,90.0,,70.0,40.0,,30.0,97.088,37.5,80.0,48.90625,real_yahoo,644553.5542857143,,10.09835184082055,17.481646122243532,0.3538081391673054,25.322067441728347,1.56180670681458,0.4789446825710504,4.957404315254416,-20.46833121737903
SPB,"Spectrum Brands Holdings, Inc.",1716128256.0,2785799936.0,249100000.0,104800000.0,1015699968.0,697600000.0,126600000.0,,0.02661,0.053460002,36.729,2.215,1.292,241900000.0,343400000.0,17.427896,13.577153,0.90437347,0.6160271,0.819,9.158,2.55,0.44439998,-0.033,0.435,0.209,0.03762,0.3646,0.0452,USD,Consumer Defensive,Household & Personal Products,US,73.72,0.626,3000.0,80.42,49.99,73.5392,60.5708,382270.0,399170.0,426235.45816733065,367483.3333333333,353888.8888888889,33.61009162366803,27.778281627540093,-3.229192799445968,23.547448080552,39.17100119480232,6.465959826531931,73.72000122070312,-28.325641258155898,0.3616715488831272,0.6288575538003852,0.0049493679359388,0.9526260056780688,5.65306825227027,0.0005410318644556,,,33.16874714010316,,,,70.93777820370532,,,41.68339747996535,0.0,,,31.235404364343935,,,,33.446945200706736,45.86259472621392,62.57938371120819,54.220989218711054,0.0,60.0,30.202439898932948,65.0,80.0,,80.0,60.0,,30.0,100.0,37.5,80.0,48.90625,real_yahoo,928599.9786666667,,3.761935616614215,8.94177635590268,0.13653396837000698,36.45990348676639,2.800481734243276,0.4922591743119266,8.68332276392155,-8.331260880378021
IPAR,"Interparfums, Inc.",2906024448.0,1488509056.0,295619008.0,168387008.0,880118976.0,207720992.0,296780992.0,,0.11276,0.2034,18.815,2.987,1.854,99275128.0,214900000.0,17.291986,16.260206,3.299108,1.9523056,2.042,10.284,3.53,0.6107,0.068,0.159,0.16,0.113120005,0.59128,0.07123,USD,Consumer Defensive,Household & Personal Products,US,90.61,1.267,662.0,142.61,77.21,96.2386,101.6772,257272.0,352150.0,213054.3824701195,294776.6666666667,275202.22222222225,32.0038031687595,27.349193736670266,-4.662810398470163,6.986534746652251,-1.927610258248136,-18.315885879165027,90.61000061035156,-43.011764310420894,-0.4802009931644593,-0.6575742535332824,-0.0405253134573537,-0.0765297160589271,3.434131198374582,0.00072114670148,,,47.54544229126504,,,,56.310587841835336,,,64.66898233433247,0.0,,,35.4146016105925,,,,22.913183055701932,54.220989218711054,68.84817958058105,66.75858095745676,0.0,0.0,25.253049873666185,65.0,10.0,,60.0,0.0,,60.0,64.339995,32.5,0.0,48.90625,real_yahoo,2248503.105740181,,11.312461104704223,19.860074536221028,0.07295285125972985,59.12755266434873,0.7026645323158651,1.034560820891901,6.669433927851092,-36.463081130355526
ELF,"e.l.f. Beauty, Inc.",3647384832.0,268364992.0,63762000.0,-621000.0,163570000.0,926145024.0,196820992.0,,0.04101,-0.00291,79.713,3.071,1.813,84486248.0,60654000.0,34.553673,16.678347,3.1085134,13.591135,14.082,59.269,,0.0,0.378,1.167,1.281,-0.0023100001,0.60951,0.13798,USD,Consumer Defensive,Household & Personal Products,US,61.16,2.389,633.0,150.99,49.4,79.4986,101.9558,2297842.0,2661780.0,2295623.90438247,2305613.333333333,2126625.5555555555,70.21669748386799,67.6532519890304,-25.902593689083965,-21.39827558617205,-54.99963343429515,-9.913094126883273,61.15999984741211,-59.53501110311776,0.3268331008908068,0.3700554283204805,-0.0947263777979668,-0.8432308747630775,10.697233514521038,0.0001262854921028,,,61.22083523993122,,,,24.966608494971084,,,66.75858095745676,0.0,,,54.220989218711054,,,,34.95176836427885,27.05620711809537,50.041791972462484,43.77299610308963,0.0,40.0,25.253049873666185,65.0,50.0,,20.0,70.0,,30.0,100.0,57.5,40.0,48.90625,real_yahoo,423957.3333333333,,-0.23140127010306916,23.7594328249789,0.013152752592117647,60.95057286756686,14.525030958878329,0.06549082317371496,31.481843950793703,-59.494006225577856
FRPT,"Freshpet, Inc.",2913996288.0,1102014976.0,183659008.0,139136992.0,449625984.0,494984000.0,277975008.0,,0.03502,0.12291,40.953,5.544,4.348,-3288750.0,160560992.0,22.5,29.49545,2.4066122,2.6442437,2.841,17.048,,0.0,0.086,0.792,0.866,0.12626,0.408,0.15632,USD,Consumer Defensive,Packaged Foods,US,59.4,1.778,1288.0,89.8,46.76,71.5752,63.17025,1531637.0,1986450.0,1076906.7729083663,1881656.6666666667,1399132.2222222222,46.66227367577904,55.02592704287377,-30.27350648717933,-1.2468827613866695,11.444657366105382,-30.712703604397085,59.400001525878906,-46.06202721627359,-0.4546905004042076,-0.7013811337012554,-0.0819501967711853,-0.3402633047216772,6.461875322786099,0.0002178569420144,,,53.857162113726346,,,,52.13139059558677,,,43.77299610308963,0.0,,,60.4897850880839,,,,45.485530509283656,43.77299610308964,24.966608494971084,64.66898233433247,0.0,80.0,25.253049873666185,65.0,60.0,,90.0,30.0,,30.0,100.0,60.0,80.0,48.90625,real_yahoo,855601.6894409938,,12.625689761951111,16.66574520308515,0.054010510924377454,40.80035151899787,2.695125087466442,0.32437612528889825,-0.2984306086235982,-33.85300668151447
SJM,The J.M. Smucker Company,10186107904.0,8926600192.0,1879200000.0,-1255699968.0,3053799936.0,7498299904.0,52800000.0,,0.04804,-0.20683001,143.204,0.844,0.296,884462528.0,1288300032.0,,9.4834795,1.9454293,1.141096,1.975,9.38,4.61,0.8606,0.07,,,-0.14068,0.3421,0.18778,USD,Consumer Defensive,Packaged Foods,US,95.47,0.259,8000.0,119.39,93.3,105.5846,105.06325,2085327.0,1872960.0,1528979.0836653386,2538786.6666666665,1943024.4444444445,27.32202491097033,32.989002057846484,-14.253633590058511,-0.2116430132606206,-9.650465193703097,-16.15028969438994,95.47000122070312,-19.523926372475163,-0.4376858811484602,-0.5141156756219216,-0.0142527640214892,-1.0850879945505365,14.476222846527731,8.195552137648457e-05,,,53.506511012478505,,,,62.57938371120819,,,37.50420023371679,0.0,,,64.66898233433247,,,,63.54340847214903,47.9521933493382,70.93777820370532,62.57938371120819,0.0,60.0,54.949390025266766,65.0,30.0,,20.0,50.0,,30.0,95.063,57.5,30.0,48.90625,real_yahoo,1115825.024,,-14.066945320631202,21.051687759961908,0.43749880690148246,34.21011214030633,3.9901553341847595,0.17181228391688505,9.908167823990297,-20.035178825697297
CASY,"Caseys General Stores, Inc.",27556298752.0,16982079488.0,1389427968.0,650070976.0,4166704128.0,2895720960.0,465019008.0,,0.07129,0.17882,75.146,1.042,0.609,467817760.0,1312888064.0,42.700745,37.461758,7.1366034,1.6226693,1.761,21.525,0.31,0.1269,0.003,0.498,0.493,0.03828,0.24535999,0.04975,USD,Consumer Cyclical,Specialty Retail,US,743.42,0.605,23338.0,746.57,397.8,668.2738,572.4081,432157.0,484890.0,321674.9003984064,520290.0,390472.2222222223,28.61491280270157,27.88544509274752,10.807710820838334,33.770864025279444,32.69195908184721,68.18888776503915,743.4199829101562,-9.46733770807845,2.0989350571314973,3.486408970066133,0.1888937414290883,2.1327873045173837,17.709803983262123,9.071210188041182e-05,,,27.823219866249634,,,,53.12713961910641,,,29.54949963378025,0.0,,,32.031356474340896,,,,44.40462459111962,47.353292958589606,44.438147741101616,35.74833468249808,0.0,80.0,50.68124870182145,65.0,90.0,,80.0,80.0,,30.0,89.596003,60.0,90.0,48.90625,real_yahoo,727657.8750535607,,3.827982176501752,8.181730446979756,0.15369442779461134,24.53588873461761,2.0841101710139176,0.4533890116263136,2.754773114391396,-0.4219296248175075
USFD,US Foods Holding Corp.,20044662784.0,39424000000.0,1710000000.0,676000000.0,6864000000.0,5722999808.0,41000000.0,,0.05698,0.15303001,132.877,1.16,0.624,825374976.0,1368999936.0,30.581633,15.970855,4.6029797,0.50843805,0.647,14.919,,0.0,0.033,2.059,1.788,0.01715,0.17411,0.03571,USD,Consumer Defensive,Food Distribution,US,89.91,0.98,30000.0,102.13,57.361,91.0494,80.82295,2900501.0,2700860.0,2136521.115537849,2570126.6666666665,2718906.6666666665,26.281585681312556,22.39327201265561,-2.4308169578710848,20.458205248295712,19.070323292931857,34.03399106719394,89.91000366210938,-17.276803496331304,1.2168390825573303,2.170643020841915,0.1169368129161375,1.0469055551911648,10.046716038543506,8.154539922691773e-05,,,24.051818507659053,,,,73.02737682682961,,,29.145805741219647,0.0,,,27.05620711809537,,,,45.485530509283656,50.041791972462484,29.14580574121965,27.056207118095365,0.0,80.0,37.62652493683309,65.0,70.0,,80.0,80.0,,30.0,100.0,57.5,80.0,48.90625,real_yahoo,1314133.3333333333,,1.7146915584415585,4.337459415584415,1.9321973195059887,17.410714285714285,3.3467835134502923,0.23921020128051,2.093585064935065,-11.965142465485169
POST,"Post Holdings, Inc.",5232169472.0,8358000128.0,1422700032.0,319200000.0,2382599936.0,7462300160.0,279300000.0,,0.04196,0.08672,215.17,1.897,0.923,255550000.0,923600000.0,18.441175,12.297524,1.3915939,0.6260073,1.436,8.438,,0.0,0.101,-0.039,-0.146,0.03819,0.28507,0.106639996,USD,Consumer Defensive,Packaged Foods,US,100.32,0.367,13180.0,118.93,94.13,102.6676,104.49025,845095.0,881620.0,630404.780876494,743623.3333333334,871896.6666666666,21.954389766174828,22.498851305012103,-4.982006104382664,0.6925649507458775,-6.120158036845281,-13.330453827365684,100.31999969482422,-19.4158367193629,-0.4903688918331373,-0.7745670926056948,0.0023249950996063,0.6380271728938692,6.849074075540063,0.0001521532169237,,,38.42851365882092,,,,68.84817958058105,,,35.4146016105925,0.0,,,43.77299610308964,,,,54.51446949071635,33.32500298746822,33.32500298746822,33.32500298746822,0.0,50.0,42.57591496209986,65.0,70.0,,70.0,60.0,,80.0,100.0,37.5,70.0,48.90625,real_yahoo,634142.6500758725,,3.819095418898754,17.022014958265387,0.409631327205568,28.50681861104657,5.245167633481856,0.1237688085706807,3.057549606201681,-15.647860085764743
HRL,Hormel Foods Corporation,12155779072.0,12144663552.0,1211613056.0,489423008.0,1895735040.0,250000000.0,574262976.0,,0.04428,0.061160002,4.244,2.662,1.301,381509632.0,885259008.0,24.820225,13.963073,1.5310507,1.0009153,0.974,9.765,5.3,1.3061999,-0.029,-0.051,-0.051,0.0403,0.15609999,0.11057,USD,Consumer Defensive,Packaged Foods,US,22.09,0.358,20000.0,31.86,21.03,23.9162,25.20665,4738006.0,4844580.0,3362316.135458167,4639940.0,4905608.888888889,24.854768134592074,25.207115944648955,-8.681274638721447,-4.351516655101717,-8.146348210611942,-24.59375176608436,22.09000015258789,-31.00097282117075,-0.9322636456099832,-1.0842594000742451,-0.0617328076407499,-1.9473027800507483,14.015306747771357,0.0001252189576747,,,37.02590925382952,,,,64.66898233433247,,,27.056207118095365,0.0,,,47.9521933493382,,,,59.02893898143269,31.235404364343935,73.02737682682961,73.02737682682961,0.0,70.0,50.0,65.0,30.0,,30.0,10.0,,30.0,92.01599999999999,40.0,30.0,48.90625,real_yahoo,607233.1776,,4.029942911999411,9.976505736961892,0.5952183025942694,15.609613488945174,0.20633650220421526,3.541036032,3.141376707279573,-30.665411173885747
NRG,"NRG Energy, Inc.",32427720704.0,30712999936.0,2966000128.0,797000000.0,5952000000.0,16625999872.0,4707999744.0,,0.04571,0.41548002,989.054,1.637,1.093,1090875008.0,1912999936.0,37.98259,13.150575,28.192394,1.0558305,1.476,15.289,1.24,0.4389,0.137,-0.913,-0.897,0.02813,0.19379,0.04256,USD,Utilities,Utilities - Independent Power Producers,US,152.69,1.338,16702.0,189.96,79.57,158.2476,159.3067,2618468.0,2450140.0,2859099.003984064,3142253.333333333,2315565.5555555555,48.99881184622345,51.5817926361776,-4.842330766143144,-7.8197714666927265,-8.212908944164631,50.2582563499469,152.69000244140625,-23.25707946294502,1.1041124342505757,1.6156547916748216,0.2034269703129346,0.8931125083826605,12.09087680288479,6.640080710246344e-05,,,25.692701410561963,,,,69.82060775344326,,,30.354795854994297,1.0,,,25.969705644055523,,,,46.42820325903574,72.99486398937469,39.124976276871834,39.124976276871834,0.0,60.0,41.022415975031294,65.0,70.0,,50.0,60.0,,30.0,86.292,62.5,70.0,48.90625,real_yahoo,1838881.5672374566,,2.594992353924381,9.657148875657134,24.035627243353805,19.3794159229083,5.605529047367593,0.11506074526210607,3.5518347614143004,-19.619919983154354
OGE,OGE Energy Corp,10057189376.0,3260100096.0,1303800064.0,470700000.0,1468600064.0,5690399744.0,200000.0,,0.03509,0.09788,114.327,0.784,0.422,-60162500.0,1137100032.0,21.01724,18.784622,2.0190475,3.0849328,4.83,12.078,3.49,0.7295,-0.046,-0.335,-0.321,0.14438,0.45048,0.18655,USD,Utilities,Utilities - Regulated Electric,US,48.76,0.575,2248.0,49.55,40.8,46.5738,45.0247,1699518.0,2224070.0,1234313.7450199204,1787583.3333333333,1655597.7777777778,16.774704913652336,15.3591344587516,1.036054739721992,14.851009818745498,9.368916143065832,9.253485205000178,48.7599983215332,-9.651368842828278,0.6553245980229601,0.910508337621577,0.0922626482583275,-0.4359182796858858,1.580833563510216,0.0001800821043231,,,51.711781590805494,,,,43.51006648781062,,,56.66533712062694,0.0,,,47.89515669874939,,,,35.712813036142975,54.88640859774212,65.4355175425045,69.82060775344326,0.0,50.0,32.044831950062594,65.0,70.0,,70.0,50.0,,30.0,80.24,47.5,70.0,48.90625,real_yahoo,1450222.462633452,,14.438206991789249,39.992639048098724,2.5513154314707824,45.04769855998924,4.3644726681038115,0.19982779473427448,-1.8454187978404943,-1.5943491422805267
PNW,Pinnacle West Capital Corporati,12416983040.0,5339938816.0,2049665024.0,616531008.0,2221454080.0,14299631616.0,6604000.0,,0.02405,0.09059,201.771,0.539,0.234,-601883904.0,1805095040.0,20.336632,18.238485,1.7621523,2.3253043,5.01,13.051,3.54,0.7119,0.03,,,0.11545999,0.41601002,0.109919995,USD,Utilities,Utilities - Regulated Electric,US,102.7,0.476,6610.0,103.97,85.32,98.2282,91.91705,1333977.0,1244620.0,1146099.0039840636,1374253.3333333333,1270934.4444444445,17.062017322687947,15.49330890548971,0.9039086067786916,17.663614304494992,19.223945308113045,11.961656664961584,102.6999969482422,-8.434635910858269,0.7683223994589619,1.2559433982742652,0.0901912175253227,-0.0774489425378272,0.806866183010885,9.487991971041252e-05,,,36.64810359171713,,,,52.28024690968816,,,47.89515669874939,0.0,,,30.354795854994297,,,,32.141016295178716,26.14282861102376,61.050427331565714,56.66533712062693,0.0,20.0,49.999999999999986,65.0,40.0,,40.0,40.0,,30.0,100.0,52.5,30.0,48.90625,real_yahoo,807857.6121028744,,11.545656780798591,38.38367993765417,4.178972394463136,41.60074031829507,6.976570048550529,0.12623367429831278,-11.271363300953595,-1.2215062037126079
ATO,Atmos Energy Corporation,31262996480.0,4869341184.0,2391588096.0,1249393024.0,2815628032.0,9632877568.0,367023008.0,,0.03648,0.09237,67.443,1.13,0.759,-1871672832.0,2075491968.0,24.637548,21.397999,2.188774,6.420375,8.323,16.946,2.12,0.4707,0.142,0.094,0.145,0.25667998,0.57824004,0.38848,USD,Utilities,Utilities - Regulated Gas,US,188.97,0.688,5487.0,190.13,141.59,179.3712,169.67975,1350344.0,1043300.0,975701.1952191236,1141890.0,1266037.7777777778,15.99932698821205,13.937997113476044,1.936560709532853,12.19886561200436,13.183932304987644,24.459254173351415,188.97000122070312,-7.199424449081282,1.4543657728002353,1.9006961546083132,0.1102378781532062,-0.3325649172731413,1.607925298807697,5.917822412569986e-05,,,72.25316068047144,,,,30.354795854994297,,,65.4355175425045,0.0,,,73.15327631375672,,,,60.71539022289277,30.933425275476814,30.354795854994293,30.354795854994293,0.0,30.0,49.999999999999986,65.0,40.0,,30.0,10.0,,30.0,99.81,45.0,30.0,48.90625,real_yahoo,887432.3280481137,,25.658358631868666,49.115229465917004,3.8106883034291386,57.8235930817864,4.027816321761789,0.2154591868679712,-38.437906921578325,-0.610108872876447
EVRG,"Evergy, Inc.",19076737024.0,5961600000.0,2741400064.0,855600000.0,3115899904.0,15393200128.0,19800000.0,,0.02875,0.08569,149.917,0.491,0.066,-862124992.0,2045200000.0,22.633879,18.203312,1.866186,3.1999357,5.786,12.584,3.36,0.737,0.066,0.047,0.078,0.14352,0.52266,0.17736,USD,Utilities,Utilities - Regulated Electric,US,82.84,0.599,4691.0,85.23,61.94,80.4202,75.07005,2193050.0,1811680.0,2070963.1474103583,2127993.333333333,2088196.6666666667,15.971605461923916,15.8907524246318,0.7700955895605155,14.310902801026671,10.805988256284005,23.818309868149168,82.83999633789062,-8.012644402250203,1.3875594944170528,1.930411800080351,0.1113466912329945,-0.4778468619931007,1.5495911258930426,6.731121748278426e-05,,,51.02706895448329,,,,39.12497627687184,,,61.050427331565714,0.0,,,43.51006648781062,,,,35.712813036142975,45.305215268836,56.66533712062693,61.050427331565714,0.0,70.0,41.022415975031294,65.0,90.0,,60.0,30.0,,30.0,94.13,47.5,80.0,48.90625,real_yahoo,1270859.0918780644,,14.351851851851851,45.98430059044552,4.665477018609988,52.26616854535695,5.615087097335094,0.13286386086021268,-14.461302200751478,-2.8041769330048094
AES,The AES Corporation,10196924416.0,12232999936.0,3475000064.0,939000000.0,2251000064.0,30943000576.0,1556000000.0,,0.02544,0.01954,259.393,0.766,0.39,-3086125056.0,4305999872.0,10.916031,5.9904823,2.5065732,0.8335588,3.878,13.653,4.92,0.5373,0.047,-0.317,-0.315,0.07439,0.18400998,0.16575001,USD,Utilities,Utilities - Diversified,US,14.3,1.008,8336.0,17.65,9.46,15.0102,13.8229,13407757.0,13821840.0,11857802.988047808,17353426.666666668,11211263.333333334,45.41413756982569,55.84543240017855,0.562587357269928,-2.3662450288272296,2.542142455717755,21.138878442533997,14.300000190734863,-23.266932818036,0.6486893069166807,0.840572717132715,0.0161795556527766,0.3819753989794651,10.751271137526237,0.0001179777293812,,,31.855115137461745,,,,73.15327631375672,,,25.969705644055523,1.0,,,39.12497627687184,,,,46.42820325903574,59.67700526219518,69.82060775344326,25.969705644055516,0.0,20.0,18.57845591260955,65.0,20.0,,60.0,0.0,,30.0,88.06,42.5,20.0,48.90625,real_yahoo,1467490.395393474,,7.675958513141612,28.406769248592596,9.5733997702069,18.401046969481484,8.904460433414254,0.13915909226139556,-25.227867834103122,-18.98016997167138
MDU,"MDU Resources Group, Inc.",4357441536.0,1875065984.0,498479008.0,191407008.0,611582016.0,2710614016.0,12712000.0,,0.02488,0.07007,97.753,0.835,0.396,-365005248.0,473364992.0,22.92473,20.055311,1.5714601,2.323887,3.763,14.154,2.58,0.5806,-0.003,0.394,0.384,0.10154,0.32617,0.20166,USD,Utilities,Utilities - Regulated Gas,US,21.32,0.371,2096.0,21.49,15.04,20.58,18.83435,1952640.0,1909630.0,2237586.962151394,1842790.0,2097375.5555555555,24.43671978610482,20.864899845001293,0.9562183637423116,8.018580886665339,22.26850784842356,28.947122522503825,21.31999969482422,-9.704643416039705,1.2497506519382608,1.6305820465652916,0.1041414638221822,-0.1170574578869652,2.7893235396511087,0.000365799258684,,,46.23408050022791,,,,56.66533712062693,,,39.12497627687184,0.0,,,52.28024690968816,,,,35.712813036142975,35.72402193992988,34.739886065933064,34.739886065933064,0.0,90.0,49.999999999999986,65.0,70.0,,90.0,70.0,,30.0,97.393,35.0,90.0,48.90625,real_yahoo,894592.5496183207,,10.208014524997111,26.58461154186241,1.4674042634073612,32.616559695426695,5.437769640241299,0.174633861260164,-19.466261513706815,-0.7910656119125115
AVA,Avista Corporation,3400266496.0,1964000000.0,645000000.0,193000000.0,1272999936.0,3318000128.0,19000000.0,,0.0273,0.07283,122.481,0.83,0.317,-153000000.0,469000000.0,17.369747,14.613815,1.2542857,1.7312965,3.411,10.386,4.75,0.8235,0.0,0.028,0.06,0.09827,0.64817,0.20826,USD,Utilities,Utilities - Diversified,US,41.34,0.21,,43.5,35.5,40.6598,38.81185,670767.0,701400.0,622052.390438247,713186.6666666666,708257.7777777778,19.240133528879667,21.353936172148806,3.5052618277825465,8.015089972099766,15.268847787295847,2.377518619104646,41.34000015258789,-14.013641854923453,0.2427673276758312,0.3280448523409149,0.0623468012001769,-0.4016376095500419,1.5489822139340377,0.0004660575261674,,,65.40603431724945,,,,65.43551754250448,,,73.15327631375673,0.0,,,56.66533712062693,,,,46.42820325903574,50.095811933289056,73.15327631375672,73.15327631375672,0.0,70.0,49.999999999999986,65.0,90.0,,70.0,90.0,,30.0,88.386,35.0,90.0,46.71875,real_yahoo,,,9.826883910386966,32.84114052953157,1.5370029630552229,64.81669735234216,5.14418624496124,0.14135020551753275,-7.790224032586559,-4.9655172413793025
CMS,CMS Energy Corporation,24202377216.0,8538999808.0,3019000064.0,1061000000.0,3545999872.0,18922999808.0,509000000.0,,0.031519998,0.108559996,194.861,0.979,0.516,-1742375040.0,2235000064.0,22.260624,18.823948,2.6993234,2.834334,5.069,14.337,2.9,0.6156,0.123,0.066,0.091,0.12542,0.41527,0.21675,USD,Utilities,Utilities - Regulated Electric,US,78.58,0.424,8350.0,78.88,67.71,75.3382,72.7921,3112826.0,2934810.0,2420022.310756972,2949033.333333333,2806445.5555555555,16.435094941211258,16.478178734800363,1.7875711623897006,12.422660314890566,11.049285512895924,8.435071113797864,78.58000183105469,-8.506526310047791,0.5302982052467651,0.7259061755133577,0.0737259054469855,-0.4357530944408033,0.7495558525188808,5.3436353261367134e-05,,,56.50477004506089,,,,47.89515669874939,,,43.51006648781062,1.0,,,65.43551754250448,,,,67.85898370482127,40.51461860438294,43.51006648781062,52.28024690968817,1.0,40.0,67.95516804993738,65.0,90.0,,60.0,70.0,,30.0,97.82600000000001,52.5,70.0,48.90625,real_yahoo,1022634.7075449101,,12.425342825350254,35.35542958054133,6.682519351539705,41.527110337651386,6.267969329860869,0.11811024080099171,-20.404907825007882,-0.380324543610544
DTE,DTE Energy Company,30796480512.0,15813999616.0,3616999936.0,1459000064.0,4792999936.0,26289999872.0,208000000.0,,0.02943,0.12177,213.601,0.804,0.436,-1746625024.0,3408999936.0,21.05832,17.813673,2.4997466,1.9474188,3.595,15.718,3.05,0.6309,0.289,0.255,0.264,0.09245,0.30309,0.15921,USD,Utilities,Utilities - Regulated Electric,US,148.04,0.428,9650.0,154.63,123.69,143.1142,137.60295,1491485.0,1125350.0,1283477.689243028,1272833.3333333333,1502462.2222222222,17.436644406420328,16.176715020792727,0.378184194418929,14.453924385219818,8.094049670936453,10.866341249809164,148.0399932861328,-10.133982747166035,0.6914632840630424,0.9168905566732896,0.0783150017948347,-0.5665927184046646,2.1009890389722314,5.714306051071631e-05,,,33.22454041010614,,,,61.05042733156571,,,34.73988606593307,1.0,,,34.73988606593307,,,,49.99999999999999,69.2581985911013,52.28024690968817,43.51006648781062,1.0,20.0,67.95516804993738,65.0,70.0,,70.0,30.0,,30.0,79.219,52.5,50.0,48.90625,real_yahoo,1638756.4368911916,,9.226002905196985,22.872138762040045,12.375847386734296,30.308587658941295,7.268454613541912,0.12966907389112367,-11.04480249406881,-4.261786199314499
WEC,"WEC Energy Group, Inc.",38295760896.0,9800099840.0,3867699968.0,1557500032.0,4153100032.0,22390499328.0,27600000.0,,0.030199999,0.11576,159.331,0.587,0.374,-2139337472.0,3379399936.0,24.444906,19.566338,2.8109686,3.907691,6.232,15.792,3.24,0.7422,0.111,-0.325,-0.302,0.15893,0.42378,0.21308,USD,Utilities,Utilities - Regulated Electric,US,117.58,0.525,7151.0,118.53,100.61,114.0216,110.23485,2255581.0,2083710.0,2126793.426294821,2021376.6666666667,2187411.111111111,16.269568365168748,16.212306936119784,1.2834917220836628,11.36559563875148,6.691231731273528,11.680592458868656,117.58000183105467,-11.222417349903246,0.7909913563434624,1.170496992528926,0.0930311623871236,-0.1682391517751992,0.59940091846835,4.125150011951152e-05,,,57.874195317705286,,,,34.73988606593307,,,52.28024690968817,1.0,,,61.05042733156571,,,,57.14359348192851,50.095811933289056,47.89515669874939,65.4355175425045,1.0,50.0,72.44396006242172,65.0,70.0,,60.0,50.0,,30.0,84.55799999999999,62.5,70.0,48.90625,real_yahoo,1370451.662704517,,15.892695558497493,39.465924134911674,7.669441187534122,42.37814001698987,5.789099338948517,0.15093008362586885,-21.829751807916274,-0.8014848561545662
INVH,Invitation Homes Inc.,15662675968.0,2717689088.0,1490493952.0,586963968.0,1582972032.0,8431642112.0,144324992.0,,0.02486,0.060939997,88.124,2.423,0.848,1086718208.0,1206230016.0,26.614584,35.681366,1.6375057,5.763233,8.792,16.032,4.7,1.2188,0.043,0.024,0.01,0.21632999,0.58247,0.26999,USD,Real Estate,REIT - Residential,US,25.55,0.816,1725.0,35.799,24.25,25.9196,28.53855,7361729.0,7434930.0,4097813.74501992,7353476.666666667,6632680.0,21.268508830942864,21.34620595639285,-2.11312839548069,-6.70378023042475,-8.889770668883779,-23.057210884650704,25.549999237060547,-29.154263914710043,-1.0761737519455166,-1.5746450481690353,-0.0372876279087697,-0.4621264973597718,3.968865011746988,8.799125956172112e-05,,,48.724408626315665,,,,58.25729128251502,,,45.15047972296737,1.0,,,51.703885502741194,,,,50.0,43.074696328431514,64.82175242991626,64.81069706228885,0.0,90.0,53.45834250622541,65.0,10.0,,20.0,70.0,,30.0,100.0,72.5,50.0,48.90625,real_yahoo,1575471.9350724637,,21.597907229040615,54.844167369302845,0.9339439963443795,58.24698781732018,5.65694486763003,0.143059916440628,39.98684812028064,-28.629291320986617
ELS,"Equity Lifestyle Properties, In",12822078464.0,1537901952.0,742979968.0,386492000.0,818222976.0,3347784960.0,7932000.0,,0.058080003,0.22099,184.469,0.483,0.151,440619008.0,571148032.0,31.835821,29.375175,7.0621347,8.337383,10.279,21.276,3.39,1.0249,0.005,0.032,0.047,0.25131,0.53204,0.36082,USD,Real Estate,REIT - Residential,US,63.99,0.77,3700.0,69.0,58.15,65.6552,62.417,1947385.0,1309740.0,1508520.3187250996,2040323.3333333333,1798983.3333333333,19.07689260569051,15.223482276708328,-4.754135388551184,7.958048581071986,6.51386590028169,-0.6917761806774836,63.9900016784668,-13.386360901611772,0.0625168123269438,0.0979780590322601,0.0235414717478581,-0.1404842688786086,0.4560374072966517,0.000110330394754,,,49.744881725263134,,,,38.59707394319354,,,38.59707394319354,0.0,,,58.25729128251502,,,,76.14130388092838,29.084183860616385,48.426008591513316,45.15047972296737,0.0,50.0,53.45834250622541,65.0,70.0,,50.0,10.0,,30.0,100.0,65.0,50.0,48.90625,real_yahoo,415649.17621621623,,25.13112097278878,48.31127023629657,0.5285057445970442,53.203845338509595,4.505888589448484,0.17060475473311165,28.650656657726902,-7.260869565217387
AMH,American Homes 4 Rent,12073224192.0,1850233984.0,952006976.0,437697984.0,1039212992.0,5112930816.0,108516000.0,,0.02122,0.066,66.32,2.187,0.358,719992512.0,864326976.0,24.64407,42.3814,1.5159255,6.525242,8.787,17.079,4.23,1.0169001,0.042,0.002,0.005,0.24482,0.56167,0.25474,USD,Real Estate,REIT - Residential,US,29.08,0.805,1598.0,39.49,27.22,29.818,32.55615,4464391.0,3178190.0,2559262.3505976098,4487750.0,3934294.444444445,20.364358389345316,23.12816612111984,-1.903249882576996,-7.83454111514904,-9.101659652577831,-20.146548099382155,29.07999992370605,-27.62629975154478,-0.8917002571934238,-1.33112129680984,-0.020435900364779,0.0754904707906681,2.477689563633222,0.0001213771854985,,,43.11180658210461,,,,54.98058839262811,,,41.873776833080456,0.0,,,45.15047972296737,,,,38.79658405103069,39.57706821147773,61.54260366223568,61.53399417240193,0.0,90.0,50.0,65.0,80.0,,70.0,90.0,,55.0,92.764,70.0,90.0,48.90625,real_yahoo,1157843.544430538,,23.656358481414642,51.45332883475996,0.635839812883387,56.16657141673169,5.370686292113893,0.1690472660602494,38.91359245512594,-26.361104076981523
SUI,"Sun Communities, Inc.",16525767680.0,2298500096.0,1009000000.0,-76100000.0,1221699968.0,4308299776.0,569600000.0,,0.02155,8.0000005e-05,60.914,1.282,1.0,442062496.0,864200000.0,,45.223297,2.2944736,7.189805,8.604,19.601,3.28,4.5282,0.034,,,0.59221,0.53152,0.15542,USD,Real Estate,REIT - Residential,US,129.25,0.894,3607.0,137.85,109.22,130.3056,126.899,846855.0,725370.0,832054.1832669323,918210.0,805834.4444444445,23.685635714406832,15.574663855328646,-4.596291200823554,6.7774831040208205,2.1814438725294094,7.1179148034432815,129.25,-11.878221329443273,0.4342239172931708,0.6587566834503976,0.0405061663234772,-0.0755450904575903,3.3911663713941462,0.0001206226781567,,,29.845656295787585,,,,48.42718261285428,,,35.32037105330663,0.0,,,28.766965273532808,,,,42.53105603402045,32.58181197757017,45.14685982383273,71.36410284206266,0.0,60.0,51.7291712531127,65.0,90.0,,50.0,10.0,,30.0,100.0,65.0,60.0,48.90625,real_yahoo,637233.1843637371,,-3.310854767090686,43.898192641189254,0.7898881350095702,53.15205207631194,4.269870937561943,0.20058957011630196,19.232650752084197,-6.2386652158142875
KRC,Kilroy Realty Corporation,3404145920.0,1112667008.0,631120000.0,275196000.0,738977024.0,4717087232.0,179316000.0,,0.017819999,0.05382,83.67,0.79,0.629,419131872.0,566313024.0,12.262932,51.73386,0.62126046,3.059447,7.303,12.876,7.59,0.931,-0.05,-0.79,-0.791,0.24816,0.66415,0.23244,USD,Real Estate,REIT - Office,US,28.45,1.101,241.0,45.03,27.07,31.1986,37.5627,2162408.0,2232250.0,1384699.203187251,2205423.333333333,1896016.6666666667,31.513748065751457,36.69144785219164,-6.255912035882205,-23.71272849238677,-30.20066334665773,-9.10468997685021,28.450000762939453,-35.315338180962264,-0.1164984472890379,-0.1645615671264745,0.0046136354344946,-0.2603200509396472,2.1182599455852027,0.0003743314654361,,,43.622043131578344,,,,68.08739995217576,,,51.703885502741194,1.0,,,38.59707394319354,,,,20.124224136081843,53.56758067929286,71.38004996527745,41.873776833080456,0.0,80.0,30.979116215760246,65.0,50.0,,40.0,40.0,,30.0,100.0,55.0,60.0,48.90625,real_yahoo,4616875.55186722,,24.73300619334981,56.72137265347945,0.3823721692965283,66.41493085413744,7.474152668272278,0.12005566065393466,37.669120139850506,-36.819897845880526
HIW,"Highwoods Properties, Inc.",2406656512.0,808481024.0,469462016.0,157252992.0,547107968.0,3634000896.0,27358000.0,,0.02152,0.06684,149.2,2.378,1.881,284184736.0,359207008.0,14.77931,28.197369,1.0012615,2.9767632,7.478,12.878,9.33,1.3792999,-0.016,,,0.19742,0.67670995,0.26158002,USD,Real Estate,REIT - Office,US,21.43,1.066,315.0,32.76,20.45,23.195,27.7746,1451644.0,1429420.0,1033635.4581673308,1420876.6666666667,1427104.4444444445,26.51167136995969,29.648027962998512,-6.704392922133751,-15.364386124886863,-30.788528388304503,-22.790821560394104,21.43000030517578,-34.02546836467179,-0.7512940704110328,-0.9281696407452396,0.0142249025234538,-0.544542475133196,3.392933055291884,0.0005070446846891,,,52.80630102210553,,,,71.36410284206266,,,58.25729128251502,0.0,,,48.42718261285428,,,,35.06211206804092,46.57232444538529,73.60987112730024,68.08739995217576,0.0,80.0,30.979116215760246,65.0,80.0,,30.0,70.0,,30.0,100.0,42.5,70.0,48.90625,real_yahoo,2566606.425396825,,19.450424602668225,58.067165717423194,0.27783752080295215,67.6710957658791,7.740777255981451,0.09884615284365632,35.15045221395326,-34.584859584859586
NNN,"NNN REIT, Inc.",8137223168.0,926212992.0,837566592.0,389048992.0,888832000.0,4820424192.0,5046000.0,,0.03924,0.088879995,109.349,0.116,0.078,-1385543936.0,667131008.0,20.661837,20.16492,1.8428197,8.785478,13.97,15.448,5.61,1.1401,0.091,-0.022,-0.02,0.42083,0.95963997,0.62224996,USD,Real Estate,REIT - Retail,US,42.77,0.834,85.0,46.03,35.8,43.5242,42.2036,1528611.0,1884420.0,1242597.4103585656,1486366.6666666667,1507486.6666666667,18.583296474958125,15.796430381887411,-4.955554538302954,9.771224994071792,2.632409541787739,6.841276667558915,42.77000045776367,-11.435988472244606,0.4460622476688962,0.6450334171258737,0.0361881342413294,-0.1814319861060702,2.6310609162077347,0.0001911956537561,,,76.78741884737093,,,,32.04366816341972,,,73.59226080718577,0.0,,,73.59226080718577,,,,50.0,64.0604650301542,25.47196721774919,48.42718261285428,0.0,90.0,43.08331498754918,65.0,90.0,,90.0,90.0,,30.0,94.284,57.5,90.0,48.90625,real_yahoo,10896623.435294118,,42.004268495512534,90.42915606176251,0.31829655093149667,95.96410411828903,5.7552727604493565,0.13839674298937715,-149.59236676308683,-7.082337605909183
STAG,"Stag Industrial, Inc.",7133445632.0,845184000.0,617089984.0,273350016.0,673358976.0,3292665088.0,28439000.0,,0.02829,0.07757,89.693,1.275,0.628,324051360.0,463388000.0,25.034245,41.534092,1.941567,8.440109,12.213,16.727,4.24,1.0206,0.108,0.579,0.638,0.32362,0.7967,0.37839,USD,Real Estate,REIT - Industrial,US,36.55,1.045,93.0,39.98,28.61,37.9548,37.11795,1523759.0,1802530.0,1303328.486055777,1367986.6666666667,1430783.3333333333,21.68997885970048,18.947727437833954,-5.190628783671835,0.0737181445546131,3.9214123145190793,5.3519072304999415,36.54999923706055,-16.83715011071922,0.3342320132606917,0.451148219585717,0.0216075844222754,-0.1716481355617004,2.414212343300289,0.0002391800314289,,,69.13387060526495,,,,35.32037105330663,,,71.36410284206266,0.0,,,64.81069706228885,,,,42.53105603402045,60.56283691320042,58.26345489455508,54.98058839262811,0.0,90.0,36.16662997509836,65.0,90.0,,60.0,70.0,,30.0,93.203,47.5,90.0,48.90625,real_yahoo,9088000.0,,32.34207178555202,73.0125018930789,0.2904506354651588,79.67010449795548,5.3357940873660334,0.14073341430587671,38.34092457973649,-8.579289644822408
CUBE,CubeSmart,8525087232.0,1125570048.0,709510016.0,333782016.0,804465024.0,3517945088.0,5782000.0,,0.04328,0.11552,126.45,0.092,0.053,492737984.0,608512000.0,25.4726,25.207405,3.1079726,7.5740175,10.679,16.942,5.7,1.4315,0.056,-0.217,-0.228,0.29654,0.71472,0.39488,USD,Real Estate,REIT - Industrial,US,37.19,1.134,3121.0,44.13,34.24,38.489,39.18605,2468378.0,2488400.0,1705508.3665338643,2546826.6666666665,2370230.0,23.51028469659649,27.50102864132005,-6.848432487881572,6.5980187410477065,-4.824163881753596,-6.464751400107049,37.18999862670898,-17.355610167882407,-0.1556176593644755,-0.2227679766693579,-0.0044468446091442,-0.2955098191413355,1.636130912546848,0.0001781150443089,,,68.1133975063175,,,,45.15047972296737,,,64.81069706228885,0.0,,,68.08739995217576,,,,76.14130388092838,25.5865557436626,68.10090119759685,58.25729128251502,0.0,90.0,36.16662997509836,65.0,80.0,,50.0,80.0,,30.0,98.914003,57.5,80.0,48.90625,real_yahoo,360644.0397308555,,29.65448632833556,63.035616242695184,0.38680634714115425,71.47178671193637,4.958274032314718,0.17297370617741717,43.7767498233926,-15.726263312939048
REXR,"Rexford Industrial Realty, Inc.",7898109952.0,1003132992.0,671353984.0,200168992.0,775408000.0,3261020928.0,167803008.0,,0.01879,0.025020001,36.898,1.739,1.305,186291632.0,542084992.0,38.511627,34.6799,0.9170704,7.8734426,11.216,16.759,5.25,2.0,0.021,,,0.21136999,0.77299005,0.37478,USD,Real Estate,REIT - Industrial,US,33.12,1.276,256.0,44.38,29.68,36.7056,39.139,2701562.0,2665680.0,2237014.342629482,2723306.6666666665,2521673.333333333,27.276827110836816,19.42092978928649,-9.055438499461332,-13.995290161830976,-17.952329579882942,-11.94690126373743,33.119998931884766,-25.789666058482307,-0.2830145582747059,-0.3840882859160652,-0.044881531785075,-0.5286512862059253,3.915879290533229,0.0001581700810289,,,65.56221475894883,,,,41.873776833080456,,,68.08739995217576,0.0,,,61.53399417240193,,,,46.265528017010226,50.06995256233908,51.705157359193905,73.59226080718577,0.0,90.0,29.249944962647543,65.0,40.0,,40.0,80.0,,30.0,100.0,60.0,70.0,48.90625,real_yahoo,3918488.25,,19.954382279951968,66.92572065260116,0.344730395964034,77.29862402930517,4.8573792748953135,0.16623168141777714,18.57098046676547,-25.371789094186582
LAMR,Lamar Advertising Company,12933840896.0,2266419968.0,1024656000.0,586787008.0,1519561984.0,4918727168.0,64812000.0,,0.064569995,0.57224,479.979,0.579,0.513,537700224.0,864049024.0,22.121317,20.981756,12.785736,5.7067275,7.854,17.373,5.01,1.0745,0.023,,,0.25907,0.67047,0.32929,USD,Real Estate,REIT - Specialty,US,127.64,1.232,3500.0,139.76,99.84,131.369,126.46,561718.0,716710.0,514077.2908366534,651746.6666666666,533548.8888888889,23.67132241347104,20.6897199729368,-6.701684608761216,4.0773811764107215,7.378094150715575,15.930579258261822,127.63999938964844,-11.729194690680034,0.7913566869223895,1.1666323158043626,0.051064319416807,0.0764652087301922,8.360429321186109,0.0001794973804705,,,55.35748376947419,,,,61.53399417240193,,,54.98058839262811,0.0,,,54.98058839262811,,,,64.93788793195907,36.079440094523946,54.98430612687449,51.703885502741194,0.0,10.0,39.62497248132377,65.0,50.0,,0.0,10.0,,30.0,99.199,32.5,0.0,48.90625,real_yahoo,647548.5622857143,,25.89047997656893,45.2103323509017,0.7788636793130549,67.0467965096926,4.800369263440609,0.1756651659033429,23.724650841057183,-8.672009158557525
IART,Integra LifeSciences Holdings C,742741568.0,1635245056.0,297747008.0,-516473984.0,919417984.0,2034813056.0,263740992.0,,0.02388,-0.39902002,195.006,2.543,1.19,44463500.0,50384000.0,,3.7187777,0.71135324,0.4542081,1.537,8.443,,0.0,-0.017,,,-0.31584,0.56224996,0.1244,USD,Healthcare,Medical Devices,US,9.53,1.065,4427.0,20.55,8.7,10.4652,12.62095,788318.0,884720.0,1056818.326693227,880806.6666666666,787815.5555555555,58.40761505436611,41.38165846615055,-3.640046489933824,-20.64946251996482,-31.78239405289527,-56.24426339520481,9.529999732971191,-59.13682581292413,-1.0078459222141465,-1.2243852780046407,-0.183535911033554,-0.6381934682194582,11.895729526072744,0.0015326996109941,,,37.74459075589961,,,,74.4559013189904,,,40.04507624617749,0.0,,,38.93651012659813,,,,36.72270785017743,36.4036849898519,32.28305440642697,45.5879068440742,0.0,70.0,30.338609379687863,70.0,80.0,,90.0,80.0,,80.0,98.027,37.5,90.0,48.90625,real_yahoo,369379.9539191326,,-31.5838890388304,18.208097123273003,0.0730775337670548,56.22508874902233,6.834033596737267,0.024760997012199238,2.719072584066568,-53.625304136253035
ZI,ZI,,,,,,,,,,,,,,,,,,,,,,,,,,,,,,,,,US,,,,,,,,,,,,,,,,,,,,,,,,,,,,,49.81743176856749,,,,50.0236992794642,,,50.0274184500031,0.0,,,50.02702075014408,,,,50.00000000000001,50.028268176690304,50.0,50.0,0.0,50.0,49.19063962756554,65.0,90.0,,50.0,60.0,,30.0,83.0,57.5,60.0,23.59375,financial_proxy,,,,,,,,,,
MTCH,"Match Group, Inc.",7422046720.0,3487196928.0,1052698880.0,613446016.0,2541464064.0,4090991104.0,1031299008.0,,0.13261,,,1.418,1.326,873889920.0,1080380032.0,13.210084,7.800772,-28.844036,2.1283703,2.975,9.855,2.45,0.3193,0.021,0.406,0.324,0.17591,0.7288,0.30021998,USD,Communication Services,Internet Content & Information,US,31.44,1.303,2200.0,39.2,26.39,30.9881,33.135876,5423168.0,10793210.0,4686344.22310757,6346330.0,4748008.888888889,36.43679217477125,30.765000131913776,0.4152062291046698,-0.361960978501763,-8.51861742895348,2.257909105707512,31.440000534057617,-24.60684098869037,0.2392354776576647,0.3548027627791395,0.0066401025947005,-0.4869890985623089,10.881019091168811,0.0001063814121014,,,66.95301394092357,,,,56.66533712062693,,,65.43551754250448,0.0,,,65.4355175425045,,,,50.00000000000001,47.89515669874939,73.15327631375672,65.4355175425045,0.0,80.0,23.18541928109942,65.0,70.0,,70.0,80.0,,30.0,100.0,62.5,80.0,48.90625,real_yahoo,1585089.5127272727,,17.59137865356596,30.187537490283084,0.4128714947756894,72.87985498018882,3.886193081159163,0.2640876023767565,25.05995325309027,-19.795918367346943
MSGS,Madison Square Garden Sports Co,7810739200.0,1071032000.0,7435000.0,-16586000.0,351128992.0,1187889024.0,81302000.0,,0.00177,,,0.467,0.314,16631250.0,3477000.0,,1549.7135,-27.690931,7.2927227,8.326,1199.371,,0.0,0.128,6.449,6.419,-0.01546,0.32784,0.054980002,USD,Communication Services,Entertainment,US,324.51,0.564,514.0,345.46,173.26,305.8524,241.68394,249086.0,275120.0,154744.02390438248,245426.66666666663,224821.11111111112,25.26860720364158,23.73860836484618,1.861392254159755,25.361209970286435,39.49619694548736,62.88210446453812,324.510009765625,-11.855642033687284,1.75349882289168,2.970012280550715,0.1265351652275219,2.1026715886913103,22.94778597398396,0.000348454723197,,,37.89070432791172,,,,39.12497627687184,,,39.12497627687184,0.0,,,39.124976276871834,,,,29.26715778604736,56.66533712062693,25.969705644055516,25.969705644055523,0.0,0.0,50.00000000000001,65.0,40.0,,0.0,60.0,,30.0,95.203,32.5,0.0,48.90625,real_yahoo,2083719.8443579767,,-1.5485998550930318,0.6941902762942657,0.12680631232552983,32.78417376885098,159.7698754539341,0.002927041103799272,1.552824752201615,-6.064377930874776
TTWO,"Take-Two Interactive Software, ",37011017728.0,6559099904.0,823000000.0,-3964900096.0,3888800000.0,3511300096.0,2359000064.0,,-0.0027,-0.86217004,100.449,1.137,1.011,1484974976.0,667900032.0,,25.62794,10.583531,5.642698,5.818,46.371,,0.0,0.249,,,-0.60449004,0.59289,-0.020480001,USD,Communication Services,Electronic Gaming & Multimedia,US,199.87,0.965,12928.0,264.79,187.63,208.731,234.66885,2288024.0,2050960.0,1790181.2749003984,1972140.0,1982706.6666666667,28.88465550061019,28.883564494955465,-5.956807855278933,-20.560417222344928,-22.211413863916828,-5.319758721760215,199.8699951171875,-27.67928771144233,-0.008721742027703,-0.0104886540018077,0.0714715895490091,0.4328550694428605,9.409223498860236,3.542935866488289e-05,,,40.658543338674754,,,,52.28024690968816,,,56.66533712062693,0.0,,,30.354795854994293,,,,37.0419736162796,30.354795854994297,47.89515669874939,39.12497627687184,0.0,20.0,57.66130877682875,65.0,80.0,,60.0,60.0,,30.0,95.761,90.0,60.0,48.90625,real_yahoo,507356.11881188117,,-60.44884441510101,12.547453340329545,0.7765736887422381,59.28862278234938,4.26646427217497,0.19021445440133636,22.639920076448345,-24.517542203255417
EA,Electronic Arts Inc.,50951655424.0,7305999872.0,1344999936.0,680000000.0,5718000128.0,2241999872.0,2899000064.0,,0.048070002,0.10027,36.443,0.926,0.84,2209874944.0,2521999872.0,76.254684,22.037424,8.278779,6.973947,6.884,37.394,0.37,0.2846,0.01,-0.685,-0.7,0.09307,0.78264,0.08574,USD,Communication Services,Electronic Gaming & Multimedia,US,203.6,0.725,14500.0,204.89,131.15,201.3152,188.14426,2587277.0,2528350.0,2730342.629482072,2377213.333333333,2386424.4444444445,25.699512972822497,6.43810628278642,1.414630242273196,-0.3020199945440449,1.4842429811662283,41.14244829146632,203.6000061035156,-8.517979593516245,1.4953453456245431,2.332431384378816,0.1008767310539188,-0.5293203099809318,37.83714306311163,2.168048964793957e-05,,,55.18969814518067,,,,47.89515669874939,,,69.82060775344326,0.0,,,43.51006648781062,,,,47.408394723255924,25.969705644055523,56.66533712062693,52.28024690968817,0.0,60.0,69.15327194207185,65.0,60.0,,90.0,20.0,,30.0,95.172995,62.5,80.0,48.90625,real_yahoo,503862.060137931,,9.307418723152148,18.40952586318359,0.8650039416367699,78.26444330931409,1.6669144822918416,1.1248884995476038,30.247399161191773,-0.6296061301185985
LYV,"Live Nation Entertainment, Inc.",36570398720.0,25201405952.0,1963015936.0,-54829000.0,6438049792.0,10404385792.0,7094199808.0,,0.038900003,0.36701,572.032,0.995,0.825,1107258368.0,1395315968.0,,68.66194,134.49913,1.4511254,1.629,20.911,,0.0,0.111,,,0.01968,0.25546,-0.00821,USD,Communication Services,Entertainment,US,155.75,1.147,17700.0,175.25,113.2,153.2168,150.97455,3043081.0,3070570.0,2483252.988047809,3303073.333333333,2949641.111111111,30.64329823619679,37.92651376188592,-2.522217305098051,7.184641536585601,-0.58722038660729,15.670261463017066,155.75,-27.835227868443745,0.6719710834853589,1.0072059485104303,0.0988902332037813,-0.1176886546535454,5.293212473477929,4.496459463086243e-05,,,33.04698605907642,,,,69.82060775344326,,,34.73988606593307,0.0,,,34.739886065933064,,,,47.408394723255924,43.51006648781062,30.354795854994293,34.73988606593307,0.0,10.0,46.16934561158564,65.0,20.0,,10.0,0.0,,60.0,83.384,77.5,10.0,48.90625,real_yahoo,1423808.2458757062,,-0.21756325859132764,7.7893111985056285,2.9837552511893,25.546391357142014,5.300204446226156,0.13410844194886232,4.393637284002908,-11.126961483594865
WMG,Warner Music Group Corp.,13638459392.0,6880999936.0,1480999936.0,302000000.0,3156000000.0,4606000128.0,751000000.0,,0.07125,0.39843,555.609,0.7,0.493,731000000.0,786000000.0,45.80702,14.800497,18.90659,1.9820461,2.558,11.886,2.91,1.2982001,0.104,-0.259,-0.254,0.044320002,0.45865002,0.17772,USD,Communication Services,Entertainment,US,26.11,1.279,5500.0,34.63,23.34,27.7026,30.0868,2463083.0,2751910.0,2009224.9003984064,2422740.0,2437297.777777778,29.2417055348932,44.05375666487047,-10.274913168118491,-13.668861487283534,-22.64785901676175,-13.980745962769417,26.11000061035156,-30.03804982407683,-0.3543925246545534,-0.4598812769574257,-0.0295875477289324,-0.6289255209542506,2.990442168754346,0.000238429558669,,,53.1138188871084,,,,61.05042733156571,,,47.89515669874939,0.0,,,56.66533712062693,,,,50.0,39.12497627687184,69.82060775344326,73.15327631375673,0.0,20.0,34.677382446342534,65.0,20.0,,0.0,60.0,,30.0,100.0,62.5,10.0,48.90625,real_yahoo,1251090.8974545454,,4.388897003471793,21.523033712756018,0.8146854874516978,45.865426963433706,3.110060990576572,0.17064697745488208,10.623455991847287,-24.60294542304361
AAPL,Apple Inc.,3761492983808.0,435617005568.0,152901992448.0,117776998400.0,206157004800.0,90509000704.0,66907000832.0,,0.24377,1.5202099,102.63,0.974,0.845,106312753152.0,135471996928.0,32.35398,27.4732,42.667553,8.634863,8.679,24.727,0.41,0.1304,0.157,0.183,0.159,0.27037,0.47325,0.35374,USD,Technology,Consumer Electronics,US,255.92,1.109,150000.0,288.62,169.21,260.363,249.1484,47817008.0,45259600.0,53899222.70916335,41206790.0,46110548.88888889,28.37135472781808,20.81167295983031,-1.678900546511897,-5.479700870837001,-0.2808751942867227,14.804334342903957,255.9199981689453,-22.988961530423914,0.6019401155408048,0.8349447048924885,0.0996892312080856,0.926904544097115,12.931746127967092,9.080455014706908e-07,34550000000.0,62900000000.0,61.03495254097219,,,,38.44366026687858,,,40.759560012995095,1.0,,,70.86625671250981,,,,74.24256016617694,60.090644937845106,60.44505366881788,37.28571039382034,1.0,90.0,61.33104521408242,40.0,30.0,,90.0,80.0,,30.0,88.6,90.0,90.0,48.90625,real_sec,2904113.3704533335,7.931278980936554,27.036822918891986,35.10009721696504,16.181032492277588,47.32528853670264,0.5919412772517072,1.4967792802292301,24.405097090592008,-11.329776176287165
MSFT,Microsoft Corporation,2775695753216.0,305453006848.0,175258992640.0,119262003200.0,209498996736.0,123278000128.0,89461997568.0,,0.1486,0.34390998,31.539,1.386,1.239,53640626176.0,160506003456.0,23.370462,19.81789,7.0979753,9.087145,9.19,16.016,0.97,0.21280001,0.167,0.598,0.595,0.39044,0.68586,0.47094002,USD,Technology,Software - Infrastructure,US,373.46,1.107,228000.0,555.45,344.79,403.6066,476.91504,36595126.0,37272580.0,23079797.410358567,34644716.666666664,32377654.444444444,24.16972020257361,24.723908013698708,-9.063017893371573,-20.854149141182,-27.286428631526107,-1.5232526334755248,373.4599914550781,-33.91009686588169,0.0727194803843909,0.096652477031136,-0.0090136947019264,-0.1323801040941942,9.013811112924817,1.010369106397901e-06,32488000000.0,16039000000.0,70.00085148051213,,,,36.12776052076207,,,51.18110887051942,1.0,,,74.34010633168458,,,,77.01933023948544,57.72194894304579,65.07700651530031,56.970858235810724,1.0,30.0,61.33104521408244,40.0,50.0,,80.0,10.0,,30.0,90.0,90.0,50.0,48.90625,real_sec,1339706.170385965,10.636005955628628,39.04430486073013,57.37674493648467,11.346079160125543,68.58632655079778,0.7034047056359938,1.301984160104366,17.561007740445238,-32.76442524079576
GOOGL,Alphabet Inc.,3577929793536.0,402835996672.0,150175006720.0,132169998336.0,240300998656.0,66995998720.0,126843002880.0,,0.15427,0.35705003,16.133,2.005,1.847,38088376320.0,164713005056.0,27.38611,22.023607,8.609728,8.881852,8.733,23.427,0.28,0.076799996,0.18,0.311,0.298,0.32810003,0.59652,0.31568,USD,Communication Services,Internet Content & Information,US,295.77,1.128,190820.0,349.0,140.53,310.421,264.99564,34406427.0,35335480.0,32242780.47808765,31721720.0,35161474.44444445,30.110709389462265,32.07716590939403,-1.6291525836606646,-6.083392420091882,20.54694317604013,88.99361460032506,295.7699890136719,-20.36645805550895,2.226254761592238,3.9398650839025415,0.1486429361863639,0.4850851619146493,4.237628524345984,2.195675329457681e-06,61087000000.0,402836000000.0,67.64497369361433,,,,30.354795854994297,,,61.05042733156571,1.0,,,69.82060775344326,,,,75.9160527674408,61.05042733156571,34.739886065933064,56.66533712062694,1.0,20.0,76.81458071890059,65.0,0.0,,0.0,30.0,,30.0,89.8,90.0,0.0,48.90625,real_sec,2111078.4858610206,15.164235695088266,32.809877823211615,37.2794407552105,47.69432398841092,59.65231524521867,0.44611949873199247,2.4585498866043323,9.455057798872078,-15.252148997134674
AMZN,"Amazon.com, Inc.",2251864408064.0,716923994112.0,145730994176.0,77669998592.0,360509997056.0,178546999296.0,123028996096.0,,0.06928,0.22286,43.435,1.051,0.844,23793125376.0,139514003456.0,29.256624,22.332802,5.476166,3.1410086,3.218,15.833,,0.0,0.136,0.05,0.059,0.108339995,0.50286,0.10533,USD,Consumer Cyclical,Internet Retail,US,209.77,1.383,1576000.0,258.6,161.38,214.998,224.5496,50670081.0,46472030.0,43555237.64940239,46461956.66666666,46677814.44444445,31.998756674857848,30.53280409870609,-4.1883612253084905,-7.386311579487447,-5.683197329941791,7.020055176393125,209.7700042724609,-21.73622311569574,0.4236845947009618,0.6326032575344025,0.0481463567932614,0.1782071847521461,5.021736325280294,1.5730341014958183e-06,,716924000000.0,56.498312318261725,,,,33.272284894621215,,,60.572710140788374,1.0,,,51.8862111988261,,,,69.58381393108132,37.99624786269426,35.74775358657291,29.541163376965894,0.0,20.0,55.44998961457168,65.0,0.0,,70.0,80.0,,55.0,90.0,90.0,10.0,48.90625,real_sec,454901.01149238576,,10.83378422676507,20.327258589874102,6.488441131436963,50.28566487058879,1.2251820575681243,0.7813853159453548,3.3187793366395497,-18.882443928847646
NVDA,NVIDIA Corporation,4311464017920.0,215938007040.0,133230002176.0,120066998272.0,153462996992.0,11411999744.0,62556000256.0,,0.51188,1.01485,7.255,3.905,3.141,58128998400.0,102717997056.0,36.20204,15.957576,27.408838,19.966211,19.725,31.971,0.02,0.0082,0.732,0.956,0.945,0.55603004,0.71068,0.65024,USD,Technology,Semiconductors,US,177.39,2.335,42000.0,212.19,86.62,182.651,179.8177,181054580.0,183987810.0,254607917.7290837,192887940.0,180390254.44444445,49.50139370750942,38.05032667464032,-3.24010047674852,-6.063226276046385,-6.077888557325828,60.68810661830768,177.38999938964844,-20.214387999661533,1.3548941495440334,2.158619836118008,0.1865520215284303,0.0002503204613695,4.624516855042291,6.248041890658504e-07,18497000000.0,215938000000.0,72.29979992654799,,,,28.02211140935426,,,53.49700861663593,1.0,,,74.45590131899041,,,,74.24256016617694,69.5654289170424,51.18114797585302,68.55035696639331,1.0,10.0,49.99999999999999,40.0,60.0,,20.0,50.0,,30.0,88.1,90.0,20.0,48.90625,real_sec,5141381.12,8.56588437281152,55.60253144772194,61.698264239014065,8.021036515036776,71.06808064759659,0.08565638037687995,9.000876214530697,26.91929929187143,-16.400395871624497
JNJ,Johnson & Johnson,585701851136.0,94193000448.0,33835999232.0,26804000768.0,64128000000.0,49332998144.0,20102000640.0,,0.086780004,0.35029998,60.499,1.028,0.689,16633249792.0,24529999872.0,22.03445,19.327713,7.1767306,6.218104,6.528,18.174,2.14,0.466,0.091,0.486,0.491,0.28456,0.68081003,0.23966,USD,Healthcare,Drug Manufacturers - General,US,243.04,0.329,138200.0,251.71,141.5,238.9024,198.4114,8859431.0,8075070.0,8213538.44621514,8177410.0,8702582.222222222,17.90141224031133,16.08872298975742,1.4230222984754848,17.835549993519283,32.20956218005136,60.79529514427124,243.0399932861328,-8.421970451567951,2.8873766365844538,4.572188310030296,0.1089284341365226,-0.2023828519679241,6.507608282670773,5.986727795292765e-06,,,62.80415891174666,,,,36.12776052076207,,,56.67356803986766,1.0,,,64.43353087692309,,,,72.57139665469838,50.61586095864782,71.08737829723148,52.23930356155027,1.0,20.0,66.58929833588837,70.0,60.0,,70.0,60.0,,30.0,75.687,80.0,60.0,48.90625,real_yahoo,681570.1913748191,,28.456467721078027,35.92198897059175,4.209394882805215,68.08149193145448,1.458003288324463,0.49723310552499633,17.658689831398373,-3.444440030193485
JPM,JP Morgan Chase & Co.,794545750016.0,168235008000.0,,55680999424.0,168235008000.0,1025994981376.0,1287710048256.0,,0.01354,0.16134001,,,,,-147781992448.0,14.707938,12.63386,2.3199043,4.722832,3.286,,2.04,0.2897,0.025,-0.036,-0.07,0.3391,0.0,0.41062,USD,Financial Services,Banks - Diversified,US,294.6,1.043,318512.0,337.25,202.16,299.0528,302.39734,11308637.0,11835810.0,9470886.055776892,11003760.0,10711851.111111112,25.41359050057241,23.96761099332945,0.3576965948598243,-9.079244744211312,-3.3108059652219746,22.301142644228577,294.6000061035156,-15.471740617447216,0.9595903991039728,1.1686183779494737,0.1003923300734532,0.0851781797072821,8.386456304453219,4.479753945989811e-06,,,46.01039278599207,,,,42.57931723359294,,,34.731928069066676,1.0,,,55.99018970300329,,,,72.76912777695937,39.59912335150175,45.55888497615014,45.558258571671466,1.0,40.0,60.14298020829865,70.0,60.0,,70.0,0.0,,30.0,74.97200000000001,80.0,50.0,48.90625,real_yahoo,528190.4857587783,,33.097153848026686,,9.713445666471845,100.0,,-0.1440377342292689,,-12.646404744255001
XOM,Exxon Mobil Corporation,669557260288.0,323904995328.0,59385999360.0,28843999232.0,100567998464.0,50487001088.0,10680999936.0,,0.04902,0.110810004,18.936,1.153,0.764,12229749760.0,51969998848.0,23.983583,17.073013,2.588893,2.0671408,2.212,12.067,2.56,0.597,-0.013,-0.11,-0.146,0.089049995,0.31049,0.09527001,USD,Energy,Oil & Gas Integrated,US,160.69,0.288,57900.0,176.41,97.8,151.6898,123.7926,22817144.0,29637650.0,16722359.960159363,24353750.0,20532026.666666668,22.96810281717489,28.118106905707368,6.586633255760743,31.888348930319708,46.6222654637984,40.06168923815194,160.69000244140625,-15.791682878772594,1.4409366830769348,1.9003590503313763,0.0833362835182105,-0.5010442569065618,1.93711278886008,5.7884261528894e-06,,,40.56351594764456,,,,50.069952562339076,,,43.07469632843151,1.0,,,39.57706821147772,,,,67.82265577358012,57.06520879624664,53.56758067929286,57.06520879624664,1.0,40.0,75.0356888118884,65.0,10.0,,90.0,10.0,,30.0,67.434996,80.0,30.0,48.90625,real_yahoo,5594214.081658031,,8.905080084606704,18.33438823623674,53.52442302050173,31.048609905555967,0.8501498944548536,1.0293738532303611,3.7757212566652867,-8.911059463749215
PG,Procter & Gamble Company (The),334433288192.0,85259001856.0,24764999680.0,16161999872.0,43642998784.0,36638998528.0,10824999936.0,,0.10898,0.31562,68.719,0.724,0.466,13253374976.0,19069999104.0,21.171597,19.555733,6.3628683,3.9225569,4.216,14.515,2.95,0.6188,0.015,-0.054,-0.067,0.19299999,0.51189,0.26297,USD,Consumer Defensive,Household & Personal Products,US,143.12,0.403,109000.0,171.65,137.62,153.5032,152.0056,11628472.0,14195090.0,8062264.54183267,11079006.666666666,11280403.333333334,17.852391931707285,21.91056116981325,-7.0589064148446345,1.654673030999354,-4.5418753734433714,-13.24625628407724,143.1199951171875,-18.30831633926252,-0.6938149088428797,-0.9856332196853604,-0.0007830568671105,-0.571062603440192,2.0357966446776534,6.717153189105956e-06,,,67.18190396114468,,,,47.9521933493382,,,56.310587841835336,1.0,,,70.93777820370532,,,,80.0964632714423,39.59379885684107,66.75858095745676,50.041791972462484,1.0,50.0,53.71204251895007,65.0,90.0,,50.0,30.0,,30.0,70.378995,75.0,70.0,48.90625,real_yahoo,782192.6775779816,,18.956355950890856,29.04678584183682,4.1786022435551775,51.18872826790979,1.4794669493813617,0.5204836341098804,15.544839474410654,-16.621031168074573
UNH,UnitedHealth Group Incorporated,251662204928.0,447567003648.0,21624999936.0,12056000512.0,82916999168.0,83003998208.0,28120999936.0,,0.039,0.12538,81.618,0.788,0.704,13863249920.0,19697000448.0,20.956917,13.843702,2.6691954,0.5622895,0.702,14.526,3.19,0.65989995,0.123,-0.999,-0.998,0.02694,0.18526,0.00336,USD,Healthcare,Healthcare Plans,US,277.26,0.408,390000.0,606.36,234.6,285.8392,312.5616,9768372.0,10913010.0,8493233.665338645,8626623.333333334,8662776.666666666,41.52873941683947,29.19405195850983,-3.239423014352649,-16.93950303521108,-20.475477595417768,-45.51256270376738,277.260009765625,-60.05506651971514,-0.9139882329164454,-0.917455525623974,-0.0561125815407956,-2.6397800249736605,21.77178770283278,5.130846643482963e-06,,,27.86709673826646,,,,74.34010633168458,,,28.959415050384028,0.0,,,32.285113409122054,,,,54.647052252437895,57.72194894304578,72.19607326554018,62.21639863776438,0.0,40.0,58.60185839638656,70.0,10.0,,90.0,0.0,,30.0,84.239,85.0,20.0,48.90625,real_yahoo,1147607.7016615386,,2.6936750059174908,4.831678778761696,20.001340289700444,18.52616446077694,3.838335188608252,0.23730182730042979,3.0974691626067883,-54.27468830397784
CAT,"Caterpillar, Inc.",335644295168.0,67589001216.0,13960999936.0,8883999744.0,19462000640.0,44058001408.0,9333000192.0,,0.07891,0.43526,206.67,1.436,0.871,5838750208.0,11738999808.0,38.1703,25.83023,15.654014,4.9659605,5.451,26.391,0.84,0.3105,0.18,-0.114,-0.139,0.13144,0.28795,0.16025,USD,Industrials,Farm & Heavy Construction Machinery,US,717.22,1.519,118000.0,789.81,267.3,711.2692,549.66833,2841262.0,2610270.0,2692093.426294821,2677030.0,2745348.888888889,31.314468014111014,37.40080157586192,1.577718295894459,20.13470786527536,46.96444930535102,117.2619109248744,717.219970703125,-18.14377641140632,2.441744883421159,3.805085887205351,0.1540908141595325,0.5447786882248633,4.923991451541411,1.2207063775752949e-05,,,49.804717403265514,,,,36.69248075447948,,,41.540393047929584,1.0,,,56.084129928279864,,,,72.43327045472664,53.127139619106416,56.084129928279864,50.024239561467255,0.0,50.0,48.60686595497697,40.0,70.0,,50.0,60.0,,30.0,72.585,85.0,60.0,48.90625,real_yahoo,572788.1458983051,,13.144150060168275,20.65572753676834,4.734565897109325,28.794626773376347,3.1557912477595185,0.266444219729596,8.638609985285331,-9.190818044846216
NEE,"NextEra Energy, Inc.",194080063488.0,27412000768.0,14138000384.0,6834999808.0,17068999680.0,97220001792.0,2812000000.0,,0.025710002,0.083739996,146.242,0.595,0.39,-15209124864.0,12485000192.0,28.227274,21.271883,3.5531738,7.080113,10.957,21.245,2.68,0.6867,0.207,0.26,0.276,0.24934,0.62268,0.24445999,USD,Utilities,Utilities - Regulated Electric,US,93.15,0.733,17400.0,95.91,61.72,91.004,81.12495,10003598.0,10533510.0,10683472.908366531,10465543.333333334,9819026.666666666,26.13285218137945,21.279833815183363,2.216618384003266,15.88429259923554,20.772858406891448,36.09572413983753,93.1500015258789,-11.13112332693017,1.3010723359204817,1.6515895546059067,0.104531212913403,-0.566486930119302,2.5214969006360213,1.4976226258321817e-05,,,71.56844804414924,,,,25.969705644055523,,,69.82060775344326,1.0,,,69.82060775344326,,,,82.14617066867831,64.46760192664824,25.969705644055516,47.89515669874939,1.0,50.0,58.977584024968685,65.0,20.0,,70.0,60.0,,30.0,84.59400000000001,75.0,50.0,48.90625,real_yahoo,1575402.3429885057,,24.934333928587172,51.575952093596555,21.452304686195543,62.26834671596052,6.876502981427561,0.12842007778102468,-55.48345409998202,-2.877697841726612
KO,Coca-Cola Company (The),330214637568.0,47941001216.0,16078000128.0,13107000320.0,29543999488.0,47914000384.0,15806000128.0,,0.09147,0.43323,139.793,1.459,0.885,-1461250048.0,7408000000.0,25.236843,22.185274,10.259428,6.887938,7.596,22.65,2.69,0.6711,0.024,0.036,0.035,0.2734,0.61626,0.24656999,USD,Consumer Defensive,Beverages - Non-Alcoholic,US,76.72,0.361,65900.0,82.0,65.35,77.083,71.29375,18507527.0,17467060.0,15861742.231075697,17074206.666666668,17905123.333333332,15.959775394659548,14.594923082199562,0.2823926577310676,11.758571068484525,17.68547833932166,10.674340324033428,76.72000122070312,-9.818511833365006,0.6470237678544978,1.0945875646332806,0.0662697730933294,0.2505299917765403,1.950700036262785,7.270727306855746e-06,,,72.09101937861459,,,,31.235404364343935,,,68.84817958058105,1.0,,,68.84817958058103,,,,77.08681694429806,37.50420023371679,56.310587841835336,56.310587841835336,1.0,20.0,57.42408503790014,65.0,90.0,,60.0,60.0,,55.0,66.656,77.5,70.0,48.90625,real_yahoo,727481.0503186646,,27.339855212756014,33.53705538096703,2.349621399248898,61.6257456845517,2.9800970271518583,0.154610342293059,-3.0480173774767083,-6.439024390243908
CVX,Chevron Corporation,397811384320.0,184654004224.0,37631000576.0,12298999808.0,77362003968.0,46742999040.0,6296999936.0,,0.03794,0.07231,24.323,1.155,0.724,13200749568.0,33938999296.0,30.010557,19.788637,2.1132176,2.154361,2.4,11.777,3.58,1.0317,-0.082,-0.238,-0.145,0.06661,0.41896,0.09462,USD,Energy,Oil & Gas Integrated,US,198.97,0.587,43039.0,214.71,132.04,188.178,162.45285,12995490.0,16453190.0,8850202.390438247,14038953.333333334,11794364.444444444,22.84303509362962,23.699342398073625,4.7762020093391255,28.875183174520316,32.464203107271786,24.901788426221128,198.97000122070312,-19.66722385265616,0.9544452346514308,1.1368955257307929,0.0706391158303146,-0.8699029622025822,5.175040957808708,8.043996396638338e-06,,,41.61201417568406,,,,43.07469632843151,,,50.069952562339076,1.0,,,36.079440094523946,,,,58.91132788679007,43.074696328431514,67.558093147108,64.0604650301542,1.0,60.0,63.48075551409375,65.0,80.0,,80.0,20.0,,55.0,67.906,80.0,80.0,48.90625,real_yahoo,4290387.8859638935,,6.660564908779522,20.379195530658844,30.513573970992443,41.895654682989566,1.2421407436562124,0.7260766316460981,7.148910538645261,-7.3308183130734506
HON,Honeywell International Inc.,145855791104.0,37441998848.0,8467999744.0,4424999936.0,13829000192.0,35562999808.0,12929999872.0,,0.05945,0.26136,236.613,1.298,0.878,4661000192.0,6408000000.0,33.10967,19.997246,10.4838705,3.895513,4.53,20.03,2.07,0.65989995,-0.033,-0.764,-0.77,0.1263,0.36933997,0.15413,USD,Industrials,Conglomerates,US,229.45,0.915,101000.0,248.18,169.04807,233.635,210.97002,4384045.0,4124850.0,3984283.103585657,3845810.0,4155052.222222222,22.47781249097227,21.523225456628005,-3.7461228927150536,17.719594851137966,16.63924287212104,15.12837643121545,229.4499969482422,-16.032652808700554,0.727461371374028,1.0477232930913962,0.0597101957038843,0.0760132474136819,7.145652458897574,1.2329280245998975e-05,,,54.10093453142434,,,,48.81226148810472,,,53.66017378155483,1.0,,,53.660173781554825,,,,69.5071916997623,33.272284894621215,74.26380102871772,66.9919325885426,0.0,60.0,60.44850533767266,40.0,90.0,,70.0,90.0,,30.0,80.80100399999999,80.0,90.0,48.90625,real_yahoo,370712.85988118814,,11.818279130779807,22.616313243256045,2.6227878453008246,36.93446027852407,4.1996930660275655,0.1801872742624626,12.448588043928567,-7.546941735836898
BRK-B,Berkshire Hathaway Inc. New,1029582356480.0,371443990528.0,110593998848.0,66967998464.0,97118003200.0,135370997760.0,373311012864.0,,0.051090002,0.09809,18.809,7.067,6.623,36799623168.0,45968998400.0,15.3835,21.922483,0.00095725973,2.7718375,-0.633,-2.125,,0.0,-0.007,-0.025,-0.025,0.18029,0.26146,0.32956,USD,Financial Services,Insurance - Diversified,US,477.35,0.699,387800.0,542.07,455.19,489.3782,490.5959,4848970.0,4562750.0,4378818.326693228,4857226.666666667,4803981.111111111,17.28112954154265,19.95350345004581,-4.606312564771331,-3.924725724152911,-3.744556948985645,-11.227026684664388,477.3500061035156,-14.948129726959824,-0.5104919232363156,-0.6180161990355985,0.0313685329005105,-0.3811232121773713,7.207088281139873,3.649721965012185e-06,,,42.87570140355727,,,,63.44067440823127,,,45.44099655769726,0.0,,,44.06941417463853,,,,64.79993305502359,53.0099958209121,33.63642853628475,69.40653469692533,0.0,0.0,68.44178219690664,70.0,20.0,,0.0,0.0,,30.0,66.137004,27.5,0.0,48.90625,real_yahoo,957823.595997937,,18.029097299112678,29.77407137231993,21.44619638340203,26.14606930696301,1.2240356544666897,0.3395778945317275,9.907179576573602,-11.9394174184146
META,"Meta Platforms, Inc.",1453128548352.0,200965996544.0,101891997696.0,60458000384.0,164790992896.0,85080997888.0,81592000512.0,,0.16212,0.30238,39.164,2.599,2.423,23432374272.0,115799998464.0,24.445107,15.972401,6.6901145,7.2307186,7.248,14.296,0.37,0.08939999,0.238,0.107,0.093,0.30084,0.81999,0.41314998,USD,Communication Services,Internet Content & Information,US,574.46,1.309,78865.0,796.25,479.8,639.6422,685.05084,16123606.0,21691080.0,14879407.968127493,15341900.0,16008995.555555556,36.07646129270031,41.5424053554755,-12.961254710653447,-11.601621872264833,-20.855403310668983,-1.3148405731820412,574.4600219726562,-33.296879207231946,0.1542931413566912,0.2352866755205966,0.0520717718443077,0.3604287555455886,7.5967959332435555,1.6981312187788257e-06,57372000000.0,40653000000.0,76.64045047859418,,,,43.51006648781062,,,73.15327631375672,1.0,,,73.15327631375672,,,,73.32444749069673,65.43551754250448,39.124976276871834,69.82060775344326,0.0,0.0,57.66130877682875,65.0,0.0,,0.0,10.0,,30.0,87.4,90.0,0.0,48.90625,real_sec,2548227.9407088063,28.548113107004564,30.083696457954357,50.701113346650914,23.793646618000032,81.99944056701167,0.83501157904317,1.3610559506652504,11.659870164587598,-27.85431711145996
AVGO,Broadcom Inc.,1491367493632.0,68281999360.0,37218000896.0,24971999232.0,52389998592.0,66056998912.0,14174000128.0,,0.10663,0.33370999,82.704,1.902,1.671,25503750144.0,29684000768.0,61.315784,17.632153,18.651052,21.841297,22.571,41.409,0.83,0.47169998,0.295,0.316,0.335,0.36571997,0.76725996,0.44943002,USD,Technology,Semiconductors,US,314.55,1.253,33000.0,414.61,138.1,324.8316,327.84634,26434185.0,24486780.0,28064626.89243028,27388920.0,30061254.444444444,53.59310752169964,38.869083196537815,-5.276968061315013,-9.323445735348756,-6.613944195457422,84.26325083727792,314.54998779296875,-28.66598630295031,1.547880130091451,2.459071539136652,0.227014748799961,0.902316050657354,9.01648192819296,3.785252819306776e-06,3292000000.0,4844000000.0,74.59874837258387,,,,25.706211663237745,,,60.44470785498548,1.0,,,73.18215645862632,,,,72.27786435959072,58.90629694044544,72.02493578502396,70.86625671250982,0.0,80.0,56.47488297947567,40.0,0.0,,70.0,70.0,,30.0,40.0,90.0,20.0,48.90625,real_sec,2069151.4957575758,4.821182787345962,36.57186295957928,54.50631388190212,2.536340951247291,76.72592935626659,1.7748669278768132,0.4493695029582636,37.3506200507366,-24.133523069872897
ADBE,Adobe Inc.,99023159296.0,24452999168.0,9516000256.0,7208000000.0,21859999744.0,6670000128.0,6898999808.0,,0.18905,0.58774,58.34,0.912,0.789,9321374720.0,10506999808.0,14.164432,9.2168865,8.62642,4.04953,4.006,10.294,,0.0,0.12,0.111,0.043,0.29477,0.89396006,0.38762,USD,Technology,Software - Application,US,242.92,1.518,31360.0,422.95,233.16,264.8574,327.7639,5866186.0,5172400.0,3896415.93625498,6163103.333333333,5356456.666666667,33.271880251597466,38.62720164357871,-13.77865883829128,-27.11670955120572,-30.8865396108132,-37.03146898812688,242.9199981689453,-44.176095743426,-1.3135103227882632,-1.6617489113560548,-0.120532160296753,-0.7707310269735709,12.241532665995944,8.575791160301242e-06,,23769000000.0,82.64506793370944,,,,55.81290836275245,,,74.4559013189904,1.0,,,72.02420658556807,,,,70.96806715519992,55.353252948246464,68.55097115016213,25.706211663237756,0.0,50.0,38.66895478591756,40.0,10.0,,90.0,90.0,,30.0,88.47,90.0,40.0,48.90625,real_yahoo,779751.2489795919,,29.476956795682657,38.91547286540193,0.9083088332493482,89.39598612756964,0.7009247528965178,1.5752623098000635,38.11955603465712,-42.56531504906017
CRM,"Salesforce, Inc.",175387656192.0,41524998144.0,12547999744.0,7456999936.0,32255000576.0,17710999552.0,9564999680.0,,0.05179,0.123959996,29.947,0.76,0.644,16366999552.0,14995999744.0,23.96671,12.571755,2.9402153,4.2236643,4.357,14.418,0.94,0.2133,0.121,0.179,0.138,0.17958,0.77676004,0.19239001,USD,Technology,Software - Application,US,187.18,1.288,83334.0,296.05,174.57,196.2042,237.29845,12935852.0,13157890.0,7952624.103585658,13976966.666666666,11377567.777777778,36.089257255601176,40.61029365502544,-7.055964425708017,-26.196673653710555,-21.516190871522745,-30.617228675069807,187.17999267578125,-38.505313734770105,-0.8429674133417979,-1.1482513044513214,-0.0687384063381736,-1.098788269934702,12.579191590391709,7.522072779850328e-06,5993000000.0,2293988000.0,64.7132700546296,,,,53.49700861663593,,,63.91855747416026,1.0,,,58.12880810886897,,,,65.07397973544128,48.2471649638485,74.45671102942723,44.23340963216988,1.0,20.0,45.14383776539324,40.0,10.0,,80.0,80.0,,30.0,90.0,90.0,40.0,48.90625,real_sec,498295.99136006914,14.432270362102198,17.957857361343365,30.217941733521968,1.5424497566014879,77.67610359462608,1.4114599867177045,0.8467054442619862,39.41481103802262,-36.7741935483871
CSCO,"Cisco Systems, Inc.",312215470080.0,59053998080.0,16291000320.0,11075999744.0,38274998272.0,31740000256.0,15777000448.0,,0.06994,0.23754999,66.509,0.955,0.737,10129500160.0,13324999680.0,28.42446,17.505577,6.538684,5.2869487,5.556,20.139,2.13,0.5899,0.097,0.312,0.308,0.18756,0.64814,0.24868,USD,Technology,Communication Equipment,US,79.02,0.819,86200.0,88.19,52.11,79.226,73.2569,24214954.0,28768990.0,20602665.936254986,23786680.0,22541070.0,23.929832121511332,26.10828592394313,-0.7021872574133448,4.48208413194795,17.63375912068861,31.63789411072404,79.0199966430664,-13.574550482333525,1.1231524896107214,1.2998053827149334,0.1183936632492892,-0.8307617095140873,13.279433835052425,8.002702458056071e-06,9300000000.0,12844000000.0,58.73600409493632,,,,47.707259251344645,,,47.707259251344645,1.0,,,62.760607601102,,,,69.00337134861371,54.16890495084681,73.18292399664456,67.39240709333504,1.0,40.0,61.33104521408242,40.0,20.0,,90.0,40.0,,30.0,40.0,75.0,70.0,48.90625,real_sec,685081.1842227378,15.748298679797024,18.75571528450187,27.586617078712784,2.193566021338935,64.81355965120117,1.9483149980074397,0.41981725181243806,17.15294559104642,-10.398004308878562
INTC,Intel Corporation,252958507008.0,52852998144.0,12632999936.0,-267000000.0,19324999680.0,47109001216.0,37416001536.0,,0.0028400002,0.00022,37.282,2.017,1.307,-4504500224.0,9697000448.0,,50.779125,2.201538,4.7860765,5.173,21.643,,0.0,-0.041,,,-0.00505,0.36563998,0.051409997,USD,Technology,Semiconductors,US,50.38,1.349,85100.0,54.6,17.67,46.1646,35.29255,108245804.0,98584500.0,88516006.57370518,86759003.33333333,98273383.33333331,62.70664494209621,67.5322357962715,9.6409145410695,27.932960136220903,35.06702975494609,129.20838087965393,50.380001068115234,-24.171577948970977,1.563608028451586,2.624236253885767,0.1244169091299755,0.2400068616630654,7.736023439859451,1.0824833206745486e-05,13774000000.0,52853000000.0,32.9877814993345,,,,50.02315899746116,,,33.81186077464555,1.0,,,40.759560012995095,,,,56.56029790690105,51.80020895604748,25.70540732019965,53.497008616635945,1.0,80.0,45.9531981378277,40.0,10.0,,80.0,20.0,,80.0,55.0,90.0,40.0,48.90625,real_sec,621069.3083901292,26.060962449986686,-0.5051747476511141,23.90214439979528,1.9632293261077742,36.5636772910182,3.729043097811981,0.20584177540801973,-8.522695745144519,-7.728937728937724
AMD,"Advanced Micro Devices, Inc.",354614378496.0,34638999552.0,6744999936.0,4268999936.0,18183000064.0,4006000128.0,10552000512.0,,0.032,0.07082,6.359,2.85,1.784,4587250176.0,7709000192.0,83.333336,20.186607,5.627425,10.237432,10.048,51.604,,0.0,0.341,2.171,2.135,0.12515001,0.52493,0.17059,USD,Technology,Semiconductors,US,217.5,1.963,31000.0,267.08,76.48,211.6366,196.88815,38402113.0,38599090.0,45752961.15537848,36231266.66666666,36186490.0,56.16328845100382,57.55131615106946,9.04988885832967,-2.6715000617944407,28.144703632199608,111.2470881255098,217.5,-27.76075108828485,1.4719142005213344,2.3776580799857503,0.0984774574082107,0.8499018504613693,8.79221239112038,3.403598561571606e-06,8091000000.0,34639000000.0,49.54021031079281,,,,32.653910901587295,,,43.07545975911161,0.0,,,54.654958489694195,,,,60.48968952007346,56.537600945646126,33.811324801543904,59.28675798192724,0.0,60.0,42.71575664808986,40.0,10.0,,70.0,30.0,,30.0,90.0,90.0,40.0,48.90625,real_sec,1117387.0823225807,23.35806491135463,12.324258758083891,19.472271206546885,1.2866687252488527,52.49285573823723,0.5939214478889507,1.9243634412584822,13.24302155180212,-18.56372622435225
ORCL,Oracle Corporation,420995629056.0,64076001280.0,27441000448.0,16188000256.0,42985000960.0,162164998144.0,39132000256.0,,0.06335,0.57572,415.265,1.347,1.224,-22298499072.0,23513999360.0,26.232977,18.359694,12.547574,6.5702543,8.576,20.026,1.37,0.35909998,0.217,0.245,0.267,0.25298,0.67084,0.32676,USD,Technology,Software - Infrastructure,US,146.38,1.597,162000.0,345.72,118.86,154.1754,218.2116,27336001.0,21867220.0,15118988.247011952,27435543.33333333,28239864.444444444,51.442590840888826,50.293845504005695,-5.433160261060454,-25.00795013475361,-49.08870136162765,1.3734376434836104,146.3800048828125,-58.24985968697592,0.3533358725877442,0.6886768817887141,0.0835578610248237,2.886301957557831,31.55130976712841,9.253232015957647e-06,9860000000.0,57399000000.0,62.184426763990125,,,,44.233409632169874,,,48.8652091244029,1.0,,,66.23445722027677,,,,72.27786435959072,41.14107697945053,24.547419108579042,62.76060760110201,1.0,0.0,48.38127925513108,40.0,0.0,,50.0,90.0,,60.0,85.1,90.0,10.0,48.90625,real_sec,395530.87209876545,15.38797647018213,25.263749192558855,42.8257068166411,2.380108777743878,67.0843999333911,5.90958767889307,0.14500046020485835,-34.80007901017384,-57.659377530949904
LLY,Eli Lilly and Company,837361664000.0,65179000832.0,31693000704.0,20640000000.0,54127001600.0,43865001984.0,7267999744.0,,0.19415002,1.01159,165.31,1.579,0.777,1951000064.0,16812999680.0,40.819374,22.241014,31.548811,12.847108,13.386,27.529,0.67,0.26139998,0.426,0.514,0.505,0.31667,0.83044,0.44896,USD,Healthcare,Drug Manufacturers - General,US,935.58,0.504,50000.0,1133.95,623.78,997.3382,897.9207,3215547.0,3282010.0,3588603.784860558,3046846.6666666665,3203940.0,37.51591118273342,35.5698413282308,-4.849174399673439,-13.256547800807695,14.474336977119751,15.18994846995474,935.5800170898438,-30.259474801486277,0.5831126647084932,0.7536708539195259,0.0680761195640382,-0.1056243356368784,7.174872486084059,5.01942117340327e-06,7190800000.0,65179000000.0,78.90081582937106,,,,25.70621166323775,,,74.41062595313718,1.0,,,74.47713992031196,,,,75.89071969215401,58.90629694044544,53.34825880429228,47.80503908323289,1.0,40.0,64.74604296523411,70.0,40.0,,10.0,20.0,,30.0,90.0,90.0,20.0,48.90625,real_sec,1303580.01664,11.032387591418303,31.666640691838705,48.62455744863174,2.91278705703873,83.04361973807067,1.3840596033705248,0.3832896140329056,2.993295446533058,-17.493716654173465
ABBV,AbbVie Inc.,369388322816.0,61160001536.0,29254000640.0,4185999872.0,43803000832.0,68400001024.0,5256999936.0,,0.09807,62.25,,0.671,0.412,18337748992.0,19029999616.0,88.49153,12.958615,-112.88648,6.0397043,7.071,14.783,3.31,2.7679,0.1,,,0.0691,0.71620005,0.34108,USD,Healthcare,Drug Manufacturers - General,US,208.84,0.364,57000.0,244.81,164.39,221.601,216.16444,7350606.0,8528000.0,6129068.525896414,7105293.333333333,6744886.666666667,26.23235963441934,26.575246397297786,-10.118359865741043,-8.194028311966782,-10.366106595828594,5.193136260107512,208.83999633789065,-16.30560179468453,0.3033001377979711,0.3860252728671741,0.0601955839822769,-1.1490768514871414,8.423143923363462,9.623310920004425e-06,,16618000000.0,72.49873637349772,,,,38.44366026687858,,,64.43353087692309,1.0,,,73.30205983355785,,,,75.2268550846629,56.53760094564612,74.41346320215757,74.47713992031194,0.0,60.0,62.902787594579834,70.0,80.0,,10.0,30.0,,30.0,55.0,90.0,30.0,48.90625,real_sec,1072982.4830877192,,6.844342326473024,47.83191613031682,2.7331818317022716,71.62033965322365,2.3381417764267884,0.27821636448986026,29.983238279034435,-14.69302724561905
MRK,"Merck & Company, Inc.",298838032384.0,65010999296.0,29105000448.0,18254000128.0,50196000768.0,50533998592.0,14565000192.0,,0.12042,0.36882,95.959,1.536,0.963,11886749696.0,16472000512.0,16.603022,12.405957,5.6858597,4.59673,5.151,11.505,2.81,0.45049998,0.05,-0.193,-0.208,0.28078,0.77212,0.32773998,USD,Healthcare,Drug Manufacturers - General,US,120.87,0.275,73000.0,125.14,73.31,117.2484,96.38555,11879719.0,11246390.0,12375037.848605577,10204606.666666666,12799784.444444444,26.584870981171797,22.93626343484098,4.906741127290992,14.387282915632673,37.19806039523868,44.64295105100433,120.87000274658205,-15.161666005657649,1.4004315462382224,2.1184241938084685,0.012660235742931,-0.5147182804785176,5.460074804578428,9.986892758100707e-06,15789000000.0,65011000000.0,75.05956815584707,,,,43.07545975911162,,,71.08492759439915,1.0,,,72.19349371397851,,,,75.2268550846629,54.16890495084681,73.30476823384888,57.782134159447004,1.0,50.0,65.36046142211886,70.0,60.0,,80.0,40.0,,30.0,86.3,87.5,70.0,48.90625,real_sec,890561.6341917808,24.286659443752722,28.078325707451686,44.76934789985727,2.9052792294657857,77.21155083227349,1.7362651714191102,0.3259587796523125,18.284213171187737,-3.4121783602365285
PFE,"Pfizer, Inc.",161094254592.0,62578999296.0,25717999616.0,7745999872.0,47438999552.0,67647000576.0,13596000256.0,,0.05683,0.08886,77.957,1.16,0.796,13430124544.0,11704000512.0,20.823528,10.031489,1.8620554,2.5742543,3.442,8.375,6.07,1.2647,-0.012,,,0.124180004,0.75807,0.23945,USD,Healthcare,Drug Manufacturers - General,US,28.32,0.388,75000.0,28.75,20.92,27.0022,25.4579,45823226.0,40758630.0,45185652.58964144,40504336.66666666,46148783.333333336,24.803349733199397,22.01128729231188,6.426151992673956,14.35420698047416,8.20316271835173,22.978345119578456,28.31999969482422,-12.591099029223995,0.9344814197380512,1.4360019582640562,0.0461769654400829,0.3176665785638082,1.972824841269897,1.078597504769412e-05,,62579000000.0,67.55998936468114,,,,65.07650734721851,,,67.75922923566111,1.0,,,63.324964757343736,,,,70.57980283222498,52.98455695344715,74.4799849002561,71.08492759439915,1.0,30.0,57.987439939501805,70.0,0.0,,90.0,0.0,,30.0,40.0,85.0,10.0,48.90625,real_sec,834386.65728,,12.377954200515823,41.096853425784765,2.796595481137439,75.80658061918267,2.6303367908099125,0.17301580871794603,21.461072716224216,-1.4956521739130424
TMO,Thermo Fisher Scientific Inc,182569648128.0,44556001280.0,11137999872.0,6704000000.0,18301999104.0,41358999552.0,10104999936.0,,0.05031,0.13024001,77.255,1.89,1.361,4390875136.0,7817999872.0,27.703495,18.268877,3.4620588,4.0975323,4.802,19.209,0.36,0.096999995,0.072,0.093,0.073,0.15045999,0.41076002,0.21170999,USD,Healthcare,Diagnostics & Research,US,491.46,0.972,125000.0,643.99,385.46,521.6144,518.47125,2394478.0,1844160.0,1999099.402390438,1998453.3333333333,2131934.4444444445,27.70276888109117,26.81694945712068,-5.183514342851902,-16.972563480501734,-6.218423865658417,0.8605124456958047,491.4599914550781,-27.307989889935435,0.2258648919974306,0.3728043968644959,-0.0152994984590264,0.8557572444497752,5.119658023621749,1.184750587893342e-05,1397000000.0,6047000000.0,45.7929192147118,,,,47.707259251344645,,,31.176547289542718,1.0,,,57.78213415944701,,,,67.92434440226047,35.21933699245224,56.67434370921838,43.37077460491551,1.0,30.0,51.228836913769506,70.0,0.0,,90.0,90.0,,30.0,40.0,82.5,20.0,48.90625,real_sec,356448.01024,3.135380105635907,15.04623352053194,24.997754627948517,1.9911649792898913,41.07639504942576,3.7133237589608044,0.1890277800886009,9.854733391371335,-23.685150390534016
BAC,Bank of America Corporation,354384576512.0,107421999104.0,,29055000576.0,107421999104.0,767072010240.0,770163015680.0,,0.00914,0.10217,,,,,12613000192.0,12.96063,9.941815,1.2845659,3.2989945,3.512,,2.27,0.28350002,0.072,0.212,0.157,0.28401,0.0,0.41627997,USD,Financial Services,Banks - Diversified,US,49.38,1.237,213000.0,57.55,33.07,50.7336,50.841,42773165.0,41240270.0,39004348.4063745,44755083.333333336,40657288.88888889,25.538127703350465,27.76319503864239,-0.3028498243953126,-11.243696993844631,-1.1148599381862412,20.646759492005053,49.380001068115234,-17.931674995878954,0.8684832383192521,0.9572176078474274,0.0775903372586387,-0.6310697577790233,7.541869103411946,6.3200208565193454e-06,,113097000000.0,48.290168336853746,,,,57.48028664404888,,,34.731928069066676,1.0,,,58.970383585094474,,,,73.90758416580732,36.61892946941056,53.01042025106601,44.0677413138431,1.0,50.0,53.68835643938132,70.0,20.0,,80.0,30.0,,55.0,90.0,82.5,60.0,48.90625,real_sec,504328.6342910798,,27.04753292467641,,6.202262918313003,100.0,,0.016443045794427655,,-14.19635099913118
WFC,Wells Fargo & Company,248702222336.0,80041000960.0,,20284999680.0,80041000960.0,443507998720.0,449211006976.0,,0.01047,0.11732,,,,,-19000999936.0,12.875399,10.168769,1.5152085,3.1071854,3.267,,2.23,0.2716,0.05,0.131,0.056,0.26659,0.0,0.29938,USD,Financial Services,Banks - Diversified,US,80.6,1.056,205000.0,97.76,58.42,83.977,84.2153,17644978.0,17962530.0,16844164.940239042,18780870.0,16168137.777777778,29.74945697203276,32.032877362065875,-1.838999056151636,-14.9200219118491,1.1453188517093205,13.96294921495964,80.5999984741211,-22.7469745047004,0.6376866387123014,0.7906381684764824,0.0952986696636549,0.2035778723621404,7.134021037327118,1.083099854313903e-05,,85063000000.0,34.61151503168371,,,,60.460480526140074,,,34.731928069066676,1.0,,,41.089220292547346,,,,59.10765111078374,32.14863864627378,51.52011319608284,42.577224056014735,1.0,30.0,53.68835643938132,75.0,90.0,,40.0,50.0,,30.0,88.2,82.5,50.0,51.25,real_sec,390443.9071219512,,25.343260874682592,,4.621356298892207,100.0,,-0.0428425191672719,,-17.55319148936171
GS,"Goldman Sachs Group, Inc. (The)",256109641728.0,59396001792.0,,16243999744.0,49229000704.0,747582980096.0,996629020672.0,,0.00986,0.13861,596.073,1.528,1.376,,-45154000896.0,16.80701,13.239729,2.421053,4.3119,0.55,,2.09,0.2728,0.152,0.173,0.123,0.28917998,0.82883,0.38319,USD,Financial Services,Capital Markets,US,863.04,1.311,47400.0,984.7,439.38,877.0914,808.76526,2444649.0,2138520.0,2274194.8207171317,2418153.333333333,2339317.777777778,30.485189554028665,37.34560809364491,3.3011700535432897,-5.113862650826684,11.8687879998576,56.44105743182168,863.0399780273438,-19.42219031289133,1.635805888833486,2.128226497723516,0.1735068644097801,0.3970669591804643,8.327890503664724,9.294854144808198e-06,,,54.844523045581056,,,,44.06941417463853,,,60.73966582716953,1.0,,,48.53970499777532,,,,61.384563888479676,57.48028664404888,47.049192031133316,51.520327602984935,1.0,50.0,48.15582178030934,70.0,0.0,,40.0,40.0,,30.0,90.0,70.0,10.0,48.90625,real_sec,1253080.2065822785,,27.34864175013863,,3.429368495124727,82.8826843874037,,-0.06039998514974432,,-12.355031989438414
MS,Morgan Stanley,263283097600.0,70296002560.0,,16248999936.0,61198999552.0,513408008192.0,600391024640.0,,0.012920001,0.15614,455.747,2.053,1.673,,-17888999424.0,16.23996,13.412369,2.5760095,3.7453494,2.661,,2.41,0.3771,0.11,0.207,0.184,0.23986,0.87059,0.38625,USD,Financial Services,Capital Markets,US,165.81,1.182,83000.0,192.68,94.33,169.6984,161.21355,7598359.0,7632240.0,6425258.76494024,7386123.333333333,6880290.0,29.7750695824968,35.26836367916255,2.005533340899368,-8.343015080920967,8.009686011720474,42.75141596703871,165.80999755859375,-18.830213175963785,1.4172177114997395,1.7395986816527704,0.1448378058042406,0.1173812343969397,7.561161366730657,1.50689660173944e-05,,7764000000.0,57.97921442801586,,,,53.009995820912096,,,62.26953275411676,1.0,,,51.5198988798665,,,,65.93838944387154,47.049608056729724,55.991034361032355,63.44446566561187,0.0,40.0,52.766267329536,70.0,20.0,,40.0,50.0,,80.0,90.0,72.5,30.0,48.90625,real_sec,846939.7898795181,,23.115112302624794,,4.058705792296962,87.0590038171297,,-0.0348436314559979,,-13.945401702304338
BLK,"BlackRock, Inc.",150340222976.0,24216000512.0,9685999616.0,5552999936.0,11310000128.0,14995999744.0,14257000448.0,,0.03467,0.107159995,24.367,2.039,1.46,7034250240.0,3927000064.0,27.396826,15.666712,2.6818569,6.208301,6.472,16.181,2.37,0.5902,0.234,-0.317,-0.325,0.22930999,0.46705002,0.36744,USD,Financial Services,Asset Management,US,966.56,1.493,24900.0,1219.94,773.74,1034.1626,1083.3827,872019.0,824200.0,681392.4302788845,938226.6666666666,784311.1111111111,25.164952636186943,32.49059117558426,-6.092669637964942,-10.425148148655127,-15.843330538406263,2.561718070732466,966.5599975585938,-22.45444437834501,0.2964618338507228,0.3696869137139706,0.0553133528668273,-0.2412820702500383,6.296024562474637,1.7300088582326936e-05,,11012000000.0,49.430056112284575,,,,36.61892946941056,,,53.090331192433396,1.0,,,47.049608056729724,,,,56.83073833308781,54.500092761957696,69.40379785588092,66.4255001812686,1.0,40.0,41.70119801139201,70.0,20.0,,90.0,70.0,,30.0,90.0,60.0,70.0,48.90625,real_sec,972530.1410441766,,22.9311191715918,39.99834576812219,1.3981680033716075,46.70465761840169,1.5482139519424074,0.2618698406934302,29.04794388534245,-20.76987392822599
WMT,Walmart Inc.,1002848518144.0,713163014144.0,44027998208.0,21892999168.0,177768005632.0,68425998336.0,10727000064.0,,0.06834,0.21847,64.443,0.79,0.204,10554250240.0,41564999680.0,46.076923,38.295387,10.062395,1.4061981,1.496,24.237,0.79,0.3443,0.056,-0.19,-0.194,0.0307,0.24927,0.04567,USD,Consumer Defensive,Discount Stores,US,125.79,0.661,2100000.0,134.69,79.81,124.4856,109.26165,31214570.0,21727720.0,19138706.573705178,21163936.666666668,27918324.444444444,22.952017175148008,21.370999642822262,2.2205494989083974,11.78445861796904,24.193802793985377,41.38391108415833,125.79000091552734,-10.923699764430294,1.5964966817818866,2.731922485928847,0.1641396146265395,0.7644198671356982,6.687220686462654,5.964116427243039e-06,,713163000000.0,29.311585026376815,,,,60.489785088083906,,,31.235404364343932,1.0,,,33.32500298746822,,,,56.01929265428846,24.966608494971087,43.77299610308963,39.59379885684107,1.0,20.0,56.186737531583454,65.0,40.0,,90.0,40.0,,60.0,90.0,90.0,80.0,48.90625,real_sec,339601.43530666665,,3.069845005111191,6.173623328019361,34.952609179683655,24.92670008208047,1.5541473862322186,0.607444548721067,1.4799211443498825,-6.607765981141878
HD,"Home Depot, Inc. (The)",320347176960.0,164683005952.0,25010999296.0,14156000256.0,54864998400.0,65908998144.0,1388999936.0,,0.12977,1.45541,514.392,1.061,0.215,8622749696.0,16325000192.0,22.618143,19.72048,25.002333,1.9452351,2.337,15.388,2.9,0.6465,-0.038,-0.142,-0.142,0.08596,0.33316,0.100760005,USD,Consumer Cyclical,Home Improvement Retail,US,321.63,1.085,472400.0,426.75,318.66,362.1606,373.5502,4294903.0,4880210.0,3656008.3665338648,4333026.666666667,4419918.888888889,22.44109921057644,25.480754943701527,-10.478795993008305,-6.373174144564242,-17.502228358465167,-11.089578213446828,321.6300048828125,-23.248123217365023,-0.3240867946437408,-0.5298112384528633,-0.0025882939916968,0.1099448662791335,1.2363408916711802,8.125161006136994e-06,,66176000000.0,43.29539205258709,,,,48.16342593798511,,,35.754141735181875,1.0,,,50.64528277854578,,,,67.71868879478787,33.986085678739116,71.75081508390613,71.74992825458482,1.0,60.0,56.812487018214604,65.0,70.0,,90.0,70.0,,30.0,90.0,90.0,90.0,51.25,real_sec,348609.2420660457,,8.595908347778176,15.187358981830787,1.4904452888219348,33.315519159269805,2.63520051174208,0.2476900067018564,5.235968123215619,-24.632688927943757
MCD,McDonald's Corporation,219176468480.0,26884999168.0,14593999872.0,8562999808.0,15434000384.0,54829998080.0,774000000.0,,0.13508001,,,0.955,0.743,6296124928.0,10551000064.0,25.702093,21.377356,-121.92934,8.15237,10.126,18.655,2.42,0.6,0.097,0.082,0.073,0.3185,0.57407004,0.45071,USD,Consumer Cyclical,Restaurants,US,307.14,0.532,150000.0,341.75,283.47,321.4554,308.6713,3333073.0,3539890.0,3450845.816733068,3247293.333333333,3329598.888888889,18.08167067249393,17.330145964102993,-6.202472683296978,1.845199478932491,3.611156780226787,0.8554364164745865,307.1400146484375,-10.603153441338131,0.0973434202580586,0.1440596445416872,0.0375155909955388,-0.1047745125402279,2.703970124414353,8.344901250983685e-06,,26885000000.0,76.50898834592485,,,,24.585785952658938,,,69.25920908275064,1.0,,,74.4214713111168,,,,83.57225245328227,27.302482038813874,72.99229996312452,66.78419121015907,1.0,60.0,59.53748182550045,65.0,80.0,,40.0,40.0,,30.0,90.0,90.0,60.0,48.90625,real_sec,179233.32778666666,,31.85047451365426,54.28305867076455,0.24331970453348772,57.407479492766335,3.757023335678977,0.19243115873550656,23.418728372117613,-10.1272860277981
NKE,"Nike, Inc.",65418137600.0,46522998784.0,3864000000.0,2249999872.0,19036999680.0,11178000384.0,8056999936.0,,0.05195,0.16016,79.333,2.139,1.239,1313874944.0,1694000000.0,29.072369,22.637276,4.6432695,1.4061462,1.474,17.744,3.71,1.0658001,0.001,-0.348,-0.345,0.04836,0.40919998,0.06942,USD,Consumer Cyclical,Footwear & Accessories,US,44.19,1.319,77800.0,80.17,43.17,58.8896,66.4837,18179052.0,31863450.0,15245964.342629485,21606720.0,19097474.444444444,39.22505408640321,49.12766167255718,-23.83661103402161,-29.70399704061365,-39.9660603057941,-30.26630670141911,44.18999862670898,-43.21055349025277,-0.5900641771884135,-0.7546223208519562,-0.1026584712712777,-1.2499464273357608,16.99616711689521,1.425001429550127e-05,,46309000000.0,41.4387313902266,,,,59.33178172050804,,,46.9224975177048,1.0,,,39.476926996022854,,,,56.527937977027115,43.34313077463446,74.23378484234291,74.43142625857472,1.0,0.0,43.868761683606856,65.0,30.0,,0.0,10.0,,30.0,90.0,90.0,10.0,48.90625,real_sec,597981.9895115681,,4.8363173716433145,8.30556950539674,0.42105124301466706,40.919545552912915,2.892857242236025,0.15154767774250238,2.824140701032932,-44.87963078458277
COST,Costco Wholesale Corporation,450509701120.0,286265016320.0,13459999744.0,8549000192.0,37003001856.0,10227999744.0,11125999616.0,,0.08718,0.29650998,60.257,1.058,0.54,6690375168.0,15011000320.0,52.91762,45.199535,27.226784,1.5737505,1.566,33.31,0.51,0.27040002,0.215,0.455,0.456,0.029860001,0.12926,0.036730003,USD,Consumer Defensive,Discount Stores,US,1014.96,0.978,341000.0,1067.08,844.06,988.212,948.4027,2211740.0,1794170.0,2144716.135458167,1828773.3333333333,2399336.6666666665,20.11110807365112,16.307620404089636,3.296458716121764,18.940502801367675,11.01851652185304,5.744848810430425,1014.9600219726562,-19.346944191337624,0.432792642055005,0.6438758692354226,0.0827713271490412,-0.2470556166116032,2.852152188561984,4.78495995009741e-06,,275235000000.0,23.35051630516335,,,,58.40018646495962,,,24.96660849497108,1.0,,,29.14580574121965,,,,51.50482316357211,41.68339747996535,39.59379885684107,37.50420023371679,1.0,80.0,48.76265249368331,65.0,60.0,,90.0,40.0,,30.0,90.0,90.0,90.0,48.90625,real_sec,839486.8513782991,,2.986393622909039,4.701936658915319,14.030045079186337,12.926134786458283,0.7598811247050199,1.4676379248841718,2.3371263642362767,-4.8843573115417644
RTX,RTX Corporation,264093614080.0,88603000832.0,14734999552.0,6732000256.0,17788999680.0,39956000768.0,7434999808.0,,0.03877,0.109519996,59.513,1.026,0.667,6456249856.0,10567000064.0,39.558468,26.0886,4.0366616,2.9806397,3.361,20.209,1.39,0.53830004,0.121,0.083,0.094,0.07598,0.20076999,0.110240005,USD,Industrials,Aerospace & Defense,US,196.21,0.428,180000.0,214.5,112.27,200.1924,174.3733,6297265.0,4992430.0,5445123.705179282,6220290.0,5718691.111111111,24.147343915595336,28.12665398012961,-3.7525722915630833,5.133083236421054,18.60996097871983,49.847697173573245,196.2100067138672,-14.570018222267857,1.5945681302364143,1.9217199883556133,0.1588483425135127,-0.3273142647374147,10.228484568052618,1.3860309125159328e-05,2807000000.0,80738000000.0,36.72078342205453,,,,56.084129928279864,,,30.63259038766687,1.0,,,43.96434919465463,,,,65.60575335980982,48.16342593798512,64.56797644181754,56.084129928279864,1.0,40.0,68.11074258529928,40.0,90.0,,80.0,10.0,,30.0,90.0,75.0,80.0,48.90625,real_sec,492238.8935111111,3.1680642570135387,7.597937082023367,16.63036174129024,6.20658300275979,20.077197739306474,2.711639089434293,0.2644659090221789,7.286716923100251,-8.526806526806519
LMT,Lockheed Martin Corporation,143529492480.0,75048001536.0,8285000192.0,5016999936.0,7685000192.0,22770999296.0,4120999936.0,,0.07569,0.76865,338.804,1.087,0.901,5281625088.0,8557000192.0,28.980455,19.437387,21.220142,1.9125025,2.158,19.546,2.17,0.62119997,0.091,1.61,1.55,0.06685,0.1024,0.090100005,USD,Industrials,Aerospace & Defense,US,622.79,0.24,123000.0,692.0,410.11,634.4694,513.3619,1865718.0,1790190.0,1406241.6334661357,1703380.0,1697655.5555555555,24.30301964437844,25.75852712480438,-4.917560606512406,25.95251379408243,26.326794326939183,41.277767555098286,622.7899780273438,-15.563787451183265,1.4601383913035946,1.7524662963073607,0.0882288748293662,-1.3036627799585496,8.875754178229565,1.4381645273894649e-05,2000000000.0,75048000000.0,29.88589253634731,,,,65.77995451518005,,,24.57270002085425,1.0,,,37.904458827842014,,,,59.75359584988115,56.849924879947395,69.41588873526763,64.56797644181754,1.0,30.0,66.02104151776474,40.0,80.0,,30.0,80.0,,30.0,88.3,70.0,50.0,48.90625,real_sec,610146.3539512195,2.664961037024569,6.685054676097378,11.039601351710536,5.257064053706431,10.240113040603166,2.74846092556373,0.3757850097295967,7.0376625358457305,-10.001445086705207
GE,GE Aerospace,296571469824.0,45854998528.0,10702999552.0,8600999936.0,14444000256.0,21557000192.0,11992000512.0,,0.0468,0.44692,114.07,1.041,0.69,5210999808.0,8536999936.0,34.97015,32.735924,15.787523,6.467593,6.644,28.466,0.67,0.17889999,0.176,0.374,0.338,0.18982,0.31499,0.19549,USD,Industrials,Aerospace & Defense,US,281.16,1.428,57000.0,348.48,159.36,311.3418,293.65845,5764790.0,6319630.0,5455453.9840637455,5617266.666666667,5444611.111111111,32.02132041785569,37.67389980090193,-13.890458577268516,-12.2152561855839,-5.8635553277683545,41.48680104997276,281.1600036621094,-20.85149392334953,1.1629753208125222,1.4502329077251912,0.1545486769852375,-0.3536110611049931,4.9227577336499095,1.224726441436878e-05,,11512000000.0,59.373564643255634,,,,29.420612314304336,,,45.17632726801716,1.0,,,68.20391066190511,,,,79.26078754964345,61.81363856106869,54.87215185491734,37.904458827842014,1.0,30.0,49.99999999999999,40.0,0.0,,80.0,10.0,,30.0,40.0,70.0,10.0,48.90625,real_sec,804473.6583859649,,18.756951721954703,23.340965861038093,3.2121130411270715,31.499292813585413,2.014108296208588,0.3960198478435863,11.364082379847982,-19.318181818181813
DE,Deere & Company,155503476736.0,46731001856.0,8588000256.0,4814000128.0,12266000384.0,48473001984.0,8830000128.0,,0.03961,0.19566,376.022,2.253,1.993,4200250112.0,7701000192.0,32.470955,24.804823,5.912662,3.3276298,4.176,22.724,1.13,0.3655,-0.111,-0.085,-0.098,0.10302,0.26248,0.17479,USD,Industrials,Farm & Heavy Construction Machinery,US,575.71,0.992,73100.0,674.19,404.42,582.137,508.91095,1626309.0,1454870.0,1412608.1673306774,1487663.3333333333,1612554.4444444445,28.0505634721444,24.48069385541236,-2.250953973214753,23.69192159141917,25.45822504046913,23.859688332275383,575.7100219726562,-16.828756686496902,0.8059638314472314,1.375034062566136,0.0906747140510733,0.9732612717223604,6.274785745877033,1.9387709032081775e-05,2311000000.0,45684000000.0,51.36697817714144,,,,52.448195708192294,,,36.69248075447949,1.0,,,62.14402029509249,,,,75.35934920969098,58.090853300227714,62.14402029509249,60.93204222172996,0.0,50.0,60.44850533767266,40.0,60.0,,40.0,30.0,,30.0,90.0,77.5,40.0,48.90625,real_sec,639274.9911901505,4.945325176466938,10.301512779105781,18.37752223344929,3.273476508671866,26.248100611660895,5.644271138689636,0.15887194679095698,8.988144797201072,-14.607158219493021
NFLX,"Netflix, Inc.",418504835072.0,45183037440.0,13659992064.0,10981200896.0,21907707904.0,16975837184.0,9062359040.0,,0.15251,0.42762002,63.782,1.186,1.061,24817524736.0,10149272576.0,38.996048,25.603962,15.650381,9.262432,9.394,31.074,,0.0,0.176,0.327,0.294,0.24304001,0.48487,0.24535,USD,Communication Services,Entertainment,US,98.66,1.669,16000.0,134.115,75.01,88.1666,107.12779,49556022.0,41274260.0,38716217.72908367,49188980.0,47857837.777777776,33.063013627358515,50.07188554559674,-0.5142628983083264,8.42950431741234,-15.133368549053904,5.460066703376132,98.66000366210938,-43.35127747768319,0.3468691617276708,0.4959718730454933,0.1110729083203229,0.4721018671591559,7.979411795242191,4.215500571701187e-06,3391390000.0,45183036000.0,57.95753715594372,,,,25.969705644055523,,,52.28024690968816,1.0,,,61.050427331565714,,,,60.36642110697632,69.82060775344326,65.4355175425045,43.51006648781062,0.0,10.0,46.16934561158564,65.0,30.0,,60.0,0.0,,30.0,86.7,90.0,20.0,48.90625,real_sec,2823939.84,7.5058920164531555,24.303812931085673,30.232566994061745,5.349508098201312,48.48657625794181,1.2427413650362718,0.5978658057327418,54.926640930141055,-26.43626738247028
DIS,Walt Disney Company (The),171326914560.0,95715999744.0,19306000384.0,12252000256.0,35686998016.0,46640001024.0,5678000128.0,,0.04366,0.12024,40.909,0.669,0.545,3174500096.0,15630999552.0,14.228277,13.158576,1.581722,1.7899506,2.274,11.273,1.55,0.1841,0.052,-0.043,-0.06,0.128,0.37284002,0.15361,USD,Communication Services,Entertainment,US,96.61,1.441,175560.0,124.69,80.1,103.3866,111.51815,11801780.0,11423560.0,10083517.330677291,11252793.333333334,11458560.0,27.549491643616307,17.5678392579802,-5.663512200325949,-13.625389424833678,-13.2658668018664,-0.2059421870820643,96.61000061035156,-24.9695199827761,0.1540884829095981,0.2083089007957925,-0.0225164234057252,0.0725630714498233,11.887636416837635,1.0255159738375e-05,,94425000000.0,48.270100618273105,,,,65.43551754250448,,,43.51006648781062,1.0,,,52.28024690968817,,,,62.9580263837204,34.73988606593307,52.28024690968817,47.89515669874939,0.0,90.0,46.16934561158564,65.0,30.0,,60.0,50.0,,30.0,84.9,90.0,80.0,51.25,real_sec,545203.9174299384,,12.80036805630087,20.170086961046664,11.332427936875833,37.28425562230734,2.415829280861989,0.33514149247030683,3.316582498736315,-22.51984922608068
PAGEIND.NS,PAGE INDUSTRIES LTD,379461664768.0,50922459136.0,10657140736.0,7490978816.0,30082560000.0,2681272064.0,5071473152.0,,,,19.029,,,,,50.58696,44.503002,26.912296,7.4517546,7.388,35.303,1.47,0.9306,0.056,-0.074,-0.074,0.14711,0.59075,0.21024,INR,Consumer Cyclical,Apparel Manufacturing,India,34000.0,-0.139,20658.0,50590.0,29805.0,32550.8,39492.227,24201.0,32549.0,26566.866666666665,23464.2,27641.566666666666,24.66547521505701,30.340211990636742,8.885324779470727,-4.208979349955488,-17.126796786740773,-19.770428677285626,33945.0,-38.288534943382736,-0.8284047582078726,-1.4220833317018076,0.0129149334722679,0.268552014578935,1.0262767285644108,1.3647244083227447e-05,,,76.30269271677368,,,,25.826714372939264,,,74.4214713111168,0.0,,,70.50013750303097,,,,68.6512513629346,55.3736173264999,61.81893605015904,74.2327967767977,0.0,20.0,73.16245586192964,65.0,90.0,,90.0,0.0,,60.0,40.171,85.0,40.0,48.90625,real_yahoo,2465023.677800368,,14.710559825859232,20.92817377011916,0.4608680712119158,59.07523028229584,0.2515939434807892,,,-32.793042103182444
RELAXO.NS,RELAXO FOOT LTD.,65968726016.0,26462099456.0,3089400064.0,1678200064.0,14998200320.0,2154700032.0,2407800064.0,,,,10.214,,,,,39.31751,33.125,3.1113148,2.4929514,2.521,21.593,1.12,0.44509998,0.002,-0.197,-0.196,0.06342,0.56678003,0.04528,INR,Consumer Cyclical,Footwear & Accessories,India,265.0,0.411,7355.0,526.0,236.5,327.9538,412.3757,109109.0,202346.0,188208.93346774197,135784.73333333334,91268.78888888888,29.655246506943243,53.13673949498047,-18.966816513020067,-33.86498114649049,-40.36789025484253,-35.50352251157489,267.45001220703125,-53.85821453854113,-1.127787771083287,-1.954689430718059,-0.21042731521101,0.7336934472569869,4.245176572319801,0.0002620140311424,,,45.358348344098744,,,,41.95878383658349,,,68.01828066247032,0.0,,,29.54949963378025,,,,31.3487486370654,60.72050023844009,59.33596629172227,65.54275694905262,0.0,60.0,56.812487018214604,65.0,65.0,,60.57271014078837,60.0,,35.0,11.9049996,45.0,60.0,38.28125,real_yahoo,3597838.131339225,,6.34190067492731,11.674810871060767,0.2394922975721509,56.67804379973078,0.697449338824122,,,-49.61977186311787
WELSPUNIND.NS,WELSPUNIND.NS,,,,,,,,,,,,,,,,,,,,,,,,,,,,,,,,,India,,,,,,,,,,,,,,,,,,,,,,,,,,,,,49.81743176856749,,,,50.0236992794642,,,50.0274184500031,0.0,,,50.02702075014408,,,,50.00000000000001,50.028268176690304,50.0,50.0,0.0,50.0,49.19063962756554,65.0,90.0,,50.0,60.0,,30.0,83.0,57.5,60.0,23.59375,financial_proxy,,,,,,,,,,
ARVIND.NS,ARVIND LIMITED,95016558592.0,89707896832.0,8980625408.0,4052699904.0,44047900672.0,15372499968.0,1017900032.0,,,,39.143,,,,,23.462784,18.29268,2.4728162,1.0591772,1.238,12.368,1.03,0.24270001,0.136,-0.058,-0.056,0.04518,0.49101,0.08515,INR,Consumer Cyclical,Textile Manufacturing,India,362.5,-0.198,25833.0,404.0,274.8,350.61,326.0105,670019.0,343765.0,575177.0403225806,446991.8333333333,515012.56666666665,41.30297434111973,39.542468149697896,6.069404247433519,15.20265385990347,21.0840402421294,14.94471931417971,365.25,-29.144466147751647,0.4785553268251672,0.9724095010888756,0.0878922955647843,1.1627105662269197,6.134053566040516,0.0001288999466878,,,51.95980847693607,,,,64.29549540162934,,,58.09085330022772,0.0,,,46.9224975177048,,,,56.527937977027115,58.04705878246999,56.85299653328549,46.92124303245604,0.0,60.0,66.34996884371506,65.0,65.0,,58.090853300227714,60.0,,60.0,31.223,35.0,60.0,38.28125,real_yahoo,3472608.5561878216,,4.517662376579481,10.010964168314434,0.8118913753757286,49.101475151614,1.7117404712489261,,,-10.272277227722771
TRENT.NS,TRENT LTD,1255901626368.0,192631603200.0,24822499328.0,16374700032.0,81478901760.0,23485700096.0,8786899968.0,,,,37.79,,,,,76.53596,58.674137,20.585596,6.519707,6.637,51.502,0.14,0.1086,0.148,0.031,0.031,0.08501001,0.42298,0.13364,INR,Consumer Cyclical,Apparel Retail,India,3532.9,0.207,27887.0,6261.0,3275.5,3795.208,4534.667,1036655.0,1208285.0,1049303.6068548388,862153.3,929523.9222222222,37.06306103053869,40.09457865609716,-7.74067564879174,-17.022666565640332,-24.94239303125991,-33.22605675707443,3550.60009765625,-47.034149476446366,-0.8476132896187132,-0.9975328527979004,0.0092718267859218,-0.5505941140441657,6.308274671333978,3.216763369905653e-06,,,56.08572105995939,,,,27.067642793219587,,,48.163425937985124,1.0,,,60.572710140788374,,,,67.71868879478787,63.393941694410195,34.50626870735452,34.50690042139165,1.0,40.0,71.11870975646526,65.0,80.0,,90.0,50.0,,60.0,28.735,82.5,70.0,48.90625,real_yahoo,6907577.121956468,,8.500526268786201,12.885995296539171,1.7433909698693448,42.297785205787044,0.9461456634831257,,,-43.57291167545121
DIXON.NS,DIXON TECHNO (INDIA) LTD,600427462656.0,486548307968.0,18169874432.0,15830500352.0,35949600768.0,13891200000.0,6426299904.0,,,,29.663,,,,,35.98981,50.606903,13.191029,1.2340552,1.132,30.31,0.08,0.0291,0.021,0.476,0.678,0.03254,0.07389,0.029560002,INR,Technology,Consumer Electronics,India,9890.0,-0.248,1567.0,18471.0,9600.0,10612.89,14138.067,756070.0,695330.0,490519.9274193549,720867.3666666667,664708.4666666667,41.29606091005912,56.85481798291829,-2.2707122450990047,-18.025946124607508,-40.51744813526802,-25.15373240666312,9920.5,-47.231465822922914,-0.6501652737851772,-1.066436280709777,0.0796716020652895,-0.1348990410597391,3.24524251787326,3.173038641513976e-06,,,23.791987715191002,,,,72.02420658556805,,,24.548261790179488,0.0,,,36.12776052076207,,,,29.054556614694103,74.44494266632898,29.179371955061473,29.18006128241253,0.0,30.0,79.54165359385776,40.0,30.0,,48.8651715526118,80.0,,60.0,38.161,90.0,40.0,38.28125,real_yahoo,310496686.6419911,,3.253633830957883,3.7344440694663814,18.072880258720605,7.3887012202628775,0.7645182167872012,,,-46.45660765524335
BATAINDIA.NS,BATA INDIA LTD,84699643904.0,34760830976.0,4171474944.0,1779110016.0,19109160960.0,13781459968.0,5664900096.0,,,,90.391,,,,,47.51262,33.32202,5.5609937,2.4366403,2.665,22.205,2.89,0.64980006,0.028,0.125,0.126,0.05118,0.54973,0.11437,INR,Consumer Cyclical,Footwear & Accessories,India,659.0,0.311,3961.0,1300.7,605.0,767.63,1014.3265,197421.0,361295.0,266451.57862903224,226088.63333333333,158599.45555555556,25.975667359736843,40.04030689096949,-14.60038669083008,-30.31282880020546,-43.17277667414141,-45.416500129072965,657.1500244140625,-52.36756181035884,-2.218551312416141,-3.228869756885078,-0.1310803103655147,0.4339192789841707,2.924125369362994,6.018109345595091e-05,,,59.79904238468038,,,,43.19971225686381,,,65.53642382190966,1.0,,,53.12713961910642,,,,44.40462459111962,64.73066242239524,70.50933020468776,70.50849399347838,1.0,80.0,59.53748182550045,65.0,50.0,,20.0,30.0,,35.0,30.896,60.0,80.0,48.90625,real_yahoo,8775771.516283767,,5.118145815410325,12.000504092897321,0.31459904720718745,54.97325703517727,3.3037379231589123,,,-49.33497347582071
VMART.NS,VMART RETAIL LTD,42606141440.0,35985498112.0,2840474880.0,1312300032.0,12120699904.0,8012400128.0,290700000.0,,,,94.737,,,,,32.399757,28.438616,4.9938664,1.1839808,1.417,17.953,,0.0,0.097,0.232,0.228,0.03647,0.33682,0.11684,INR,Consumer Cyclical,Department Stores,India,533.3,0.275,10912.0,945.0,457.9,559.843,714.745,460193.0,2404099.0,209359.87096774197,722148.7666666667,337285.93333333335,40.189514706570286,49.0834754069189,-1.6603413783129015,-23.82216780188532,-22.93330969215509,-24.46892835233544,544.9000244140625,-48.394073114796186,-0.4770767646558307,-1.0390943557396473,0.0391029650626822,1.3690850476884997,6.234962948409384,0.0002214111695491,,,48.04019152306392,,,,60.57271014078837,,,36.9950701554622,0.0,,,56.8499248799474,,,,53.730250272586915,56.71033805448494,26.436616992435003,26.437577724199794,0.0,60.0,56.812487018214604,65.0,65.0,,33.272284894621215,60.0,,35.0,34.554002,60.0,60.0,38.28125,real_yahoo,3297791.249266862,,3.646746886525354,7.893387695119311,0.32568276135652885,33.68217904411372,2.8207959818324464,,,-43.56613756613758
RAJESHEXPO.NS,RAJESH EXPORTS LTD,25834274816.0,7411005915136.0,3600506112.0,1679452032.0,7589940224.0,8790209536.0,25921439744.0,,,,5.254,,,,,15.390845,1.7484,0.15583192,0.0034859336,0.001,2.811,,0.0,1.433,1.017,1.013,0.00023,0.00102,0.00043000001,INR,Consumer Cyclical,Luxury Goods,India,87.42,0.365,112.0,237.88,80.38,136.6288,174.8537,253030.0,384780.0,852263.2197580645,374853.3,791420.6,43.25667573053344,50.79443148364145,-37.03650133192436,-52.472228779468864,-51.70696572644392,-54.26775164368773,87.27999877929688,-65.15368366433734,-1.7466475897800655,-2.9225096346549524,-0.20692166608165,1.41323938952288,7.288297984890052,0.0002955169330597,,,20.396577216807653,,,,74.42147131111679,,,24.58578595265895,0.0,,,24.58578595265895,,,,14.562622410424261,74.38178607844729,26.436616992435003,26.437577724199794,0.0,60.0,53.4062435091073,65.0,65.0,,44.440640677144145,60.0,,35.0,16.306,62.5,60.0,35.9375,real_yahoo,66169695670.85714,,0.022661593462905503,0.048583230849221726,67.0724874603359,0.1024144402381133,2.4413816454035224,,,-63.250378342021186
JUBLFOOD.NS,JUBILANT FOODWORKS LTD,290661662720.0,91414142976.0,13348015104.0,3156450048.0,48047001600.0,146060000.0,1179687040.0,,,,2.655,,,,,90.74949,55.117878,12.833208,3.1796138,3.226,22.091,0.27,0.2474,0.203,,-0.184,0.0434,0.5256,0.080299996,INR,Consumer Cyclical,Restaurants,India,441.95,0.046,25780.0,727.95,430.5,494.988,581.5485,2325321.0,2696084.0,2210510.5120967743,2362953.833333333,2115992.488888889,29.66002928478252,32.11075289188408,-11.687927779470009,-20.059074953491564,-26.43933831273508,-32.310125288175385,446.5499877929688,-39.65769632432,-1.4216833230710395,-2.4157016231672026,0.0128755939769665,0.5600238282235445,1.9852739458297228,1.3071132823239607e-05,,,53.40387788099424,,,,32.03135647434089,,,64.29549540162935,0.0,,,44.440640677144145,,,,53.730250272586915,59.38377951045504,38.230723345009686,48.162677293562474,0.0,60.0,71.11870975646526,65.0,65.0,,55.60899645966707,60.0,,60.0,40.619,90.0,60.0,38.28125,real_yahoo,3545932.6212567883,,3.4529121482096032,14.601695831141148,0.8273335669497432,52.5597025097247,0.01094245090839238,,,-39.28841266570507
DEVYANI.NS,DEVYANI INTERNATIONAL LTD,119434878976.0,53872078848.0,6262615040.0,-397760000.0,27361030144.0,33433339904.0,1655330048.0,,,,170.712,,,,,,112.60418,7.58456,2.2170088,2.99,25.718,,0.0,0.113,,,-0.00804,0.50789,0.041690003,INR,Consumer Cyclical,Restaurants,India,96.87,0.11,14802.0,191.0,91.55,117.366,147.3939,4553732.0,4679227.0,3071154.040322581,2960109.4,4314178.122222222,35.62022340768712,38.22903348391994,-21.31375120043898,-34.82257364364111,-43.253101593925294,-35.14695088987195,96.43000030517578,-49.92588703325996,-1.0671426308083312,-1.7923820989270722,-0.0720857591980313,0.663373124512915,1.431170220327671,5.463273352819792e-05,,,41.4387313902266,,,,45.681569097424465,,,61.8136385610687,0.0,,,28.308571213499928,,,,36.94412404594578,62.05722096642514,26.436616992435003,26.437577724199794,0.0,60.0,64.98747144007213,65.0,65.0,,27.067642793219598,60.0,,35.0,19.503,77.5,60.0,38.28125,real_yahoo,3639513.501418727,,-0.738341657692994,11.624973778476157,0.48756327742431693,50.78888865825859,5.338559002981604,,,-49.282722513089006
SAPPHIRE.NS,SAPPHIRE FOODS INDIA LTD,49228972032.0,30444349440.0,2988835072.0,-175670000.0,15902090240.0,13797279744.0,1331760000.0,,,,99.226,,,,,,77.55318,3.5079672,1.6170151,2.024,20.615,,0.0,0.076,,,-0.00577,0.52233005,0.039619997,INR,Consumer Cyclical,Restaurants,India,153.0,0.068,13494.0,368.0,139.91,188.438,261.9771,909239.0,1401669.0,781853.6955645161,904069.2,905154.7222222222,35.99690898183985,46.12096939256893,-21.687604525343477,-40.10114431722421,-47.53109735361807,-46.93434276768093,153.97000122070312,-56.29866564953232,-1.6012209456661517,-2.609867688595263,-0.116483011477768,0.3792561381244024,1.4557473929492697,0.0001575124835029,,,41.232435761075436,,,,54.36806803938674,,,63.054566981349026,0.0,,,27.0676427932196,,,,34.146436341505584,54.03689659851484,26.436616992435003,26.437577724199794,0.0,60.0,62.94372533460775,65.0,65.0,,32.031356474340896,60.0,,80.0,61.592996,75.0,60.0,38.28125,real_yahoo,2256139.724321921,,-0.5770200488146808,9.817372113306028,0.2755332095852216,52.2333061225039,4.616273367927074,,,-58.42391304347826
LAURUSLABS.NS,LAURUS LABS LIMITED,565366030336.0,67216297984.0,16575699968.0,8433200128.0,38328598528.0,22117599232.0,633800000.0,,,,44.831,,,,,66.94373,56.291656,11.76735,8.411145,8.7,35.279,0.15,0.1025,0.257,1.719,1.727,0.12546,0.57023,0.20221001,INR,Healthcare,Drug Manufacturers - Specialty & Generic,India,1047.0,0.339,6167.0,1141.0,517.65,1008.038,950.94775,1927826.0,2385135.0,2328292.3125,1778363.4,1746981.9888888889,33.95755726800246,39.86396150048396,-2.075115078491785,-5.8754490601026665,24.116833248999804,70.00416680927475,1042.9000244140625,-16.269381974828313,1.8771351833314385,2.6470044924652885,0.209925926582391,-0.3247100760509045,2.9510777155695886,1.2620979170645793e-05,,,49.817083444117905,,,,31.495961028529038,,,42.262208485336174,1.0,,,55.56500192028831,,,,50.66386460749113,73.11847290924138,31.174359438118273,32.83939646891173,1.0,50.0,64.74604296523411,70.0,40.0,,44.479501106210186,50.0,,60.0,43.405998000000004,55.0,40.0,38.28125,real_yahoo,10899351.059510296,,12.546362089157927,24.660239354368546,3.0038319135099574,57.02277524585428,1.3343387775296875,,,-8.238387379491673
AJANTPHARM.NS,AJANTA PHARMA LIMITED,345990397952.0,52016300032.0,13795600384.0,10145599488.0,39671300096.0,2458899968.0,9400800256.0,,,,5.698,,,,,34.080276,27.847082,8.01283,6.6515765,6.571,24.778,2.01,0.3448,0.2,0.179,0.176,0.19504999,0.76267,0.24638,INR,Healthcare,Drug Manufacturers - Specialty & Generic,India,2768.0,0.238,9628.0,3228.0,2327.3,2899.756,2675.461,115155.0,93809.0,142377.0181818182,118810.33333333331,120224.91111111113,32.04482759777019,29.30910884115612,-5.950538943012107,2.357990800207199,14.494116040015005,1.737693550921815,2791.199951171875,-15.400967893641182,0.2072389752573526,0.3317600131560438,0.0661020666096542,0.476677233902515,2.008914566325836,5.202581256037327e-05,,,70.30373770291257,,,,34.96981064770381,,,68.86779535524047,0.0,,,66.65066311608177,,,,62.61342754233145,64.82803692744375,68.86998836061409,46.69647296365355,0.0,50.0,67.20371679277312,70.0,40.0,,71.08431505218519,50.0,,35.0,21.611,50.0,40.0,38.28125,real_yahoo,5402606.9829663485,,19.504654275214715,26.521687193270303,2.324558577980947,76.2670548877843,0.17823798164317717,,,-14.250309789343252
GLENMARK.NS,GLENMARK PHARMACEUTICALS,588308742144.0,165096865792.0,40297881600.0,10650869760.0,116738809856.0,12241770496.0,26902429696.0,,,,12.776,,,,,55.351925,25.712847,6.1372457,3.5634155,3.486,14.283,0.24,0.1325,0.151,0.158,0.159,0.06451,0.70709,0.18338,INR,Healthcare,Drug Manufacturers - Specialty & Generic,India,2084.0,0.286,15800.0,2297.9,1336.0,2074.396,2001.076,561271.0,739579.0,843104.9576612903,600785.1666666666,601415.5666666667,30.506921780521505,36.651509679474565,-1.483539738878881,2.781058324203456,6.9590767927680375,43.44854431675158,2091.800048828125,-18.49640375777884,1.278597028218066,2.227730016377034,0.1708655699263677,0.8542794965909744,6.789934177822049,1.3763259121458425e-05,,,56.03624634410914,,,,56.97085823581071,,,62.216398637764385,0.0,,,50.022171322391586,,,,55.31091685992902,70.74977691444204,34.50044434304438,36.719377887439435,0.0,30.0,69.04697216342738,70.0,10.0,,90.0,80.0,,60.0,26.610001999999998,50.0,20.0,48.90625,real_yahoo,10449168.721012658,,6.451285255420096,24.408629083710135,7.378020646191022,70.70928287825603,0.3037819858004645,,,-9.308499064363119
TORNTPHARM.NS,TORRENT PHARMACEUTICALS L,1350397329408.0,127420899328.0,41027276800.0,22722500608.0,96381902848.0,28220000256.0,7939999744.0,,,,33.4,,,,,59.57002,64.329796,15.9941,10.597926,10.745,33.372,0.88,0.4768,0.176,0.261,0.262,0.17833,0.75641,0.26703,INR,Healthcare,Drug Manufacturers - Specialty & Generic,India,3990.0,0.188,17059.0,4482.9,3101.6,4202.494,3796.6914,370926.0,434199.0,333826.9939516129,393828.56666666665,301764.1,22.361118205361134,21.05327077440499,-8.743024513970642,4.273746077181451,11.9316119089536,24.946921792969626,3987.199951171875,-10.319389312373485,1.1385448496745738,1.8876663115033896,0.0947811521879628,0.3324487543840649,1.2839858999495193,1.2573403111368777e-05,,,71.40123703820515,,,,28.022111409354267,,,66.65066311608177,1.0,,,69.97636147481981,,,,68.58820900975161,68.38108091964273,54.456953772600976,53.34786968112962,0.0,60.0,74.57673827539017,70.0,50.0,,0.0,80.0,,35.0,14.887998999999999,90.0,60.0,48.90625,real_yahoo,7469423.72518905,,17.832632423594003,32.19823201403547,5.694317826618404,75.64057651162774,0.6878350808796552,,,-10.99511476945726
ALKEM.NS,ALKEM LABORATORIES LTD.,630227140608.0,142527004672.0,28353050624.0,23712000000.0,89673097216.0,23555999744.0,51520401408.0,,,,17.056,,,,,26.590324,27.580109,4.722001,4.4218087,4.248,21.353,0.97,0.22690001,0.107,0.016,0.016,0.16636999,0.62917,0.19615,INR,Healthcare,Drug Manufacturers - Specialty & Generic,India,5271.0,0.322,18785.0,5933.5,4611.85,5517.01,5431.2593,127095.0,136718.0,186550.3393939394,116481.23333333334,113858.43333333332,23.8331397967336,25.71085335514675,-5.533596837944666,-3.0830602016516884,-2.440875235769291,5.481698578770988,5258.0,-11.952930298822007,0.3336646668857556,0.4723309985130898,0.0270085497059645,-0.230564557336275,3.137872732045792,1.6514925415903486e-05,,,51.46333244705676,,,,45.39135950522813,,,50.02217132239159,0.0,,,52.23930356155028,,,,59.294104504875804,69.5654289170424,57.783038677527074,42.26220848533617,0.0,10.0,68.43255370654262,70.0,50.0,,90.0,0.0,,35.0,24.975,72.5,20.0,48.90625,real_yahoo,7587277.331487889,,16.63684720981042,19.893107758245108,6.36939519151511,62.91656617801401,0.830810061900731,,,-11.165416701778042
IPCALAB.NS,IPCA LABORATORIES LTD,377201557504.0,95061696512.0,18783899648.0,9098699776.0,63638798336.0,12789199872.0,12549799936.0,,,,14.425,,,,,41.299137,27.449615,4.563771,3.9679658,4.379,22.161,0.27,0.0558,0.066,0.236,0.315,0.09571,0.66945,0.17796,INR,Healthcare,Drug Manufacturers - Specialty & Generic,India,1481.4,0.15,16778.0,1624.0,1168.2,1498.442,1421.7605,240215.0,331943.0,371482.0282828283,243755.2333333333,225247.0,31.55791914138507,27.21849925930574,-1.632514948570718,7.365466833982781,8.539972420227414,3.0147138843018784,1488.300048828125,-17.545396803837797,0.2408121124529503,0.3900993850610801,0.0584733986607663,0.502612429653696,5.482127795548048,4.272955912662916e-05,,,50.91458277941047,,,,52.33905874357768,,,53.34786968112963,0.0,,,48.91360520281224,,,,55.31091685992902,66.01238492484342,36.71783427966177,25.633716691645986,0.0,50.0,70.2758090771969,70.0,40.0,,51.13070459270394,50.0,,60.0,46.652,65.0,40.0,38.28125,real_yahoo,5665853.886756467,,9.571362714793793,19.759693269968977,4.248216077046005,66.94473239068128,0.6808596783235966,,,-8.780788177339893
NATCOPHARM.NS,NATCO PHARMA LTD.,183452631040.0,45625999360.0,17844000768.0,15571999744.0,37399998464.0,2607000064.0,32042999808.0,,,,3.012,,,,,11.7795925,26.05598,2.1206098,4.0207915,3.389,8.665,0.63,0.0575,0.363,0.139,0.139,0.3413,0.81971,0.17379999,INR,Healthcare,Drug Manufacturers - Specialty & Generic,India,1024.0,0.189,4199.0,1059.0,726.8,919.297,893.0148,1487404.0,774412.0,1049967.4092741937,1605731.933333333,1713438.8333333333,37.949707792029855,40.42940664313424,7.4562142565359535,13.979872698831496,29.64023202729107,25.793852626431924,1027.550048828125,-23.218263598773035,0.802158664818512,1.5081827882455616,0.0367700954580604,-0.8296703490203656,10.794720286817007,2.3369336318779825e-05,,,60.06041057351524,,,,51.181108870519424,,,73.30205983355785,0.0,,,47.8050390832329,,,,41.369760102615324,71.9341249118417,47.80478396274877,26.74228281122533,0.0,50.0,65.36046142211886,70.0,40.0,,65.54164548010706,50.0,,35.0,12.486,47.5,40.0,38.28125,real_yahoo,10865920.304834485,,34.129662829154086,39.10928202844739,2.0389821676281046,81.9708039026282,0.1460995265520939,,,-3.3050047214353118
AUROPHARMA.NS,AUROBINDO PHARMA LTD,775950958592.0,331818598400.0,66858176512.0,34869600256.0,192370704384.0,77945004032.0,88924102656.0,,,,22.248,,,,,22.259247,17.598183,2.2141383,2.3384795,2.302,11.423,0.3,0.066599995,0.084,0.076,0.076,0.10509,0.57975,0.15135999,INR,Healthcare,Drug Manufacturers - Specialty & Generic,India,1336.0,-0.006,27707.0,1359.9,1010.0,1223.794,1157.189,1737546.0,1959887.0,1311836.4303030304,1817162.7666666664,1383088.0222222223,28.08319284528393,26.164934160417385,10.186708878951013,12.425178814529891,22.35779368549311,12.030324364552714,1333.699951171875,-18.42605386423706,0.4983087986996803,0.7517162610632452,0.0550778340331545,0.1929725338758625,0.9775135976007788,1.0453399559748507e-05,,,41.58583842942362,,,,66.23445722027677,,,43.37077460491552,0.0,,,42.26220848533617,,,,54.647052252437895,74.30282090664103,37.82652924797047,27.850848930804673,0.0,70.0,75.80557518915968,70.0,70.0,,90.0,10.0,,35.0,28.805999999999997,87.5,80.0,48.90625,real_yahoo,11975984.350525139,,10.508633459407681,20.149014200645844,14.8286550325536,57.97466004364872,1.1658260529736417,,,-1.7574821678064678
BIOCON.NS,BIOCON LIMITED.,570004602880.0,168274001920.0,33480249344.0,6041999872.0,102429999104.0,165354995712.0,61034999808.0,,,,50.024,,,,,72.27926,38.319805,1.6929506,3.3873599,3.781,19.004,0.14,0.1025,0.092,4.095,4.729,0.03591,0.60871,0.07625,INR,Healthcare,Biotechnology,India,352.0,0.253,,424.95,299.0,377.281,375.69073,3398294.0,4694740.0,4503570.431451613,3439488.966666667,3223313.288888889,33.08354575294944,29.75547347980217,-9.12489323371154,-10.497589932530504,3.6454488075804425,1.3555445300892144,352.54998779296875,-16.378087597463885,0.1918642131850395,0.2572001219431902,0.0760168014404876,0.2582308245468374,1.36752021450712,1.3012944812620158e-05,,,38.65917353531009,,,,58.12880810886897,,,47.8050390832329,1.0,,,34.50224564828075,,,,51.327729214982256,50.023686959947995,30.065664469809576,32.83939646891173,1.0,80.0,69.04697216342738,70.0,10.0,,90.0,70.0,,35.0,24.791999,67.5,70.0,46.71875,real_yahoo,,,3.590572401595618,19.896269751709486,7.520003813682983,60.870959230349065,4.938881846817347,,,-17.16672549711731
SYNGENE.NS,SYNGENE INTERNATIONAL LTD,158001348608.0,37202001920.0,9311250432.0,3520999936.0,25408000000.0,5816000000.0,10910999552.0,,,,12.283,,,,,45.080273,34.377575,3.3357942,4.2471194,3.709,14.82,0.32,0.143,-0.028,-0.874,-0.886,0.09465,0.68297,0.12943,INR,Healthcare,Diagnostics & Research,India,393.1,-0.157,6533.0,754.85,380.05,431.861,593.99677,1455052.0,1807237.0,960995.070564516,1529085.8666666667,1088588.6222222222,28.8315657157188,36.96164685493829,-5.130380569189663,-39.9231941469254,-36.33403648457762,-45.59030914210632,391.1000061035156,-47.853401786550265,-1.7709014254534408,-1.9572105299310167,-0.1066690646479624,-1.2350146424412316,7.084182629536214,2.76811267148726e-05,,,47.80500132941485,,,,46.54930937828639,,,58.890700279026355,1.0,,,40.04507624617747,,,,42.69748931759759,67.19673292224307,38.935224216279174,37.827944007018786,1.0,50.0,66.58929833588837,70.0,40.0,,54.45630633595081,50.0,,35.0,37.037998,40.0,40.0,38.28125,real_yahoo,5694474.501760294,,9.464544256439842,25.028896165381415,1.6625217985131384,68.29739984057288,0.6246207254841022,,,-47.92342849572763
LALPATHLAB.NS,DR. LAL PATH LABS LTD.,221273243648.0,26627950592.0,7150734848.0,5283380224.0,15578090496.0,1560000000.0,13016999936.0,,,,6.441,,,,,41.91018,37.41096,9.261045,8.309812,7.914,29.472,0.98,0.3952,0.106,-0.066,-0.064,0.19840999,0.58502996,0.20794001,INR,Healthcare,Diagnostics & Research,India,1325.2,0.096,4980.0,1770.0,1175.775,1382.076,1499.7758,291889.0,336216.0,389033.5362903226,282237.5,293187.1777777778,26.264456275033396,22.11497872268202,-5.491149576895571,-10.156891624616328,-14.77140549494389,9.514492267326323,1328.699951171875,-24.35178577544854,0.3968196116170425,0.7478090456615528,0.0481293953947191,0.2101354106300002,1.442739038078415,2.934717400220849e-05,,,51.64624900293886,,,,32.653910901587295,,,44.47934072449486,0.0,,,56.67356803986766,,,,49.33613539250887,63.64368893004408,58.89173364583577,50.022171322391586,0.0,50.0,69.04697216342738,70.0,40.0,,66.6501793945227,50.0,,35.0,31.611000999999998,82.5,40.0,38.28125,real_yahoo,5346978.0305220885,,19.841482752290062,26.854244089473184,1.1899775825002383,58.50277678027622,0.21815939664387343,,,-25.129943502824858
METROPOLIS.NS,METROPOLIS HEALTHCARE LTD,87678918656.0,15664558080.0,2515742720.0,1682562048.0,12146064384.0,2008276992.0,795774976.0,,,,13.916,,,,,52.46898,34.548058,6.1155133,5.59728,5.662,35.258,0.24,0.1236,0.258,0.304,0.32,0.10741,0.77539,0.15513,INR,Healthcare,Diagnostics & Research,India,422.9,0.07,4823.0,565.75,328.75,463.785,488.0486,236957.0,530244.0,563732.7540322581,262399.4,198546.06666666668,28.80093186221159,27.075569084697264,-9.242524441315558,-12.54082748469786,-16.37010322978242,7.057700085608021,421.75,-24.4201420517438,0.3209122949032226,0.5706856259629143,0.0125360602470046,0.5871533666502465,2.291486701257341,0.0001017286728339,,,57.3166622352838,,,,39.601610139936845,,,72.1934937139785,0.0,,,44.479340724494854,,,,41.369760102615324,62.45934093264442,34.50044434304438,34.50224564828075,0.0,50.0,65.36046142211886,70.0,40.0,,46.69656893504144,50.0,,60.0,44.067,65.0,40.0,38.28125,real_yahoo,3247886.8090400165,,10.741203418615688,16.060093793593953,0.7000340822539024,77.5385064932518,0.79828393262726,,,-25.24966858152895
GRANULES.NS,GRANULES INDIA LIMITED,151180902400.0,50924630016.0,10274594816.0,5454839808.0,31520260096.0,18069409792.0,6190080000.0,,,,45.369,,,,,27.091473,20.269102,3.7187386,2.9687188,3.157,15.648,0.24,0.066700004,0.22,0.276,0.277,0.10712,0.61896,0.16900998,INR,Healthcare,Drug Manufacturers - Specialty & Generic,India,610.1,-0.08,4066.0,640.0,422.0,583.258,545.961,868200.0,1192263.0,1780208.8383838383,834174.0,1005426.8555555556,37.490392072757686,35.83774001418978,6.824503744034893,2.54009868845817,18.93776827842535,21.85227365285487,613.5999755859375,-18.758747475992376,0.7411161743106357,1.209225704453903,0.0942002559225622,-0.8856924168926771,5.816596052737382,2.714327824902487e-05,,,47.256251661768566,,,,61.60265772804374,,,48.91360520281225,0.0,,,46.69647296365355,,,,40.04203088763307,74.44494266632898,34.50044434304438,28.959415050384017,0.0,50.0,65.97487987900361,70.0,40.0,,45.58803502062582,50.0,,60.0,21.845,37.5,40.0,38.28125,real_yahoo,12524503.201180521,,10.711594382298202,20.176081422234834,2.2757728916007878,61.89590397828448,1.7586493789381952,,,-4.671874999999992
SUVENPHAR.NS,SUVENPHAR.NS,,,,,,,,,,,,,,,,,,,,,,,,,,,,,,,,,India,,,,,,,,,,,,,,,,,,,,,,,,,,,,,49.81743176856749,,,,50.0236992794642,,,50.0274184500031,0.0,,,50.02702075014408,,,,50.00000000000001,50.028268176690304,50.0,50.0,0.0,50.0,49.19063962756554,65.0,90.0,,50.0,60.0,,30.0,83.0,57.5,60.0,23.59375,financial_proxy,,,,,,,,,,
PERSISTENT.NS,PERSISTENT SYSTEMS LTD,817152655360.0,139346247680.0,25799790592.0,17316200448.0,42342871040.0,4299579904.0,22127949824.0,,0.15131,0.24966998,5.535,2.604,2.143,18078468096.0,17870620672.0,47.152393,35.312546,10.501134,5.8641887,5.728,30.936,0.84,0.3161,0.234,0.168,0.178,0.12427,0.30387,0.16750999,INR,Technology,Information Technology Services,India,5225.9,0.154,22205.0,6599.0,4148.95,5222.262,5626.027,774382.0,925825.0,564320.3629032258,916511.6333333332,627579.2555555556,35.48705948846684,39.10814691400445,11.86075030067004,-16.351202861691373,7.718974626654984,-4.647494272880737,5227.7001953125,-30.743544759811147,0.0030255929074031,0.0042364734481729,0.0828696510029462,0.1677112885214212,3.7815243791769935,6.07787357919478e-06,,,38.96504745902777,,,,46.54930937828639,,,26.864161536296002,1.0,,,53.49700861663594,,,,56.56029790690105,73.11847290924138,50.02315976423241,69.70830683945157,1.0,30.0,76.70889229033716,40.0,30.0,,59.287065457197265,80.0,,60.0,43.476,90.0,40.0,38.28125,real_yahoo,6275444.615176762,,12.426743264566104,18.51488003555547,5.1760287880567395,30.38680391110191,0.16665173651964502,4.156364359079486,12.973774606056187,-20.807698136081232
LTTS.NS,L&T TECHNOLOGY SER. LTD.,354828779520.0,117515001856.0,17466560512.0,12579999744.0,52516311040.0,6300000256.0,23356999680.0,,,,10.149,,,,,28.248945,22.79864,5.731363,3.019434,2.875,19.34,1.67,0.4723,0.102,-0.062,-0.061,0.10705,0.44689,0.14609,INR,Technology,Information Technology Services,India,3347.5,-0.052,21028.0,4726.0,3010.0,3451.11,4071.7844,190094.0,153658.0,147419.59274193548,283193.2,158845.72222222222,31.764085645920357,55.952143977587085,-2.7793898852520598,-24.980954383971437,-15.677990257868768,-24.923595022298382,3347.5,-34.508752401012366,-0.7731628346225484,-1.1636141274211371,-0.0786769802502381,0.3711497748602825,4.1179001993516255,2.830296404379e-05,,,42.183575283478,,,,62.760607601101995,,,38.44366026687858,1.0,,,48.8652091244029,,,,53.285804895924024,70.74977691444205,53.49712439909423,65.07650734721852,1.0,30.0,76.30421210411993,40.0,30.0,,69.70895936178273,80.0,,35.0,14.37,90.0,40.0,38.28125,real_yahoo,5588501.1344873505,,10.7050159939709,14.863260210303272,4.365105216410496,44.68902711191904,0.36068922966669537,,,-29.16842996191282
CYIENT.NS,CYIENT LIMITED,88552497152.0,72504999936.0,7294249984.0,5434999808.0,22306000896.0,4358000128.0,15928000512.0,,,,7.224,,,,,16.390762,12.184358,1.5911088,1.2213296,1.13,11.231,3.98,0.61259997,-0.04,-0.25,-0.249,0.07496,0.30765,0.0904,INR,Industrials,Conglomerates,India,802.0,0.47,11884.0,1376.0,750.3,949.72,1127.311,315393.0,422113.0,499975.8850806452,303194.9666666667,366571.02222222224,35.372017990525435,39.29823012875013,-10.52251522112979,-27.99696364034667,-28.952973712411374,-35.5719609335333,804.8499755859375,-43.144336763502686,-1.3570013462602044,-2.056906648489538,-0.1507728650577967,-2.014169861186246,23.712092021970705,3.161284666616008e-05,,,40.04058756654091,,,,73.0518229553552,,,43.96434919465464,0.0,,,39.11643690120454,,,,50.00000000000001,65.53642382190966,74.43347795898848,59.72006414836744,0.0,50.0,61.14507236018416,40.0,0.0,,90.0,60.0,,80.0,50.009996,72.5,10.0,48.90625,real_yahoo,6101060.243688993,,7.4960344980311175,10.060340652973752,5.07892843348655,30.76477610604711,0.597456919842247,,,-41.71511627906976
MPHASIS.NS,MPHASIS LIMITED,419751362560.0,153470205952.0,26785099776.0,17994539008.0,66155749376.0,24010629120.0,29759070208.0,,0.093439996,0.18705,23.617,1.302,1.068,16694787072.0,14768400384.0,23.33086,19.418903,4.126446,2.7350674,2.707,15.508,2.58,0.6046,0.124,0.032,0.034,0.11725,0.43106997,0.15211001,INR,Technology,Information Technology Services,India,2201.5,0.391,30157.0,3037.2,2013.0,2359.09,2698.789,620216.0,781207.0,693496.5947580645,631668.8,570778.9666666667,30.929778881062965,32.60688252769678,-2.0217290027155888,-20.82617007011871,-17.48255024979265,-10.380780324572711,2209.89990234375,-31.76698134438928,-0.2465851762647722,-0.3708431385063771,0.0048935416974602,0.1023650347516721,1.0176608704757109,1.1148749716299712e-05,,,42.41347012808159,,,,63.91855747416026,,,37.285710393820324,1.0,,,50.02315899746116,,,,57.21519650909645,68.38108091964273,74.34091220826517,73.18215645862634,1.0,90.0,72.66209042816486,40.0,20.0,,90.0,70.0,,60.0,52.803999999999995,90.0,90.0,48.90625,real_yahoo,5089040.884438107,,11.72510253464314,17.452963987275435,5.700664476741141,43.10657496393219,0.8964173858151545,0.6150776104278937,10.878194219157777,-27.515474779402073
COFORGE.NS,COFORGE LIMITED,405458157568.0,152722997248.0,22609000448.0,11331000320.0,63513001984.0,9715000320.0,5712000000.0,,,,10.888,,,,,36.05255,21.882929,5.870655,2.6548598,2.827,19.098,1.32,0.4662,0.262,0.155,0.161,0.07888,0.41587,0.13357,INR,Technology,Information Technology Services,India,1207.4,0.126,25620.0,1994.0,1008.1,1312.87,1648.711,3212435.0,3363990.0,2652766.627016129,3733613.533333333,2813498.177777778,36.122102076800026,40.70966975581007,4.360546604572169,-26.86114005016473,-21.466516955273505,-23.70994534841384,1213.4000244140625,-45.57531132582936,-0.5493161218321023,-0.7134252785292095,0.047917225698681,0.0809004844353229,4.564260615633209,4.554579077671905e-06,,,38.04546808061343,,,,65.07650734721851,,,36.12776052076207,0.0,,,45.39135950522813,,,,53.28580489592403,71.9341249118417,43.075230494508766,63.918557474160274,0.0,30.0,74.28081117303378,40.0,30.0,,63.91901830367971,80.0,,30.0,68.487,90.0,40.0,38.28125,real_yahoo,5961084.982357533,,7.419315050240992,14.803926622318878,5.672909342842795,41.587058353015486,0.429696144345001,,,-39.44834503510531
TATAELXSI.NS,TATA ELXSI LIMITED,262954303488.0,37033816064.0,8006689792.0,5804975104.0,12155483136.0,1691011968.0,12692608000.0,,,,6.257,,,,,45.23631,31.148527,9.7302685,7.1003838,6.837,31.625,1.77,0.80480003,0.015,-0.453,-0.453,0.15675001,0.32823002,0.20917,INR,Technology,Software - Application,India,4221.0,0.353,11973.0,6735.0,3966.2,4674.748,5331.6743,380748.0,362126.0,245124.92943548388,334503.4,372210.4444444445,32.67248903363136,36.82234823627504,-4.674892884962811,-19.066886658000197,-19.99057150183927,-22.951705675650857,4241.2998046875,-40.021114665818246,-0.6165422423927,-1.025669132901752,-0.0954428475943613,1.5129331540986868,11.799202040428804,1.176055818655018e-05,,,44.942313418721064,,,,41.91750988605335,,,29.18006128241252,1.0,,,59.286757981927224,,,,56.56029790690105,61.27499293524477,59.28706545719727,74.3401063316846,0.0,70.0,69.42464893842703,40.0,40.0,,30.0,80.0,,60.0,14.926,57.5,60.0,48.90625,real_yahoo,3093110.8380522844,,15.674795959368948,21.61994264421262,1.3756243980036114,32.8226589314844,0.211199885586875,,,-37.327394209354125
ROUTE.NS,ROUTE MOBILE LIMITED,29079685120.0,44523098112.0,4912524800.0,1862800000.0,6940800000.0,209100000.0,10637200384.0,,,,0.814,,,,,15.610416,8.152236,1.1495341,0.653137,0.424,3.847,2.61,0.3721,-0.065,0.184,0.185,0.041840002,0.15589,0.11179,INR,Communication Services,Telecom Services,India,461.6,0.11,520.0,1158.0,410.7,511.681,720.453,427327.0,289994.0,280495.70362903224,555375.7,649650.5111111111,34.91059981896376,51.349203061499,-6.151640371320289,-34.220856080743054,-41.14069896863873,-51.02083371309083,459.2000122070313,-61.15601518986071,-2.022915259650495,-3.657280256240045,-0.2258407616634104,1.688885432563963,8.557047198432697,0.0001271214414862,,,37.198744575220964,,,,73.15327631375672,,,25.969705644055523,0.0,,,47.89515669874939,,,,37.0419736162796,73.15327631375672,61.050427331565714,61.050427331565714,0.0,20.0,61.49196316524311,65.0,30.0,,73.15327631375672,50.0,,35.0,7.2119996,30.0,10.0,38.28125,real_yahoo,85621342.52307692,,4.183895728266791,11.033654458731302,5.271373670338962,15.589211654903446,0.042564670614996185,,,-60.13816925734024
BSOFT.NS,BIRLASOFT LIMITED,103074537472.0,52865568768.0,7557682688.0,4645300224.0,20422750208.0,1513539968.0,20278050816.0,,,,4.089,,,,,22.15015,16.632946,2.7810454,1.949748,1.61,11.262,1.75,0.39060003,0.013,0.027,0.025,0.087869994,0.38631,0.18621,INR,Technology,Information Technology Services,India,368.8,0.447,10882.0,474.0,325.0,387.141,392.8895,1668512.0,1388367.0,2198810.9375,1585928.0333333334,1693405.0,35.775461009531455,44.37609852564744,-3.575142948983512,-14.412643306902606,7.274135529143311,-4.36846463781444,370.8500061035156,-28.560690055216163,0.0066663255010871,0.0107963487848562,-0.1164007046908355,0.2557294052600447,1.3308949717724556,2.4465105156000204e-05,,,45.63199795253183,,,,69.70830683945154,,,34.96981064770381,0.0,,,55.81290836275245,,,,53.94070349811943,66.01238492484342,58.12907724557666,61.60265772804375,0.0,30.0,63.75912633138581,40.0,30.0,,73.18292399664456,80.0,,60.0,30.297002,55.0,40.0,38.28125,real_yahoo,4858074.689211542,,8.7870051004007,14.296039679752266,1.9636962630564982,38.63147731867792,0.20026508527583212,,,-22.19409282700422
HAPPSTMNDS.NS,HAPPIEST MINDS TECHNO LTD,58883088384.0,22556000256.0,3598974976.0,1854599936.0,7320500224.0,4623399936.0,16506800128.0,,0.05313,0.116969995,28.275,1.732,1.649,,,31.839968,19.197548,3.6044364,2.6105287,2.094,13.125,1.59,0.50810003,0.107,-0.198,-0.196,0.08222,0.32455003,0.14472,INR,Technology,Information Technology Services,India,391.95,-0.086,6548.0,674.85,330.2,384.138,496.74774,3127597.0,5611657.0,896523.5443548387,5696555.266666667,2146113.422222222,32.726906768197864,76.14193018032384,13.022850940956454,-14.606863790515243,-25.532663516427768,-36.23261297445867,393.1499938964844,-48.95627414771351,-1.0956189410547492,-2.04188328007806,-0.1208023851278712,2.122310301179529,16.04772264400663,5.209558830742569e-05,,,35.0568351007668,,,,66.23445722027677,,,28.02211140935426,0.0,,,47.707259251344645,,,,46.736818873969995,62.45934093264443,48.2861774468015,72.02420658556807,0.0,30.0,64.16380651760304,40.0,30.0,,66.23499472692092,80.0,,60.0,11.179,40.0,40.0,38.28125,real_yahoo,3444715.9828955405,,8.2222021411206,15.955732111869683,0.8378446396101132,32.45477984091046,1.2846435351263747,,,-41.92042676150256
MASTEK.NS,MASTEK LTD,46589001728.0,36661698560.0,5353399808.0,3789199872.0,16754400256.0,5440999936.0,7061400064.0,,,,20.327,,,,,12.363248,10.972805,1.739519,1.2707813,1.231,8.429,1.59,0.1891,0.042,0.144,0.144,0.103360005,0.45700002,0.14104,INR,Technology,Information Technology Services,India,1503.0,0.062,4332.0,2818.0,1334.2,1683.554,2146.476,115727.0,123272.0,157250.80241935485,100695.93333333332,100970.28888888888,38.248379546312606,54.02634687022454,-3.239671440731917,-26.165494900869245,-31.075479638138283,-32.12334922762531,1508.300048828125,-49.20326387438125,-0.9104176878908062,-1.5716484312539756,-0.0763215128509215,0.4799490812044786,1.9144806562445305,8.252656936076165e-05,,,41.03410106046007,,,,70.8662567125098,,,39.60161013993684,0.0,,,46.54930937828639,,,,42.15252865860217,74.30282090664103,48.2861774468015,48.86520912440292,0.0,30.0,63.35444614516858,40.0,30.0,,68.55097115016213,80.0,,60.0,23.809999,30.0,40.0,38.28125,real_yahoo,8462995.974145891,,10.335581876542491,14.602159796930042,1.3618020601558998,45.70001094897443,1.016363457081814,,,-46.664300922640166
KPITTECH.NS,KPIT TECHNOLOGIES LIMITED,189731307520.0,62722748416.0,11198757888.0,7190150144.0,22142920704.0,5291520000.0,11351940096.0,,,,16.215,,,,,26.494099,21.907108,5.797971,3.0249202,2.926,16.386,1.18,0.32369998,0.094,-0.287,-0.287,0.114630006,0.35303003,0.15604,INR,Technology,Software - Infrastructure,India,696.0,-0.196,12873.0,1434.5,624.9,809.84,1108.3585,1726737.0,1734216.0,1176339.901209677,2123926.6666666665,1301869.788888889,37.35454892145072,46.14435598837395,-7.616839536895092,-40.43603102317932,-42.27248000713581,-48.64677678582272,696.7999877929688,-55.232680159178926,-1.6217824974376387,-2.2777980525888384,-0.1262081919222466,-0.1021716904288106,3.607594678028761,1.270728143043272e-05,,,40.5743113712529,,,,61.60265772804374,,,32.653910901587295,0.0,,,51.181108870519424,,,,52.63090629372863,67.19673292224307,40.75925407126755,58.128808108868974,0.0,30.0,71.44804986951317,40.0,30.0,,61.60304188043848,80.0,,60.0,27.51,70.0,40.0,38.28125,real_yahoo,4872426.66169502,,11.46338501672841,17.85438006275774,2.329842079514087,35.30285464715309,0.47250954551576785,,,-51.48135238759149
NEWGEN.NS,NEWGEN SOFTWARE TECH LTD,62186119168.0,15516171264.0,3736272896.0,3026172928.0,7980610048.0,518316000.0,9821806592.0,,,,3.254,,,,,20.943575,15.885073,6.533154,4.0078263,3.397,14.109,1.14,0.23709999,0.05,-0.291,-0.294,0.19503,0.51434,0.24278,INR,Technology,Software - Infrastructure,India,441.7,0.602,4040.0,1377.15,401.05,499.384,798.23474,4478491.0,1178076.0,1157305.0745967743,7865613.0,3024042.5222222223,55.28291437372437,86.0197348338456,-9.727343763196606,-47.89373815823323,-49.78619077782083,-54.328898522744765,440.3500061035156,-69.70732586136928,-1.2229319084277928,-2.152216447282792,-0.0572849366248884,0.4807169863011768,4.946405026339191,6.752360785669217e-05,,,53.448422669053805,,,,56.97085823581071,,,41.91750988605335,0.0,,,60.44470785498549,,,,49.35641328275161,63.643688930044085,39.601265859646944,55.81290836275247,0.0,30.0,58.90296409677905,40.0,30.0,,67.39298293854152,80.0,,35.0,10.6400006,35.0,40.0,38.28125,real_yahoo,3840636.4514851486,,19.503348322928126,24.079863726876688,0.5763495643407247,51.434145139376575,0.13872541284521847,,,-67.92651490396835
DABUR.NS,DABUR INDIA LTD,744240381952.0,129846902784.0,23975174144.0,18465599488.0,61444800512.0,13014299648.0,43557101568.0,,,,11.464,,,,,40.384983,34.77938,6.795362,5.731676,5.489,29.73,1.92,0.77,0.061,0.071,0.072,0.14220999,0.47320998,0.17336,INR,Consumer Defensive,Household & Personal Products,India,419.6,0.383,5341.0,577.0,403.35,482.302,505.23575,1816997.0,2055612.0,2659687.2358870967,1819901.2333333332,1748960.1222222222,22.411549171227872,30.099328191553944,-17.799449372955767,-17.146545881051132,-14.892444119650882,-16.741762259483405,417.25,-25.34526968924784,-0.7227841162537552,-1.0106669902315288,-0.0339675957561494,-0.1470586299467502,2.775467160455371,9.098796901105903e-06,,,58.41562642994842,,,,35.4146016105925,,,50.041791972462484,1.0,,,62.57938371120818,,,,60.5337621450048,64.66898233433247,52.13139059558677,58.40018646495962,1.0,40.0,59.898780050533524,65.0,0.0,,90.0,90.0,,35.0,22.801,90.0,30.0,48.90625,real_yahoo,24311346.71110279,,14.221055021017698,18.46418638408545,6.3638858945160175,47.32095967988799,0.5428239882569088,,,-27.2790294627383
MARICO.NS,MARICO LIMITED,984647204864.0,130079997952.0,22017499136.0,17139999744.0,57849999360.0,5750000128.0,16890000384.0,,,,13.671,,,,,57.369812,46.847595,24.318575,7.569551,7.51,44.367,1.38,0.7943,0.266,0.121,0.12,0.13177,0.44472998,0.15324001,INR,Consumer Defensive,Household & Personal Products,India,760.15,0.149,1908.0,813.5,647.55,760.21,735.35,1842399.0,2253713.0,2251891.22983871,1800400.2333333334,1773166.5222222223,23.29213729347506,24.67097557878665,-2.2845470410542634,1.4321876298501346,8.966646956396861,20.192760004679,761.3499755859375,-10.495463732379571,1.1920955499725057,2.1023081562227337,0.0991366696331797,0.6441872106040302,4.88533271029217,9.149322357220203e-06,,,54.55846431622206,,,,29.14580574121965,,,47.9521933493382,1.0,,,58.40018646495962,,,,46.990353672855775,74.07217613839174,45.86259472621392,60.489785088083906,1.0,40.0,73.50960262001712,65.0,40.0,,90.0,50.0,,35.0,24.655001000000002,90.0,60.0,48.90625,real_yahoo,68176099.55555555,,13.17650677571868,16.92612198850475,6.375310048807806,44.47263243450147,0.2611559147786402,,,-6.558082360172102
GODREJCP.NS,GODREJ CONSUMER PRODUCTS,1017872580608.0,151840194560.0,29827399680.0,18216900608.0,78349598720.0,41134899200.0,26787799040.0,,,,33.818,,,,,55.853455,39.35175,8.366415,6.703578,6.793,34.58,2.01,1.123,0.088,0.0,-0.001,0.119969994,0.516,0.19859,INR,Consumer Defensive,Household & Personal Products,India,994.75,0.355,2962.0,1309.0,967.05,1128.253,1178.1472,1342657.0,1860872.0,1333873.5040322582,1436681.2,1226431.0555555555,25.71303208647602,30.894303500809595,-15.408164303318983,-18.251993945187696,-14.784104050080929,-10.499699849957922,994.7999877929688,-23.23433815144628,-0.3673407328947254,-0.5690836137405479,-0.0190720949851914,0.2063972359525659,2.9375009330434243,9.428850302333698e-06,,,66.48060175864897,,,,33.32500298746822,,,60.489785088083906,1.0,,,66.75858095745676,,,,57.524115817860576,73.0273768268296,54.220989218711054,70.93777820370532,1.0,80.0,69.79756010106705,65.0,40.0,,30.0,40.0,,35.0,19.719,90.0,70.0,48.90625,real_yahoo,51262726.04996624,,11.997416534395674,19.643941952546452,7.44179223118151,51.60003841343867,1.3790977303188101,,,-24.00687547746372
EMAMILTD.NS,EMAMI LIMITED,173961707520.0,38174584832.0,9782174720.0,7942681088.0,26044295168.0,719600000.0,8040200192.0,,,,2.457,,,,,21.895603,19.263325,5.93262,4.5570035,4.362,17.021,3.01,0.5495,0.098,0.146,0.145,0.20806,0.68224,0.29422,INR,Consumer Defensive,Household & Personal Products,India,398.5,0.123,3217.0,653.35,385.5,456.454,529.0325,610583.0,736803.0,766492.3286290322,569397.9,591720.2333333333,34.41934567537335,26.030099847884717,-13.167652672047748,-23.74734738332605,-26.65532623685426,-26.593522813977557,398.2999877929688,-37.61520102364317,-1.1582512289462557,-2.018079822217159,0.0093528556476757,1.2113990680218414,8.609248245937707,5.3634747130340256e-05,,,77.35078589733234,,,,41.68339747996535,,,70.93777820370532,1.0,,,74.07217613839174,,,,68.05787796286538,60.4897850880839,60.489785088083906,45.86259472621392,0.0,55.0,67.32286508843367,65.0,60.0,,68.84817958058105,50.0,,35.0,30.871,77.5,70.0,38.28125,real_yahoo,11866516.889027044,,20.806201620670976,25.624835903388927,1.8709626239256385,68.2241739697147,0.07356237448189844,,,-39.006657993418536
COLPAL.NS,COLGATE PALMOLIVE LTD.,499175227392.0,59022000128.0,18533599232.0,13269900288.0,40605900800.0,599900032.0,13474700288.0,,,,3.791,,,,,37.570114,34.21433,31.550085,8.457443,8.211,26.148,2.79,1.0451,0.017,0.003,0.003,0.22483,0.68797994,0.27304,INR,Consumer Defensive,Household & Personal Products,India,1835.3,0.469,2198.0,2747.4,1782.0,2078.782,2196.0564,415061.0,465246.0,490603.8004032258,451344.5333333333,393220.97777777776,24.13065513868174,35.097918567294705,-17.400330458994095,-11.861056846529204,-16.63868537623452,-21.87679217069852,1829.5,-33.10095019923119,-0.9052494043892616,-1.1779197054991386,-0.0644662818133667,-0.2903608010851384,2.0662979375054404,1.0244893814186715e-05,,,77.00013479608448,,,,27.056207118095365,,,73.02737682682961,0.0,,,73.0273768268296,,,,59.02893898143269,68.84817958058103,58.40018646495962,68.84817958058105,0.0,50.0,54.949390025266766,65.0,90.0,,60.0,50.0,,35.0,21.504,90.0,80.0,48.90625,real_yahoo,26852593.324840765,,22.4829728901457,31.401171074864457,2.892708767228179,68.79790707183538,0.032368242373786535,,,-33.198660551794426
TATACONSUM.NS,TATA CONSUMER PRODUCT LTD,1034136256512.0,194650292224.0,26454724608.0,14680699904.0,79509700608.0,25761099776.0,22917500928.0,,,,11.869,,,,,70.60135,50.884377,5.0865774,5.312791,5.392,39.677,0.79,0.5563,0.15,0.376,0.379,0.07542,0.40847,0.10982,INR,Consumer Defensive,Packaged Foods,India,1044.9,0.357,10595.0,1220.9,1007.2,1111.746,1125.9525,1316659.0,1825717.0,1532401.3306451612,1298335.3,1230224.7444444443,23.11732078821737,24.415216279008987,-7.394237005185056,-12.583892617449663,-7.221082481426155,9.385993700100869,1042.0,-16.312056059327418,0.464610050701206,0.7774594136778723,-0.0031291170685527,0.1359692732856682,3.1095514157477555,7.487154339800454e-06,,,45.09088458253009,,,,39.59379885684107,,,45.86259472621391,0.0,,,45.86259472621392,,,,53.00964632714424,62.57938371120818,41.68339747996535,47.9521933493382,0.0,70.0,69.79756010106706,65.0,30.0,,30.0,70.0,,60.0,33.398998,90.0,60.0,48.90625,real_yahoo,18371901.106559698,,7.542089835193116,13.590898994159426,9.53994452303851,40.84746018079525,0.9737806821927663,,,-14.415595052829877
ZYDUSWELL.NS,ZYDUS WELLNESS LIMITED,140736118784.0,33894000640.0,3550749952.0,2071000064.0,19305000960.0,30420000768.0,1480999936.0,,,,53.314,,,,,67.672806,36.6253,2.4558637,4.1522427,5.026,47.979,0.27,0.1842,1.089,,,0.061100002,0.56957,0.00497,INR,Consumer Defensive,Packaged Foods,India,440.55,-0.256,1247.0,530.9,326.82,410.803,433.3332,1497850.0,524372.0,450931.73387096776,2765348.7666666666,1140182.588888889,32.203660798962744,40.38909979164884,16.915153323947596,-2.54069911031124,-8.931143310797795,37.31779421146744,443.0499877929688,-28.756725090098623,1.0171249763451953,1.81652172006938,0.1001954121776486,0.8052459198129963,2.7095973743807185,0.0002238188504726,,,39.48046696256448,,,,45.86259472621392,,,62.57938371120819,0.0,,,24.966608494971087,,,,18.398713564985588,70.93777820370532,37.50420023371679,35.4146016105925,0.0,55.0,66.08551758211698,65.0,60.0,,39.59379885684107,50.0,,35.0,19.808,40.0,70.0,38.28125,real_yahoo,27180433.552526064,,6.110226072150095,10.476042618024804,1.6611682524336004,56.95698529378442,8.567204443913488,,,-17.01827086080241
JYOTHYLAB.NS,JYOTHY LABS LIMITED,76417335296.0,29172000768.0,4680674816.0,3419300096.0,13984799744.0,537400000.0,5808300032.0,,,,3.737,,,,,22.376345,19.92255,5.314096,2.6195438,2.437,15.189,1.68,0.3759,0.05,-0.071,-0.072,0.11721,0.47939,0.12869,INR,Consumer Defensive,Household & Personal Products,India,208.1,0.307,3035.0,399.9,196.15,234.8286,293.3559,579016.0,812844.0,721394.4395161291,616485.5,504191.5777777778,32.45306784467785,40.68058032327072,-15.358014455374525,-26.39306295971388,-32.22023300933036,-35.331682804381494,208.0500030517578,-49.4245570424919,-1.593077072392008,-2.6015391311196128,-0.1310261714873681,1.351728040536257,6.850262013846246,8.645265752571567e-05,,,51.051953303743545,,,,54.220989218711054,,,52.13139059558677,0.0,,,50.041791972462484,,,,48.49517683642789,56.310587841835336,47.9521933493382,41.68339747996535,0.0,55.0,57.42408503790014,65.0,60.0,,54.220989218711054,50.0,,35.0,17.488999999999997,47.5,70.0,38.28125,real_yahoo,9611861.867545305,,11.721171006380798,16.04509355811628,1.4297397952657327,47.9391175641971,0.11481250484716433,,,-47.961990497624406
BIKAJI.NS,BIKAJI FOODS INTERN LTD,156773548032.0,28890433536.0,3766514176.0,2466759936.0,9900390400.0,3097295104.0,3172989952.0,,,,19.446,,,,,63.51626,46.603153,10.462177,5.4264865,5.471,41.967,0.16,0.1016,0.105,1.175,1.177,0.08538,0.34269002,0.094069995,INR,Consumer Defensive,Packaged Foods,India,625.0,0.229,2589.0,818.7,592.55,635.199,712.957,166548.0,161929.0,377809.6995967742,140406.6,167358.51111111112,34.121826143720746,24.62620907197629,-0.6575337484800436,-16.377699358788966,-13.612563992099568,-4.786555517235335,627.0,-24.69582197643473,-0.1274478597367586,-0.252177936472476,0.0587532313295337,1.1110877919765407,7.598121210859809,8.137636789443603e-05,,,39.12981586131662,,,,37.50420023371679,,,39.59379885684107,0.0,,,41.68339747996535,,,,37.96141469142308,58.40018646495962,31.235404364343935,29.14580574121965,0.0,55.0,63.610822569483595,65.0,60.0,,37.50420023371679,50.0,,35.0,18.047,45.0,70.0,38.28125,real_yahoo,11158916.004634995,,8.538327861803118,13.037236603966482,1.4159399918228777,34.26874985334938,0.8223240267448817,,,-23.65946011970197
HONASA.NS,HONASA CONSUMER LIMITED,98670305280.0,22684180480.0,1553332480.0,1557309952.0,15767189504.0,1421340032.0,5033339904.0,,,,11.184,,,,,63.55346,44.832207,7.7330236,4.349741,4.209,61.47,,0.0,0.162,0.949,0.929,0.06865,0.69507,0.09053001,INR,Consumer Defensive,Household & Personal Products,India,303.15,0.335,923.0,334.2,212.51,288.937,286.37726,977124.0,631752.0,1264771.0202020202,696333.8333333334,1158392.2,45.18541115121474,39.13691637030106,3.842869342442357,4.34185468731032,6.91049533135264,27.538177219990235,304.0,-22.156419804717164,0.8768945249088167,1.800786802902562,-0.0206673278983982,0.4657152577219811,11.48985681366889,0.0001108831366433,,,55.6104176199656,,,,43.77299610308963,,,74.07217613839175,0.0,,,39.59379885684107,,,,27.427652546418276,66.75858095745676,27.056207118095365,24.966608494971084,0.0,55.0,57.42408503790014,65.0,60.0,,35.4146016105925,50.0,,60.0,48.277,52.5,70.0,38.28125,real_yahoo,24576576.901408453,,6.865180575392777,6.847646452864053,1.1117672666052676,69.50742398607473,0.9150262743491979,,,-9.290843806104132
SRF.NS,SRF LTD,717051658240.0,154846806016.0,34413400064.0,17792200704.0,73698697216.0,46049701888.0,6346699776.0,,,,34.719,,,,,40.370495,30.19667,5.4042583,4.6307163,4.88,21.959,0.41,0.1266,0.063,0.596,0.596,0.1149,0.47595,0.1625,INR,Industrials,Conglomerates,India,2419.0,0.026,7625.0,3325.0,2381.0,2653.094,2905.6604,513750.0,783025.0,575223.4032258064,612564.6666666666,496857.26666666666,29.61315924337179,45.798161360351926,-4.765467179493498,-21.282600141441375,-13.489637476908944,-16.24687047518507,2416.10009765625,-27.002773207598292,-0.5261237853138794,-0.7914259569894349,0.0018754946417512,0.832582121372225,6.807050121508745,1.0641153275876444e-05,,,64.25562956161794,,,,37.90445882784201,,,68.20391066190513,0.0,,,58.50808607500492,,,,57.802876679904934,71.7410659233113,35.48050268111696,30.632590387666866,0.0,20.0,76.81783036669316,40.0,90.0,,60.0,20.0,,35.0,28.191,90.0,50.0,48.90625,real_yahoo,20307777.838163935,,11.490195478853835,22.224158798886776,10.846918786338065,47.594586618974155,1.3381328727286317,,,-27.24812030075188
UPL.NS,UPL LIMITED,499689750528.0,490770006016.0,72712503296.0,16209999872.0,244110000128.0,300219990016.0,47600001024.0,,,,79.613,,,,,28.244148,13.757462,1.518483,1.018175,1.653,11.16,1.01,0.2865,0.125,-0.517,-0.522,0.0358,0.49740002,0.1309,INR,Basic Materials,Agricultural Inputs,India,591.15,0.524,12000.0,812.2,565.15,665.123,705.3187,3286519.0,2943177.0,2799291.7802419355,3540533.7,3071920.0444444446,30.8939804199904,55.10720695185716,-4.792482420482802,-25.42287847667799,-9.354939019423869,-8.273042502297967,593.0,-29.477863112392143,-0.1131327426893408,-0.1246108916356747,0.0660370567287648,-0.7894126254075792,7.763389043588688,9.352688173604203e-06,,,64.7598124656168,,,,60.74184174818911,,,67.87138273150045,0.0,,,60.7418417481891,,,,72.67468163062846,69.9739478744831,46.4827597815664,46.4827597815664,0.0,80.0,62.94047996215285,65.0,50.0,,90.0,0.0,,60.0,35.658001999999996,62.5,70.0,48.90625,real_yahoo,40897500.50133333,,3.302972812782598,14.816003913170977,43.39368691325517,49.7402035853107,4.1288633509680785,,,-27.21620290568826
AARTIIND.NS,AARTI INDUSTRIES LTD,148489469952.0,80293199872.0,10759749632.0,3778700032.0,26415499264.0,39729999872.0,1690000000.0,,,,69.555,,,,,39.24184,25.635834,2.6075976,1.8493406,2.318,17.301,0.24,0.096099995,0.26,1.882,1.891,0.047059998,0.32898998,0.08844,INR,Basic Materials,Specialty Chemicals,India,408.9,0.505,5868.0,495.0,338.05,424.846,398.3675,1119382.0,891958.0,1525041.526209677,836501.8,1005645.7777777778,37.10076204801611,46.31605505454703,-5.6011085151336015,9.307306466600629,9.615128206156577,5.222639959388942,408.7000122070313,-29.962729333287065,0.2591195800871582,0.445382742815377,-0.0758212448057787,-0.0579333906701959,7.388506679467147,3.344673531029736e-05,,,44.35118288352937,,,,41.72973245935884,,,48.85927344267019,0.0,,,41.729732459358836,,,,47.938665306306504,55.030844726490756,29.847164153839916,29.847164153839916,0.0,65.0,60.35238396972228,65.0,65.0,,29.847164153839916,70.0,,60.0,22.237000000000002,72.5,60.0,38.28125,real_yahoo,13683231.062031357,,4.706127091738582,13.40057395788527,7.099492499130839,32.8988000305262,3.6924650880203678,,,-17.393939393939394
PIDILITIND.NS,PIDILITE INDUSTRIES LTD,1293580894208.0,141585907712.0,32238725120.0,22919899136.0,77433298944.0,4427700224.0,31852900352.0,,,,4.539,,,,,56.690456,47.481163,13.543177,9.136368,8.979,39.434,0.79,0.4449,0.101,0.118,0.119,0.16188,0.5469,0.21386999,INR,Basic Materials,Specialty Chemicals,India,1271.0,0.355,8153.0,1574.95,1268.7,1419.424,1476.3094,722516.0,921305.0,681620.1693548387,760736.7,634746.8,19.88549179190381,32.9115523845931,-13.094508660120264,-14.08527019625866,-13.171534415787711,-9.865722934657528,1273.5999755859375,-18.54173485219459,-0.4084361263078437,-0.5753578008798463,-0.0227889628628253,-0.1127116433441338,1.6940931173771143,1.125707982138486e-05,,,71.6841689309679,,,,27.470650492736137,,,70.24789639260423,0.0,,,70.24789639260423,,,,76.79735101801545,57.52136191782281,41.729732459358836,48.85927344267019,0.0,40.0,69.41071994322928,65.0,10.0,,90.0,40.0,,35.0,15.939,65.0,20.0,48.90625,real_yahoo,17366111.58003189,,16.187980503413787,22.769727327367082,12.518969120503396,54.68997599782821,0.1373410458235887,,,-19.29902536588464
DEEPAKNTR.NS,DEEPAK NITRITE LTD,187540422656.0,79464300544.0,9267349504.0,5331400192.0,17502099456.0,12439000064.0,3388800000.0,,,,22.412,,,,,35.13928,26.30112,3.3979142,2.3600588,2.482,21.281,0.54,0.1919,0.038,0.018,0.017,0.067090005,0.22025,0.077649996,INR,Basic Materials,Chemicals,India,1375.0,0.166,1757.0,2174.0,1280.0,1522.83,1699.5785,156638.0,294479.0,280051.8467741936,154245.2,162767.55555555556,31.28411111702174,37.665971718072655,-10.88039786440522,-20.442340473616195,-24.863657858000188,-31.40271829841621,1377.699951171875,-39.00753956378982,-1.2757171545906747,-2.0505647532561166,-0.0738112931679666,-0.719635844594206,7.145246009659223,3.713933529881147e-05,,,36.33350697628073,,,,36.97670513715127,,,34.600191476047485,0.0,,,39.35321879825505,,,,29.386653063065037,72.46446506581515,36.976705137151264,39.35321879825505,0.0,65.0,70.70476793944457,65.0,65.0,,34.600191476047485,70.0,,60.0,24.759,65.0,60.0,38.28125,real_yahoo,45227262.688673876,,6.709176517633805,11.662280345459779,7.026201553309128,22.025109811806562,1.3422392301737454,,,-36.75252989880404
NAVINFLUOR.NS,NAVIN FLUORINE INT. LTD,301396951040.0,30771300352.0,9346599936.0,5458899968.0,17421899776.0,11767199744.0,8641000448.0,,,,32.677,,,,,54.46619,39.674225,8.325394,9.794742,9.912,32.633,0.22,0.1249,0.472,1.145,1.218,0.1774,0.56617,0.30415002,INR,Basic Materials,Chemicals,India,5872.0,0.228,,6965.0,3670.6,6251.92,5536.468,215599.0,163610.0,215191.53535353532,175921.13333333333,193682.86666666667,33.71787282700567,42.893893131109145,-6.029669803796455,-4.000651837366576,28.953538744469665,40.3982616115028,5891.0,-12.282257196305412,1.1804639432941275,2.0807230936336847,0.1501843149660699,0.832380822308763,5.116622850798243,2.495004799740521e-05,,,75.69300688459222,,,,25.094136831632355,,,72.62441005370802,0.0,,,73.95525770392614,,,,50.00000000000001,50.04981034382664,27.470650492736137,34.600191476047485,0.0,65.0,69.41071994322928,65.0,65.0,,32.2236778149437,70.0,,80.0,39.653,85.0,60.0,36.09375,real_yahoo,,,17.74023166247245,30.374406765661792,2.7207860240442123,56.61736610642667,1.258981856993435,,,-15.69274946159368
CLEAN.NS,CLEAN SCIENCE & TECH LTD,75112136704.0,9709769728.0,3754292480.0,2454749952.0,6015059968.0,21350000.0,3833390080.0,,,,0.142,,,,,30.610918,25.92359,5.001982,7.735728,7.377,19.08,0.84,0.2599,-0.088,-0.301,-0.301,0.25281,0.61949,0.2409,INR,Basic Materials,Specialty Chemicals,India,706.5,0.027,458.0,1600.0,652.0,749.014,994.976,285238.0,263740.0,274854.43548387097,263836.1666666667,277308.26666666666,32.098394281141225,42.355355557722405,-4.304481267366955,-18.71937542133023,-35.56027659087428,-40.48864485243402,710.2999877929688,-57.3796048892238,-1.4994254853124536,-2.356980735834597,-0.1042060740791362,0.4085580945546545,2.4265287945083984,8.71395444590966e-05,,,75.32856707062638,,,,29.84716415383992,,,73.95525770392614,0.0,,,72.62441005370802,,,,50.00000000000001,62.50239630048693,44.10624612046262,41.729732459358836,0.0,65.0,68.11667194701398,65.0,65.0,,73.95525770392614,70.0,,35.0,20.903,52.5,60.0,38.28125,real_yahoo,21200370.58515284,,25.281237565513564,38.6651031401267,0.8585339413812879,61.94853365733701,0.005686823845967377,,,-55.84374999999999
ATUL.NS,ATUL LTD,185424183296.0,60551098368.0,10243649536.0,5942499840.0,21056000000.0,1880300032.0,12411299840.0,,,,3.14,,,,,31.16279,24.720394,3.133458,3.0622761,2.899,17.135,0.4,0.123900004,0.111,0.478,0.478,0.09814,0.34774,0.10629,INR,Basic Materials,Specialty Chemicals,India,6298.0,0.183,3365.0,7788.0,4752.0,6339.76,6301.56,26777.0,43157.0,59274.1370967742,30832.4,26490.67777777778,29.01461953360852,28.8738422863759,-3.598223855458582,2.5240188894316784,4.437256365596753,9.426758662642245,6296.0,-26.150829736382008,0.4296284142046261,0.7312808994465981,0.0309849971855447,0.535573056639731,2.706149564560618,5.882810591169103e-05,,,53.8266180466414,,,,34.600191476047485,,,53.61230076487775,0.0,,,53.61230076487775,,,,47.938665306306504,60.011879109154876,34.600191476047485,32.2236778149437,0.0,65.0,68.116671947014,65.0,65.0,,39.35321879825505,70.0,,60.0,28.605999999999998,45.0,60.0,38.28125,real_yahoo,17994382.873105496,,9.81402484870611,16.917363701223223,5.353903809576019,34.77393567996391,0.18355763006064638,,,-19.131997945557266
FINEORG.NS,FINE ORGANIC IND. LTD.,133827723264.0,23472637952.0,4646266880.0,3967021056.0,9173447680.0,163694000.0,11631548416.0,,,,0.661,,,,,33.682384,31.429794,5.402819,5.701435,5.212,26.33,0.25,0.085,0.081,-0.106,-0.106,0.16900998,0.39081,0.14527,INR,Basic Materials,Specialty Chemicals,India,4364.9,0.11,869.0,5494.0,3600.15,4340.056,4574.973,19125.0,26883.0,26162.375,25344.233333333334,16553.222222222223,32.03186022709993,47.689291517668245,-2.325850333146573,6.003099889465902,-3.252775949279374,8.962499366694754,4363.2998046875,-28.621745217420703,0.3337723622346122,0.5661808999361299,0.0255874832790262,0.6812445744084191,2.6231607117314506,0.0001729545385404,,,61.84429395389004,,,,32.223677814943706,,,58.36532808708532,0.0,,,63.11835540929288,,,,43.81599591891951,64.99291349181898,32.2236778149437,27.470650492736137,0.0,65.0,68.116671947014,65.0,65.0,,67.87138273150045,70.0,,35.0,13.350999999999999,45.0,60.0,38.28125,real_yahoo,27011090.853855006,,16.900618772002947,19.794395881286587,2.0754412246702625,39.08145176847654,0.03523129519413228,,,-20.55151073898799
SUDARSCHEM.NS,SUDARSHAN CHEMICAL INDS L,60452577280.0,83486769152.0,4703392256.0,-604470016.0,41070030848.0,25280000000.0,12814999552.0,,,,64.493,,,,,,24.056307,1.7039361,0.72409767,0.913,16.211,0.59,0.6618,2.156,,,-0.0072399997,0.49193,-0.022349998,INR,Basic Materials,Specialty Chemicals,India,769.0,0.324,1350.0,1603.0,726.4,859.613,1118.1718,89315.0,174177.0,253402.1693548387,114189.26666666666,88157.98888888888,42.99301745507253,47.74935506113626,-11.263752095585334,-19.573704506767097,-43.74907658988699,-21.95452346698098,762.2000122070312,-50.9384465395655,-0.4855941503510178,-0.8791963246826938,0.0637087756149952,1.3476593742809715,6.803950308793546,0.000135828600286,,,44.715622697495206,,,,65.49486907039667,,,65.49486907039667,0.0,,,29.847164153839916,,,,17.018644900904064,73.90896503678775,39.35321879825505,63.11835540929288,0.0,65.0,60.35238396972228,65.0,65.0,,36.976705137151264,70.0,,60.0,27.549,35.0,60.0,38.28125,real_yahoo,61842051.223703705,,-0.7240309118915274,5.633697774837566,7.381866612816164,49.193460550887934,5.374844075093022,,,-52.02744853399876
ANANTRAJ.NS,ANANT RAJ LIMITED,162033385472.0,24054441984.0,6268270080.0,5271686144.0,7161226240.0,5634699776.0,3772300032.0,,,,12.727,,,,,29.644268,19.620668,3.5109074,6.7361107,6.848,26.279,0.16,0.0481,0.2,0.282,0.308,0.21916,0.29771,0.24361,INR,Real Estate,Real Estate - Development,India,450.0,0.278,,743.65,376.15,501.132,563.034,3509235.0,2923405.0,2651151.243951613,2327412.3,2958317.9111111118,53.636346493962286,55.50289180773341,-11.26497847494714,-17.45843046302299,-35.38582790172987,-9.22353233219444,451.75,-44.84773984883924,-0.0756684834576032,-0.1344724244184487,0.1214858341189884,-0.4630976127997406,5.358339720800121,2.192873776979213e-05,,,33.4173121421037,,,,51.703885502741194,,,25.490262383645895,0.0,,,41.873776833080456,,,,46.265528017010226,50.06995256233908,33.669839136950664,28.766965273532808,0.0,80.0,63.83337002490164,65.0,75.0,,32.04366816341972,70.0,,35.0,10.644,27.5,65.0,36.09375,real_yahoo,,,21.915645133262718,26.058680073183112,8.266398748689747,29.770909858409293,0.8989242173815204,,,-39.48766220668325
GALAXYSURF.NS,GALAXY SURFACTANTS LTD,59368980480.0,50785099776.0,4665475072.0,2808199936.0,12939799552.0,2676400128.0,6517199872.0,,,,10.558,,,,,21.164053,17.947481,2.3425183,1.1690236,1.08,11.758,1.33,0.2778,0.276,-0.088,-0.087,0.0553,0.2548,0.06669,INR,Basic Materials,Specialty Chemicals,India,1674.5,0.358,1785.0,2750.1,1510.0,1817.546,2146.4275,16274.0,25281.0,20826.634343434343,19720.866666666665,15248.6,31.09992744418737,45.43527825781294,-14.529865722022562,-18.786179546496385,-24.211346787428766,-23.161652251775045,1655.300048828125,-43.74857474148588,-0.7868918741403423,-1.2579406782610512,-0.0543056674929685,0.9734125417359472,4.803603019526537,0.0004237853716792,,,34.51130790645149,,,,48.85927344267019,,,36.976705137151264,0.0,,,34.600191476047485,,,,27.325318369371537,67.48343068315104,51.235787103773966,44.10624612046262,0.0,65.0,56.470239981076425,65.0,65.0,,48.85927344267019,70.0,,35.0,15.762,50.0,60.0,38.28125,real_yahoo,28451036.28907563,,5.529574517695637,9.186700612144525,4.490398134612821,25.479519798275724,0.5736607926730768,,,-39.11130504345296
ABB.NS,ABB INDIA LIMITED,1300769144832.0,132027301888.0,20430000128.0,16693999616.0,51483500544.0,848200000.0,58348699648.0,,0.091120005,0.22391,1.082,2.049,1.572,8779275264.0,12195099648.0,78.07173,57.31789,16.595963,9.852274,9.421,60.881,0.64,0.5493,0.057,-0.18,-0.181,0.12636,0.38994998,0.14243001,INR,Industrials,Specialty Industrial Machinery,India,6138.0,0.459,,6554.0,4637.5,5908.52,5406.4473,422879.0,305609.0,360236.0282258064,504094.1666666667,321409.84444444446,33.563639512436595,34.10654889961194,2.657529667390945,18.800773694390728,17.938481323180543,12.08615442630947,6142.0,-24.3689086229686,0.6409800607451893,0.9750690688139844,0.0156858779185141,0.0354585563435156,4.82026225857823,7.812338895302092e-06,,,54.100934531424336,,,,25.784678094216762,,,58.508086075004925,0.0,,,50.024239561467255,,,,50.00000000000001,50.02481856840561,47.6002834147422,69.41588873526763,0.0,70.0,72.29014472036835,40.0,80.0,,20.0,10.0,,35.0,12.071,85.0,70.0,46.71875,real_yahoo,,,12.644354142873931,15.47407228342132,9.248427255325495,38.99458658003474,0.04151737614712559,14.377622787078518,6.649590757711266,-6.347268843454379
CUMMINSIND.NS,CUMMINS INDIA LTD,1289090891776.0,116023902208.0,27440500736.0,22417899520.0,42663399424.0,243500000.0,33650700288.0,,,,0.308,,,,,57.518864,46.77059,16.328249,11.110563,10.816,45.733,1.15,0.6368,-0.013,-0.13,-0.13,0.19322,0.36771,0.22917,INR,Industrials,Specialty Industrial Machinery,India,4650.4,0.449,3025.0,4987.0,2580.0,4538.32,4154.602,774799.0,1248914.0,647057.6633064516,899988.4666666667,677595.2333333333,32.081083104001905,38.08379763804052,-3.5355383572672427,5.259529793678297,16.860166032734746,56.79658858170087,4646.5,-14.60589275714278,1.8541763475195827,2.6072854918392365,0.1115866142932952,-0.6475805599698469,3.909257732649144,7.657273444261212e-06,,,64.64619475508691,,,,24.57270002085424,,,51.23621763482978,0.0,,,71.83984488199268,,,,51.95071916997623,74.22292276387194,48.812261488104724,62.14402029509249,0.0,60.0,72.29014472036835,40.0,50.0,,20.0,30.0,,35.0,27.227,77.5,60.0,48.90625,real_yahoo,38355008.99438017,,19.32179412463707,23.650730766498853,8.127399440154855,36.7712157685542,0.008873744773926271,,,-6.749548826950081
THERMAX.NS,THERMAX LTD,371424428032.0,103319396352.0,9144349696.0,6819500032.0,48581701632.0,18108000256.0,25257699328.0,,,,35.784,,,,,54.373352,45.340508,7.3531084,3.594915,3.526,39.838,0.42,0.2313,0.051,0.761,0.762,0.066,0.47021,0.0765,INR,Industrials,Conglomerates,India,3297.2,0.007,5601.0,4091.8,2742.7,3073.544,3182.6545,147556.0,185487.0,168418.18383838385,178956.66666666666,127600.14444444444,36.95770348670552,35.67563304250287,6.251205728654452,9.364524678011454,3.064702801902519,-7.243451542984736,3295.699951171875,-29.679299053666497,0.0141494492437262,0.0212955577780798,-0.0254380373983366,-0.0518115257377527,2.224261669203491,4.4398962339950496e-05,,,47.26604364571712,,,,50.02423956146725,,,66.9919325885426,0.0,,,33.05654653439191,,,,33.418887055202056,70.50013750303097,36.69248075447949,40.32841497456706,0.0,80.0,75.42469632167014,40.0,0.0,,60.0,60.0,,35.0,20.944999,70.0,60.0,48.90625,real_yahoo,18446598.17032673,,6.600406383295707,8.850564384683409,7.2374570074620586,47.02089186282744,1.9802392579016261,,,-19.41932645779364
SCHAEFFLER.NS,SCHAEFFLER INDIA LIMITED,588483264512.0,96858497024.0,17630199808.0,11503500288.0,37533097984.0,546700032.0,18456399872.0,,0.11753,0.20212999,0.904,2.592,1.661,6834800128.0,12900299776.0,51.03009,37.156284,9.741595,6.0757008,5.897,32.397,0.93,0.3804,0.275,0.355,0.359,0.118769996,0.3875,0.14393,INR,Consumer Cyclical,Auto Parts,India,3765.0,-0.025,,4467.7,2823.0,3942.006,3968.4004,98628.0,90428.0,99266.9879032258,139963.03333333333,83480.82222222222,32.63369472670249,46.20631561962762,-12.571713505692973,-2.9543722004704787,-9.096621342857713,8.320695669913958,3764.39990234375,-17.43592821525377,0.4219356213753868,0.7134127907720786,0.0638345998342681,0.3753427002904044,0.90644497729302,6.709565370337772e-05,,,54.435356026750064,,,,29.54949963378024,,,43.199712256863826,0.0,,,61.8136385610687,,,,50.93256256814673,50.0267344145597,60.577451170940655,72.99136251569125,0.0,60.0,74.52495326557258,65.0,65.0,,70.50013750303097,60.0,,35.0,17.377001,37.5,60.0,36.09375,real_yahoo,,,11.876604161170924,18.202016704462714,0.8766070897070664,38.75044434635394,0.031009293028654482,23.59666914378377,7.056479646082517,-15.728450880766387
HONAUT.NS,HONEYWELL AUTOMATION IND,238878687232.0,46157000704.0,5623499776.0,5052000256.0,17415999488.0,928000000.0,35124998144.0,,,,2.215,,,,,47.149216,37.412704,5.6992497,5.175351,4.409,36.189,0.39,0.1838,0.071,-0.082,-0.083,0.10945,0.37732,0.115430005,INR,Industrials,Electrical Equipment & Parts,India,27000.0,0.298,3140.0,41450.0,26220.0,30446.6,34959.125,5589.0,5485.0,6928.810101010101,5305.8,7619.222222222223,27.511640760714663,29.27084232535533,-11.32915567282322,-18.51795726625246,-25.526315789473685,-17.4290293247661,26885.0,-36.10436893203883,-0.7671039078414771,-1.3138285549682478,-0.0632311101104399,1.0892058882268818,8.941869060168187,6.519641398629048e-05,,,50.58584779020347,,,,35.48050268111696,,,56.08412992827988,0.0,,,46.38830534137968,,,,33.418887055202056,68.01828066247032,34.26852460775444,36.69248075447949,0.0,60.0,68.80730960781078,40.0,60.0,,57.29610800164239,55.0,,35.0,13.535,32.5,60.0,38.28125,real_yahoo,14699681.752866242,,10.94525246213017,12.183416795347933,3.2332680985715947,37.7320866225407,0.16502179016002153,,,-34.86127864897467
GRINDWELL.NS,GRINDWELL NORTON LIMITED,155118714880.0,29404882944.0,5189769728.0,3890415104.0,15753270272.0,799411968.0,8379850240.0,,,,3.481,,,,,39.90316,33.436752,6.8005085,5.2752705,4.97,28.161,1.22,0.48380002,0.071,0.097,0.096,0.13231,0.53574,0.14868,INR,Industrials,Building Products & Equipment,India,1401.0,0.412,2429.0,1884.0,1329.0,1542.458,1593.9825,45691.0,63099.0,63514.60483870968,53144.43333333333,40986.26666666667,33.11652374272253,26.47198067613381,-14.411689361763312,-11.265261423322226,-10.475393104503928,-20.52027632886079,1387.9000244140625,-25.89163938897981,-0.5421424725294052,-0.9092983990805164,-0.0511782919546885,0.9232339249867084,6.262486312190948,0.0002485981113967,,,63.279216577945455,,,,34.268524607754436,,,74.26380102871774,0.0,,,52.448195708192294,,,,34.394246640190175,66.77735224219,50.024239561467255,53.660173781554825,0.0,60.0,66.71760854027626,40.0,60.0,,66.99193258854258,55.0,,35.0,20.773001,27.5,60.0,38.28125,real_yahoo,12105756.666941129,,13.230507026363899,17.64934666763896,2.0597930652982837,53.57365408323933,0.15403611526095054,,,-25.636942675159236
AIAENG.NS,AIA ENGINEERING LIMITED,342849683456.0,43106414592.0,11831905280.0,11621041152.0,26249920512.0,10218634240.0,52577759232.0,,,,13.852,,,,,29.48082,27.622177,4.653876,7.953565,6.98,25.431,0.44,0.1285,0.001,0.135,0.136,0.26959,0.60896,0.24579,INR,Industrials,Specialty Industrial Machinery,India,3673.9,0.168,1306.0,4206.1,3001.1,3787.176,3516.394,70424.0,104641.0,74784.59191919192,81047.4,70446.1,25.83169443829761,38.44797393420658,-1.682310411795751,-6.929639075258576,19.743317923607727,8.657532933772206,3676.0,-19.28974829222191,0.4677979527539331,0.8043997489035642,-0.0033649014434688,0.3346646988182411,1.1548813706027534,7.946679206109099e-05,,,77.14428094609441,,,,28.208634240941816,,,74.43347795898849,0.0,,,73.0518229553552,,,,48.049280830023775,72.98199434359161,39.11643690120454,31.844568461029393,0.0,60.0,72.98671174287985,40.0,60.0,,45.176327268017154,55.0,,35.0,33.554,47.5,60.0,38.28125,real_yahoo,33006443.026033692,,26.95896019651033,27.448131309431268,3.0195765110022927,60.895624840187125,0.8636507813558156,,,-12.653051520410841
ELGIEQUIP.NS,ELGI EQUIPMENTS LTD,151264116736.0,38309998592.0,5314250240.0,4043000064.0,19193999360.0,5276000256.0,8602999808.0,,,,26.275,,,,,37.539185,31.103897,7.538084,3.9484239,3.87,27.898,0.46,0.1721,0.184,0.182,0.181,0.10553,0.50102,0.12218001,INR,Industrials,Specialty Industrial Machinery,India,479.0,-0.103,2138.0,608.4,401.0,490.455,494.26276,609523.0,509291.0,568507.6108870967,520996.3666666666,662867.8777777777,40.99083819274564,40.08695382962538,-7.767730297120701,1.2559392521438006,0.6504418933730216,-1.4197261267788086,479.7000122070313,-29.98904955956072,0.0799353570253545,0.144117042972014,-0.0078259768568803,1.2961280084773643,5.860714717681416,0.0001230154619142,,,58.39715165958316,,,,47.600283414742194,,,70.62786680863016,0.0,,,47.6002834147422,,,,30.492808300237712,69.25920908275063,40.32841497456706,34.26852460775444,0.0,60.0,69.85216014157804,40.0,60.0,,42.7523711212921,55.0,,60.0,17.788999999999998,27.5,60.0,38.28125,real_yahoo,17918614.869971935,,10.55338087337928,13.871705652084614,2.6835906669538416,50.10180126711919,0.9928023743195051,,,-21.268902038132808
TIINDIA.NS,TUBE INVEST OF INDIA LTD,495727575040.0,212261502976.0,19845349376.0,5979200000.0,67296899072.0,31472199680.0,23999899648.0,,,,27.724,,,,,83.12885,40.1442,6.589075,2.3354568,2.562,27.398,0.16,0.113299996,0.207,-0.142,-0.143,0.028169999,0.31705,0.07277,INR,Industrials,Conglomerates,India,2561.2,-0.3,3219.0,3419.9,2164.9,2525.068,2820.4495,580730.0,350269.0,351305.8830645161,547192.4666666667,512098.63333333336,36.5245827713688,41.04430135545357,-9.525656876435216,-1.7071134619326631,-17.07627674989404,-5.161453940900406,2567.300048828125,-35.69204243767199,-0.0545923972584529,-0.092533845111604,-0.0507516452619402,0.2747375036352968,1.248897453137468,2.0154335284175624e-05,,,35.74437043838206,,,,58.50808607500491,,,46.388305341379684,0.0,,,30.632590387666866,,,,21.71457203534468,74.42147131111679,28.20863424094182,28.20863424094182,0.0,60.0,76.12126334418164,40.0,60.0,,35.48050268111696,55.0,,60.0,33.492002,35.0,60.0,38.28125,real_yahoo,65940199.74401988,,2.8169026960466104,9.349481228465567,14.868781239238652,31.704712408264218,1.585872794865529,,,-25.108921313488707
KAYNES.NS,KAYNES TECHNOLOGY IND LTD,237415956480.0,33681989632.0,5288027648.0,3886540032.0,11654020096.0,8853680128.0,10527110144.0,,,,18.899,,,,,59.901825,40.270603,4.9462194,7.048751,7.051,44.91,,0.0,0.216,0.089,0.153,0.115389995,0.346,0.12302,INR,Technology,Electronic Components,India,3539.0,-0.054,,7705.0,3294.9,3701.388,5290.3413,1698130.0,1680409.0,860783.3608870967,1313626.8,2270423.0444444446,53.641075330507135,48.76631089166254,-5.314994713531696,-11.836531273361572,-49.81916176157719,-27.39808807649457,3538.0,-56.10430659818253,-0.4215259929250736,-0.604997690752363,0.1057742912841121,0.120403493845615,6.02825290599065,1.2021326916264315e-05,,,33.677466033145265,,,,43.07545975911161,,,30.338011155470777,0.0,,,44.233409632169874,,,,51.976007691533226,50.023686959947995,26.86339553182026,28.022111409354267,0.0,30.0,72.25741024194764,40.0,30.0,,45.39120691774998,80.0,,35.0,20.469,72.5,40.0,36.09375,real_yahoo,,,11.538926513734046,15.699867216205194,1.2511205064855364,34.600153444997055,1.6742877907131548,,,-54.06878650227125
MOTHERSON.NS,SAMVRDHNA MTHRSN INTL LTD,1129114370048.0,1206135554048.0,101736603648.0,34129999872.0,530362695680.0,197774704640.0,69354102784.0,,,,49.937,,,,,33.01852,20.729506,3.0546515,0.9361422,1.062,12.585,0.55,0.1751,0.145,0.164,0.165,0.028299998,0.43972,0.05523,INR,Consumer Cyclical,Auto Parts,India,106.98,0.976,,136.15,71.5,120.2006,110.0269,18967578.0,25730239.0,24640262.018145163,19696123.23333333,18024791.944444444,34.97048040615064,44.47913851216072,-16.718638944205686,-10.67077697562534,0.2446433867592468,19.84028827821971,106.80999755859376,-22.10027984531191,0.7769995454646637,1.271920465621066,0.083821078498368,-0.0799586251880587,1.413703605301348,7.892982458055834e-06,,,41.232435761075436,,,,66.77735224218999,,,53.12713961910642,0.0,,,34.51321331490155,,,,50.93256256814673,50.0267344145597,46.3003750599292,39.47263746581741,0.0,70.0,61.58122793096482,65.0,0.0,,90.0,60.0,,35.0,25.982,77.5,40.0,46.71875,real_yahoo,,,2.8296985158470624,8.434922866385484,10.915996121272183,43.97206382815023,1.9439876853397198,,,-21.424899008446562
BALKRISIND.NS,BALKRISHNA IND. LTD,399779921920.0,106426400768.0,22223400960.0,13121899520.0,53394698240.0,36819701760.0,14258400256.0,,,,35.269,,,,,30.501474,22.892498,3.8298993,3.756398,4.076,19.521,0.75,0.2357,0.069,-0.15,-0.15,0.1233,0.50171,0.16359,INR,Consumer Cyclical,Auto Parts,India,2068.0,0.321,3758.0,2817.5,2015.4,2357.262,2395.1575,207260.0,178332.0,275060.6129032258,160668.33333333334,196404.4555555556,30.718109415164665,39.228701027563545,-10.223231846640758,-10.730164908664284,-9.27102225713975,-19.39306979922929,2067.199951171875,-26.09170856993516,-0.5544477619921766,-0.9136144625967456,-0.003614965427266,1.5563934259487326,10.6872555017055,2.742587482190948e-05,,,65.7816156300642,,,,30.790428054060566,,,59.33178172050805,0.0,,,66.77735224219,,,,51.86512513629346,71.41426606232048,51.887057016411944,45.6798087713496,0.0,10.0,67.0312175455365,65.0,90.0,,30.0,10.0,,35.0,30.794,65.0,40.0,48.90625,real_yahoo,28319957.628525812,,12.329553029426,20.881473769318777,0.9632003418566113,50.17053837646511,1.6567986972953397,,,-26.601597160603376
ENDURANCE.NS,ENDURANCE TECHNO. LTD.,314381467648.0,134734200832.0,17245337600.0,9203930112.0,57762328576.0,12289000448.0,12425700352.0,,,,19.638,,,,,34.106518,26.475437,5.0229344,2.3333457,2.35,18.356,0.44,0.1528,0.262,0.202,0.202,0.06831,0.42870998,0.08293,INR,Consumer Cyclical,Auto Parts,India,2235.0,0.665,4370.0,3079.9,1700.0,2436.91,2651.725,81140.0,79782.0,146875.56048387097,80635.93333333333,73009.4,32.54048276440457,37.65377891407904,-15.15391961545346,-13.050697430202774,-17.678672917428262,13.086046980369348,2251.89990234375,-27.34446491080542,0.532296803189331,1.003770485343923,0.0567249537800067,0.7706991691532092,2.708403223791777,7.896549365640647e-05,,,47.421304635610404,,,,44.44064067714414,,,50.64528277854578,0.0,,,45.68156909742447,,,,39.74181175038597,72.75098679030552,41.95517798266485,36.98976894360453,0.0,60.0,59.53748182550045,65.0,65.0,,46.92249751770479,60.0,,35.0,20.501,57.5,60.0,38.28125,real_yahoo,30831624.904347826,,6.831175792905303,12.799524911646747,1.219396948169466,42.87131865503386,0.7125984270670352,,,-27.432708854183584
EXIDEIND.NS,EXIDE INDUSTRIES LTD,254772822016.0,175956393984.0,17793574912.0,8258100224.0,56360001536.0,16446699520.0,8079900160.0,,,,11.151,,,,,30.796507,19.58763,1.732181,1.4479316,1.49,14.732,0.67,0.2058,0.046,0.245,0.237,0.04693,0.32031,0.0721,INR,Consumer Cyclical,Auto Parts,India,299.65,0.415,5133.0,431.0,287.0,319.839,367.1235,1647711.0,1763617.0,3866641.370967742,1473674.066666667,1526842.6333333333,33.674529968661474,36.21383634007877,-7.295535527737629,-17.379903391899788,-22.982882665936543,-16.229855528505897,299.25,-32.63133502173221,-0.5992741842212034,-0.884447476773582,0.0139479258927269,1.4541220074137315,11.565191600744049,1.4755710148362827e-05,,,36.90022754890094,,,,58.09085330022771,,,34.51321331490155,0.0,,,41.9587838365835,,,,37.876686614092506,74.08770751829057,49.40408725797517,44.43837451024316,0.0,60.0,61.58122793096483,65.0,65.0,,54.36806803938674,60.0,,35.0,23.233,55.0,60.0,38.28125,real_yahoo,34279445.54529515,,4.69326521021505,10.112491230991013,1.5924738374522251,32.03066410938435,0.9243055204667351,,,-30.475638051044086
SUNDRMFAST.NS,SUNDRAM FASTENERS LTD,157449191424.0,61261099008.0,9522674688.0,5542099968.0,35719999488.0,7411800064.0,693000000.0,,,,18.193,,,,,28.382576,22.256432,3.8863504,2.5701332,2.687,17.287,1.0,0.3015,0.069,0.0,0.002,0.09047,0.58308,0.118590005,INR,Consumer Cyclical,Auto Parts,India,749.3,0.127,3185.0,1080.0,730.1,869.167,951.8705,160443.0,375228.0,141036.8282828283,253395.86666666667,128146.14444444444,25.47516497204856,24.70130992886677,-11.45876219306855,-18.692395712966803,-24.046133536019376,-20.04337548362376,749.9000244140625,-29.73920382545941,-0.7932806310291801,-1.4332032486198865,-0.0595330884846381,0.4440719686690983,1.4836885473726271,0.0001692827645033,,,66.81309377582002,,,,40.71785541630316,,,72.98199434359162,0.0,,,58.09085330022772,,,,43.472062022972885,68.74082460635039,55.6115116540671,56.85271712130755,0.0,60.0,65.66872014189359,65.0,65.0,,59.33178172050805,60.0,,60.0,29.653000000000002,27.5,60.0,38.28125,real_yahoo,19234254.005651493,,9.046687143624807,15.544407204899224,0.5544367852451071,58.307800653944156,0.7783317509879846,,,-30.620370370370374
SUPRAJIT.NS,SUPRAJIT ENGINEERING LTD,56514514944.0,36598181888.0,3163514880.0,1387970048.0,15678810112.0,9269890048.0,4075120128.0,,,,67.961,,,,,40.711464,21.374838,4.1479573,1.5441891,1.69,19.551,0.73,0.2967,0.177,-0.626,-0.625,0.037920002,0.4284,0.056799997,INR,Consumer Cyclical,Auto Parts,India,412.0,0.167,2188.0,517.65,350.0,423.203,449.058,179147.0,82118.0,196873.3830645161,81727.93333333333,142097.27777777778,35.125506826755334,35.206869579931535,-4.534914876770502,-10.898969208121144,-10.493431798719854,5.646350411338319,411.5499877929688,-19.313122968275152,0.2144480418595495,0.3777449319918555,0.0267213702695867,0.934127184021208,5.995847841193523,0.0003648309965683,,,40.2009576153196,,,,55.60899645966706,,,49.40435435826545,0.0,,,35.754141735181875,,,,24.820810660038294,67.40410387836533,50.64557213719356,55.61128286020111,0.0,60.0,60.21873052732191,65.0,65.0,,49.404354358265444,60.0,,35.0,21.864,37.5,60.0,38.28125,real_yahoo,16726774.171846434,,3.792456281701509,8.64391266670345,0.3312277879498799,42.840407099951726,2.930250180457504,,,-20.409543127595864
CRAFTSMAN.NS,CRAFTSMAN AUTOMATION LTD,161979416576.0,75921203200.0,10789499904.0,3343300096.0,32969900032.0,33108199424.0,1770000000.0,,,,109.273,,,,,48.317085,27.862125,5.3457537,2.1335201,2.546,17.915,0.07,0.0356,0.305,7.284,7.284,0.04404,0.43425998,0.09592,INR,Consumer Cyclical,Auto Parts,India,6790.0,0.178,2893.0,8220.0,3700.0,7431.28,6958.1577,42806.0,30053.0,63100.60808080808,40939.73333333333,52139.05555555556,39.06097253522909,42.82153961110839,-11.457450277143788,-5.1285634432643885,0.1401283280477949,39.1505692275451,6789.0,-19.368148786796404,1.148802188553449,1.8909233830087613,0.1206243900553892,0.8451074947071018,4.11799739722314,7.798335378168105e-05,,,50.51573907287791,,,,46.92249751770479,,,51.8862111988261,0.0,,,49.40435435826545,,,,36.01156147779905,70.07754533433544,30.78181406969936,30.782597638072332,0.0,60.0,64.98747144007213,65.0,65.0,,40.717855416303166,60.0,,35.0,34.638000000000005,37.5,60.0,38.28125,real_yahoo,26243070.584168684,,4.403644772584426,14.211444825995592,0.6871164330344711,43.42647197667173,3.068557367679828,,,-17.39659367396593
GABRIEL.NS,GABRIEL INDIA LTD,124682936320.0,45304930304.0,4213287424.0,2500280064.0,11559440384.0,1037609984.0,1207990016.0,,,,8.126,,,,,,0.29290208,9.75533,2.752083,2.773,29.815,0.55,0.2643,0.159,-0.089,-0.091,0.05519,0.25515,0.06906,INR,Consumer Cyclical,Auto Parts,India,868.0,0.618,3160.0,1388.0,465.0,917.258,1055.1498,340810.0,457095.0,486428.5887096774,329649.2,407776.06666666665,50.80765323191788,47.11716897462882,-8.05935468195118,-13.180825628334825,-27.96231674436893,53.9422875560758,876.7000122070312,-37.3985300781753,1.0295321176179135,2.1777883586770765,0.2338888491924915,1.3753974440023755,5.744769174234072,0.0001156346537298,,,32.56801933672645,,,,34.51321331490154,,,30.790428054060573,0.0,,,38.23599857574253,,,,28.55106093262521,66.06738315038028,46.3003750599292,51.8869800768818,0.0,60.0,56.131238316393144,65.0,65.0,,50.64528277854577,60.0,,35.0,19.474000999999998,30.0,60.0,38.28125,real_yahoo,14337003.260759493,,5.518781393598675,9.299843076081295,0.4100272492699351,25.51475149930737,0.2462708758224039,,,-37.46397694524496
CHOLAFIN.NS,CHOLAMANDALAM IN & FIN CO,1154595553280.0,124109398016.0,,48469499904.0,124006203392.0,1879017390080.0,111226798080.0,,,,724.311,,,,,23.562859,17.47778,4.39692,9.303047,23.443,,0.15,0.0348,0.196,0.181,0.185,0.39054,0.99917,0.51919,INR,Financial Services,Credit Services,India,1355.1,0.537,45194.0,1831.5,1299.4,1606.78,1613.8774,1798379.0,2687551.0,1691226.3245967743,2032997.3666666667,1752148.7444444443,33.0010508797372,36.50646413370678,-20.390908745685763,-20.261165475730916,-14.72548904935599,-10.794857822909307,1356.300048828125,-24.907881460342075,-0.2182273202811353,-0.3811542782338085,0.0471338227465823,0.5663046671440465,1.0451040398000244,7.496159322530874e-06,,,75.36250300333612,,,,27.678347823136992,,,72.97860124274735,0.0,,,66.42086829032246,,,,73.90758416580732,64.93077134927685,29.165507371335224,29.162568735559436,0.0,45.0,76.74058418551463,70.0,55.0,,30.65854170522818,65.0,,60.0,35.292,90.0,50.0,38.28125,real_yahoo,2746147.6748240916,,39.05385142368621,,7.165749320896069,99.9168518857962,,,,-26.011466011466013
MUTHOOTFIN.NS,MUTHOOT FINANCE LIMITED,1276988096512.0,170489888768.0,,87185440768.0,170489888768.0,1392961912832.0,112524009472.0,,0.05766,0.26691,384.601,153.357,153.357,,,14.642347,10.983278,3.58288,7.4901104,15.031,,0.82,0.1197,0.765,0.975,1.018,0.51138,1.0,0.75657,INR,Financial Services,Credit Services,India,3179.0,0.544,31565.0,4149.5,1965.0,3478.054,3273.119,1016041.0,1699723.0,699010.3205645161,1135875.0,794043.2777777778,32.33539566892337,40.112863595151886,-8.44205944179912,-16.604137535777706,3.723043021311789,39.08074265325505,3178.800048828125,-23.85560684223844,1.0466019991862832,1.3084010313159875,0.1696667244437562,-0.1185002082852006,5.337945107830791,1.051031310744656e-05,,,81.6318857682057,,,,29.16844476418259,,,74.96742824777874,0.0,,,72.38125605450482,,,,77.32295333235123,72.38125605450483,38.10734970123427,73.87808647041044,0.0,40.0,76.74058418551463,70.0,20.0,,90.0,40.0,,35.0,15.987000000000002,72.5,40.0,48.90625,real_yahoo,5401232.021796294,,51.138188544800215,,9.843636535094982,100.0,,,,-23.388360043378718
MANAPPURAM.NS,MANAPPURAM FINANCE LTD,240470048768.0,35225268224.0,,4081870080.0,34039719936.0,383664291840.0,27299201024.0,,,,301.609,,,,,54.35244,9.808429,1.7229195,6.826635,16.327,,0.78,0.53220004,-0.017,-0.143,-0.145,0.115880005,0.96634,0.28581,INR,Financial Services,Credit Services,India,256.0,0.626,24650.0,321.6,219.39,279.744,281.02985,5939052.0,5331939.0,8127800.627016129,5475151.466666667,5013175.855555556,37.1949386534109,33.91588187030418,-9.290779059660348,-16.955217832616608,-9.211992950598624,10.997772378446168,255.8000030517578,-21.37333880824689,0.4294218247973234,0.7238249476637907,0.1002707366231253,-0.1625539281668394,3.660054925204691,1.1349312603781112e-05,,,52.279775550861665,,,,33.638735587319374,,,68.38900046190565,0.0,,,39.599123351501746,,,,49.99999999999999,60.460480526140074,36.61704264625109,61.9539484077835,0.0,45.0,63.83133664767999,70.0,55.0,,36.61892946941056,65.0,,60.0,27.711000000000002,55.0,50.0,38.28125,real_yahoo,1429016.9664908722,,11.5879034732769,,2.0338140857146763,96.63438109126376,,,,-20.398009950248763
IIFL.NS,IIFL FINANCE LIMITED,184761532416.0,66010398720.0,,12816600064.0,65753698304.0,586914725888.0,58676699136.0,,,,401.134,,,,,14.565873,7.993745,1.422948,2.7989762,11.055,,0.92,0.0,0.659,10.421,10.408,0.19416,0.99611,0.41535,INR,Financial Services,Credit Services,India,434.5,0.228,14782.0,675.0,306.0,491.768,510.837,2349590.0,1461803.0,2211567.2016129037,1274984.1333333333,1946935.3111111112,43.25051231073844,36.512938925669424,-12.932934154857978,-28.236218152021063,-0.1554404617000737,33.40983917484157,434.8999938964844,-34.80643662860431,0.9342620441975298,1.2617047977213725,0.0822745381904079,0.6019353556847351,4.298925795351055,2.8620802515539577e-05,,,67.66826051917796,,,,61.95057746718567,,,71.44873431580012,0.0,,,57.48028664404888,,,,61.384563888479676,67.91096523136804,39.59765675621745,26.1815342199027,0.0,45.0,70.2859604165973,70.0,55.0,,39.599123351501746,65.0,,60.0,24.257,30.0,50.0,38.28125,real_yahoo,4465593.202543634,,19.416031886680294,,3.8112663292342974,99.61112124607993,,,,-35.62962962962963
CANFINHOME.NS,CAN FIN HOMES LTD,108974620672.0,15275438080.0,,9739959296.0,15080486912.0,359814135808.0,3048163072.0,,,,658.72,,,,,11.171886,9.842735,1.9915899,7.133977,30.526,,1.7,0.1777,0.282,0.249,0.248,0.63762003,0.98724,0.811,INR,Financial Services,Mortgage Finance,India,817.0,0.406,1108.0,971.5,615.0,867.079,839.8137,178595.0,133017.0,492247.9294354839,143616.3,199713.61111111112,29.33109806071888,37.104123033380986,0.1460860891416393,-11.5531437683272,10.392643787523536,24.527257631355106,822.5999755859375,-16.64386680512949,0.8972927471909881,1.4061694701014151,0.0298637035079382,-0.0217560624155588,1.1855547576610186,6.02483057411477e-05,,,80.49199799277487,,,,30.65854170522818,,,69.91886738885289,0.0,,,74.3183820778641,,,,52.276912777695934,74.3183820778641,43.32342439367538,36.61515502470127,0.0,45.0,65.67551486737065,70.0,55.0,,42.57931723359294,65.0,,60.0,30.856,55.0,50.0,38.28125,real_yahoo,13786496.462093864,,63.762225639554295,,0.8819635079854189,98.72376054304297,,,,-15.903242408646424
ABCAPITAL.NS,ADITYA BIRLA CAPITAL LTD.,783262220288.0,316110110720.0,,34999300096.0,85186002944.0,1571729440768.0,68482699264.0,,,,459.779,,,,,22.532026,14.804274,2.4300644,2.4778144,7.282,,,0.0,0.314,0.327,0.335,0.11071999,0.26948,0.15164,INR,Financial Services,Financial Conglomerates,India,299.0,0.637,66340.0,369.3,169.43,331.114,315.0915,6923698.0,5247193.0,5921320.653225807,8638506.066666666,6097076.111111111,33.245212687395004,41.275213521235095,-11.786455304385534,-16.620075532069734,2.898048549112131,64.38847601839363,298.25,-19.722562889852536,1.6908173125397596,2.974194776762557,0.1015120437429095,0.2612571696800849,2.6574933742288365,1.4110020848848053e-05,,,32.33173948082204,,,,67.91096523136804,,,46.97086348464449,0.0,,,29.16844476418259,,,,47.72308722230406,69.40106217241365,26.930046788860466,26.1815342199027,0.0,45.0,68.44178219690664,70.0,55.0,,24.698153941045803,65.0,,35.0,10.742,50.0,50.0,38.28125,real_yahoo,4765000.1615918,,11.071869867206253,,18.25136409837553,26.94820572172555,,,,-19.03601408069321
MASFIN.NS,MAS FINANCIAL SERV LTD,53800927232.0,9280799744.0,,3505600000.0,8157599744.0,99100901376.0,16728699904.0,,,,347.367,,,,,15.338852,11.86,1.9134711,5.797014,14.702,,0.66,0.088,0.296,0.309,0.16,0.37772998,0.87898004,0.55834997,INR,Financial Services,Credit Services,India,296.5,0.212,1758.0,352.8,226.0,313.684,312.6645,163002.0,109255.0,185058.77822580645,120820.56666666668,154214.83333333334,29.17354040139188,35.86294714254433,-6.262882390278735,-8.292564094091615,-1.144154273652176,16.27439458807021,295.6000061035156,-18.722952208561484,0.5577171294319329,1.0054672243881206,0.0196385691788298,0.5746000308707043,2.4780831582251674,0.0003631892861119,,,71.3728957893282,,,,38.10902641045615,,,63.79939968106399,0.0,,,67.91096523136804,,,,48.86154361115203,70.89115911345924,35.126735591267924,32.14360325121617,0.0,45.0,67.51969308706131,70.0,55.0,,35.12883252836497,65.0,,60.0,16.580999,35.0,50.0,38.28125,real_yahoo,5279180.741751991,,37.772606851757104,,0.5358489004544751,87.89759470108011,,,,-15.958049886621318
POONAWALLA.NS,POONAWALLA FINCORP LTD,315923169280.0,25323499520.0,,3493499904.0,25308499968.0,359791591424.0,2275300096.0,,,,364.414,,,,,88.063065,25.10572,3.0931587,12.475494,26.661,,,0.0,1.419,6.708,7.02,0.13795,0.99941003,0.25529,INR,Financial Services,Credit Services,India,391.0,0.293,3594.0,570.4,318.0,425.152,456.209,1580382.0,1203507.0,2241035.3266129037,1325903.6666666667,1404563.788888889,39.12620971814234,40.91775919579111,-10.29764469312938,-18.563002825980117,-21.57527661157153,14.915993511459092,393.2999877929688,-32.09216702368951,0.5231751312421534,0.8935301535367175,-0.0075449700690498,0.0479592529741897,7.3940319283928915,2.7116538260772985e-05,,,52.279775550861665,,,,26.1882508820914,,,74.50846816969457,0.0,,,35.12883252836497,,,,27.230872223040635,73.87135299555042,26.930046788860466,26.1815342199027,0.0,45.0,73.97431685597864,70.0,55.0,,26.1882508820914,65.0,,35.0,16.896,40.0,50.0,38.28125,real_yahoo,7046048.836950473,,13.7954862883027,,1.4621120752254244,99.94076824971148,,,,-31.4516129032258
OBEROIRLTY.NS,OBEROI REALTY LIMITED,549739724800.0,54093746176.0,30125502464.0,22373236736.0,33683492864.0,30270799872.0,31106000896.0,,,,18.083,,,,,24.588484,16.550745,3.2833776,10.162723,10.116,18.164,0.53,0.13,0.058,0.006,0.007,0.4136,0.62269,0.55242,INR,Real Estate,Real Estate - Development,India,1511.7,0.206,1470.0,2005.0,1391.2,1494.85,1635.2615,671555.0,801534.0,806111.1229838709,611281.7,563040.3444444444,32.971010070363185,31.41390555023925,1.0867427230712767,-9.676826689099183,-5.6274646647451965,-6.505286081733052,1506.9000244140625,-28.77354135083291,-0.1156163773361569,-0.1759054969069776,0.0173440239623956,-0.0638945158579165,1.5228442401991438,1.5093900510489293e-05,,,62.500795462106446,,,,28.766965273532808,,,48.42718261285428,0.0,,,71.36410284206266,,,,64.93788793195908,73.50406094592941,41.86771105615214,38.59707394319354,0.0,20.0,74.20839754357786,65.0,20.0,,20.0,20.0,,35.0,24.227999999999998,82.5,0.0,48.90625,real_yahoo,36798466.78639456,,41.360117051620335,55.69128521064771,18.58951772810442,62.26873759936504,1.004823070027583,,,-24.603491271820445
GODREJPROP.NS,GODREJ PROPERTIES LTD,454401982464.0,37950300160.0,-8275599872.0,15823500288.0,14797200384.0,163244097536.0,99034300416.0,,,,87.886,,,,,28.658815,17.720758,2.481299,11.973607,13.731,-62.969,,0.0,-0.486,0.137,0.2,0.41695,0.38991,-0.43003,INR,Real Estate,Real Estate - Development,India,1508.6,0.304,4199.0,2506.5,1434.0,1662.616,1983.448,1537601.0,1236704.0,899964.7782258064,1319441.7,1156002.788888889,38.971557838152,39.27833024653879,-12.99105573532593,-24.750547273165203,-24.467923762447963,-29.211053485096905,1508.300048828125,-40.36801281923788,-0.7997801109706741,-1.1898033645610775,-0.0716839930996713,-0.0532113219178942,2.2134422043637154,1.022837334428168e-05,,,24.743290801050257,,,,25.490262383645895,,,28.766965273532808,0.0,,,25.490262383645895,,,,46.265528017010226,57.06520879624664,28.75111598542978,25.490262383645895,0.0,80.0,65.56254127801435,65.0,30.0,,90.0,70.0,,35.0,24.055,77.5,70.0,48.90625,real_yahoo,9037937.642295785,,41.69532314971814,-21.806414803334192,13.04176226427088,38.990996966069844,-19.725953412552812,,,-39.812487532415716
PRESTIGE.NS,PRESTIGE ESTATE LTD,496416587776.0,101400002560.0,27739250688.0,9703999488.0,68704002048.0,145103994880.0,39424999424.0,,,0.06322,89.294,,,,,51.31345,27.916697,3.136464,4.895627,5.975,21.843,0.16,0.0802,1.341,11.61,11.576,0.095699996,0.67754996,0.16178,INR,Real Estate,Real Estate - Diversified,India,1152.5,0.254,9014.0,1814.0,1048.05,1378.91,1568.55,872673.0,1196236.0,963941.1935483871,864075.8,741776.3888888889,40.38715798297989,36.87776257658913,-16.35809488424991,-27.765239231933737,-24.25039696127768,-3.616412854012807,1152.0,-37.55624363943443,-0.0070020458905391,-0.0113707653132944,0.0061563972843714,0.1613106882197481,1.874490894258361,1.5535757864037893e-05,,,44.132279681052076,,,,64.81069706228885,,,61.53399417240193,0.0,,,32.04366816341972,,,,57.468943965979534,67.558093147108,33.669839136950664,32.04366816341972,0.0,40.0,70.75005503735245,65.0,80.0,,60.0,20.0,,35.0,28.119,77.5,60.0,48.90625,real_yahoo,11249168.244952297,,9.570018977324965,27.356262315265962,34.8464892611795,67.75542437224964,5.230999081845134,,,-36.46637265711136
BRIGADE.NS,BRIGADE ENTER. LTD,166323568640.0,57000099840.0,14526874624.0,7457200128.0,28452399104.0,53748998144.0,23596099584.0,,,,75.557,,,,,22.222221,15.841794,2.563542,2.9179523,3.589,14.081,0.36,0.08180001,0.076,-0.234,-0.21,0.13083,0.49916,0.21002,INR,Real Estate,Real Estate - Development,India,680.0,0.068,3043.0,1332.0,601.0,710.68,886.94574,809026.0,3377486.0,446228.3125,1143769.2333333334,615909.4888888889,37.8463057867456,39.70821461570739,1.31889368243836,-22.3107358426024,-22.551395348581384,-29.37305968721261,687.5499877929688,-50.20868547970607,-0.9089772676065904,-1.6193993812506189,-0.0363883392001417,0.3392712510226364,1.7711549174073986,5.659091518890423e-05,,,32.39683904315625,,,,73.59226080718577,,,32.04366816341972,0.0,,,35.32037105330663,,,,38.79658405103069,71.05572126406177,38.58856228847155,35.32037105330663,0.0,80.0,70.75005503735245,65.0,75.0,,35.32037105330663,70.0,,60.0,34.612998,55.0,65.0,38.28125,real_yahoo,18731547.7620769,,13.082784326575664,25.485700314169833,19.588297010006695,49.916402223621084,3.6999698514091066,,,-48.948948948948946
