ticker,avg_daily_volume,avg_daily_volume_30d,avg_daily_volume_90d,price_volatility,price_volatility_30d,price_momentum_1m,price_momentum_3m,price_momentum_6m,price_momentum_12m,price_latest,max_drawdown_1y,sharpe_ratio_1y,sortino_ratio_1y,avg_daily_return,return_skewness,return_kurtosis,amihud_illiquidity
ZS,2050204.1832669324,3274893.3333333335,2531182.222222222,43.43205853869513,69.64019304642343,-14.448016908651995,-37.180943483887816,-54.9515561455299,-33.0757331666344,138.55999755859375,-60.40086596705023,-0.5750930851436781,-0.6835192781408763,-0.020941083949722536,-0.9274608444543545,7.818860868518289,4.4769640340812694e-05
OKTA,2901759.760956175,4005893.3333333335,3200943.3333333335,44.20858276678329,63.6216581522374,0.6779672381448609,-4.124817041389372,-15.518327024534473,-23.90396229697632,80.19000244140625,-45.39670033788688,-0.3819185124726939,-0.47623929789208824,-0.00967068559219968,0.4622057184684625,17.140905297826176,7.745801790331173e-05
CRWD,4097508.167330677,4794710.0,3426318.888888889,46.98682640499676,58.138139953593914,-6.345036679312866,-12.00670070710922,-19.66183475763035,7.4376175964743,399.1199951171875,-37.17827173511796,0.43698488327735663,0.6388779867645852,0.08786355406606072,0.028463406114508913,4.157207247829451,1.4969895436337642e-05
FTNT,5543724.302788844,6295820.0,6378827.777777778,40.51729401978549,33.747773592014866,-2.2388052957145077,5.970726360901124,-4.357401896323165,-15.85440738321262,82.52999877929688,-31.557643096243947,-0.15175491721784806,-0.16164067161961437,0.06161257867946886,0.6640047189326332,31.618385439112405,3.3108041080215024e-05
QLYS,415275.2988047809,757543.3333333334,592863.3333333334,39.80429845648888,52.93785834814692,-11.151328987634168,-32.55476351787722,-32.43615121952471,-31.535718052190596,88.36000061035156,-44.32380002970404,-0.7175730989355721,-0.986360797140244,-0.09524157006237945,2.287753835710815,28.285713880441097,0.0002931773187385205
VRNS,1794326.892430279,2319123.3333333335,2800155.5555555555,52.00712914736816,53.474472456542884,-5.455305250619446,-29.681647806299104,-62.10897908922273,-45.78922054337406,22.530000686645508,-66.70352319309978,-0.5061126881729204,-0.42499126098626505,-0.0785502635557185,-6.470135930462118,98.00151391878977,0.00023485912055479046
ESTC,1628797.609561753,2556340.0,2066857.7777777778,52.615843315467224,70.17158253621801,-4.432293980627932,-30.168136888334097,-42.14432848872308,-44.556298821154606,50.66999816894531,-48.639780003378995,-0.8847505145241302,-1.0596445710840463,-0.07424996547563623,-0.9779347374168919,11.707618888038207,0.00015905675564247196
DOCN,1924998.6055776891,4491413.333333333,3059567.777777778,62.64154506090054,85.24304838032525,67.21159032973215,83.80641186951165,132.52390665215813,155.78290891979023,90.01000213623047,-26.854217744749587,1.707635219985752,3.074381639899107,0.25491011247031065,1.0422175209141205,7.150509941087005,0.00045621309300176765
PAYC,847394.2231075697,2198133.3333333335,1533640.0,38.82464013034219,45.15136143833496,-9.339491395588851,-18.70297886250625,-38.33356509443288,-42.98589367626921,123.55999755859375,-56.76509728406995,-1.3031786859054744,-1.809630541834669,-0.062221045218215844,1.06217019943037,14.876879770445896,0.00011514368034919872
MANH,611224.3027888446,651316.6666666666,706392.2222222222,41.16094246653468,49.33890918534347,-8.462586694834185,-19.560020002076094,-33.17441539991918,-24.780592533011024,134.55999755859375,-44.10809855166688,-0.4509560837628212,-0.6205654504816882,-0.08199905255507645,-1.6723980953873947,19.94008103285379,0.0001409715214601007
WK,614648.6055776892,1002906.6666666666,847226.6666666666,44.23012055850404,35.336646517296785,-6.861220575253046,-27.684706379119017,-31.397209435081976,-22.199172895310603,60.0,-38.28099704276124,-0.21467218158054244,-0.37808106570273037,-0.02360429112594677,2.871625516873807,36.55172610233773,0.00041737536594775864
GLOB,974856.7729083665,1466676.6666666667,1328618.888888889,53.108418698288176,54.23626376404784,-10.056395135515327,-24.131918969950682,-19.512198721534226,-59.42508407504767,47.849998474121094,-70.39042377274971,-1.1981271326619647,-1.4257181413124456,-0.22468407690098174,-2.010917276901607,15.031071942359233,0.00022280905713134965
HUBS,831352.9880478088,1455670.0,1381101.111111111,47.79366485932906,65.08080832260794,-16.056541961695924,-35.988804872337234,-45.037740103296066,-58.739607379841054,244.6699981689453,-68.86082279067149,-1.2733694675535323,-1.585464100046428,-0.1416558781718551,-0.5293684839162666,3.5282335785352976,5.390892348962402e-05
CDNS,1956849.0039840636,2452013.3333333335,2222975.5555555555,38.25489005621059,32.45178146678774,-7.04375512778066,-10.206183408091896,-19.732747074270808,5.20117711644712,278.7200012207031,-28.08741904508758,0.38322489168951374,0.5539597067290658,0.007299189780854526,0.30655374211137454,5.703556711700511,2.7911575462235356e-05
NET,3226570.3187251,3889310.0,3835261.111111111,50.85165917325993,62.03376560673971,10.07748173721843,7.994081128150854,-5.73120558296647,77.07235218535082,211.69000244140625,-36.758783848623175,1.41127770892711,2.0806771255929166,0.21181726321558694,0.20768980404058024,5.06781233551111,5.715428106131043e-05
BILL,2481886.852589641,2009890.0,2636064.4444444445,61.87906996080099,44.39836976224111,-14.402835909951506,-23.595727810794642,-29.01506363857361,-17.333615564879278,38.630001068115234,-36.636477650487976,0.028672247769291066,0.055095788569359476,-0.020354096530490483,0.6948387017229386,31.468418170447112,0.00018956288705763557
FROG,1484767.7290836654,4045266.6666666665,2891265.5555555555,57.599484062198215,104.85602558522756,23.13869218807516,-15.041126624768397,5.262060488655718,52.53164600621434,50.61000061035156,-49.62308160498652,1.0166922946036239,1.4193241344085414,0.09905586295009493,-0.7770742705697257,17.886104200258117,0.0004934732318839005
CFLT,6841930.244897959,14076985.3,12477758.522222223,62.357794168304636,4.4301631787173505,0.9446221530026611,3.0595280533118885,58.67894870228516,13.933819492176847,30.989999771118164,-41.828154934171366,0.5873262864527011,0.6459273675010825,0.08814603274780221,-0.02609859346517826,20.968075206174863,0.00034187085755423994
SMCI,54830971.11553785,40310816.666666664,32420056.666666668,98.09254148789945,116.72549291284689,-27.97767337318966,-25.0,-55.77142987932477,-33.827303469982986,23.219999313354492,-66.18349366456124,-0.10333091277727523,-0.13476996242666592,-0.09911041951138505,-0.12561092482734695,5.7444433716627135,1.9987461221682388e-05
MARA,46722373.70517928,49656966.666666664,45165224.44444445,89.61849753748402,82.59018002274676,-0.6841552620853508,-12.108979089222727,-53.64555820245139,-29.871175646997372,8.710000038146973,-70.53415072630399,0.0289055312028478,0.04849423546649472,-0.004289960621847727,0.7514095332451654,2.60911245054086,6.102195438971489e-05
RBLX,8440907.17131474,9316820.0,10394541.111111112,52.63085429246115,59.899426190542115,-9.034505228929168,-25.74428304329066,-54.9737823143434,-2.434669672358314,60.11000061035156,-63.33003620890443,0.25662129387373783,0.34744504218902117,0.1556067963528796,-0.45694719751633894,8.203810948788346,4.428895998641446e-05
TENB,1363070.717131474,2994640.0,2347534.4444444445,35.26087109886924,63.1895107821798,-16.99716869498812,-22.657279904298587,-40.44715565347301,-50.0,17.579999923706055,-53.35589017888629,-1.5862119951212195,-1.9258726903450702,-0.1746708912431642,-0.552232072381764,4.545325771340213,0.00039400831220667306
CWAN,4319535.258964144,5232803.333333333,10432623.333333334,38.46374277987417,8.20329275343719,1.104495800430083,-1.2857792013406977,35.30414457420583,-10.961467846439954,23.799999237060547,-40.55368269567378,-0.0813081312554472,-0.10280114819121873,0.09387402104590228,1.7692223880653595,14.104904720355364,0.0002730562203995018
RPD,1023724.1035856573,2248670.0,1632411.111111111,50.66145212768329,66.29707205991447,-23.721592121349644,-62.368607475149005,-71.20643434103047,-80.43002995246296,5.369999885559082,-80.79446108470164,-2.4196759162883237,-2.523220203510213,-0.3848675100851163,-2.185851046434303,16.755780050364294,0.0009876182870975
ILMN,2102184.338645418,1723836.6666666667,1883825.5555555555,44.798016444840954,40.206371965165175,-0.670623988543062,-5.187948294343448,28.277938911063384,55.5691274135951,127.37999725341797,-25.66417362133443,1.226813973808573,2.218408661444928,0.04389809298210118,1.3009693282970203,11.906568631979587,9.135956849901611e-05
ALGN,1075115.737051793,1318640.0,1319018.888888889,46.66441656882175,42.406676332607155,-2.84738031105336,9.33795259771033,32.556340441969,4.037084125173429,170.60000610351562,-39.726822828367744,0.45071145970844845,0.4419407887857058,-0.07174061261042429,-3.570708734823932,48.29177994857548,9.579712691377604e-05
INCY,2152195.6175298803,1671026.6666666667,1916765.5555555555,33.34188138489325,23.944884280804864,-1.438406965520278,-5.413131495648715,11.184517457590015,53.90662199111402,95.93000030517578,-18.332275209380544,1.5060052478070254,2.329270387251152,0.13190021309511588,0.30733409878013834,5.309880737295487,9.619271687236334e-05
BMRN,2095428.486055777,2219146.6666666665,2546208.888888889,34.070566529375505,27.795934260071668,-8.370479974193323,-6.644240054243777,-0.12596670003354182,-18.76463663947504,55.5,-24.677986952082552,-0.39412532647080717,-0.6647168141314679,-0.06597923985573131,-0.24500112385781966,19.834001598711026,0.0001084453340227252
ALKS,1920404.1832669324,2800830.0,2172750.0,36.174089717406126,62.861882732637056,22.892415110372234,23.283792888937292,11.452334924804042,6.707499308914744,34.84000015258789,-22.196792118852706,0.36870483626783884,0.5586528472343745,0.08154754462180523,0.8108505768664723,7.12538875283426,0.0003046290272531928
IONS,1839689.4422310756,2462446.6666666665,2201793.3333333335,45.267279451697,35.814533025729936,-0.49228675965135027,-6.125263418570215,9.34210416242578,160.50157889408055,74.79000091552734,-19.445086352397944,2.2621389008400743,4.996136111505337,0.14542940659066955,3.4389926507042685,43.96621024106201,0.0002574257892272448
EXAS,3031371.139676113,2463000.533333333,4394429.855555556,51.85339632102104,3.5628129134263977,1.4603502069122865,3.0347711417664014,95.87378822291306,129.964941074967,104.91000366210938,-29.5626746596657,2.1585489932363666,4.0367792326919885,0.1261959757010103,1.4603295541668915,20.919344212803573,0.00015354693977285322
TECH,1696641.8326693226,2347136.6666666665,2197138.888888889,41.15527267268602,40.22811298209709,-4.9382686557058575,-10.81059152606193,-14.199945012407934,-8.462028962037238,53.130001068115234,-31.527494212995165,0.06103255407622874,0.09283556890015371,-0.013499859340967762,0.4789144225778316,4.159930744744539,0.00019279755509980318
DXCM,4476829.083665338,4000936.6666666665,4901730.0,49.79242025770369,27.99363002418706,-11.981894084278421,-6.492334889367479,-6.351597028348643,-8.687992694412404,62.220001220703125,-38.74678778028843,0.03762851612358729,0.047265399911764996,-0.10388339408171253,-4.352373387036327,58.16750900305174,5.0335400677949734e-05
VEEV,1312465.3386454184,2099416.6666666665,2028940.0,34.13186419348096,33.96002823870432,-11.261859688872,-20.734433744885205,-42.158984412690096,-23.201200280873813,173.97999572753906,-43.83449650331461,-0.5585319785287086,-0.8367305913839016,-0.021455863126356094,1.212893642163092,14.767831216799763,4.932301216278637e-05
TFX,648997.0119521912,901310.0,885087.7777777778,37.479464767286935,36.72284567133432,0.49475548254962476,-3.4708527658438126,-5.561846026636886,-15.710352550956408,117.80999755859375,-28.41724619832292,-0.22065632323609569,-0.28845303379376125,-0.08693602724305033,-2.3439248439370104,19.98506203523877,0.00016812164179518137
STE,603273.3067729083,917320.0,758273.3333333334,23.220299239594176,23.61481702026074,-8.301533792707062,-12.30754039157903,-9.543635632491188,-3.170470186035057,218.7100067138672,-20.755610655621947,0.03204655291113339,0.04912433213572341,0.015961593358153562,0.799660754881399,7.254523339971106,7.747033108168213e-05
BIO,272949.80079681275,302036.6666666667,251496.66666666666,39.29910697512053,27.38371490481546,0.3440459661247619,-8.281193595537061,-4.842985478843054,14.039583480807405,279.989990234375,-24.48565193271707,0.5691852495279797,0.9050857322446545,-0.001360325476742625,0.6800351807439221,8.055469713241706,0.00023807860597719536
HOLX,2379972.310756972,3041866.6666666665,2816687.777777778,23.05935302080297,2.5677045319377045,-0.1320111869585361,1.4619152400435098,11.397434025008145,24.917436939232118,75.6500015258789,-14.524232912842672,0.9602722074858197,1.4786451802694403,0.005525173655701299,1.3156396908405972,26.27499474450696,6.0714325770705966e-05
NTRA,1331458.565737052,1257146.6666666667,1215547.7777777778,43.61083044425036,48.65543940550432,5.4986285743388486,-9.115539653982086,29.81710692952433,45.23743027921348,207.97999572753906,-28.203617028856986,1.1487406771051842,1.7470725130120492,0.19878913746408347,0.7680479156990155,6.232999401757681,0.00010476806248689085
MEDP,349383.06772908365,319216.6666666667,314274.44444444444,56.05628513122692,33.65510185064305,6.169839182286507,-12.728104218311353,-7.055595758445254,60.11951892382961,498.3399963378906,-32.960571304537766,1.0439959399673007,2.166715145330181,0.10119445879955635,6.875922851619172,115.79564361070076,0.00013823000656485555
HRMY,667273.3067729083,1107163.3333333333,819058.8888888889,44.60876276048094,57.704512044309276,-2.7008083184216547,-25.789194814175364,3.6621806197842277,-14.724866854981922,27.739999771118164,-34.485307294076264,-0.1567919645174047,-0.17823478588699795,0.013598637306203159,-0.8415443271413046,10.325732376419685,0.0009663950006119275
PEN,510739.8406374502,668423.3333333334,862007.7777777778,37.89587951213604,9.038108366992812,-3.012157217046263,6.7674911172863395,30.324659036891077,19.11302616963415,330.3599853515625,-24.76482947343689,0.7107203605833003,1.354403547082624,0.11351986116411483,1.6590656106513946,9.39474002720281,0.0001520340255303476
RVMD,1937946.4143426295,2215516.6666666665,2948385.5555555555,49.22568031101899,30.103926300819182,-0.5218753976833357,25.436607134150393,116.89278138254141,186.47400901106502,99.12000274658203,-24.953350648579008,2.245752429787492,3.905153151942802,0.2763488344846271,1.6910880031189097,17.0525713502271,0.00027893644337254644
PCVX,1385415.737051793,1387823.3333333333,1403406.6666666667,64.67668968436841,39.85575613066126,0.22317779933946902,25.656483466497427,45.477197892477264,73.28585172999189,58.380001068115234,-20.60476070557509,1.3466465814730002,2.151403979857146,0.06837760878118587,-1.3827516841452676,44.03559526362222,0.00035205045074407376
AZTA,694850.0,958243.3333333334,852655.5555555555,51.77918508023258,54.04074200225498,-8.713197559455566,-32.225218405417664,-28.1359183066039,-36.09150167104425,22.6299991607666,-51.475248883194084,-0.369162789375577,-0.46514506158950103,-0.13699799075441138,-0.5555075269748292,7.777365299281799,0.0009415529730221173
NEOG,3722193.027888446,2555283.3333333335,3462191.111111111,60.98300337482952,49.0250747172773,-11.973805268618133,34.428569248744424,62.241371344159504,9.54597997972304,9.40999984741211,-48.894065325912365,0.5234688902838788,0.6555397813988169,-0.008923942005576606,0.35128151728820345,16.53075288357492,0.0008607837873837407
AVTR,9211681.075697212,9442193.333333334,10993362.222222222,46.11842777024224,32.78479450668089,-7.276999167661757,-31.064571823118214,-42.62890462786203,-51.50399231815088,7.900000095367432,-54.51197402727567,-0.9597239563581019,-1.0804701057455504,-0.188269492281508,-1.4659624598668104,12.951535593874535,0.000138707760694477
ENSG,408834.0637450199,365296.6666666667,377777.77777777775,25.95485899407918,18.587847641665313,-5.121186946049782,13.088647199373371,13.123762816058026,48.891754483268635,196.6199951171875,-12.755155244453443,1.6348202146195367,3.0050589237163905,0.1102542705501813,1.069832149749881,13.345765308835578,0.00020586788120890816
GMED,1247296.2151394421,1114660.0,1333125.5555555555,44.353152249095515,30.504851032840136,-1.5343294126272,0.7101891128456383,51.42954889661888,16.45032870058982,87.91999816894531,-31.27152398722062,0.5902358589907483,0.8948846597843745,0.14056056783348772,3.8998678955605426,67.69484762791471,0.00016638801076895155
OMCL,548201.7928286853,617570.0,638410.0,54.35279718646706,43.86022030230726,-19.17159402158839,-24.34647322190654,13.90927967749902,-3.694296650919471,34.150001525878906,-37.05001195108517,0.17072539431776643,0.21813817337926944,0.09806225517197803,3.099364936428584,33.64068109993463,0.0011152737351321762
GNRC,980462.3505976095,1057713.3333333333,1116725.5555555555,44.274794033502616,43.33860843130504,-11.297473377140143,37.55491703912457,14.177298703420371,51.41988409128895,194.08999633789062,-32.77298939414523,1.0798056871155053,1.7312460723260192,0.12087235875635309,1.0760888465753482,8.831663070144067,0.0001320085433314945
MTZ,921769.7211155378,1092430.0,914437.7777777778,42.36386084975924,44.837733044324835,13.86725834737954,47.70481397548272,56.104925500412506,173.9084344645524,336.25,-14.130827020712477,2.744936831748591,3.754767535946606,0.2884348336614463,-0.46702966507651933,6.382480959266802,0.00014979389266016422
AWI,332123.9043824701,690693.3333333334,496968.8888888889,24.94919736302345,35.58566874776098,-3.8958784031266847,-15.997009714544241,-15.552050231799551,16.1792085372346,165.02999877929688,-21.2934663306096,0.7348083189822404,0.9910302403211071,0.07497925826689471,0.1354938826416447,6.41555062521727,0.00025906521716200284
GFF,386443.82470119523,320550.0,320463.3333333333,40.52752295772201,32.77137800555715,-10.512466666207809,-4.579435098829576,-7.384872464715886,-3.736325390886386,71.41999816894531,-27.85169506493833,0.15017862102653606,0.2155270904654286,0.031705193005553495,-0.19205280422272109,14.20275591260641,0.0006501891648822224
WWD,517508.764940239,596940.0,645114.4444444445,34.47450781060565,43.180917752335304,-3.8309313999034256,19.694863986894017,46.434524375469465,96.38819438494399,371.7799987792969,-17.276746927849405,2.0307872669206097,3.1498046031090516,0.19798863744574358,-0.2201299252314556,14.458708836521918,0.00013890547898538888
FIX,439918.52589641436,469193.3333333333,544983.3333333334,55.55926400951638,64.56893798374622,5.17024231527774,41.27836155545144,70.3283321772341,315.213327746904,1417.18994140625,-13.769863769166657,2.901117082337165,4.848733869925938,0.3601379303480805,-0.1834621203992278,10.733222338719477,0.00011954298221530905
ROAD,473666.93227091635,547376.6666666666,545958.8888888889,46.91975274944704,58.25096323007543,-15.712806093556186,-5.590231872093909,-16.385028506006215,38.59947287275958,105.88999938964844,-26.554046898735496,1.0226294099499549,1.7806583621651535,0.16386056879491592,0.4612693077497773,2.785679739183371,0.0006225785229508826
DY,394058.9641434263,449800.0,444423.3333333333,40.164766997958296,44.18925563479249,-5.90032338007862,0.16975380999970646,19.401196902860264,120.4178541456812,348.1499938964844,-24.433946272218954,2.2269133375654517,3.601239745878274,0.2119747116803778,0.2666579245063678,5.115516087397706,0.00023876671017936194
EME,462595.6175298805,402936.6666666667,374458.8888888889,40.008661725891656,41.240695399332765,5.186294699777427,18.492349914892813,14.653198939816692,96.87431209007917,756.2999877929688,-25.150576438754634,1.9494940614355656,2.3637492509744096,0.1804181352148071,-1.4736209469357877,11.26039229217747,8.355082916463468e-05
WSC,2523181.274900398,2304560.0,2308376.6666666665,47.48302180078349,55.48578773429805,-13.353265301079787,-10.383381855279083,-18.371126981806274,-39.27085066534267,17.389999389648438,-52.530155507463974,-0.5830499100539919,-0.9021423054718514,-0.13987002822216665,-0.007079718557968559,4.201318697565027,0.00033331605262045113
GGG,819853.5856573705,1015080.0,957045.5555555555,20.81459628219417,19.781477550435227,-7.275914129101624,2.7421305509846228,0.38976304937314854,1.320120707399286,84.62000274658203,-12.547262661734448,0.18298019671212867,0.2654552738228991,-0.0032472947139670374,-0.15556142833300285,3.740760238140575,0.0001525755104542982
RBC,174578.08764940238,185543.33333333334,196536.66666666666,26.609262649668896,28.7102586672553,-3.1710441091844177,19.468596774791138,46.166564341886726,62.64874365269857,548.1099853515625,-10.345536468424077,2.0129749821324237,3.4649307674000136,0.16146497690645487,1.250745361857499,5.749605070704808,0.00022085418919713635
ITT,541995.6175298805,1003650.0,1020397.7777777778,30.084061948649314,34.50290645320225,1.516442120525463,11.125558390011236,6.836430224887535,45.99555471612655,193.1999969482422,-15.565054478711138,1.3654365629867713,2.009446416550406,0.09710027297240613,0.5637166001879259,7.531622611099282,0.00019347752707090014
WTS,175962.1513944223,180866.66666666666,188325.55555555556,26.39326519149556,20.401474521687263,-7.743397822344766,3.8753464813470417,3.289165403190597,39.60699358364095,288.9200134277344,-15.450706367752009,1.3656910203898822,2.3755073425245796,0.08285204624392185,0.988675877072805,6.519741895717617,0.00031732888833461254
ALLE,844598.6055776892,871756.6666666666,885007.7777777778,23.90612660837741,21.373523440702215,-7.005153063883062,-12.004257526273287,-20.336478019668846,7.541910132057317,141.05999755859375,-21.23605230954234,0.4406233655484286,0.6671294576949568,0.029812104264256498,0.2729844568875069,7.900823674527523,9.327903545310466e-05
SITE,493181.6733067729,622893.3333333334,625003.3333333334,38.938528777564166,41.08368621796832,-6.444233615020767,1.343355459757345,-1.4693360392583732,3.334689186308437,126.73999786376953,-23.520953827425362,0.3303360126880496,0.6769300457582235,-0.025564693702675993,0.4989822183568814,2.08098310486649,0.0003041680632015944
TTC,913349.6015936255,975360.0,998162.2222222222,30.217844812802753,19.588954525654284,-5.880753578377195,16.11993223774284,22.946666669365,28.03073401711935,92.69999694824219,-17.21715082607783,1.0431869698894554,1.714513441834337,0.03802312628155674,0.9119509890888685,10.856620603208386,0.00018935506002575362
AAON,866034.06374502,868326.6666666666,937610.0,52.69706208121507,52.62286353503238,-11.837156293426677,2.869637456523577,-17.08277091121714,-1.1900903390126727,81.36000061035156,-32.763399031061724,0.330468492869632,0.5067040052188693,0.046024359337314524,-0.6432073314742194,8.559836115902407,0.00031688087067106494
ESAB,354883.46613545815,627083.3333333334,520670.0,36.59982302042716,46.19332570754337,-13.16799706159043,-12.527762577436373,-12.33364385460588,-19.799299715505924,98.37000274658203,-32.25041736454005,-0.2970616409846525,-0.3693788634655492,0.0019563005302065616,-0.28417873358510115,9.494055379249842,0.00044874585782076994
MWA,1435803.984063745,993326.6666666666,1199468.888888889,32.1788388852786,22.238442805860632,-4.391426190917292,15.770202517313137,7.281866087296041,7.113339629642823,27.649999618530273,-16.11083470318023,0.42794978466809624,0.5794249096361076,0.1390790346820715,1.315513424154714,10.823408227437358,0.0004595477635302796
ZWS,1022907.3705179283,898346.6666666666,948964.4444444445,27.45300422196464,24.051881962890743,-7.0602771798172315,-3.698003494109703,-3.58783871162488,35.64143341949138,45.02000045776367,-17.024199147258834,1.1912991895721585,2.1037999363360638,0.08430905531611797,1.142500032790177,8.253979352197176,0.00036376816780656215
SPXC,331409.561752988,451096.6666666667,500886.6666666667,37.7540538610537,47.935929464429314,-6.894762166670343,-2.9371255446444255,5.0924187802510845,45.47264443982397,197.2899932861328,-23.152563597804576,1.2623253509231345,2.008752413274545,0.12528715680345393,0.3105628453968596,4.2964411534497255,0.0003710243347366363
KMX,3011261.354581673,3095683.3333333335,3622174.4444444445,44.02441410787541,34.8312108519143,-1.9500587626682164,4.93763955587565,-10.505752517145439,-50.18726445038446,41.22999954223633,-62.69179604545339,-0.9308161117212751,-0.9561792230705514,-0.10049226725489016,-2.471220959750247,19.279110848509735,0.00010777325237668915
FIVE,1657905.9760956175,1171860.0,1199772.2222222222,54.34759862586972,41.385818749563,6.198964976999255,21.680022281224097,50.26492726529956,188.85753535441293,235.38999938964844,-31.586695960896005,2.3201019681727,2.853124118222613,0.13189132675516424,-1.0760293602335016,17.50207954766892,0.00011775946145583732
DKS,1306196.2151394421,1297666.6666666667,1403532.2222222222,41.14000446567699,27.51931888571732,-4.55725648046924,-3.6038716692053385,-15.759198878570501,-7.056721123153764,191.75,-21.278600040423747,0.10418131951379886,0.1505445369232546,0.022941831380316805,0.6582098567698722,8.252108044710011,7.225197745255626e-05
ASO,1606279.282868526,1731443.3333333333,1650302.2222222222,45.59485060913363,46.565701518935825,-4.764771051247452,10.282941013793101,8.837146336201585,21.71901014333315,57.349998474121094,-28.40646587696711,0.6740157105878211,1.0093062536812438,0.024815125583136158,0.49802442945886616,8.166819134835304,0.0002541360448585341
BOOT,736399.203187251,647296.6666666666,635777.7777777778,49.4295794410777,39.998277531549526,-26.845633426824666,-27.578631449440206,-20.433268059572786,17.683940320264526,135.16000366210938,-35.012978921697055,0.6376215394315176,1.089407831012344,0.11225133755109727,-0.01335889052193402,7.005299972777383,0.00020249207679069124
WSM,1703590.0398406375,1370163.3333333333,1212958.888888889,45.52213375088277,33.88666347990414,-6.932175434066412,-3.785989639876053,-7.527030689903547,10.878134558240493,180.1699981689453,-20.564646421970558,0.5503444403943143,0.7921208177251332,0.07690872645028742,1.4307211934071986,19.222608114982535,7.350886995563314e-05
RH,1047823.7051792828,1575673.3333333333,1210958.888888889,73.08345054568657,81.33589440211935,-25.163248712020724,-41.33705757914713,-44.32503909788724,-54.497695485369,113.45999908447266,-55.03984124537008,-0.46393648659601494,-0.5838047448240455,-0.0827996799334882,-0.4646340290405897,16.54639269981566,0.00013303951952851875
POOL,528629.6812749004,803316.6666666666,809825.5555555555,32.23610484692047,25.692817060809993,-6.323400448687922,-11.131410273544207,-34.257837691569314,-36.50952632564904,202.92999267578125,-39.778011428867345,-1.0757555305747124,-1.529302526704393,-0.10421753203208482,-0.1649103857387591,7.154614909628826,9.565527170778017e-05
DECK,2815657.5697211158,2255113.3333333335,2801651.111111111,49.36764136302659,37.00849641791869,-8.616847104184567,-7.9408215041045,-5.289022477606842,-16.672321782218237,98.30999755859375,-38.517427597119834,0.010343867965917469,0.01348101183895546,-0.03533385527721587,-0.4756617840420311,12.593380759014252,5.6838915073458746e-05
YETI,1798938.4462151395,1428413.3333333333,1618748.888888889,43.92343344191808,39.47755635522176,-13.469775787130821,-18.911684909409875,3.8263853086010435,4.72350038015128,36.36000061035156,-30.076817648380793,0.39664101170304455,0.5766875631487761,0.021895882092242882,0.7734344724761767,6.031097572483285,0.0002988963892951157
GRMN,898710.9561752988,863990.0,993330.0,36.088072097591166,29.72660780719558,-0.6700260872537722,17.842719549228605,-7.0444050026159495,10.772239184389697,237.64999389648438,-27.97474465084665,0.47464376489855165,0.49643715263768656,0.12886050810724273,1.978274432303493,31.048643083043533,6.886835513051887e-05
LULU,2959064.541832669,2919030.0,3508270.0,44.92474868995,39.415160404023105,-10.081991103767873,-26.132534972673007,-12.615037100179261,-44.92661318454354,155.72000122070312,-56.49333191059394,-0.9356206144033106,-1.0646674963052805,-0.13371703267913265,-1.017718237049957,11.248828375023985,2.8309918005403563e-05
FOXF,647305.9760956175,841093.3333333334,752273.3333333334,54.09399542539324,52.77999307591281,-4.2808218059586345,-3.731341077402328,-33.399522420511744,-32.56936111032075,16.770000457763672,-56.62611099451955,-0.25973947263365094,-0.3121515235530716,-0.1548920920545271,-0.6106237959956649,10.004158435699798,0.001401497282594874
CROX,1537518.5258964144,1269090.0,1294028.888888889,52.110154848994085,37.54964835265543,0.44423429285020966,-3.783776195059807,-2.946628046469568,-24.99551463562596,83.66000366210938,-38.97389149676525,-0.17712098659186826,-0.21635091915564114,-0.04574500504153827,-0.5195771237931638,22.05495669485899,0.0001326262698823861
SIG,1050547.8087649401,1127423.3333333333,985598.8888888889,51.389206871825856,61.53773733050605,-9.464364736502596,-1.463247157472436,-13.901577020186961,41.4822211219493,84.8499984741211,-25.6886824122015,0.9616308688125199,1.735826484224106,0.015861072530020916,0.008457417016675994,8.247540183981952,0.00026845885993911504
SHAK,1233245.8167330676,1465986.6666666667,1550243.3333333333,47.106170698711615,51.08633377245704,-7.707406771266911,7.020487030852118,-5.520889531696405,-6.665967312137422,89.33000183105469,-45.70160993494038,0.2046175518259163,0.29589161273184605,0.016462397260210523,0.41974911528671893,5.250798080342443,0.0001748094890783371
WING,716074.7011952191,1191916.6666666667,913683.3333333334,54.892433828481366,59.16378885063537,-35.38807030808546,-40.54515225240767,-42.35453985693394,-35.082356641079734,152.50999450683594,-61.88885057605069,-0.3882128086882996,-0.7582556977948364,-0.1162555406684167,0.7382375067474537,11.13564240316598,0.00011171805159580912
TXRH,948004.780876494,1019616.6666666666,949136.6666666666,26.5345708494156,22.397789444477148,-6.480234609816016,-4.4718747596381725,-0.42960188553501366,-3.855810589486486,162.97999572753906,-20.208734578622323,0.06858974706247126,0.11888152279531516,0.03290582203957854,0.43839271928975587,2.0359791505719795,8.03981481660148e-05
TROW,1626229.0836653386,2587520.0,2192506.6666666665,26.71915368834061,19.916222801030344,-0.5726922982118743,-12.536659636798186,-8.923019020360613,1.2117739949268902,90.16999816894531,-19.75633180521006,0.24637316027632403,0.3594039376138026,-0.0205971050647375,0.4889265979650268,7.183097718615462,7.696277390946901e-05
BEN,4459897.211155378,5214783.333333333,4972212.222222222,30.687645322163725,32.81840298621729,-11.805412228932965,-0.2437650416910686,5.053500621928997,27.3239401830641,23.399999618530273,-19.21164773947487,0.9638555758820753,1.4169031091481543,0.009808421048274084,-0.09853827823818931,7.897648037814658,0.00015237577256123775
IVZ,4830218.3266932275,4939886.666666667,5529606.666666667,36.10112416921139,37.09797509876884,-2.3857669369553802,-9.670280384931008,3.980585292088601,60.158940162698535,24.139999389648438,-22.625872446723093,1.4444395971376962,1.9860952955864215,0.1171786425408468,0.3927142202830084,7.470274542502882,0.00019523357503496187
SF,1109325.3984063745,1561836.6666666667,1419682.2222222222,31.0763444312315,33.12046692177512,-1.3452345652617104,-13.009519355006349,-0.044672815639335006,17.140559820335866,74.06999969482422,-21.0117426618288,0.6924436036079191,0.8725576322625159,0.09911400023583385,0.5291229831560027,10.72008974156907,0.00019846589545096052
WBS,1686925.0996015936,5206060.0,3442403.3333333335,36.43389293325494,21.470946096670286,1.0277925096311646,9.95586687061909,19.85227306227133,39.34909644883939,69.79000091552734,-18.8968794765205,1.1603985837699637,1.422560920604986,0.11054452878080871,0.7718363315003975,13.8477877808116,0.00021886329950430376
PB,764415.3386454183,1202266.6666666667,1146140.0,24.774823994223155,21.745344271193822,-2.6188590576945114,-2.8566161533389867,3.99941799266903,-3.022007501724411,67.0199966430664,-16.445335285753735,0.05698945415808178,0.06968089487511304,0.03837064041135171,-0.02154235206671786,5.139346339042392,0.00025784004085581115
FNB,4484364.741035856,8641476.666666666,6530603.333333333,30.69259479265318,30.580205153411384,-0.2366805271099115,-1.2220556459954235,6.363620556952387,27.307541140755,16.860000610351562,-15.897441879857743,0.995043024869074,1.1594642920980163,0.0741690007390555,0.24823874157150075,10.161086747453265,0.000304275750670673
EWBC,918227.2908366534,1221956.6666666667,1011680.0,31.689964427805123,31.07593333855015,-1.160786087116794,-4.60866717709294,4.891967170672529,23.25780966551667,108.98999786376953,-21.730022480654597,0.851336589724265,1.0211237629180283,0.10290985575957931,-0.5406437647872159,7.302011428089893,0.00018436527704277083
HBAN,23345352.98804781,28137373.333333332,31072395.555555556,29.46678838721927,29.00973018404643,-4.372627944306185,-8.749165312170494,-5.5683160171663975,7.806865123491713,15.789999961853027,-21.262002716052887,0.4514923835341823,0.5510744388538233,0.06296545000594406,0.06324917662380605,8.80058638617396,4.226538322902132e-05
ZION,1634538.4462151395,1789503.3333333333,1744986.6666666667,35.35872623043736,35.93503336624254,1.1308307777582405,-1.183450025387578,4.726863598183506,19.100664570414615,58.130001068115234,-20.65933944976489,0.7191889890396714,0.7877023103128917,0.1005186703609168,-0.151438166807158,10.174812235749942,0.00019166028468632415
CFR,457803.5856573705,583723.3333333334,524932.2222222222,27.722632409029043,18.993265667376004,0.7562048674128574,8.869855293135798,11.80024848537673,14.505252761547883,138.57000732421875,-15.197183531022585,0.662888624351723,0.8237075495754151,0.07404689025707199,0.2725110746231165,8.676159079605767,0.00023380965058167504
IBKR,5332993.824701196,4715950.0,4612240.0,39.40766442584015,39.12017877778622,-0.4555549949828763,0.8668089896116005,-4.304015347887235,56.243535178308534,67.73999786376953,-18.696242504848726,1.2734269238901657,1.8198184180275894,0.20465504949545676,0.1159451187115962,6.289168076073807,7.588876751423746e-05
SEIC,715196.812749004,824526.6666666666,716643.3333333334,22.89263607879504,21.529049447004745,-6.142596865411532,-7.2280446278668915,-8.690939992061232,0.4391864527939937,77.01000213623047,-18.777282355557112,0.1600854474111533,0.2395951023995796,0.03152300512933611,0.5516920434342989,7.146690189220104,0.00020751490428984326
ALLY,3515359.561752988,3843166.6666666665,3557055.5555555555,33.714311553905034,37.19518349599928,-0.1503793759308536,-12.314886420852433,4.077613922089696,11.115725055045477,39.84000015258789,-23.040842154625018,0.5081452734035744,0.6812213848199061,0.03947012038595144,-1.142259538072805,11.736424102636992,0.00011616139827713096
LPLA,816709.561752988,1042840.0,886748.8888888889,36.70036583735613,38.167745891873295,-7.247277678044317,-18.71472692506424,-5.977730655264246,-12.924792301242693,293.6700134277344,-28.624220197894434,-0.13321524011960298,-0.1645831153629141,0.05009329516720343,-0.07206739254216143,5.358496788211724,6.362215250260268e-05
HLNE,492091.235059761,879563.3333333334,648752.2222222222,38.88093846187007,45.88829538721818,-13.928101353085353,-30.70664930750833,-24.86741600822987,-38.38485782374887,94.19000244140625,-45.67924467899016,-0.8242344350999515,-1.1645154138140126,-0.0006058899216622058,0.09599099407616649,4.70712444797509,0.0003127496585498821
STEP,719957.96812749,1567570.0,1088624.4444444445,43.62288415049431,60.5477673953465,-1.196975446470594,-28.941453132628258,-26.481072111628777,-13.134812840740139,47.04999923706055,-43.09865476267147,0.005058202340739544,0.006530039955008997,0.10593859786250434,-0.14865062519804173,4.54925339278264,0.0006321432976714601
CBSH,808893.876494024,1338900.0,1268602.5,23.465873147231093,23.115031953107394,-2.6446683171335583,-4.005112290751301,-10.118463663664324,-14.295262295014277,49.880001068115234,-23.442375858175634,-0.5054196397982634,-0.597266543084597,0.02832649423722434,0.05193381275785691,7.645809948299792,0.0002680876383887126
PNFP,834294.0239043825,1550923.3333333333,1538881.111111111,35.30148260017588,31.74545252036719,-3.465400472902891,-7.5641606039802305,-4.450236668612684,-17.092774217631334,87.47000122070312,-30.645512957468625,-0.2732708660937802,-0.30454600790700204,0.04316688668198251,-0.22542634539252895,9.653189484449431,0.0002705659784185035
NOV,4032099.6015936253,4883776.666666667,4480886.666666667,39.694879859674884,32.404788248023166,-0.4183366216630069,14.995276332504615,43.29521855618206,27.54482663923914,18.780000686645508,-27.38561790941145,0.7483681276638973,1.005042917548846,0.029072150862666093,0.20591861408418888,5.985461772890153,0.0002982092316102528
OII,877151.593625498,1351840.0,1127435.5555555555,45.92371352069061,50.86773417114404,3.2520406249768152,43.098594878926356,47.18543707731031,57.69402472905077,35.560001373291016,-29.268291135675174,1.2043547745583991,1.670981865405065,0.10806488037333317,0.09913889100485287,3.8065876265999905,0.0010114971430480097
HLX,1756229.6812749004,2286240.0,1961317.7777777778,47.56798549933115,66.62958736529282,5.0273230308709005,50.15624239807961,49.455675166950485,13.05881949032055,9.609999656677246,-32.94117871452781,0.5013314766351311,0.6936586139488448,0.0049045486042469805,0.08933567374739607,4.2788107475213,0.001643394643328004
TRGP,1674578.0876494024,1638676.6666666667,1483081.111111111,30.948545221548606,23.33672565336563,2.250953937685063,31.503331028899574,52.00770006531559,21.588070473717956,244.38999938964844,-28.052506155378122,0.7823395584602123,0.9088881265716525,0.17675628407002503,-1.0690955211131368,5.4722954851535,5.414101632305662e-05
OVV,3467596.812749004,5240590.0,4415257.777777778,39.68755482778577,29.645869991768524,13.062869899677064,46.962180950586486,51.54405891447333,37.82028058915159,59.18000030517578,-29.36112318812898,0.9536702559111131,1.1989324502383896,0.06074174457283614,-0.5569829220212621,7.042435990338133,0.00013548146143543146
AR,4687576.294820718,6420383.333333333,5979743.333333333,41.94934557402603,42.57749784902091,3.957853820525692,18.24028601421106,20.78231930620582,-3.6904743739536783,40.45000076293945,-31.772495038627945,0.19982479644568757,0.24916283178282714,0.09887223246271212,-0.5828254247909282,2.6746311733171946,0.00012606772647098173
RRC,2732450.3984063747,3747173.3333333335,3365321.111111111,35.06761648348074,33.55403039803166,4.115627631705587,23.375540762489333,13.19623295284751,8.028021646278827,43.45000076293945,-24.149893592244055,0.42154609771963863,0.5194251226133025,0.07078130443639528,-0.5619087809764509,2.604388013136932,0.0001760527340329043
SM,2721623.505976096,7396406.666666667,5748562.222222222,50.70229393146016,58.10068311329629,20.725598969323666,61.43026436787966,27.224037377655307,4.933914709756926,30.6200008392334,-40.29816327563102,0.4170433319537146,0.6008243791798603,-0.04225396013875813,0.08483168382411403,6.016008314385257,0.00034066900006654425
CTRA,7388139.043824702,10834200.0,10026555.555555556,28.423278197780714,29.676636509589926,11.755526486359669,30.871598605983074,51.651969520282506,23.29786269071745,34.560001373291016,-22.04208095374223,0.8176759927401176,1.0245277409538462,0.06875252909820893,-0.5566741735226944,2.4727260750738327,7.66494872636643e-05
PTEN,9424566.733067729,10908363.333333334,10266797.777777778,51.13882141055945,36.148366529918746,20.022618478928322,65.93755150408714,103.85868481229217,30.845359510423865,10.609999656677246,-37.738779978411564,0.7928720975068537,0.9809092942698902,0.04048530663159443,-0.3786949383321147,7.651587614354625,0.00035807783387809656
MTDR,1678326.6932270916,2162730.0,1775128.888888889,42.073196693832976,38.877649810993695,14.342853017788993,46.16924077682676,47.60967222743382,24.232977754277286,62.900001525878906,-29.79130051250971,0.7391388970370998,0.9508881997028562,0.02813106086210284,-0.5132195873408376,6.221457816339985,0.00023959066516739992
CHRD,895398.406374502,1349293.3333333333,906120.0,36.635823840205084,36.81445818175631,20.29066922222018,51.55760369564193,49.25060849844163,31.645939211599416,142.0,-27.752330371028844,0.8658904900480334,1.200026915344418,-0.0018580997460674734,-0.12677809839293627,7.083236603926643,0.00018885628138073866
DINO,2455940.0398406372,3274443.3333333335,2934842.222222222,36.895393681282194,46.223832597308,6.209556000451588,30.914008916775003,19.375530369078753,88.65705068715877,60.720001220703125,-22.90985902205066,1.8136465168070226,2.4028102069048307,0.03741719345000529,-0.3158124141067758,3.7585587745707287,0.00016741677588638635
CLF,18892427.689243026,17752690.0,17041968.888888888,67.11964749403772,52.74750545942324,-21.3483204259888,-38.23529865502473,-33.858269726884934,-3.780068052804497,8.399999618530273,-51.66872667388112,0.43123732348332455,0.5895877133610014,-0.1106098723012513,0.47751766108111854,6.165711334017674,0.00013948582788487473
ATI,1750581.2749003984,2276510.0,1874591.111111111,44.436218284352066,54.06405555326621,-4.896866099121766,23.011752212108426,77.69027005302578,171.7383383444242,146.6300048828125,-25.314071560879768,2.347200868100596,2.9808313319217468,0.2510171584622155,0.23848156602706075,9.653801542836572,0.00016666415922925819
CMC,1019470.717131474,1359103.3333333333,1228266.6666666667,35.83602541673564,38.672143977368165,-9.491718245451509,-13.724639444254239,5.916956243635152,32.53538217329226,61.790000915527344,-29.96034200152735,0.9393601823516494,1.3744427655759655,0.04253526128837604,0.4669639879431531,5.100644045415276,0.0002950516157108401
SON,864316.3346613545,902243.3333333334,970971.1111111111,25.905165968049275,19.61986079470858,2.065886134019057,24.75540490465864,30.187254053370705,19.91410646247649,54.84000015258789,-18.38858476965015,0.7487016367813111,1.0161784295775182,0.023116207032931345,-0.3115743966573327,9.03763332584137,0.0003126836691587446
SEE,1913019.3227091634,3076710.0,3277798.888888889,31.20824284170094,2.0793348334188964,0.7181737858761528,1.8340245959511003,17.64730976786588,47.92253759573679,42.08000183105469,-17.68145822312246,1.3207039996286896,2.060126029379334,0.07178061676728324,1.5697893352398953,15.759783372488855,0.0002526565208429979
HXL,1071946.2151394421,1305636.6666666667,1252783.3333333333,32.134300893551455,37.19334384025942,-11.229411515742516,3.2467975453582376,24.32121226381685,42.77454536928404,79.20999908447266,-18.653019288684025,1.27897318437171,2.086093757464242,0.04666441220398847,-0.04532610768975261,7.228792544605717,0.00022312210386211972
WOR,267871.9123505976,245010.0,205906.66666666666,36.73109793942092,36.913983173483444,0.23263243340785333,0.5605735605093587,-6.221934237817006,3.4268844756193184,52.040000915527344,-29.834705487794277,0.3032350394736002,0.3984909820885181,0.001786925182887415,2.278942972344526,24.285670214056413,0.0013107143427505735
SLVM,346096.4143426295,368620.0,347542.22222222225,40.17463639326877,37.233753757869664,-5.317973563210332,-9.718991478789663,-2.73671310142265,-35.19479203102944,42.72999954223633,-43.71819955426584,-0.7380502167216649,-0.9630639439381317,-0.031108482280456384,-0.35918876202812744,5.973061175309141,0.0009709392688317354
TROX,2619929.6812749,3841126.6666666665,4199341.111111111,75.1558892807577,89.5015702322778,26.098901656727435,116.5690999749704,131.15033390799172,42.091558811119036,9.180000305175781,-55.74763990222387,0.8736618924559173,1.2549514826195067,0.010211821636400855,-0.33084218200588217,10.734947705242401,0.0019225095560168643
IOSP,178250.796812749,288436.6666666667,246104.44444444444,27.966185724334824,26.43990394117714,-0.5793590650815528,-3.2642867116108865,-4.987118674704416,-21.170612536051404,73.79000091552734,-29.61013379262656,-0.7257652657062384,-1.0970106853710166,-0.08406880797542478,0.25808083954443123,8.043981013116312,0.0008837584223608686
CBT,411858.9641434263,431720.0,487184.44444444444,32.61651277227562,27.014902957918153,2.580388744570805,13.920062141356237,1.7539560117443065,-7.744263457909161,75.93000030517578,-29.590320555942885,-0.07038133736024223,-0.11387748562984423,-0.012757089241587251,1.4085210421568435,10.423505728215305,0.00043312499131557505
NGVT,278542.03187251,395513.3333333333,339784.44444444444,50.530654039494635,36.26467478388983,5.804425888933995,18.30586812676018,26.247548577773717,79.79260164855893,71.08999633789062,-24.43095986618267,1.484715984863623,2.125612249154667,0.13182357596697486,0.7068684888761925,8.369572745711501,0.001785931770804481
AVNT,625183.8645418327,794066.6666666666,831990.0,35.51247533763171,37.2147171785375,-9.444089293225,11.488585365309412,9.466790865858332,-4.3876043002432645,35.06999969482422,-28.48177217344581,0.15287902138027462,0.2220471559935605,-0.005958471761489983,0.25646592269107277,6.7256347827534455,0.0007168507651554413
KWR,137613.74501992032,194520.0,153600.0,38.48926442969642,41.81314475598667,-10.880326943454277,-12.959043686616777,-8.422163349257927,-1.4915934669613606,120.56999969482422,-36.45677952609788,0.19807428986952394,0.3313234658949839,-0.06559869585544803,0.857639012369176,4.869655096731698,0.0009328067625279281
STLD,1402513.9442231075,1215203.3333333333,1289287.7777777778,35.64335241767731,36.69914602318941,-4.8543539920472885,2.668232911857249,25.554190701052782,43.403505555106946,180.1999969482422,-20.327535896201752,1.2151595733428646,2.071983236398605,0.07029627184006298,0.8425972682731295,4.495827625189175,8.634517122581795e-05
RS,372034.4621513944,366203.3333333333,352540.0,26.668114629372592,22.544454071702837,-1.4585314948995065,3.6480857400206013,7.841853949809274,5.659944641650028,305.3800048828125,-22.297066506559716,0.4068163900155879,0.4942144330562733,-4.724758035220839e-05,-0.08245743940511183,11.23193566139781,0.00011460075656444562
RPM,776638.2470119522,953633.3333333334,1054343.3333333333,25.64835724509042,27.50358200447539,-6.6151960720146175,-5.124253075895801,-14.922849265296566,-15.068577773871095,97.97000122070312,-26.590283937050895,-0.3961672584813317,-0.5920146607890768,-0.017977575536810005,0.42878728054488235,6.1876082687814105,0.00013682657468075382
FMC,2670849.6015936253,3874406.6666666665,4337315.555555556,60.45111742501662,60.7143669953658,24.806703485050473,24.37152773601372,-42.92865333480681,-56.55420038702057,17.75,-72.11579677927045,-0.7745379291199581,-0.7383067526390664,-0.13921904851728215,-5.0674267656243295,56.16286678768563,0.00025852496625704545
CELH,6906240.6374502,7028863.333333333,5490778.888888889,61.41082712355885,64.7981333548529,-21.995873421198564,-28.6282684166394,-42.139217405485205,-7.265301139987246,34.08000183105469,-47.872338798752665,0.19544258117816826,0.25052325265943737,-0.0871520839821975,0.4726153891772695,9.77223535484346,9.287203876066998e-05
FLO,2625852.390438247,5483540.0,4856060.0,25.90678778948466,29.752308598100125,-8.260962769431323,-21.52444606275108,-33.39147009981952,-52.8024743852056,8.239999771118164,-54.03857645861041,-2.2813397886083275,-3.032279134860282,-0.16728128512810866,-0.5515140718638099,2.658498234913434,0.0003480812616656857
INGR,512243.02788844623,678910.0,685997.7777777778,21.482997706730607,15.814186187734974,0.6974711781294607,3.4581895935600793,-4.3162033605811505,-14.354760947240697,112.76000213623047,-23.938921932622236,-0.7777232748112661,-1.047693265132248,0.016391277273846983,2.7521832435921687,36.67798172486328,0.00014559481973028439
SPB,426235.45816733065,367483.3333333333,353888.8888888889,33.61009162366803,27.778281627540093,-3.229192799445968,23.547448080552,39.17100119480232,6.465959826531931,73.72000122070312,-28.325641258155898,0.3616715488831272,0.6288575538003852,0.004949367935938803,0.9526260056780687,5.65306825227027,0.0005410318644556097
IPAR,213054.3824701195,294776.6666666667,275202.22222222225,32.0038031687595,27.349193736670262,-4.662810398470163,6.986534746652251,-1.9276102582481358,-18.315885879165027,90.61000061035156,-43.011764310420894,-0.48020099316445936,-0.6575742535332824,-0.0405253134573537,-0.07652971605892712,3.434131198374582,0.0007211467014800513
ELF,2295623.90438247,2305613.3333333335,2126625.5555555555,70.21669748386799,67.6532519890304,-25.902593689083965,-21.398275586172055,-54.99963343429515,-9.913094126883271,61.15999984741211,-59.53501110311776,0.32683310089080686,0.3700554283204805,-0.09472637779796689,-0.8432308747630775,10.697233514521038,0.00012628549210285246
FRPT,1076906.7729083665,1881656.6666666667,1399132.2222222222,46.66227367577904,55.02592704287377,-30.273506487179326,-1.2468827613866695,11.444657366105382,-30.712703604397085,59.400001525878906,-46.06202721627359,-0.4546905004042076,-0.7013811337012554,-0.08195019677118537,-0.3402633047216772,6.461875322786099,0.00021785694201448055
SJM,1528979.0836653386,2538786.6666666665,1943024.4444444445,27.322024910970335,32.989002057846484,-14.253633590058513,-0.21164301326062063,-9.650465193703095,-16.15028969438994,95.47000122070312,-19.523926372475163,-0.43768588114846024,-0.5141156756219216,-0.014252764021489216,-1.0850879945505365,14.476222846527733,8.195552137648457e-05
CASY,321674.9003984064,520290.0,390472.22222222225,28.614912802701575,27.885445092747517,10.807710820838334,33.770864025279444,32.69195908184721,68.18888776503915,743.4199829101562,-9.46733770807845,2.0989350571314973,3.486408970066133,0.18889374142908838,2.1327873045173833,17.709803983262123,9.071210188041182e-05
USFD,2136521.115537849,2570126.6666666665,2718906.6666666665,26.281585681312553,22.393272012655615,-2.4308169578710848,20.458205248295712,19.070323292931857,34.03399106719394,89.91000366210938,-17.276803496331304,1.2168390825573303,2.170643020841915,0.1169368129161375,1.0469055551911648,10.046716038543506,8.154539922691773e-05
POST,630404.780876494,743623.3333333334,871896.6666666666,21.954389766174828,22.498851305012103,-4.982006104382664,0.6925649507458775,-6.120158036845281,-13.330453827365684,100.31999969482422,-19.4158367193629,-0.49036889183313737,-0.7745670926056948,0.0023249950996063196,0.6380271728938692,6.849074075540063,0.00015215321692371055
HRL,3362316.135458167,4639940.0,4905608.888888889,24.854768134592074,25.207115944648955,-8.681274638721447,-4.351516655101717,-8.146348210611942,-24.59375176608436,22.09000015258789,-31.00097282117075,-0.9322636456099833,-1.0842594000742451,-0.06173280764074997,-1.9473027800507483,14.015306747771355,0.00012521895767476744
NRG,2859099.003984064,3142253.3333333335,2315565.5555555555,48.99881184622345,51.581792636177596,-4.842330766143144,-7.8197714666927265,-8.212908944164631,50.2582563499469,152.69000244140625,-23.25707946294502,1.1041124342505757,1.6156547916748216,0.2034269703129346,0.8931125083826605,12.09087680288479,6.640080710246344e-05
OGE,1234313.7450199204,1787583.3333333333,1655597.7777777778,16.774704913652336,15.3591344587516,1.0360547397219921,14.851009818745498,9.368916143065832,9.253485205000178,48.7599983215332,-9.651368842828278,0.6553245980229601,0.910508337621577,0.0922626482583275,-0.4359182796858858,1.580833563510216,0.00018008210432317656
PNW,1146099.0039840636,1374253.3333333333,1270934.4444444445,17.062017322687947,15.49330890548971,0.9039086067786917,17.663614304494992,19.223945308113045,11.961656664961584,102.69999694824219,-8.434635910858269,0.7683223994589619,1.2559433982742652,0.09019121752532273,-0.07744894253782728,0.806866183010885,9.487991971041251e-05
ATO,975701.1952191235,1141890.0,1266037.7777777778,15.99932698821205,13.937997113476044,1.936560709532853,12.198865612004361,13.183932304987644,24.459254173351418,188.97000122070312,-7.199424449081282,1.4543657728002353,1.9006961546083134,0.11023787815320626,-0.33256491727314136,1.607925298807697,5.917822412569986e-05
EVRG,2070963.1474103585,2127993.3333333335,2088196.6666666667,15.971605461923916,15.8907524246318,0.7700955895605155,14.310902801026671,10.805988256284005,23.818309868149168,82.83999633789062,-8.012644402250203,1.3875594944170528,1.930411800080351,0.11134669123299458,-0.4778468619931007,1.5495911258930426,6.731121748278426e-05
AES,11857802.988047808,17353426.666666668,11211263.333333334,45.41413756982569,55.84543240017855,0.562587357269928,-2.3662450288272296,2.542142455717755,21.138878442533994,14.300000190734863,-23.266932818036,0.6486893069166807,0.840572717132715,0.016179555652776616,0.3819753989794651,10.751271137526237,0.00011797772938120716
MDU,2237586.962151394,1842790.0,2097375.5555555555,24.43671978610482,20.864899845001293,0.9562183637423116,8.018580886665339,22.268507848423557,28.947122522503822,21.31999969482422,-9.704643416039705,1.2497506519382608,1.6305820465652916,0.10414146382218224,-0.11705745788696527,2.7893235396511087,0.0003657992586840703
AVA,622052.390438247,713186.6666666666,708257.7777777778,19.240133528879667,21.353936172148806,3.5052618277825465,8.015089972099766,15.268847787295847,2.377518619104646,41.34000015258789,-14.013641854923453,0.24276732767583123,0.3280448523409149,0.0623468012001769,-0.40163760955004196,1.5489822139340377,0.0004660575261674979
CMS,2420022.310756972,2949033.3333333335,2806445.5555555555,16.435094941211258,16.478178734800363,1.7875711623897006,12.422660314890566,11.049285512895924,8.435071113797864,78.58000183105469,-8.506526310047791,0.5302982052467651,0.7259061755133577,0.07372590544698551,-0.43575309444080335,0.7495558525188808,5.3436353261367134e-05
DTE,1283477.689243028,1272833.3333333333,1502462.2222222222,17.436644406420328,16.176715020792727,0.37818419441892903,14.453924385219818,8.094049670936453,10.866341249809164,148.0399932861328,-10.133982747166037,0.6914632840630424,0.9168905566732896,0.07831500179483478,-0.5665927184046646,2.1009890389722314,5.714306051071631e-05
WEC,2126793.426294821,2021376.6666666667,2187411.111111111,16.269568365168748,16.212306936119784,1.2834917220836628,11.36559563875148,6.691231731273528,11.680592458868656,117.58000183105469,-11.222417349903246,0.7909913563434624,1.170496992528926,0.09303116238712361,-0.1682391517751992,0.59940091846835,4.125150011951152e-05
INVH,4097813.74501992,7353476.666666667,6632680.0,21.268508830942864,21.346205956392854,-2.11312839548069,-6.70378023042475,-8.889770668883779,-23.057210884650704,25.549999237060547,-29.154263914710043,-1.0761737519455166,-1.5746450481690353,-0.03728762790876973,-0.4621264973597718,3.968865011746988,8.799125956172112e-05
ELS,1508520.3187250996,2040323.3333333333,1798983.3333333333,19.07689260569051,15.223482276708328,-4.754135388551184,7.958048581071986,6.51386590028169,-0.6917761806774836,63.9900016784668,-13.386360901611772,0.06251681232694387,0.09797805903226016,0.02354147174785814,-0.14048426887860868,0.45603740729665176,0.00011033039475405023
AMH,2559262.3505976098,4487750.0,3934294.4444444445,20.364358389345313,23.128166121119836,-1.9032498825769961,-7.83454111514904,-9.101659652577831,-20.146548099382155,29.079999923706055,-27.62629975154478,-0.8917002571934238,-1.33112129680984,-0.020435900364779026,0.07549047079066817,2.477689563633222,0.00012137718549852683
SUI,832054.1832669323,918210.0,805834.4444444445,23.685635714406832,15.574663855328646,-4.596291200823554,6.7774831040208205,2.1814438725294094,7.1179148034432815,129.25,-11.878221329443273,0.43422391729317084,0.6587566834503976,0.04050616632347729,-0.07554509045759036,3.3911663713941462,0.0001206226781567986
KRC,1384699.203187251,2205423.3333333335,1896016.6666666667,31.513748065751457,36.69144785219164,-6.255912035882205,-23.71272849238677,-30.20066334665773,-9.10468997685021,28.450000762939453,-35.315338180962264,-0.11649844728903794,-0.1645615671264745,0.004613635434494617,-0.2603200509396472,2.1182599455852027,0.0003743314654361151
HIW,1033635.4581673307,1420876.6666666667,1427104.4444444445,26.51167136995969,29.648027962998512,-6.704392922133751,-15.364386124886863,-30.788528388304503,-22.790821560394104,21.43000030517578,-34.02546836467179,-0.7512940704110328,-0.9281696407452396,0.014224902523453872,-0.544542475133196,3.3929330552918837,0.0005070446846891299
NNN,1242597.4103585656,1486366.6666666667,1507486.6666666667,18.583296474958125,15.796430381887413,-4.955554538302954,9.771224994071792,2.632409541787739,6.841276667558915,42.77000045776367,-11.435988472244606,0.4460622476688962,0.6450334171258737,0.03618813424132944,-0.18143198610607028,2.6310609162077347,0.00019119565375619964
STAG,1303328.486055777,1367986.6666666667,1430783.3333333333,21.689978859700478,18.947727437833954,-5.190628783671835,0.07371814455461312,3.9214123145190793,5.3519072304999415,36.54999923706055,-16.83715011071922,0.3342320132606917,0.451148219585717,0.021607584422275422,-0.1716481355617004,2.414212343300289,0.00023918003142897227
CUBE,1705508.3665338645,2546826.6666666665,2370230.0,23.510284696596486,27.50102864132005,-6.848432487881572,6.5980187410477065,-4.824163881753596,-6.464751400107049,37.189998626708984,-17.355610167882407,-0.15561765936447558,-0.22276797666935796,-0.004446844609144211,-0.29550981914133556,1.636130912546848,0.00017811504430890497
REXR,2237014.342629482,2723306.6666666665,2521673.3333333335,27.276827110836816,19.420929789286486,-9.055438499461332,-13.995290161830976,-17.952329579882942,-11.94690126373743,33.119998931884766,-25.789666058482307,-0.28301455827470595,-0.3840882859160652,-0.04488153178507502,-0.5286512862059253,3.9158792905332285,0.0001581700810289291
LAMR,514077.2908366534,651746.6666666666,533548.8888888889,23.67132241347104,20.689719972936796,-6.701684608761216,4.0773811764107215,7.378094150715575,15.930579258261822,127.63999938964844,-11.729194690680034,0.7913566869223895,1.1666323158043626,0.05106431941680707,0.07646520873019222,8.360429321186109,0.00017949738047051182
IART,1056818.326693227,880806.6666666666,787815.5555555555,58.40761505436611,41.38165846615055,-3.6400464899338236,-20.64946251996482,-31.78239405289527,-56.24426339520481,9.529999732971191,-59.13682581292413,-1.0078459222141463,-1.2243852780046407,-0.18353591103355407,-0.6381934682194582,11.895729526072744,0.0015326996109941186
MTCH,4686344.22310757,6346330.0,4748008.888888889,36.43679217477125,30.765000131913776,0.41520622910466987,-0.361960978501763,-8.51861742895348,2.257909105707512,31.440000534057617,-24.606840988690372,0.23923547765766479,0.3548027627791395,0.00664010259470056,-0.4869890985623089,10.881019091168811,0.00010638141210142872
MSGS,154744.02390438248,245426.66666666666,224821.11111111112,25.26860720364158,23.73860836484618,1.861392254159755,25.361209970286435,39.49619694548736,62.88210446453812,324.510009765625,-11.855642033687285,1.75349882289168,2.970012280550715,0.12653516522752198,2.1026715886913103,22.947785973983958,0.0003484547231970039
TTWO,1790181.2749003984,1972140.0,1982706.6666666667,28.88465550061019,28.883564494955465,-5.956807855278933,-20.560417222344928,-22.211413863916828,-5.3197587217602145,199.8699951171875,-27.679287711442335,-0.008721742027703004,-0.010488654001807773,0.07147158954900915,0.4328550694428605,9.409223498860236,3.542935866488289e-05
EA,2730342.629482072,2377213.3333333335,2386424.4444444445,25.699512972822497,6.4381062827864195,1.414630242273196,-0.30201999454404493,1.4842429811662283,41.142448291466316,203.60000610351562,-8.517979593516245,1.4953453456245431,2.3324313843788156,0.10087673105391881,-0.5293203099809318,37.83714306311163,2.168048964793957e-05
LYV,2483252.988047809,3303073.3333333335,2949641.111111111,30.64329823619679,37.926513761885914,-2.522217305098051,7.184641536585601,-0.58722038660729,15.670261463017066,155.75,-27.835227868443745,0.6719710834853589,1.0072059485104303,0.09889023320378133,-0.1176886546535454,5.293212473477929,4.496459463086243e-05
WMG,2009224.9003984064,2422740.0,2437297.777777778,29.241705534893196,44.05375666487047,-10.274913168118493,-13.668861487283534,-22.64785901676175,-13.980745962769415,26.110000610351562,-30.03804982407683,-0.35439252465455345,-0.4598812769574257,-0.029587547728932472,-0.6289255209542506,2.990442168754346,0.0002384295586690152
AAPL,53899222.709163345,41206790.0,46110548.88888889,28.371354727818076,20.81167295983031,-1.6789005465118967,-5.479700870837001,-0.2808751942867227,14.804334342903957,255.9199981689453,-22.988961530423914,0.6019401155408048,0.8349447048924885,0.09968923120808565,0.926904544097115,12.931746127967093,9.080455014706909e-07
MSFT,23079797.410358567,34644716.666666664,32377654.444444444,24.16972020257361,24.723908013698708,-9.063017893371573,-20.854149141182,-27.286428631526107,-1.5232526334755248,373.4599914550781,-33.91009686588169,0.07271948038439095,0.09665247703113605,-0.009013694701926422,-0.13238010409419426,9.013811112924815,1.010369106397901e-06
GOOGL,32242780.47808765,31721720.0,35161474.44444445,30.110709389462265,32.07716590939403,-1.6291525836606646,-6.083392420091882,20.546943176040134,88.99361460032506,295.7699890136719,-20.36645805550895,2.226254761592238,3.9398650839025415,0.1486429361863639,0.4850851619146493,4.237628524345984,2.195675329457681e-06
AMZN,43555237.64940239,46461956.666666664,46677814.44444445,31.998756674857848,30.532804098706094,-4.1883612253084905,-7.386311579487447,-5.683197329941791,7.020055176393125,209.77000427246094,-21.73622311569574,0.4236845947009618,0.6326032575344025,0.04814635679326148,0.17820718475214617,5.021736325280294,1.5730341014958183e-06
NVDA,254607917.72908366,192887940.0,180390254.44444445,49.50139370750942,38.05032667464032,-3.2401004767485198,-6.063226276046385,-6.077888557325828,60.68810661830768,177.38999938964844,-20.214387999661533,1.3548941495440334,2.1586198361180076,0.1865520215284303,0.0002503204613695569,4.624516855042291,6.248041890658504e-07
JNJ,8213538.44621514,8177410.0,8702582.222222222,17.90141224031133,16.08872298975742,1.4230222984754848,17.835549993519283,32.20956218005136,60.79529514427124,243.0399932861328,-8.421970451567951,2.8873766365844538,4.572188310030296,0.1089284341365226,-0.20238285196792413,6.507608282670773,5.986727795292765e-06
JPM,9470886.055776892,11003760.0,10711851.111111112,25.413590500572415,23.967610993329455,0.3576965948598243,-9.079244744211312,-3.3108059652219746,22.301142644228577,294.6000061035156,-15.471740617447216,0.9595903991039728,1.1686183779494737,0.10039233007345326,0.08517817970728218,8.386456304453219,4.479753945989811e-06
XOM,16722359.960159363,24353750.0,20532026.666666668,22.968102817174895,28.118106905707368,6.586633255760743,31.888348930319708,46.6222654637984,40.06168923815194,160.69000244140625,-15.791682878772594,1.4409366830769348,1.9003590503313765,0.08333628351821058,-0.5010442569065618,1.9371127888600799,5.7884261528894e-06
PG,8062264.54183267,11079006.666666666,11280403.333333334,17.852391931707285,21.91056116981325,-7.0589064148446345,1.654673030999354,-4.5418753734433714,-13.24625628407724,143.1199951171875,-18.30831633926252,-0.6938149088428797,-0.9856332196853603,-0.0007830568671105858,-0.571062603440192,2.0357966446776534,6.717153189105956e-06
UNH,8493233.665338645,8626623.333333334,8662776.666666666,41.52873941683947,29.19405195850983,-3.2394230143526492,-16.93950303521108,-20.475477595417768,-45.51256270376738,277.260009765625,-60.05506651971514,-0.9139882329164454,-0.917455525623974,-0.05611258154079564,-2.6397800249736605,21.77178770283278,5.130846643482963e-06
CAT,2692093.426294821,2677030.0,2745348.888888889,31.314468014111018,37.40080157586192,1.577718295894459,20.13470786527536,46.96444930535102,117.26191092487439,717.219970703125,-18.14377641140632,2.441744883421159,3.805085887205351,0.1540908141595325,0.5447786882248633,4.923991451541411,1.2207063775752947e-05
NEE,10683472.908366533,10465543.333333334,9819026.666666666,26.132852181379455,21.279833815183363,2.216618384003266,15.88429259923554,20.772858406891448,36.09572413983753,93.1500015258789,-11.13112332693017,1.3010723359204817,1.6515895546059067,0.10453121291340302,-0.566486930119302,2.5214969006360213,1.4976226258321815e-05
KO,15861742.231075697,17074206.666666668,17905123.333333332,15.959775394659548,14.594923082199562,0.2823926577310676,11.758571068484525,17.68547833932166,10.674340324033427,76.72000122070312,-9.818511833365006,0.6470237678544978,1.0945875646332806,0.06626977309332945,0.2505299917765403,1.9507000362627855,7.270727306855746e-06
CVX,8850202.390438247,14038953.333333334,11794364.444444444,22.84303509362962,23.699342398073625,4.7762020093391255,28.875183174520313,32.464203107271786,24.901788426221128,198.97000122070312,-19.667223852656157,0.9544452346514308,1.1368955257307929,0.07063911583031467,-0.8699029622025822,5.175040957808708,8.043996396638338e-06
HON,3984283.103585657,3845810.0,4155052.222222222,22.47781249097227,21.523225456628005,-3.7461228927150536,17.719594851137966,16.63924287212104,15.12837643121545,229.4499969482422,-16.032652808700554,0.727461371374028,1.0477232930913962,0.059710195703884396,0.07601324741368197,7.145652458897574,1.2329280245998975e-05
BRK-B,4378818.3266932275,4857226.666666667,4803981.111111111,17.28112954154265,19.95350345004581,-4.606312564771331,-3.924725724152911,-3.7445569489856445,-11.227026684664388,477.3500061035156,-14.948129726959824,-0.5104919232363156,-0.6180161990355985,0.03136853290051058,-0.3811232121773713,7.207088281139873,3.6497219650121853e-06
META,14879407.968127491,15341900.0,16008995.555555556,36.07646129270031,41.5424053554755,-12.961254710653447,-11.601621872264833,-20.855403310668986,-1.3148405731820412,574.4600219726562,-33.296879207231946,0.15429314135669128,0.2352866755205966,0.05207177184430776,0.3604287555455886,7.5967959332435555,1.6981312187788255e-06
AVGO,28064626.89243028,27388920.0,30061254.444444444,53.59310752169964,38.869083196537815,-5.276968061315013,-9.323445735348756,-6.613944195457422,84.26325083727792,314.54998779296875,-28.66598630295031,1.547880130091451,2.459071539136652,0.22701474879996106,0.9023160506573539,9.01648192819296,3.7852528193067763e-06
ADBE,3896415.93625498,6163103.333333333,5356456.666666667,33.271880251597466,38.62720164357871,-13.77865883829128,-27.11670955120572,-30.8865396108132,-37.03146898812688,242.9199981689453,-44.176095743426,-1.3135103227882632,-1.6617489113560548,-0.12053216029675307,-0.7707310269735709,12.241532665995944,8.575791160301242e-06
CRM,7952624.103585658,13976966.666666666,11377567.777777778,36.089257255601176,40.61029365502544,-7.055964425708017,-26.196673653710555,-21.516190871522745,-30.617228675069807,187.17999267578125,-38.505313734770105,-0.8429674133417979,-1.1482513044513214,-0.06873840633817363,-1.098788269934702,12.579191590391707,7.522072779850328e-06
CSCO,20602665.936254982,23786680.0,22541070.0,23.929832121511335,26.108285923943132,-0.7021872574133448,4.48208413194795,17.63375912068861,31.63789411072404,79.0199966430664,-13.574550482333525,1.1231524896107214,1.2998053827149334,0.11839366324928927,-0.8307617095140873,13.279433835052423,8.002702458056071e-06
INTC,88516006.57370518,86759003.33333333,98273383.33333333,62.706644942096204,67.5322357962715,9.6409145410695,27.932960136220906,35.06702975494609,129.20838087965393,50.380001068115234,-24.171577948970977,1.563608028451586,2.624236253885767,0.12441690912997551,0.24000686166306548,7.736023439859451,1.0824833206745486e-05
AMD,45752961.15537848,36231266.666666664,36186490.0,56.16328845100382,57.551316151069464,9.04988885832967,-2.6715000617944407,28.144703632199608,111.24708812550979,217.5,-27.760751088284852,1.4719142005213344,2.3776580799857503,0.0984774574082107,0.8499018504613693,8.79221239112038,3.403598561571606e-06
ORCL,15118988.247011952,27435543.333333332,28239864.444444444,51.442590840888826,50.293845504005695,-5.433160261060454,-25.00795013475361,-49.08870136162765,1.3734376434836104,146.3800048828125,-58.249859686975924,0.35333587258774424,0.6886768817887141,0.08355786102482378,2.886301957557831,31.551309767128412,9.253232015957647e-06
LLY,3588603.784860558,3046846.6666666665,3203940.0,37.51591118273342,35.5698413282308,-4.849174399673439,-13.256547800807695,14.474336977119751,15.18994846995474,935.5800170898438,-30.259474801486274,0.5831126647084932,0.7536708539195259,0.06807611956403825,-0.10562433563687841,7.174872486084059,5.01942117340327e-06
ABBV,6129068.525896414,7105293.333333333,6744886.666666667,26.23235963441934,26.575246397297786,-10.118359865741045,-8.194028311966782,-10.366106595828594,5.1931362601075115,208.83999633789062,-16.30560179468453,0.3033001377979711,0.3860252728671741,0.060195583982276944,-1.1490768514871414,8.423143923363462,9.623310920004423e-06
MRK,12375037.848605577,10204606.666666666,12799784.444444444,26.584870981171793,22.93626343484098,4.906741127290992,14.387282915632671,37.19806039523868,44.64295105100433,120.87000274658203,-15.161666005657647,1.4004315462382224,2.1184241938084685,0.012660235742931032,-0.5147182804785176,5.4600748045784275,9.986892758100707e-06
PFE,45185652.58964144,40504336.666666664,46148783.333333336,24.803349733199394,22.011287292311877,6.426151992673956,14.35420698047416,8.20316271835173,22.978345119578456,28.31999969482422,-12.591099029223995,0.9344814197380513,1.4360019582640562,0.046176965440082915,0.3176665785638082,1.972824841269897,1.0785975047694121e-05
TMO,1999099.4023904381,1998453.3333333333,2131934.4444444445,27.70276888109117,26.816949457120682,-5.183514342851902,-16.972563480501734,-6.218423865658417,0.8605124456958047,491.4599914550781,-27.307989889935435,0.2258648919974306,0.37280439686449596,-0.015299498459026416,0.8557572444497752,5.119658023621749,1.1847505878933421e-05
BAC,39004348.4063745,44755083.333333336,40657288.88888889,25.538127703350465,27.76319503864239,-0.3028498243953126,-11.243696993844631,-1.1148599381862412,20.646759492005053,49.380001068115234,-17.931674995878954,0.8684832383192521,0.9572176078474274,0.07759033725863877,-0.6310697577790233,7.541869103411946,6.3200208565193454e-06
WFC,16844164.940239042,18780870.0,16168137.777777778,29.74945697203276,32.032877362065875,-1.8389990561516356,-14.920021911849101,1.1453188517093205,13.962949214959641,80.5999984741211,-22.7469745047004,0.6376866387123014,0.7906381684764824,0.09529866966365493,0.20357787236214048,7.134021037327118,1.083099854313903e-05
GS,2274194.8207171313,2418153.3333333335,2339317.777777778,30.485189554028665,37.34560809364491,3.3011700535432897,-5.113862650826684,11.868787999857599,56.44105743182168,863.0399780273438,-19.42219031289133,1.635805888833486,2.128226497723516,0.17350686440978016,0.3970669591804643,8.327890503664724,9.294854144808198e-06
MS,6425258.7649402395,7386123.333333333,6880290.0,29.775069582496798,35.26836367916255,2.005533340899368,-8.343015080920967,8.009686011720474,42.75141596703871,165.80999755859375,-18.830213175963785,1.4172177114997395,1.7395986816527704,0.14483780580424066,0.11738123439693975,7.561161366730657,1.50689660173944e-05
BLK,681392.4302788845,938226.6666666666,784311.1111111111,25.164952636186943,32.49059117558426,-6.092669637964942,-10.425148148655127,-15.843330538406263,2.561718070732466,966.5599975585938,-22.454444378345006,0.29646183385072283,0.36968691371397067,0.05531335286682733,-0.24128207025003837,6.296024562474637,1.7300088582326936e-05
WMT,19138706.573705178,21163936.666666668,27918324.444444444,22.952017175148008,21.370999642822262,2.2205494989083974,11.78445861796904,24.193802793985377,41.38391108415833,125.79000091552734,-10.923699764430294,1.5964966817818866,2.731922485928847,0.16413961462653953,0.7644198671356982,6.687220686462654,5.964116427243039e-06
HD,3656008.3665338648,4333026.666666667,4419918.888888889,22.44109921057644,25.480754943701527,-10.478795993008305,-6.373174144564242,-17.502228358465167,-11.089578213446828,321.6300048828125,-23.248123217365023,-0.32408679464374085,-0.5298112384528633,-0.0025882939916968078,0.10994486627913357,1.2363408916711802,8.125161006136994e-06
MCD,3450845.816733068,3247293.3333333335,3329598.888888889,18.08167067249393,17.330145964102993,-6.202472683296978,1.845199478932491,3.6111567802267874,0.8554364164745865,307.1400146484375,-10.603153441338131,0.0973434202580586,0.1440596445416872,0.03751559099553883,-0.10477451254022796,2.703970124414353,8.344901250983685e-06
NKE,15245964.342629483,21606720.0,19097474.444444444,39.22505408640321,49.12766167255718,-23.836611034021615,-29.70399704061365,-39.9660603057941,-30.26630670141911,44.189998626708984,-43.21055349025277,-0.5900641771884135,-0.7546223208519562,-0.10265847127127771,-1.2499464273357608,16.99616711689521,1.425001429550127e-05
COST,2144716.135458167,1828773.3333333333,2399336.6666666665,20.111108073651117,16.307620404089636,3.296458716121764,18.940502801367675,11.018516521853039,5.744848810430425,1014.9600219726562,-19.346944191337624,0.432792642055005,0.6438758692354226,0.08277132714904122,-0.24705561661160327,2.8521521885619836,4.78495995009741e-06
RTX,5445123.705179282,6220290.0,5718691.111111111,24.147343915595336,28.12665398012961,-3.7525722915630833,5.133083236421054,18.60996097871983,49.847697173573245,196.2100067138672,-14.570018222267855,1.5945681302364143,1.9217199883556135,0.15884834251351276,-0.3273142647374147,10.228484568052618,1.3860309125159328e-05
LMT,1406241.6334661355,1703380.0,1697655.5555555555,24.30301964437844,25.75852712480438,-4.917560606512406,25.95251379408243,26.326794326939186,41.277767555098286,622.7899780273438,-15.563787451183265,1.4601383913035946,1.7524662963073607,0.08822887482936621,-1.3036627799585496,8.875754178229565,1.4381645273894647e-05
GE,5455453.9840637455,5617266.666666667,5444611.111111111,32.02132041785569,37.67389980090193,-13.890458577268516,-12.2152561855839,-5.8635553277683545,41.486801049972755,281.1600036621094,-20.85149392334953,1.1629753208125222,1.4502329077251912,0.15454867698523755,-0.3536110611049931,4.9227577336499095,1.224726441436878e-05
DE,1412608.1673306774,1487663.3333333333,1612554.4444444445,28.050563472144397,24.48069385541236,-2.250953973214753,23.691921591419174,25.45822504046913,23.859688332275386,575.7100219726562,-16.828756686496902,0.8059638314472314,1.3750340625661361,0.09067471405107337,0.9732612717223604,6.274785745877033,1.9387709032081778e-05
NFLX,38716217.729083665,49188980.0,47857837.777777776,33.063013627358515,50.07188554559674,-0.5142628983083264,8.42950431741234,-15.133368549053905,5.460066703376132,98.66000366210938,-43.35127747768319,0.3468691617276708,0.4959718730454933,0.11107290832032299,0.4721018671591559,7.979411795242191,4.215500571701187e-06
DIS,10083517.330677291,11252793.333333334,11458560.0,27.549491643616307,17.5678392579802,-5.663512200325949,-13.625389424833678,-13.2658668018664,-0.20594218708206435,96.61000061035156,-24.9695199827761,0.15408848290959812,0.20830890079579253,-0.022516423405725242,0.0725630714498233,11.887636416837635,1.0255159738375e-05
PAGEIND.NS,26566.866666666665,23464.2,27641.566666666666,24.665475215057015,30.340211990636746,8.885324779470727,-4.208979349955488,-17.126796786740773,-19.770428677285622,33945.0,-38.288534943382736,-0.8284047582078726,-1.4220833317018076,0.012914933472267987,0.268552014578935,1.0262767285644108,1.3647244083227447e-05
RELAXO.NS,188208.93346774194,135784.73333333334,91268.78888888888,29.655246506943243,53.13673949498047,-18.966816513020067,-33.86498114649049,-40.36789025484253,-35.50352251157489,267.45001220703125,-53.85821453854113,-1.1277877710832873,-1.9546894307180587,-0.21042731521101005,0.7336934472569869,4.245176572319801,0.0002620140311424355
ARVIND.NS,575177.0403225806,446991.8333333333,515012.56666666665,41.30297434111973,39.542468149697896,6.069404247433519,15.20265385990347,21.084040242129397,14.94471931417971,365.25,-29.144466147751647,0.4785553268251672,0.9724095010888757,0.08789229556478435,1.1627105662269195,6.1340535660405155,0.00012889994668782454
TRENT.NS,1049303.6068548388,862153.3,929523.9222222222,37.063061030538684,40.094578656097156,-7.74067564879174,-17.022666565640332,-24.94239303125991,-33.22605675707443,3550.60009765625,-47.034149476446366,-0.8476132896187132,-0.9975328527979003,0.009271826785921892,-0.5505941140441657,6.308274671333978,3.216763369905653e-06
DIXON.NS,490519.92741935485,720867.3666666667,664708.4666666667,41.29606091005912,56.85481798291829,-2.2707122450990047,-18.025946124607508,-40.51744813526802,-25.15373240666312,9920.5,-47.231465822922914,-0.6501652737851772,-1.066436280709777,0.07967160206528957,-0.1348990410597391,3.2452425178732596,3.1730386415139756e-06
BATAINDIA.NS,266451.57862903224,226088.63333333333,158599.45555555556,25.975667359736843,40.04030689096949,-14.600386690830081,-30.31282880020546,-43.17277667414141,-45.416500129072965,657.1500244140625,-52.36756181035884,-2.218551312416141,-3.228869756885078,-0.13108031036551476,0.43391927898417076,2.924125369362994,6.018109345595091e-05
VMART.NS,209359.87096774194,722148.7666666667,337285.93333333335,40.189514706570286,49.0834754069189,-1.6603413783129017,-23.822167801885318,-22.933309692155092,-24.46892835233544,544.9000244140625,-48.394073114796186,-0.47707676465583077,-1.0390943557396473,0.039102965062682266,1.3690850476884995,6.234962948409384,0.00022141116954910167
RAJESHEXPO.NS,852263.2197580645,374853.3,791420.6,43.25667573053344,50.79443148364145,-37.036501331924356,-52.472228779468864,-51.70696572644392,-54.26775164368773,87.27999877929688,-65.15368366433734,-1.7466475897800655,-2.9225096346549524,-0.20692166608165005,1.4132393895228799,7.288297984890052,0.00029551693305974937
JUBLFOOD.NS,2210510.5120967743,2362953.8333333335,2115992.488888889,29.660029284782517,32.11075289188408,-11.687927779470009,-20.059074953491564,-26.43933831273508,-32.310125288175385,446.54998779296875,-39.65769632432,-1.4216833230710395,-2.4157016231672026,0.012875593976966538,0.5600238282235445,1.9852739458297228,1.3071132823239607e-05
DEVYANI.NS,3071154.040322581,2960109.4,4314178.122222222,35.62022340768712,38.22903348391994,-21.31375120043898,-34.82257364364111,-43.253101593925294,-35.14695088987195,96.43000030517578,-49.92588703325996,-1.0671426308083312,-1.7923820989270722,-0.0720857591980313,0.663373124512915,1.431170220327671,5.4632733528197914e-05
SAPPHIRE.NS,781853.6955645161,904069.2,905154.7222222222,35.99690898183985,46.12096939256893,-21.687604525343474,-40.10114431722421,-47.531097353618065,-46.934342767680924,153.97000122070312,-56.29866564953232,-1.6012209456661515,-2.609867688595263,-0.11648301147776802,0.37925613812440245,1.4557473929492697,0.00015751248350293792
LAURUSLABS.NS,2328292.3125,1778363.4,1746981.9888888889,33.95755726800246,39.86396150048396,-2.075115078491785,-5.8754490601026665,24.116833248999804,70.00416680927475,1042.9000244140625,-16.269381974828313,1.8771351833314383,2.6470044924652885,0.209925926582391,-0.3247100760509045,2.9510777155695886,1.2620979170645791e-05
AJANTPHARM.NS,142377.0181818182,118810.33333333333,120224.91111111111,32.04482759777019,29.309108841156117,-5.950538943012107,2.357990800207199,14.494116040015005,1.737693550921815,2791.199951171875,-15.400967893641182,0.2072389752573526,0.33176001315604386,0.06610206660965423,0.47667723390251504,2.008914566325836,5.202581256037327e-05
GLENMARK.NS,843104.9576612903,600785.1666666666,601415.5666666667,30.506921780521502,36.651509679474565,-1.4835397388788807,2.781058324203456,6.9590767927680375,43.44854431675158,2091.800048828125,-18.496403757778836,1.2785970282180659,2.227730016377034,0.1708655699263677,0.8542794965909744,6.789934177822049,1.3763259121458425e-05
TORNTPHARM.NS,333826.9939516129,393828.56666666665,301764.1,22.361118205361134,21.05327077440499,-8.743024513970642,4.273746077181451,11.931611908953599,24.946921792969622,3987.199951171875,-10.319389312373485,1.1385448496745738,1.8876663115033896,0.09478115218796287,0.33244875438406496,1.2839858999495193,1.2573403111368775e-05
ALKEM.NS,186550.3393939394,116481.23333333334,113858.43333333333,23.8331397967336,25.71085335514675,-5.533596837944666,-3.0830602016516884,-2.440875235769291,5.481698578770988,5258.0,-11.952930298822007,0.3336646668857556,0.4723309985130898,0.027008549705964554,-0.230564557336275,3.1378727320457918,1.6514925415903486e-05
IPCALAB.NS,371482.0282828283,243755.23333333334,225247.0,31.55791914138507,27.21849925930574,-1.632514948570718,7.365466833982781,8.539972420227414,3.0147138843018784,1488.300048828125,-17.545396803837797,0.24081211245295037,0.39009938506108016,0.058473398660766326,0.502612429653696,5.482127795548048,4.272955912662916e-05
NATCOPHARM.NS,1049967.4092741935,1605731.9333333333,1713438.8333333333,37.949707792029855,40.429406643134236,7.4562142565359535,13.979872698831496,29.64023202729107,25.793852626431924,1027.550048828125,-23.218263598773035,0.802158664818512,1.5081827882455616,0.036770095458060446,-0.8296703490203656,10.794720286817007,2.3369336318779825e-05
AUROPHARMA.NS,1311836.4303030304,1817162.7666666666,1383088.0222222223,28.083192845283932,26.164934160417385,10.186708878951013,12.425178814529891,22.35779368549311,12.030324364552714,1333.699951171875,-18.42605386423706,0.49830879869968037,0.7517162610632452,0.055077834033154596,0.1929725338758625,0.9775135976007787,1.0453399559748509e-05
BIOCON.NS,4503570.431451613,3439488.966666667,3223313.288888889,33.08354575294944,29.75547347980217,-9.12489323371154,-10.497589932530504,3.6454488075804425,1.3555445300892144,352.54998779296875,-16.378087597463885,0.19186421318503952,0.25720012194319025,0.07601680144048768,0.25823082454683743,1.36752021450712,1.3012944812620158e-05
SYNGENE.NS,960995.0705645161,1529085.8666666667,1088588.6222222222,28.8315657157188,36.96164685493829,-5.130380569189663,-39.9231941469254,-36.33403648457762,-45.59030914210632,391.1000061035156,-47.853401786550265,-1.7709014254534408,-1.9572105299310167,-0.10666906464796241,-1.2350146424412316,7.084182629536214,2.7681126714872598e-05
LALPATHLAB.NS,389033.5362903226,282237.5,293187.1777777778,26.264456275033393,22.11497872268202,-5.491149576895571,-10.156891624616327,-14.77140549494389,9.514492267326325,1328.699951171875,-24.35178577544854,0.39681961161704254,0.7478090456615528,0.04812939539471911,0.2101354106300002,1.442739038078415,2.9347174002208494e-05
METROPOLIS.NS,563732.7540322581,262399.4,198546.06666666668,28.80093186221159,27.075569084697264,-9.242524441315558,-12.540827484697859,-16.37010322978242,7.057700085608021,421.75,-24.4201420517438,0.3209122949032226,0.5706856259629143,0.012536060247004608,0.5871533666502465,2.2914867012573406,0.0001017286728339002
GRANULES.NS,1780208.8383838383,834174.0,1005426.8555555556,37.490392072757686,35.83774001418978,6.824503744034893,2.54009868845817,18.93776827842535,21.85227365285487,613.5999755859375,-18.758747475992376,0.7411161743106357,1.209225704453903,0.09420025592256229,-0.8856924168926771,5.816596052737382,2.714327824902487e-05
PERSISTENT.NS,564320.3629032258,916511.6333333333,627579.2555555556,35.48705948846684,39.10814691400445,11.860750300670041,-16.351202861691373,7.718974626654984,-4.647494272880737,5227.7001953125,-30.743544759811147,0.003025592907403154,0.004236473448172951,0.08286965100294623,0.16771128852142125,3.7815243791769935,6.07787357919478e-06
LTTS.NS,147419.59274193548,283193.2,158845.72222222222,31.764085645920353,55.952143977587085,-2.7793898852520593,-24.980954383971433,-15.677990257868768,-24.923595022298382,3347.5,-34.508752401012366,-0.7731628346225484,-1.1636141274211371,-0.07867698025023813,0.3711497748602825,4.1179001993516255,2.830296404379e-05
CYIENT.NS,499975.88508064515,303194.9666666667,366571.02222222224,35.372017990525435,39.29823012875013,-10.52251522112979,-27.99696364034667,-28.952973712411378,-35.5719609335333,804.8499755859375,-43.144336763502686,-1.3570013462602044,-2.0569066484895386,-0.15077286505779672,-2.014169861186246,23.712092021970705,3.161284666616008e-05
MPHASIS.NS,693496.5947580645,631668.8,570778.9666666667,30.929778881062965,32.60688252769678,-2.0217290027155888,-20.82617007011871,-17.48255024979265,-10.380780324572713,2209.89990234375,-31.76698134438928,-0.24658517626477228,-0.3708431385063771,0.004893541697460289,0.1023650347516721,1.0176608704757109,1.1148749716299713e-05
COFORGE.NS,2652766.627016129,3733613.533333333,2813498.177777778,36.122102076800026,40.70966975581007,4.360546604572169,-26.861140050164735,-21.466516955273505,-23.70994534841384,1213.4000244140625,-45.57531132582936,-0.5493161218321023,-0.7134252785292095,0.04791722569868102,0.08090048443532298,4.564260615633209,4.554579077671905e-06
TATAELXSI.NS,245124.92943548388,334503.4,372210.44444444444,32.67248903363136,36.82234823627504,-4.674892884962811,-19.066886658000193,-19.99057150183927,-22.951705675650857,4241.2998046875,-40.021114665818246,-0.6165422423927,-1.025669132901752,-0.09544284759436134,1.5129331540986868,11.799202040428804,1.1760558186550181e-05
ROUTE.NS,280495.70362903224,555375.7,649650.5111111111,34.91059981896376,51.349203061499,-6.151640371320289,-34.220856080743054,-41.14069896863873,-51.02083371309083,459.20001220703125,-61.15601518986071,-2.022915259650495,-3.657280256240045,-0.22584076166341044,1.688885432563963,8.557047198432697,0.00012712144148620104
BSOFT.NS,2198810.9375,1585928.0333333334,1693405.0,35.775461009531455,44.37609852564744,-3.575142948983512,-14.412643306902606,7.274135529143311,-4.36846463781444,370.8500061035156,-28.560690055216163,0.00666632550108718,0.010796348784856297,-0.11640070469083551,0.25572940526004473,1.3308949717724556,2.4465105156000204e-05
HAPPSTMNDS.NS,896523.5443548387,5696555.266666667,2146113.422222222,32.726906768197864,76.14193018032384,13.022850940956454,-14.606863790515245,-25.532663516427768,-36.23261297445867,393.1499938964844,-48.95627414771351,-1.0956189410547492,-2.0418832800780597,-0.12080238512787128,2.1223103011795295,16.04772264400663,5.209558830742569e-05
MASTEK.NS,157250.80241935485,100695.93333333333,100970.28888888888,38.248379546312606,54.02634687022454,-3.239671440731917,-26.165494900869245,-31.075479638138283,-32.12334922762531,1508.300048828125,-49.20326387438125,-0.9104176878908062,-1.5716484312539756,-0.07632151285092158,0.47994908120447866,1.9144806562445305,8.252656936076165e-05
KPITTECH.NS,1176339.9012096773,2123926.6666666665,1301869.788888889,37.35454892145072,46.14435598837395,-7.6168395368950925,-40.43603102317932,-42.27248000713581,-48.64677678582272,696.7999877929688,-55.232680159178926,-1.6217824974376387,-2.2777980525888384,-0.1262081919222466,-0.10217169042881068,3.6075946780287613,1.270728143043272e-05
NEWGEN.NS,1157305.0745967743,7865613.0,3024042.5222222223,55.28291437372437,86.0197348338456,-9.727343763196606,-47.89373815823323,-49.78619077782083,-54.328898522744765,440.3500061035156,-69.70732586136928,-1.2229319084277928,-2.152216447282792,-0.05728493662488845,0.4807169863011768,4.946405026339191,6.752360785669217e-05
DABUR.NS,2659687.2358870967,1819901.2333333334,1748960.1222222222,22.411549171227872,30.099328191553944,-17.799449372955767,-17.146545881051132,-14.892444119650882,-16.741762259483405,417.25,-25.34526968924784,-0.7227841162537552,-1.0106669902315288,-0.03396759575614942,-0.14705862994675029,2.775467160455371,9.098796901105905e-06
MARICO.NS,2251891.22983871,1800400.2333333334,1773166.5222222223,23.29213729347506,24.670975578786646,-2.2845470410542634,1.4321876298501346,8.966646956396861,20.192760004679002,761.3499755859375,-10.495463732379573,1.1920955499725057,2.1023081562227337,0.09913666963317971,0.6441872106040302,4.88533271029217,9.149322357220203e-06
GODREJCP.NS,1333873.5040322582,1436681.2,1226431.0555555555,25.71303208647602,30.894303500809595,-15.408164303318983,-18.251993945187696,-14.784104050080927,-10.499699849957922,994.7999877929688,-23.234338151446277,-0.3673407328947254,-0.5690836137405479,-0.019072094985191454,0.20639723595256593,2.9375009330434243,9.428850302333698e-06
EMAMILTD.NS,766492.3286290322,569397.9,591720.2333333333,34.41934567537335,26.030099847884713,-13.167652672047748,-23.747347383326055,-26.65532623685426,-26.593522813977554,398.29998779296875,-37.61520102364317,-1.1582512289462557,-2.018079822217159,0.009352855647675767,1.2113990680218414,8.609248245937707,5.3634747130340256e-05
COLPAL.NS,490603.8004032258,451344.5333333333,393220.97777777776,24.13065513868174,35.097918567294705,-17.400330458994095,-11.861056846529205,-16.63868537623452,-21.876792170698522,1829.5,-33.10095019923119,-0.9052494043892615,-1.1779197054991386,-0.06446628181336678,-0.2903608010851384,2.0662979375054404,1.0244893814186717e-05
TATACONSUM.NS,1532401.3306451612,1298335.3,1230224.7444444445,23.11732078821737,24.415216279008987,-7.394237005185056,-12.583892617449665,-7.221082481426155,9.385993700100869,1042.0,-16.312056059327418,0.464610050701206,0.7774594136778723,-0.003129117068552751,0.13596927328566827,3.1095514157477555,7.487154339800454e-06
ZYDUSWELL.NS,450931.73387096776,2765348.7666666666,1140182.588888889,32.203660798962744,40.38909979164884,16.915153323947596,-2.5406991103112397,-8.931143310797795,37.31779421146744,443.04998779296875,-28.756725090098623,1.0171249763451953,1.8165217200693802,0.10019541217764864,0.8052459198129963,2.7095973743807185,0.00022381885047260017
JYOTHYLAB.NS,721394.4395161291,616485.5,504191.5777777778,32.45306784467785,40.68058032327072,-15.358014455374525,-26.393062959713877,-32.22023300933036,-35.331682804381494,208.0500030517578,-49.4245570424919,-1.593077072392008,-2.6015391311196128,-0.13102617148736817,1.351728040536257,6.850262013846246,8.645265752571567e-05
BIKAJI.NS,377809.6995967742,140406.6,167358.51111111112,34.121826143720746,24.62620907197629,-0.6575337484800436,-16.377699358788966,-13.612563992099568,-4.786555517235335,627.0,-24.69582197643473,-0.12744785973675865,-0.252177936472476,0.05875323132953379,1.1110877919765407,7.598121210859809,8.137636789443603e-05
HONASA.NS,1264771.0202020202,696333.8333333334,1158392.2,45.185411151214744,39.13691637030106,3.8428693424423566,4.34185468731032,6.91049533135264,27.538177219990235,304.0,-22.156419804717164,0.8768945249088167,1.800786802902562,-0.020667327898398213,0.4657152577219811,11.48985681366889,0.00011088313664331915
SRF.NS,575223.4032258064,612564.6666666666,496857.26666666666,29.61315924337179,45.798161360351926,-4.765467179493498,-21.282600141441378,-13.489637476908944,-16.24687047518507,2416.10009765625,-27.002773207598295,-0.5261237853138794,-0.7914259569894349,0.001875494641751221,0.832582121372225,6.807050121508745,1.0641153275876443e-05
UPL.NS,2799291.7802419355,3540533.7,3071920.0444444446,30.893980419990402,55.10720695185716,-4.792482420482802,-25.42287847667799,-9.354939019423869,-8.273042502297967,593.0,-29.477863112392143,-0.11313274268934087,-0.12461089163567478,0.06603705672876488,-0.7894126254075792,7.763389043588688,9.352688173604203e-06
AARTIIND.NS,1525041.5262096773,836501.8,1005645.7777777778,37.10076204801611,46.31605505454703,-5.6011085151336015,9.307306466600629,9.615128206156577,5.222639959388942,408.70001220703125,-29.962729333287065,0.2591195800871582,0.44538274281537704,-0.0758212448057787,-0.05793339067019591,7.388506679467147,3.3446735310297356e-05
PIDILITIND.NS,681620.1693548387,760736.7,634746.8,19.88549179190381,32.9115523845931,-13.094508660120264,-14.085270196258659,-13.171534415787711,-9.865722934657528,1273.5999755859375,-18.54173485219459,-0.40843612630784376,-0.5753578008798463,-0.02278896286282539,-0.11271164334413386,1.6940931173771143,1.125707982138486e-05
DEEPAKNTR.NS,280051.8467741936,154245.2,162767.55555555556,31.28411111702174,37.665971718072655,-10.880397864405221,-20.442340473616195,-24.863657858000188,-31.40271829841621,1377.699951171875,-39.00753956378982,-1.2757171545906747,-2.0505647532561166,-0.07381129316796664,-0.719635844594206,7.145246009659223,3.713933529881147e-05
NAVINFLUOR.NS,215191.53535353535,175921.13333333333,193682.86666666667,33.71787282700567,42.893893131109145,-6.029669803796455,-4.000651837366576,28.953538744469665,40.3982616115028,5891.0,-12.282257196305412,1.1804639432941277,2.0807230936336847,0.15018431496606993,0.832380822308763,5.116622850798243,2.495004799740521e-05
CLEAN.NS,274854.43548387097,263836.1666666667,277308.26666666666,32.098394281141225,42.355355557722405,-4.304481267366955,-18.71937542133023,-35.56027659087428,-40.48864485243402,710.2999877929688,-57.3796048892238,-1.4994254853124536,-2.356980735834597,-0.10420607407913629,0.4085580945546545,2.4265287945083984,8.71395444590966e-05
ATUL.NS,59274.1370967742,30832.4,26490.67777777778,29.014619533608517,28.8738422863759,-3.598223855458582,2.5240188894316784,4.437256365596753,9.426758662642243,6296.0,-26.150829736382008,0.42962841420462616,0.7312808994465981,0.030984997185544715,0.535573056639731,2.706149564560618,5.8828105911691025e-05
FINEORG.NS,26162.375,25344.233333333334,16553.222222222223,32.03186022709993,47.689291517668245,-2.325850333146573,6.003099889465902,-3.252775949279374,8.962499366694754,4363.2998046875,-28.621745217420703,0.33377236223461226,0.5661808999361299,0.025587483279026206,0.6812445744084191,2.6231607117314506,0.00017295453854048297
SUDARSCHEM.NS,253402.1693548387,114189.26666666666,88157.98888888888,42.99301745507253,47.74935506113626,-11.263752095585334,-19.573704506767097,-43.74907658988699,-21.95452346698098,762.2000122070312,-50.9384465395655,-0.48559415035101783,-0.8791963246826938,0.06370877561499523,1.3476593742809717,6.803950308793546,0.0001358286002860696
ANANTRAJ.NS,2651151.243951613,2327412.3,2958317.9111111113,53.636346493962286,55.50289180773341,-11.26497847494714,-17.45843046302299,-35.38582790172987,-9.22353233219444,451.75,-44.84773984883924,-0.07566848345760328,-0.13447242441844875,0.12148583411898843,-0.46309761279974065,5.358339720800121,2.1928737769792135e-05
GALAXYSURF.NS,20826.634343434343,19720.866666666665,15248.6,31.09992744418737,45.43527825781294,-14.529865722022562,-18.786179546496385,-24.211346787428766,-23.161652251775045,1655.300048828125,-43.74857474148588,-0.7868918741403423,-1.2579406782610512,-0.054305667492968536,0.9734125417359473,4.803603019526537,0.0004237853716792727
ABB.NS,360236.0282258064,504094.1666666667,321409.84444444446,33.563639512436595,34.10654889961194,2.6575296673909454,18.800773694390728,17.938481323180543,12.08615442630947,6142.0,-24.3689086229686,0.6409800607451893,0.9750690688139845,0.01568587791851419,0.03545855634351563,4.82026225857823,7.812338895302092e-06
CUMMINSIND.NS,647057.6633064516,899988.4666666667,677595.2333333333,32.081083104001905,38.083797638040515,-3.5355383572672427,5.259529793678297,16.860166032734746,56.79658858170087,4646.5,-14.60589275714278,1.8541763475195827,2.6072854918392365,0.11158661429329529,-0.6475805599698469,3.909257732649144,7.657273444261212e-06
THERMAX.NS,168418.18383838385,178956.66666666666,127600.14444444445,36.95770348670552,35.67563304250287,6.251205728654452,9.364524678011454,3.064702801902519,-7.243451542984736,3295.699951171875,-29.679299053666497,0.014149449243726272,0.021295557778079857,-0.025438037398336614,-0.05181152573775274,2.224261669203491,4.4398962339950496e-05
SCHAEFFLER.NS,99266.9879032258,139963.03333333333,83480.82222222222,32.63369472670249,46.206315619627624,-12.571713505692973,-2.9543722004704787,-9.096621342857713,8.320695669913958,3764.39990234375,-17.43592821525377,0.4219356213753868,0.7134127907720786,0.0638345998342681,0.3753427002904044,0.9064449772930199,6.709565370337772e-05
HONAUT.NS,6928.810101010101,5305.8,7619.222222222223,27.511640760714666,29.27084232535533,-11.329155672823221,-18.51795726625246,-25.526315789473685,-17.4290293247661,26885.0,-36.10436893203883,-0.7671039078414771,-1.3138285549682478,-0.06323111011043994,1.0892058882268818,8.941869060168187,6.519641398629048e-05
GRINDWELL.NS,63514.604838709674,53144.433333333334,40986.26666666667,33.11652374272253,26.47198067613381,-14.411689361763313,-11.265261423322226,-10.475393104503928,-20.52027632886079,1387.9000244140625,-25.891639388979815,-0.5421424725294052,-0.9092983990805164,-0.051178291954688516,0.9232339249867083,6.262486312190948,0.00024859811139670327
AIAENG.NS,74784.59191919192,81047.4,70446.1,25.831694438297614,38.44797393420658,-1.682310411795751,-6.929639075258576,19.743317923607727,8.657532933772206,3676.0,-19.28974829222191,0.46779795275393316,0.8043997489035642,-0.0033649014434688007,0.3346646988182411,1.1548813706027534,7.946679206109099e-05
ELGIEQUIP.NS,568507.6108870967,520996.36666666664,662867.8777777777,40.990838192745635,40.08695382962538,-7.767730297120701,1.2559392521438006,0.6504418933730216,-1.4197261267788086,479.70001220703125,-29.98904955956072,0.07993535702535456,0.144117042972014,-0.007825976856880305,1.2961280084773643,5.860714717681416,0.00012301546191427061
TIINDIA.NS,351305.8830645161,547192.4666666667,512098.63333333336,36.5245827713688,41.04430135545357,-9.525656876435217,-1.7071134619326633,-17.07627674989404,-5.161453940900406,2567.300048828125,-35.69204243767199,-0.05459239725845294,-0.09253384511160408,-0.050751645261940294,0.2747375036352968,1.248897453137468,2.0154335284175624e-05
KAYNES.NS,860783.3608870967,1313626.8,2270423.0444444446,53.641075330507135,48.76631089166254,-5.3149947135316955,-11.836531273361572,-49.81916176157719,-27.398088076494574,3538.0,-56.10430659818253,-0.4215259929250736,-0.604997690752363,0.10577429128411213,0.12040349384561501,6.02825290599065,1.2021326916264315e-05
MOTHERSON.NS,24640262.018145163,19696123.233333334,18024791.944444444,34.97048040615064,44.47913851216072,-16.718638944205686,-10.67077697562534,0.2446433867592468,19.84028827821971,106.80999755859375,-22.10027984531191,0.7769995454646637,1.271920465621066,0.08382107849836802,-0.07995862518805873,1.413703605301348,7.892982458055834e-06
BALKRISIND.NS,275060.6129032258,160668.33333333334,196404.45555555556,30.718109415164662,39.228701027563545,-10.223231846640758,-10.730164908664285,-9.27102225713975,-19.39306979922929,2067.199951171875,-26.091708569935157,-0.5544477619921766,-0.9136144625967456,-0.0036149654272660766,1.5563934259487326,10.687255501705499,2.7425874821909482e-05
ENDURANCE.NS,146875.56048387097,80635.93333333333,73009.4,32.54048276440457,37.65377891407904,-15.153919615453459,-13.050697430202774,-17.678672917428262,13.086046980369348,2251.89990234375,-27.34446491080542,0.532296803189331,1.0037704853439233,0.05672495378000678,0.7706991691532092,2.7084032237917772,7.896549365640647e-05
EXIDEIND.NS,3866641.370967742,1473674.0666666667,1526842.6333333333,33.674529968661474,36.213836340078764,-7.295535527737629,-17.379903391899788,-22.982882665936543,-16.229855528505897,299.25,-32.63133502173221,-0.5992741842212034,-0.884447476773582,0.013947925892726922,1.4541220074137315,11.565191600744047,1.4755710148362827e-05
SUNDRMFAST.NS,141036.8282828283,253395.86666666667,128146.14444444445,25.47516497204856,24.701309928866774,-11.45876219306855,-18.692395712966803,-24.046133536019376,-20.04337548362376,749.9000244140625,-29.739203825459406,-0.7932806310291801,-1.4332032486198865,-0.05953308848463811,0.4440719686690983,1.4836885473726271,0.00016928276450333112
SUPRAJIT.NS,196873.38306451612,81727.93333333333,142097.27777777778,35.125506826755334,35.206869579931535,-4.534914876770502,-10.898969208121144,-10.493431798719854,5.646350411338319,411.54998779296875,-19.313122968275152,0.21444804185954958,0.3777449319918555,0.02672137026958674,0.9341271840212079,5.995847841193523,0.0003648309965683841
CRAFTSMAN.NS,63100.60808080808,40939.73333333333,52139.055555555555,39.060972535229084,42.82153961110839,-11.457450277143788,-5.1285634432643885,0.14012832804779496,39.1505692275451,6789.0,-19.368148786796404,1.148802188553449,1.8909233830087615,0.12062439005538926,0.8451074947071018,4.11799739722314,7.798335378168105e-05
GABRIEL.NS,486428.5887096774,329649.2,407776.06666666665,50.80765323191788,47.11716897462882,-8.05935468195118,-13.180825628334825,-27.96231674436893,53.9422875560758,876.7000122070312,-37.3985300781753,1.0295321176179137,2.1777883586770765,0.23388884919249153,1.3753974440023755,5.744769174234072,0.00011563465372986267
CHOLAFIN.NS,1691226.3245967743,2032997.3666666667,1752148.7444444445,33.0010508797372,36.50646413370678,-20.390908745685763,-20.261165475730913,-14.72548904935599,-10.794857822909309,1356.300048828125,-24.907881460342075,-0.2182273202811353,-0.38115427823380854,0.0471338227465823,0.5663046671440465,1.0451040398000244,7.4961593225308745e-06
MUTHOOTFIN.NS,699010.3205645161,1135875.0,794043.2777777778,32.33539566892337,40.112863595151886,-8.44205944179912,-16.604137535777706,3.7230430213117893,39.08074265325505,3178.800048828125,-23.85560684223844,1.0466019991862832,1.3084010313159875,0.16966672444375622,-0.11850020828520068,5.337945107830791,1.051031310744656e-05
MANAPPURAM.NS,8127800.627016129,5475151.466666667,5013175.855555556,37.1949386534109,33.91588187030418,-9.290779059660348,-16.955217832616608,-9.211992950598624,10.997772378446168,255.8000030517578,-21.37333880824689,0.42942182479732344,0.7238249476637907,0.10027073662312538,-0.16255392816683942,3.660054925204691,1.1349312603781112e-05
IIFL.NS,2211567.2016129033,1274984.1333333333,1946935.3111111112,43.25051231073844,36.512938925669424,-12.932934154857978,-28.236218152021063,-0.15544046170007375,33.40983917484157,434.8999938964844,-34.80643662860431,0.9342620441975298,1.2617047977213725,0.0822745381904079,0.6019353556847351,4.298925795351055,2.8620802515539577e-05
CANFINHOME.NS,492247.9294354839,143616.3,199713.61111111112,29.33109806071888,37.104123033380986,0.14608608914163934,-11.553143768327201,10.392643787523536,24.527257631355106,822.5999755859375,-16.64386680512949,0.8972927471909881,1.4061694701014151,0.029863703507938242,-0.021756062415558882,1.1855547576610186,6.02483057411477e-05
ABCAPITAL.NS,5921320.653225807,8638506.066666666,6097076.111111111,33.245212687395004,41.275213521235095,-11.786455304385534,-16.620075532069734,2.898048549112131,64.38847601839363,298.25,-19.722562889852536,1.6908173125397596,2.974194776762557,0.10151204374290955,0.2612571696800849,2.6574933742288365,1.4110020848848053e-05
MASFIN.NS,185058.77822580645,120820.56666666667,154214.83333333334,29.17354040139188,35.86294714254433,-6.262882390278735,-8.292564094091615,-1.144154273652176,16.27439458807021,295.6000061035156,-18.722952208561484,0.5577171294319329,1.0054672243881206,0.019638569178829886,0.5746000308707043,2.4780831582251674,0.0003631892861119173
POONAWALLA.NS,2241035.3266129033,1325903.6666666667,1404563.788888889,39.12620971814234,40.91775919579111,-10.297644693129381,-18.563002825980114,-21.575276611571535,14.915993511459092,393.29998779296875,-32.09216702368951,0.5231751312421534,0.8935301535367175,-0.007544970069049849,0.04795925297418979,7.3940319283928915,2.7116538260772982e-05
OBEROIRLTY.NS,806111.1229838709,611281.7,563040.3444444444,32.971010070363185,31.413905550239246,1.0867427230712767,-9.676826689099183,-5.6274646647451965,-6.505286081733052,1506.9000244140625,-28.77354135083291,-0.11561637733615693,-0.17590549690697765,0.01734402396239567,-0.06389451585791654,1.5228442401991438,1.5093900510489293e-05
GODREJPROP.NS,899964.7782258064,1319441.7,1156002.788888889,38.971557838152,39.278330246538786,-12.99105573532593,-24.750547273165203,-24.467923762447963,-29.211053485096905,1508.300048828125,-40.36801281923788,-0.7997801109706741,-1.1898033645610777,-0.07168399309967137,-0.05321132191789427,2.2134422043637154,1.022837334428168e-05
PRESTIGE.NS,963941.1935483871,864075.8,741776.3888888889,40.38715798297989,36.87776257658913,-16.35809488424991,-27.765239231933737,-24.250396961277676,-3.616412854012807,1152.0,-37.55624363943443,-0.007002045890539143,-0.011370765313294444,0.006156397284371407,0.16131068821974812,1.874490894258361,1.5535757864037893e-05
BRIGADE.NS,446228.3125,1143769.2333333334,615909.4888888889,37.8463057867456,39.70821461570739,1.3188936824383601,-22.3107358426024,-22.551395348581384,-29.37305968721261,687.5499877929688,-50.20868547970607,-0.9089772676065904,-1.6193993812506187,-0.03638833920014179,0.33927125102263644,1.7711549174073986,5.6590915188904226e-05
