ticker,scope1_emissions,scope2_emissions,scope3_emissions,emissions_intensity,renewable_energy_pct,energy_efficiency,water_usage_intensity,waste_recycling_pct,carbon_reduction_target,environmental_fines,employee_turnover,gender_diversity_pct,women_management_pct,pay_gap_ratio,injury_rate,safety_training_hours,employee_satisfaction,community_investment_pct,supply_chain_audit_pct,human_rights_policy,board_independence_pct,board_diversity_pct,board_size,exec_comp_esg_linked,ceo_pay_ratio,shareholder_rights_score,ethics_compliance_score,anti_corruption_policy,data_privacy_score,tax_transparency_score,esg_controversy_score,esg_risk_rating
ZS,94.36099565280745,21.92177216804273,414.3418123661773,0.00733925986371574,53.1560968051041,88.46048085069751,2.5994428187632543,40.13737889252969,0.0,13.988789052155795,5.798304460762933,42.57296721585294,36.46986267828876,0.898301388775093,0.8267824455775444,8.515237069560072,85.72334821771337,0.24018662152105427,60.577025135261195,0.0,83.65602319039786,37.22686469931434,12.0,66.1679134187095,95.68141400644774,68.11897835152395,78.29435511653803,1.0,65.19329914726376,69.72973011078008,41.354274685532985,47.181017354101606
OKTA,174.31106699745294,46.98937198435599,610.1059381735481,0.04589724361961073,35.21413598180546,60.649017501273335,4.249404567953426,54.695476166912314,1.0,9.487588137878676,16.44375788504573,43.95814732513299,40.11246078705856,0.8442832326684421,1.0993908391713003,4.844217933725017,43.26504643302318,0.8600311940389986,50.85195132244836,0.0,92.11711722865248,51.36026586773439,13.0,46.457338388900084,24.40894758037903,63.40035911716928,75.03822727527466,0.0,61.74754033258012,66.48074906036454,67.47916298378313,65.81565160375467
CRWD,318.47326799823895,43.105524445415135,1447.56675384646,0.06482877222742117,40.15936195916765,79.01546796526304,1.493864919067909,46.27931820932544,1.0,2.5005246401491257,8.922162320003368,28.898290302807094,26.514493951304868,0.8289759134358182,3.272870106251911,9.344191136072096,75.50733827593645,0.6824048849149031,61.509870971018046,1.0,84.28266468150372,51.767709657084986,9.0,12.411063515272602,9.969700760929584,65.7818199969283,63.12770792327075,1.0,61.506037655006516,42.713241676350044,77.50805319473011,59.28787042526424
FTNT,5856.636310261009,10.0,21234.67482670301,0.018051585996879806,58.0105952500023,92.12183419534261,3.43765389098984,38.64195471294228,1.0,30.065759705041444,7.705826328415478,60.59801814885543,28.16439451141757,0.8606902051130274,0.007516907795756138,8.746707730690352,73.77862881808169,1.61151054671118,78.51255252008662,1.0,98.59784933873813,28.8913548290217,5.0,34.0581519807603,30.827077642024364,50.19062995117253,85.7767682189851,1.0,70.30800423299736,93.71098381695357,49.5699516898543,74.29623423556475
QLYS,562.7533692513032,10.0,1222.6920269310135,0.016057708212770444,37.42341311241815,83.12265613741677,1.126128684187335,48.47646720955625,1.0,0.2930295253133756,14.843986349125037,41.83652482110987,43.69296481375559,0.9581649936467219,0.4750801312991797,8.385236951049437,77.59868882758563,1.467978999025171,53.57727730281555,0.0,65.47441584954142,34.61574365228746,7.0,5.810718436622289,9.713889467160882,75.33239680965272,65.47553299673132,0.0,87.48497791269659,70.01669319311564,51.46809992223488,68.81146248442857
VRNS,307.94449506318284,27.07052226940914,1629.7321430902477,0.00357791110262266,36.36412761002656,62.4258146055037,1.0,39.744460411438055,0.0,14.33474557828884,3.0338769260826814,45.19199005835502,35.41283367691268,0.8569591264712417,1.3969305768047091,12.651823595363055,71.76622200047737,1.1880250041678904,40.206751616980064,1.0,70.17044673354195,28.614438443560932,11.0,47.09876292659016,8.455030562833626,71.21867279037315,82.1056412237108,0.0,67.3043283042006,85.19916208335039,68.7509379259386,62.70907332520138
ESTC,329.70596792824216,10.37937001297422,1937.1885513851378,0.006587834972806107,38.16656929928963,93.84813658544147,3.0386100781854806,55.37248185875131,1.0,2.1468600924977372,5.258104986256375,35.68557851879391,29.80313880734972,0.6778068334836449,4.00864216601592,9.91160550388792,75.99487329485198,0.3648307765766817,71.12702495396897,1.0,95.32564101074932,37.226030669400394,12.0,50.627176280024976,9.701161686964593,76.26348379805172,75.15860648189005,1.0,87.907947958266,59.79791044638999,74.79394374373626,67.27784101558389
DOCN,142.8441653693868,10.0,755.8768577442861,0.006496685386486474,45.816286044954154,75.32534356231321,3.836711816410672,46.89567202995757,0.0,31.625703903829663,2.5628963051961176,51.881828618747505,30.207534496168726,0.7660711638306126,2.5797819949798275,9.64825859218055,78.23179050383429,1.0056884460819369,69.59655732362545,0.0,74.40206952708988,42.61816250747905,6.0,20.737240674772853,8.966818682781907,81.21911648806,64.56455037754529,1.0,71.32312848516996,59.71349206786704,87.1927379688473,49.90120458199509
PAYC,2438.992523794315,44.55648796110349,13952.101943097718,0.014285345419827436,37.23452574823778,70.99453875892975,1.8154152768264833,43.32478880963952,1.0,5.713392370976759,10.585667837261866,58.95672460234554,30.90898685929796,0.8230814440285367,1.2510430976449054,6.818385566632486,75.64421262413799,2.1817745639756976,55.85051395650625,1.0,91.21183334117993,42.75297550547916,12.0,12.50898970081716,40.216575211159565,57.36183179003916,64.24474973188134,0.0,69.85532251429896,81.07455970951122,67.26180910467382,70.97638697933718
MANH,215.63129446366472,93.02066838870128,834.2053677839995,0.030620732549517322,30.4782603934593,89.409283760361,1.4818776762487536,53.46379013051147,0.0,2.4268013392134904,6.26082986061342,14.1690079073969,30.921721182661827,0.8587859171611522,2.408971561805413,9.3792202629946,61.00340577075437,1.5677627625189545,61.010107396967655,0.0,72.17593192755366,55.43453431230978,10.0,10.990853510039528,22.79644914922422,68.76715150295534,72.75874912889996,1.0,66.02187176620372,65.32554935393279,82.92289513822277,85.99378690158873
WK,50.0,10.0,267.89209939246535,0.007381320004065549,26.836512241451405,67.41381506809647,1.0,29.19056705281603,0.0,10.509791352144926,6.903881969385618,52.73839270447559,23.38043051661048,0.8162835813604158,1.0276990889205768,9.423436403069795,65.90916815931361,0.5464223355364642,57.85552704173901,1.0,76.81777173260116,40.82023334110953,11.0,7.593544782488699,7.439465577179008,58.804335091341855,86.1576650828216,1.0,46.36271543674142,43.793559712555755,70.08943568620087,88.5375049781663
GLOB,418.74908253303306,19.840077341337256,893.9521785312721,0.05845749524122909,32.01337603436447,56.68596078089899,1.0,47.42619597649565,1.0,36.02774174324784,5.3952663043784606,46.9542978060745,25.03789944623465,0.881577692900013,1.023888633986027,3.943540989405399,64.95103434737437,0.9750839507153762,64.29931865556924,0.0,68.07994633968607,24.139722692725826,14.0,16.60881801814186,16.8098802265302,65.8999291595555,85.07592170430262,0.0,76.37641671154071,85.51457445846435,49.666351873521094,55.83553106487411
HUBS,364.26014630309464,10.0,2567.7345957037687,0.022368326636921912,40.82763945293043,67.49667904556165,1.0,39.604333353062785,1.0,10.647576368860392,5.918435526118308,41.41435821652207,28.55211735826177,0.8994616049721614,0.7066825768055969,10.725353651071545,77.42179566965409,1.2273020861698407,74.23054072605423,0.0,100.0,44.452055146666986,13.0,35.31745146780117,8.458355485564356,81.23783423999484,72.60444846143345,0.0,75.5780083684715,56.0182472639392,66.71971864164351,66.03797949879423
ANSS,229.58485245919795,343.9048480226082,1457.5425387709554,0.0428736733894318,9.26262933188642,70.09614160688308,8.99397381097668,43.03253263869014,0.0,47.83782545360431,2.147435905745888,40.47017213123745,26.827115498996278,0.9486543208129906,0.6536873042851913,10.29956877536916,63.90113460680098,0.2760367601151254,37.04607230800298,1.0,66.95213083339675,21.96687386598346,13.0,17.12451461277965,9.909304893186151,71.75694648767085,54.674726580826785,0.0,67.9219488656948,73.9214666492429,45.17771439400727,90.0
CDNS,206.05694180364745,18.020703256684467,1595.6269808267994,0.01832423941642063,18.566969306569696,64.61115912633538,1.0,35.92088461507607,0.0,18.189980577347804,1.5448807525561223,69.39242155682922,28.474676689250643,0.6958032960704315,0.2887729224821114,6.00407203226804,58.20084752487751,0.7641734219304285,40.81217228490924,0.0,78.14539760141275,27.889956450203044,10.0,56.077479593221355,35.01613042744184,55.87007844999085,38.19191171239916,0.0,56.95732109427786,55.658408362226666,63.6886725226238,90.0
NET,1063.8945035259098,112.28119385395422,7557.36436534939,0.02754879019645235,34.14129201828975,73.63349032941663,6.966794363636456,49.88509342803569,0.0,3.45388350922558,12.071388672393908,46.413850550766554,28.21505646811598,0.8876468862293068,1.6735674221585723,8.271862057337042,78.497321019274,0.8503389962480425,59.528653704385604,0.0,100.0,37.745908810915445,14.0,27.81285927770393,48.71128571023422,77.8451026053997,79.76770270716955,1.0,73.2850348604332,53.94329641406897,33.677897738900185,70.5785794070512
BILL,7707.245587745496,111.604616836797,33154.05458398882,0.07918584571683938,32.242714065723725,62.4441786727721,2.6398378274040244,19.704545995224393,0.0,2.156016921173298,4.56927310886014,49.90096243129475,42.15598579969254,0.8190983573589542,1.9953649754348126,7.313439542666265,69.68898191316508,1.461773150070409,41.603733647370554,0.0,80.27653098064559,41.03367044862269,5.0,10.21141066332104,26.421558244921577,74.0810386298454,78.69767280232205,0.0,72.77250272020778,48.834468336854215,53.66949974137238,89.50427849357033
FROG,93.46929755026551,27.961883410485264,257.1447634632064,0.011592411528430484,53.08421725465123,76.12986558908838,1.0,45.89410797339403,1.0,31.94614580063924,4.061800111156993,44.520720489770646,30.82463048826016,0.683328447135973,0.8863421034919133,10.758803806164149,63.465081428171565,0.8472188776890054,55.19699216309698,0.0,84.61217072730912,35.368297656003,10.0,11.420933766664827,11.839414786214142,69.35003279899371,65.19525993674657,0.0,50.77553761196321,46.390207299805326,62.47001618504041,73.56996073707847
CFLT,1642.793855813511,174.44090380669604,6231.142259456166,0.06738429013236923,34.49769632939143,71.39228588076121,2.113398096687317,64.15054641499655,0.0,16.103998680405756,9.85741962957414,42.35896301927091,22.440291487858033,0.8985197102471792,1.020663009009994,12.118382504898522,85.66236468398809,0.3756111174715837,46.74145246181819,1.0,95.06889776453464,17.82278017755634,7.0,35.61368045103013,29.542133912533554,63.56120360265054,84.31252790397738,0.0,64.10303005790699,76.10674561440173,49.4309026479098,90.0
SMCI,387.39037127101057,18.968199547197152,2183.7707673825726,0.05711229387020209,21.990468755828864,55.878345086006746,1.0,23.337848562421907,0.0,5.378307970203437,16.680715729658772,16.091740277188094,39.964257549044085,0.8454871803082397,0.07246847115685957,6.3601202019999254,77.32517309353823,0.22798418171824275,48.714020769607686,1.0,100.0,32.80169235217233,9.0,56.30230467222461,5.785073579665664,65.33124835400228,52.048424773200146,0.0,70.45008670695444,39.651271520103734,57.22190130444531,90.0
MARA,203.07484767572797,269.0716215792172,1434.7284073720796,0.01996352727504176,57.89983084387376,79.24681417939468,3.2405834236261923,52.069796410755835,1.0,11.362710642509157,3.8865386611541433,45.0717593287513,30.029219333621846,0.8506504226771638,0.16057165133641893,10.290819186756204,79.36732726733094,2.5567088441747514,79.29055956776185,1.0,81.02112887449363,39.844436203873336,10.0,19.13804050665847,9.643384689265831,71.00502686172292,77.14961002466225,1.0,79.35558634936956,68.11431133176578,65.93160195947644,48.287708134956354
RBLX,1494.3771259606767,10.036153475924214,8827.880239293836,0.09179049759647069,33.98269967665768,65.34020383634208,3.4650063763168695,45.751826669992745,0.0,38.125751423357315,11.103085396875763,54.889440133708725,21.010117941061583,0.89331800488949,1.5835654764477756,9.852931855777245,79.70205887481359,0.6591711943816152,53.99362631732859,1.0,100.0,25.985524674126047,13.0,26.24709711780388,7.76177171915017,71.14495302583603,84.69177182543129,1.0,74.97284553779345,71.33595305784932,74.44527268326776,77.54497391246764
SAMSN,5083.0229301957215,10.0,32944.364207139864,0.05747147451104503,45.17399685591417,68.24037009482059,26.09700124588635,47.058145237155514,1.0,10.979626095241859,8.652285752675756,35.72675317431829,52.49178922684823,0.8694674213364373,2.6536455054111006,14.139440498906389,78.13502524039745,0.9821067567683077,56.60367106586739,1.0,88.14402424769473,32.63452628121421,11.0,38.607808214524425,30.650848556567148,55.128543014130784,68.49658077419096,0.0,70.72404463274088,25.846309528505884,35.64469789791382,61.78083289920124
TENB,897.8830646770532,72.11499627773654,5943.687971917102,0.016256083410560247,5.384759863597269,65.88753946499726,8.615472949318425,20.359011727110964,0.0,22.259783016982247,6.72875191373806,39.88138891377695,29.353371879423133,0.8473818667654718,0.736488281572559,10.933177263649824,60.008710306048954,0.3264662815571103,31.035047963010683,0.0,96.92027463953883,21.764124827709097,6.0,24.771284455140467,25.588634273197492,62.19021980374284,56.769541065342544,1.0,74.16014555006029,54.274786290770344,50.72764178531548,81.7151886882373
CWAN,622.9013352198888,10.0,4535.01730288658,0.02883429898196363,45.57356972006248,60.37298869381304,1.0,46.257104375383626,0.0,12.517458559648178,11.828818368347484,45.63605930553653,24.902383724985267,0.8970589509420751,0.7374994260264465,7.9219348466282495,61.119016607918354,0.32677127686126517,38.80937638999018,0.0,85.61130282850976,36.04237145256555,13.0,45.41321565281286,14.627231050747728,72.1766265212861,83.01927548955194,1.0,63.91032703827155,56.88265370897184,67.56154756850809,90.0
RPD,465.1942799471891,37.433232818712874,3368.0158769070217,0.018438592757484638,39.889882006956924,70.62113521623169,16.01298061057828,65.54835638976392,1.0,13.909116836655109,15.963482542874154,64.31633754551824,38.662921142045,0.8277029962972713,1.6777952525278408,7.074747165774441,67.82627021772656,0.43363934744764054,58.27462702403456,1.0,99.742308060573,21.340135105994,5.0,45.66412076605885,8.566926808643283,64.93730354774398,66.90487797840717,1.0,65.15634436417466,70.6163650546725,60.757747531267036,48.86248178092954
ILMN,1006.3885451681267,17.185893862730325,3317.2872035158666,0.10164946949173685,27.39115261677781,60.38649556802452,19.685858062029176,36.65155765575807,0.0,8.20075850871441,4.278446361413305,35.332432427818226,29.918231814587713,0.8709291355662842,0.6221712524346369,4.764253434038853,74.52001089567298,0.6591385861015118,47.82545839906306,1.0,94.88306382110345,21.83909579152512,11.0,8.98517890920811,5.0,77.15720271404757,63.535598189404205,1.0,48.453061174710456,64.25039879668734,47.29679251189001,90.0
ALGN,518.728184504587,43.088741645350424,1504.463197553462,0.014158501946887577,40.72702393964597,64.35094540007005,1.0,40.97838601609648,1.0,18.454864827507695,5.4966286314533885,53.823264545383516,22.591776344796127,0.7470604459487091,1.7480437261905784,7.58319229238354,91.34910678867956,0.5230597335044693,70.41172617964233,1.0,70.89580846783414,31.701483175094985,5.0,20.443902658023667,48.15643958046211,73.7044355263085,47.16097743451965,1.0,68.42920990504126,45.350085982135056,59.18342084543408,67.64549704697883
INCY,854.2314802055604,59.79415867585326,2876.243953959906,0.025225636196035083,21.65504491749108,65.17890039325457,7.873343529081321,35.29261460552351,1.0,19.292797881123047,5.812291341258388,42.123293324057386,23.063709939978853,0.8844991384063107,0.0,9.17488611960553,62.430708847638925,0.8709079627056354,47.357803159006195,0.0,75.63559918233364,30.832953744152647,5.0,48.93642137354219,12.597999722152522,76.85075244030047,63.36354643940325,1.0,72.09169941965902,72.52316679074727,49.11876059222945,81.50104559542274
BMRN,247.6803579337483,23.610397276462788,1247.0993721798534,0.047751996148986266,29.33030356452946,73.03874645466257,44.23801386620025,54.21749363381088,0.0,10.595365500048615,10.184427812406497,36.17621805009197,38.58089996627456,0.8414672372705663,0.1932636673578669,8.550941285473813,69.41519206764205,0.4407442788273308,39.006201353251114,0.0,78.33894295860038,22.3182129079232,13.0,26.444254754902968,10.719680483279236,74.57936520612631,70.29051851392218,1.0,71.23438932688434,54.68715662532726,30.864924944368134,69.59206889607435
ALKS,51.46492854347131,255.86810775173848,230.34317841544268,0.008814557389778065,32.685313317352886,60.97489515948405,57.24690969794679,32.21622922439086,0.0,24.730809618086415,3.3217928830131225,51.96440348347622,41.58361076166638,0.8204169998570027,0.5996646162596095,11.389755133413404,64.49819562036032,1.1500736184983915,48.30565094459705,1.0,74.25353300235159,30.538554513258404,13.0,37.46991446239846,88.52403110531945,62.60465375866635,74.11662972696479,1.0,61.73351868714737,77.83122929556279,53.69696021560224,78.40343455465494
IONS,50.0,65.6165829381582,177.7890276597321,0.026545164052365088,52.93421523780288,78.55410743962196,3.0659091440904116,62.21334177451992,0.0,18.38502439447365,1.7298584979678409,13.687173370425386,32.19095091950807,0.9220123890838726,0.08305443076039948,10.545272965315043,72.74816831678389,0.899375354795095,73.35014652063762,1.0,73.25987201588292,24.06035328514477,7.0,50.44375121779571,50.8142853570153,63.92843867840697,64.32176613948278,0.0,60.387668668731735,63.435971973602534,88.46510522115977,45.164294235344684
EXAS,524.7494682309159,33.502772292327705,3355.6114316925095,0.012761622511371255,28.983222202427633,66.85181088991504,11.199793873787046,49.247088452750106,0.0,20.465097432101654,6.021693962337348,35.36728477436527,21.103100129268928,0.7838572625582383,2.8481426100025575,6.542204846629801,71.02582719571527,0.6995947834357045,70.0435851909118,0.0,58.87437356769426,48.58990698774591,10.0,56.685547089009376,16.87469584184583,64.38978226051256,70.08304323952378,0.0,85.79182997236556,57.586316008243045,73.66199705347138,46.703632764688386
TECH,622.892748923099,51.94415923900073,4080.2901632414446,0.07007866902505945,21.341595713988053,55.95518179161347,2.6957480025816087,27.305125937704645,0.0,24.641845843903816,3.832363992449448,29.570606707017053,24.58129028396738,0.9475204864136925,0.37510790156834684,7.442087833821335,50.008000217688526,0.5792129859111133,46.913767365041124,1.0,97.97694166724047,25.54155727737334,9.0,40.81496896744188,7.573901398257917,68.21265460857092,81.32573463627777,1.0,74.07633043794259,56.47837001840189,48.00801902227353,89.26368888505215
DXCM,14515.346602597741,12.36645665306249,36299.75394013293,0.03481841544641147,37.332809310171484,78.10563179738519,4.459269372451859,52.84975937885766,0.0,30.208731284805626,5.005159815909632,52.257299956798626,34.127244915407076,0.8403159701589975,0.6595051146585031,10.049082933033938,78.7078226371217,1.0057510199453956,66.19061855600928,0.0,98.49357289168756,28.77070780900803,13.0,4.696851131039773,19.721423854853153,73.34980609474418,63.10119103489264,0.0,63.33281480996367,55.99763382277969,76.36340984500671,80.63681540913204
VEEV,6445.570657469931,147.5253865910059,31117.429739482235,0.0211498625159171,17.316010640584366,62.75929483744291,6.434081032875938,24.862876723593995,1.0,34.78214592074659,2.9566399149877283,56.158661731839565,43.925460010538366,0.7234719280424965,0.1490752601646858,8.914617424048393,71.01746637240173,0.7716959955749985,56.853202004889084,1.0,86.99967572882929,36.403054309770155,11.0,34.13227057914702,9.379435877895629,63.1565995363069,84.57578810759983,1.0,61.67266152939574,60.759346446657226,45.03066259425446,90.0
TFX,697.4792187234897,53.58162508021316,3735.077130583164,0.047106792834093615,47.755603565837276,64.04132710555139,35.890020582887814,40.501964311900586,1.0,9.167878513882606,7.185880576200141,47.683030346669184,40.356103982528914,0.9659406533666635,0.0,5.604739841839455,63.15460802358114,1.472333127988549,69.79469324526934,1.0,76.47029966561335,21.392533080126377,9.0,37.786399721698174,33.56703311304102,69.07497939918491,81.51046092567141,1.0,44.47961116072905,51.180991997442334,74.56072657043666,90.0
STE,123.91461449556546,192.90307461612085,770.2287877318693,0.1210973417479504,10.966437996294765,44.426252761544006,3.466383696382291,18.68351492710738,0.0,31.685922927578645,4.435704082148512,36.17350638265548,35.74607455237243,0.8070270590011366,0.5495938165672087,5.299943721948235,61.81992742647735,0.23370772848166446,52.42314563517691,0.0,80.59870015245151,25.182748755275334,9.0,11.468486691967772,38.996030509527024,59.81794601699575,79.99716756404611,0.0,59.296523481166766,64.43062926527617,55.63371624059527,88.25513678125797
BIO,6063.402920807196,19.00699083448627,44223.74047721022,0.011604296001101749,22.73027978328021,51.44541144579073,12.408679252285701,41.79296455950598,1.0,37.929962093306465,4.975463207645703,30.349964789009725,27.097499782737625,0.8777184887648825,0.8171365566320612,10.899369035819975,67.33451980476323,0.294766886236284,64.00080166893633,0.0,98.59665384162344,31.64460447998528,7.0,40.013026283899194,8.044744605063398,68.10271646931828,71.1677000935554,1.0,63.70259771272953,95.0,47.4017614385218,69.82929367562674
HOLX,2374.077901923907,208.6830228982796,16793.339595516492,0.017813343429591923,43.974238263698204,60.6320727611629,11.11536682803864,56.983447085534166,1.0,48.0411669080804,5.652350659107992,35.46813172763581,46.84340242878152,0.7426255608375028,1.132767872369461,6.133034885651137,85.14205551033739,0.9710439604032649,47.90360821367812,1.0,79.2682770084898,41.682469968956866,5.0,48.3687650153189,52.31863692347601,84.9756428789643,91.85678319038756,1.0,52.82302751210133,62.96513783340419,63.986021005716076,51.435224846950625
NTRA,170.62916605108265,42.40816877969538,474.39800016217424,0.011634783438421161,31.336525878561744,81.99796133068938,2.757710291120835,21.597883971379645,1.0,158.10923792441065,2.1954299448809667,68.72924436929853,15.743945270932336,0.8228630539093588,1.7335549190013713,6.90873719637716,84.22097425277617,0.6100197517581882,47.67330751062728,1.0,85.87915088254627,41.28165924863071,5.0,13.05001377222876,5.0,63.36794933743867,82.50959634998571,1.0,89.70016945064712,54.78128280469523,21.037144444113213,48.62585670929259
MEDP,980.4423264179825,372.027299000284,7078.612173617205,0.03822042607921401,26.409125991335408,72.18122521710069,3.145529066783362,52.24412478719739,0.0,4.833102756438287,3.6755215723209895,46.30522897565001,16.069675317931186,0.9473345050499794,0.24656921906007592,10.199468329488843,67.3690054416663,1.7755912510499934,73.61273722878411,0.0,80.29412391858159,35.64483572802759,13.0,41.29321796410966,10.638283622487439,77.42550750680405,79.39134025146679,0.0,93.07691647913438,68.40105909521156,64.37960260343262,88.2779403494699
HRMY,812.8793557469589,190.0232681930959,1962.4348438404593,0.009443044252213867,30.69296919924266,72.19380856908873,6.286138156297908,50.68508203424587,1.0,15.279811818870863,1.3656399172103457,47.1032231052829,15.24162229049676,0.9357727398759959,1.1065215542137534,13.301087866006638,75.00448815108781,1.393050885601532,64.6723209877422,1.0,94.79445540798659,41.08569391439072,6.0,49.42553973290084,16.075350329950012,74.40033577812383,56.09206957569133,1.0,64.60979984549724,62.39898945399492,71.76158637007734,77.08780762106142
PEN,50.0,55.51463331754501,275.7594365360558,0.01777509908717086,26.802806690408815,58.350551286041934,9.692544523830238,51.36219374896504,0.0,24.122427092247076,6.130434207629546,37.31036374292501,15.466588354935674,0.8570341294084914,0.05367219490729619,7.289779005163519,72.26387234611798,0.3727437746117046,51.80698568492532,0.0,85.70709752244878,24.332400477002512,13.0,38.05352832278485,13.591470164870541,69.9507359480231,73.43589911367545,1.0,63.48486954591498,72.8407998311797,35.560332313853344,80.72520189189578
RVMD,193.3628348112607,56.027101119109474,1269.6642167508555,0.03155165861690964,15.402562814384655,61.707393717040205,2.390547647241077,28.618210799919698,0.0,30.997313923560746,5.113285322006282,27.96145183866458,10.83819046862762,0.8204624205355892,0.3717390844520374,5.548218935214603,75.62762561893481,0.584111709927999,33.245087658875065,0.0,91.37528678965334,22.625142135678754,6.0,40.66558739601372,15.260550811603355,90.3763405756269,63.418064149495784,1.0,68.05180551963537,76.53127824885614,62.394496427381675,84.50519546631433
PCVX,1019.1965931220036,35.73795441732939,7164.53637773105,0.034402165174101516,22.18004121818432,69.95318554061097,3.365794646594251,49.069431947658146,0.0,1.2764801400406218,2.3092371256884197,58.051719325288765,29.38031802745791,0.8354748209694974,1.855817072381057,6.692127942140714,70.24673210156514,0.37973983654564714,38.12591272564607,0.0,69.91704749700767,36.229726886402446,9.0,10.068873478175437,34.52118211125882,47.589152258281814,63.21502975219754,1.0,57.2823888227842,49.544957946267274,66.1190736674085,84.04392155969404
AZTA,710.9584158908877,34.783880890803125,2383.3370874231946,0.017759424278363606,20.852680018770418,63.69444660019141,15.971696247980196,46.73750194650309,0.0,4.768560470034755,4.75746345322625,34.29142488789662,21.22422141085384,0.8426186098625112,0.5448561371298942,9.765895936115836,72.96764553718194,1.4044257050721112,79.61967387813888,0.0,66.31572870170136,32.677924631165794,14.0,19.425099869473495,115.59814387214256,44.06632317395642,65.862998249421,1.0,65.20359675808672,40.14064271324783,50.78544489811436,80.10791939796547
NEOG,59.85876366336009,77.52763046678116,276.66572797823494,0.016837655199325376,38.770536687245766,76.64468867608466,4.6207333618145086,58.01291591246225,0.0,86.31267107677488,2.5914796043212203,42.59147777415752,32.95110181497647,0.7719673250115731,1.1770232789212518,10.399394855370454,66.81086635501582,0.38847630752372175,62.17172033036402,1.0,83.9922054596569,36.147907043651806,14.0,24.998095104534336,6.96838284613416,56.66340245892685,63.319139503894974,1.0,95.0,39.54891062359967,83.51728053532716,63.25682731363243
AVTR,240.02833237875828,113.91263481977126,1909.3422709622282,0.009441456747535631,41.05006897703693,55.73237230008374,13.672335208871258,42.79278401697485,0.0,62.95398801644949,5.438515218466057,46.81421499490926,25.150493483691736,0.8334815597425483,1.179969799878908,4.94610955687296,58.47875344877023,1.8467187531467755,62.65723425632611,0.0,80.52445400909785,40.02504564855793,8.0,9.867394170808694,14.238088137888955,67.83626378600445,57.68890244085253,1.0,82.82178710254789,59.86535861556976,60.61330024403655,78.55787115463268
ENSG,723.3861817819167,214.5384203711257,3457.613724872655,0.02613231682053324,17.46196712550869,71.77558910494601,50.581353955188355,22.479341097089648,0.0,38.526028879774856,3.8907749272924406,40.774738718701,27.862046777436756,0.7913969809075618,1.225741723207683,5.890472875032909,78.9730489428321,0.8299901980860237,34.529922334127185,1.0,73.84122069054398,20.186162379970963,10.0,12.912180935944743,43.95148626005222,88.42597770117735,75.33100212073221,1.0,71.2207786506642,82.52397889419645,63.71923077816255,80.81514590179229
GNRC,3192.1421472909606,1627.5009987287542,13457.064559316505,1.19851348376646,25.697265485114002,70.32541242412279,33.42218910797971,42.040098027868275,0.0,130.55665773552832,3.7507496571964065,26.458391879139864,19.388987817607248,0.9270744932860735,0.7957025796841309,10.543900305511912,72.2136097116442,1.0012340012312961,52.01383079974586,1.0,79.11696559038808,32.75644328928209,8.0,12.360476843317478,5.0,82.3968743546075,69.1923951020444,1.0,42.41983288687274,63.80746030729243,76.20104240413849,85.54839801900091
MTZ,678.6539715764844,148.90584643068073,2631.2629031988076,0.10175273383237818,13.38886728441603,54.080376010317586,8.996561507429504,22.889376482712155,0.0,273.3282348736459,4.148356117784941,47.80715367145612,24.600580160182677,0.8366642897865526,0.37565901730135254,6.92416254198063,70.76112748277559,0.774283611945539,46.40394616229365,0.0,83.32062335203841,32.89763103059729,8.0,54.08977187534061,5.2869353996934345,66.59356394493904,63.41504665299931,1.0,83.96317569583333,51.79958781222575,30.744586252855665,68.74593186947237
AWI,811.5698532045368,18.229775948758462,3022.9110335046316,0.08987942901262289,12.39353003326401,58.71168229500498,7.180791596720831,37.54493546337808,1.0,302.46096574324304,4.462039715067996,26.453978249187823,38.88245796985216,0.9097977588144114,1.1963202244500761,5.329341778118454,55.154015243158995,0.9991278884142545,54.18102872761309,1.0,85.540500890015,31.888478044643776,12.0,44.66338672523366,20.801473180215098,63.1299063571629,67.72881803411188,0.0,46.3173371437224,77.86530039805754,60.94823442879923,79.18578003096326
GFF,1800.7135591005342,399.9168320960542,6396.620489759875,0.3810279773486998,14.913992025053322,63.695500766026356,13.550066160547212,63.90644927334233,1.0,125.19478326323366,10.008678023604746,36.57312589699494,24.363254061837488,0.7920638025906618,0.2544337144571225,8.03205427487661,67.82646338689788,0.7925367737275502,66.58379348994171,0.0,84.70602384465239,18.656811341486165,14.0,22.999704296616777,10.998118189606018,73.371831756239,65.14184340742266,1.0,60.75525853166047,81.43925539920052,53.693148527148566,57.36893995030138
WWD,2600.824702026082,92.22922042319476,13005.373751609304,0.30435818353612415,25.219969124052742,76.07319169807829,21.972181702136663,32.466158922991106,1.0,63.398346920099314,12.091612383836686,52.933406838753534,31.81017252067452,0.9096225044074207,0.5609538729742204,9.566159410369156,74.60650461743559,0.9636437809186402,53.33306111475005,0.0,74.57612969581051,33.62754842844787,11.0,23.315194188263735,16.712556038974633,55.983122788876244,72.75211418908512,1.0,95.0,67.2651054772568,66.0527371612495,75.34971069986841
FIX,419.3106265289725,228.33735967850342,2533.421345416594,0.15529283252083403,13.517572658543294,61.57244199144736,11.001782073098607,59.194401525508,1.0,17.597708684075492,9.901228100328995,42.83717810435168,28.93833802096848,0.8314062048080926,0.7023550010191644,4.6559401645380705,79.78963493470805,0.8180169381415853,64.33520947347023,1.0,84.42287657322,17.246526826991516,7.0,4.049576645485553,13.27386844522437,72.56229568811494,51.41558457865362,1.0,65.29358326825547,89.97158726690584,53.725543499723585,72.31653641703107
ROAD,1159.4129987895478,550.594302967924,8937.511531774613,0.1765606412213063,14.01145486405101,68.1500890100593,22.466199336075682,44.57242643585626,0.0,216.82269793130837,10.789147359978488,48.78540364664363,38.79721338782241,0.92748799283343,0.1974483978042492,7.951549174683943,63.92209567666427,0.3357487287823092,50.23234889377791,1.0,79.36345818512804,27.791578485424257,13.0,17.506112262989202,23.411595634398825,59.483090316854216,69.06050599557346,0.0,57.84034813870579,32.85170940937189,65.91418565716566,64.44322633791862
DY,885.3917334612801,10.52044736379656,5610.219654678307,0.2793372827078002,20.796013831662414,58.029674779632785,121.90996282580814,41.4033150186936,1.0,145.46376559099792,9.923464608892763,46.29603853006743,20.129516401778773,0.8570103248117111,1.0821762852941026,11.708424925312976,74.99177048898176,0.6451853464144252,56.048414368690366,0.0,83.01874107115029,35.25936969057172,9.0,41.47359734250266,46.92970993585785,56.53931129187916,86.05415600508462,1.0,70.4752047375348,42.571022264442874,53.15639599593137,76.12983844766666
EME,432.9083096661399,292.60526890068417,1985.5431294374462,0.0948519572359688,30.13230183574297,81.74964027597868,55.312993857497865,51.710464668303075,1.0,75.2312258612947,3.847837435294018,44.633243648955556,36.019731712743344,0.8774923084080316,1.5150947574447637,8.130361111556663,78.20513216797441,1.2577151482489926,40.63766932257181,1.0,90.04098211823612,32.00475926941282,10.0,11.733714749441694,91.59626956677671,57.522612432332636,73.3394745213454,0.0,61.20785874937758,95.0,47.05856139956164,72.50054741372287
WSC,1407.0766722207522,555.1580599031158,2929.8028087832463,0.08242704131221408,16.921663592364425,67.01400057970726,23.982065963436835,38.569773480783525,1.0,0.5360502711058032,7.75108727078651,24.2880803088114,32.83890929290899,0.8108119906520548,1.2905201773342794,6.102646869799245,78.45927533902797,1.1508181946105862,79.99605285607157,1.0,63.92574480662694,10.169712120068539,6.0,8.406985754036633,40.77973171924884,65.406280581516,64.46908338649664,1.0,53.09310895532079,83.22495103693899,75.54445046899616,59.57360075612169
GGG,1059.114464924916,650.0500863120227,3257.9801990611754,0.38333676411290557,8.799569390319329,73.54705900544714,38.31132618092677,42.590510856947056,1.0,1.9330504120641034,5.573811795623621,29.487518825173655,60.0,0.7757772069884237,0.8200518592211518,7.418643157249589,71.73430247218867,1.0995292394590128,65.7610612247315,1.0,71.27192828456906,28.167560484834624,8.0,10.28264553382352,33.23566902342519,56.54821088408009,79.95355430762599,0.0,58.22106725001602,65.32980896211227,60.98849420327302,77.03620778270252
RBC,3669.268835987425,214.89297854718487,27988.417229615574,0.08445466781426646,7.857721674696039,58.80603899308571,3.140961243878867,33.21371270931611,1.0,15.931883591295435,8.177449909772513,34.40325097977464,19.56959187380313,0.7800568911429827,0.23462460698817664,7.246189652021069,65.32338539299062,1.9659590026180205,50.054703687191264,1.0,83.23668511622627,29.0610623051517,11.0,24.109599683995377,26.881965022599953,57.733350898661,81.08001947245045,1.0,63.87115070425763,76.53770957301428,54.45842577639299,63.44453947099437
ITT,1029.0614519845678,316.04918002111,8181.694349605682,0.019479395402228237,5.0,61.06650798139846,67.35384881450146,36.49654787900707,0.0,1.5949694819316067,10.764370357782123,51.0598964792703,28.108107409790787,0.8699510243518863,1.1690868441238118,9.28470212725058,44.807202558167184,0.5616403097097434,44.537543040771524,0.0,90.2778345863722,30.024290289441918,10.0,32.538991049610786,24.1375522743315,35.31341461922696,68.4562322419445,0.0,82.38140676942326,89.09530935363185,22.089215294020605,90.0
WTS,588.5478835401193,16.07407106958899,4667.849709648105,0.19427015270872983,27.29901361797107,74.11337373964697,65.83063979688103,37.86328210670973,0.0,91.69946308730307,6.229833099270217,25.67104443536469,33.37406623661841,0.7830173039238307,2.9362306228134214,6.241194539661545,66.55380815659974,0.9587420646998124,63.41023546209995,0.0,88.82756403967836,40.84353801904023,10.0,6.839370156174226,14.995216310268997,67.89508568104957,49.694335201928,0.0,66.05536524524875,74.30098539331814,45.75463544002841,90.0
ALLE,1579.9769910937573,23.01719478485316,3630.291392004907,0.07823401823290468,15.560249255173378,67.0486783386397,3.241296758666586,55.60089367821767,1.0,47.76351117446678,3.1858867507615187,31.855915380703,38.20025757427439,0.9009855417153143,2.6171157526284796,12.821522083241028,69.33643166655429,0.6688427752262793,77.64440505031266,1.0,77.70567839077484,28.812169853975416,7.0,30.101974163997934,40.39932753178809,48.29277456008164,72.60978947179,1.0,95.0,57.221825381549095,62.62236085620754,90.0
SITE,17642.980598677248,103.07823491361067,64728.12496241525,0.07067574577393865,16.980567436691477,66.84944744046032,18.594166969182393,34.01111852502084,1.0,27.442285089173744,6.611453440378103,26.82701423223586,33.51082930876662,0.9037639630871229,0.28888467553747776,6.811144596061411,69.92965549787361,0.4633997046324799,74.89676045969262,1.0,84.40436962906726,23.17739897196043,11.0,27.983360846160085,14.173086059882962,78.42287963823249,73.9114430823604,0.0,65.12152307221919,41.46641186475516,78.44045980521533,74.93740639455694
TTC,17175.501506912457,17.00200513638003,70948.38792071238,0.2988520758831151,14.891000298238982,58.6451496449396,98.45106141954723,42.59733596924103,1.0,82.22991687925186,10.564897945640691,31.85034558861326,28.640598749084823,0.7532791452188236,2.2304643888762703,9.30696381330463,76.04980172674325,1.4181737912010162,61.18813176498518,0.0,83.87227547689284,41.38782541869277,10.0,52.688385412751735,12.684267158508126,61.16163846696417,55.95124007170873,0.0,67.31180745338692,44.85254097385537,56.11828780354118,81.65845983084127
AAON,2709.208027521365,186.3518060264716,7991.685236767154,0.10621525692161046,16.27273910117271,67.47714774301592,11.050066402334267,56.39128002236283,0.0,20.171526601788035,3.4562453971585665,42.94518428994732,22.73518817148837,0.8068261589258062,0.0,6.8667381664303235,77.1214831430063,2.412961484387849,72.70287675016627,1.0,66.71704397271084,33.394340217999066,11.0,22.600488857287793,9.722020558849396,59.16162476523277,73.24216404290793,1.0,39.576437831981124,78.15755089630586,62.523590598605274,62.69090086639286
ESAB,1422.1914370467578,41.13485326663721,8611.28033635095,0.023839547813678107,12.83393272190516,64.15398355802388,4.441524416130691,38.46410164678209,1.0,175.62117417196362,6.426182446463037,24.412532062782713,34.05513550772277,0.9758453150153069,3.1428993515940027,8.246004076958595,75.25574501830377,0.6081162668218325,67.02494324925956,1.0,81.87445236243943,41.702112433077225,9.0,13.403614539759387,24.616245811016864,61.73494110256454,42.565147079482244,1.0,66.0459161551123,35.170405538009206,59.18012850197476,70.08294604370171
MWA,4916.47272919623,402.06330413420136,30384.640554051075,0.04066053144883024,5.023610585818535,61.90338249246852,10.253405525589425,32.79832060938602,1.0,48.16750795712292,11.288707973276045,16.591329082366045,18.01604853191239,0.7855565723585364,0.037949255339835355,6.640176748043145,66.32478414885787,1.223556274024457,38.50051574056296,0.0,89.64988480319366,37.738652247348625,11.0,29.75146047756697,8.475421122397385,55.460751757503616,61.2676822467195,1.0,54.2354191857181,58.62604177894014,60.97580184585835,90.0
ZWS,511.3318279478198,808.3029140640886,2759.8062099933736,0.6952127523100317,27.679297851787744,58.040006246014485,21.662306928485684,26.399435104003555,1.0,52.84734242728347,7.361875532806794,28.659278717307757,17.302477953002732,0.9130131535892432,0.2981513066563162,11.232431823065468,62.41221873389392,0.834482177865677,64.7310949576455,1.0,99.10048200719883,24.21556486611339,11.0,17.46046002038613,11.522708087362723,86.5771148760048,62.34928572828872,1.0,64.64051595982133,54.76049608078962,43.5656914253287,61.06292873156619
SPXC,709.4530524698698,25.530090376558977,4281.05472526807,0.06667171113441668,28.821768643918887,75.24372594182107,10.151822989196553,66.22350837759618,1.0,133.92235690718925,14.332559763625426,44.54962515967342,41.59661632512078,0.9266954089831899,0.31170121419421204,8.759370798935764,95.0,0.8550530802623999,58.12138652958946,0.0,89.49447324555977,33.425495469657136,11.0,40.50270325967872,10.044683816284909,27.326747300719173,76.5256739065701,0.0,52.50329154259566,67.9038379526519,78.3855992014891,60.837050941522165
KMX,193.92130204464888,39.28874072990472,409.23539184299227,0.06882380340331445,26.233986751100094,77.56899206449236,1.662047940544605,27.455211337103286,0.0,9.547244168029218,9.706400558601615,47.19468737981087,38.655286682451056,0.7695785287951032,0.46996524230246245,11.388051678804286,75.26440091921927,0.5688820569101742,56.02267971955728,0.0,93.39313085864167,28.3689867397949,9.0,45.970586571678524,199.2823063962673,67.95565300309227,62.52186251662664,1.0,63.32637915124243,72.07880232255013,69.78013202987556,81.70766530018138
FIVE,1372.095136935577,127.75335238459252,8339.318580657715,0.09286124481018906,40.156564353940205,79.90858135391676,11.353236481825313,40.832577939996234,1.0,36.00305420040255,13.136861939245762,35.6180107858981,37.814900218291356,0.9634604104005284,1.453313900290569,6.757612059003975,71.31070364665322,1.5408672533283239,65.12936899279202,0.0,81.58407753799226,55.13422876128985,10.0,13.73448321792986,13.037079899464594,49.45001858549094,59.177172445227185,1.0,64.65106153037262,48.56465355507086,69.77341338356769,74.1929947741669
DKS,50.0,43.586917423409346,246.71073259228598,0.049487717747153534,11.879838055071628,44.891733485201385,24.42026047475707,33.21588665606809,1.0,34.00540823134777,10.67712151853896,57.5649667942399,36.03778731408523,0.8440054305037467,1.0599433881219409,6.514484796512383,68.19682918168998,1.616192729718056,52.2200676235185,1.0,100.0,23.02071979118748,13.0,9.166973544497413,124.30293235943302,78.84652811979508,75.25167746495381,1.0,89.0503712486136,60.207969513843544,47.731949210482654,90.0
ASO,6042.729708287842,22.67184300524032,35324.5480483603,0.11881117050010193,23.470529296053506,72.23966054811297,9.773169995232408,70.47059865793774,1.0,96.91749258274277,1.6188643235087583,40.61396117913166,51.50111176248743,0.9035251903041495,0.22885489312475477,8.057511276393853,77.04276200674902,0.4628977162228467,61.17669185900259,1.0,80.08168114788698,23.670341712378825,5.0,32.055076683643335,10.499410289562308,92.22012179613662,60.78901818415685,1.0,38.484535499282465,50.75722683644253,74.64064800559444,58.84142156202448
BOOT,249.377227326666,32.441592450488876,1509.6618681158573,0.04344208833697756,24.440717021172716,61.08899886835971,11.778643504822567,41.946949660085906,1.0,4.953556657022165,3.7155209520671963,24.072314693805467,23.343145109370425,0.8761506128825969,0.12884603392355726,8.792610618021678,80.14679962275345,0.5129379402139869,53.708908829838734,1.0,55.73999552279166,26.661960833903073,6.0,11.14602758805474,31.683887970544784,72.3149247381256,62.36469650633764,1.0,70.63170467400056,22.516308721704718,63.337633351301825,65.44793876272708
WSM,479.2596249522729,647.7943149543634,2053.968280129508,0.020470046755884253,25.36209038116147,61.989416825265586,4.676367052508065,50.196781487606216,1.0,23.377260894878614,4.668709079906,56.92631289281299,37.035974723552044,0.9428803140715108,0.852704652593895,9.834217575006384,74.43247201104582,1.0748094312265486,60.821362872442776,1.0,89.50399794795283,36.55548751314674,14.0,2.8723068878634246,28.357648191772583,57.97650074376692,76.04940199567338,1.0,48.0169223698051,55.34176707781006,63.66422086351665,76.29841024890045
RH,4273.435510284766,1610.9460671901938,34048.562959567134,0.023725569091577373,21.440321993449412,73.91748900237172,9.98598374884953,44.12384208595142,1.0,16.042481056546123,14.800031430094137,23.13307152676472,43.04240107788465,0.9341392964628581,0.12161163165066918,8.797192802477882,69.074765839576,1.7499667005468431,71.45867638714302,1.0,68.21478445985647,39.90251546787004,8.0,38.39983834008781,34.190291511685096,48.874027474244926,64.83871411392433,1.0,71.3543902483598,52.47024931148512,41.76815518247071,71.31398852334421
POOL,1284.5162653927687,612.0225296219938,10218.439570214603,0.06028309419290135,6.500034972200432,49.8658629300246,8.99883269186284,32.74096183132994,0.0,52.70784369116337,3.007351359859249,50.20964023113296,33.687988752821106,0.876780670156233,0.03146838586392217,8.90500656254214,55.49148334076892,1.7622767116595517,54.3420804518779,0.0,83.93371579000774,23.004179343568268,12.0,63.144556221394055,50.10696062084667,45.409471707747755,59.19716396177128,1.0,68.96256088693802,92.43765252713739,43.15755729989995,83.21758231159816
DECK,3281.257494554058,16.2949945159938,17733.04971623343,0.06736795215524043,31.647481620441432,65.08480752203168,67.92205453311261,36.32475671415702,1.0,36.581619278859634,6.471826311045189,43.26105358398056,35.47375481905908,0.8307925833153269,2.778288237173423,8.117179868710648,60.21774559716461,1.1066989579956146,66.85309067932317,1.0,76.0166097685108,39.76415568047158,6.0,25.95437862684237,53.35164774411283,55.67181200431577,58.790281212783874,1.0,71.6090615902736,51.987425991693144,73.90273347687277,82.57038363264283
YETI,260.15585846498095,145.612911000296,1424.0582769579296,0.08507874689401397,17.502434880276844,82.4835457647074,3.9112805023739905,54.849846934445615,1.0,12.369724297881056,13.061325736205909,45.46674096520409,36.28849087357485,0.7976454698564084,0.08263330992234627,10.086123506009171,61.94217958129973,1.5157748607649724,43.323407326138394,0.0,75.65364775893309,27.042560665861615,10.0,22.407264252201866,27.568003999873515,74.72142051507633,81.04412112219411,0.0,53.57035429598608,56.23767353106804,60.109067703006694,47.78295272116418
GRMN,470.6485425042419,289.42103825305395,3045.7024800091735,0.009329210327604956,48.28040615013319,74.18309417323233,1.2845575113267766,45.4248817471956,0.0,47.99352994087427,12.737349143001918,28.209933602106787,23.07323677343479,0.8513882601887449,0.08542613293103833,6.378304832635523,70.96251629230606,0.35948070046248026,75.69160830946669,0.0,82.75270802313112,39.12426889522176,12.0,26.244376035803423,10.576514881524123,55.8805990521834,72.85645533435851,1.0,65.83852844372136,46.58827060997989,80.3446351750792,70.62122872550052
LULU,280.5064911396892,73.49441644053252,1649.6652308273324,0.12952177423091835,32.98827229543877,71.74434341836586,3.861265047450069,45.33270277834944,0.0,20.552746277604342,9.518739517278807,23.280078859518547,33.22012380185773,0.9027362554852846,0.5725976307505967,9.525666586598717,71.02226110240997,0.7409616844960685,40.159427985739725,1.0,63.47583798065291,39.54081750391965,11.0,15.355660709797084,11.20397135751744,70.68880233822141,70.8944704824074,1.0,48.980772735292454,41.70056559045103,70.43908541345395,78.37991471145031
FOXF,668.2636924461112,52.2533950145079,3995.46675072399,0.01149450952662326,33.690528263042566,74.84330511280129,4.03466864019401,42.80902972033638,0.0,21.71809996030361,2.9333980190441897,34.90393913386504,44.21418086947819,0.7389425157802877,5.397184630633822,10.382939220546694,66.98532173001043,0.6135136876991047,42.36012985441591,1.0,80.71279905013814,33.155123577477255,5.0,33.063197067732666,48.69865389038969,67.13050873244612,68.2682882852658,0.0,74.64766414740167,48.19313225666497,65.47766061062853,79.13954127843853
CROX,256.0876425055543,168.61736762104348,1764.5546414158116,0.09719751515971282,24.975927113827602,68.93224527373081,5.376028364893835,39.40413379863726,0.0,1.5370664962593086,2.587383188616164,47.13416036493394,37.38316762384836,0.9277149264205841,0.25071191173986285,7.684691024892632,78.45336333646489,1.2095180002524122,55.15374257772491,1.0,69.32322511238402,21.423556923935184,10.0,18.5843830553262,49.42983814146629,51.21035318782076,60.66206082309178,1.0,77.28957706022649,86.14742279115498,64.04460941157444,44.6687354416713
SIG,525.5653637082987,59.48894495521529,3583.2456854574903,0.04157212896739386,37.18211789472432,82.4367084954078,5.9727082306838835,75.25376482624678,0.0,8.640440488290164,1.596431259822932,54.297526836859916,26.48012660455474,0.8797338115793085,0.4533247616192739,6.816305018907694,81.03440980354435,0.6258079489736386,73.42946624743284,1.0,80.00738790043548,32.18329329080187,14.0,55.23594465009936,23.24292592577133,79.96623781546913,55.73932908228278,1.0,79.58269311551955,67.71362139123343,71.21944381011565,55.692992992678725
SHAK,483.2430810498896,262.1439491554367,2074.4373709261063,0.05396986506815759,27.733806144447257,67.77500155562873,2.7062387125093634,32.91572555662248,0.0,36.74628964776212,1.601415869296296,58.40724495055129,33.276695745111866,0.8330440655812849,1.0916021527080915,10.402702409470464,70.15533249758644,0.8477943988930943,42.86408318050725,1.0,70.1382783337601,29.68208279924703,9.0,15.54886854772504,10.770902522658151,61.81883920361469,89.2557146003434,0.0,84.82882177329697,55.45516447130507,61.84727655292441,84.56572016842165
WING,1199.444342273331,49.01715200740313,3225.8312651672218,0.03985228824012069,20.82856752826057,78.69410238335294,34.34833826797804,37.044084650311554,0.0,9.763411552995434,4.266219879397342,34.42753039414914,42.45197247300969,0.7581751873256515,1.708346602826312,3.8730059986009135,73.08058595713891,0.220461251461731,58.51040684614884,1.0,88.62902653919784,27.14083556595666,10.0,29.06041388343194,12.74040080716112,84.97734548851821,67.27971845507942,1.0,51.774399650277964,67.8185816761128,40.30674937820926,76.775076988089
TXRH,10657.926776484806,20.54708521494389,78737.89920894473,0.005022251915709732,46.46343341637431,73.37348255496246,4.1804961793212065,27.260697439116235,1.0,9.225866972772534,7.926910039346142,50.65107730315506,50.84432927357225,0.9181252777189841,3.6454303754784787,10.302116635778695,59.02611944961565,1.3666893597979621,51.57868076327528,1.0,69.53025713278926,11.821443313256722,7.0,44.38126089392898,15.438196514431858,69.91163096102905,58.41821176354412,0.0,62.38103003081305,93.26145100070684,59.63026785247708,47.829869483456996
TROW,109.79111295396687,215.1657878594728,847.4469347368014,0.019499220762506566,35.31982531653785,59.12505311917552,2.689479069578519,41.32323674833024,0.0,12.466034534262837,4.634181810502048,33.32389798475766,37.68530612618227,0.8586850908003645,0.8957946413840687,9.420258012821616,62.03960498078665,1.037877916802027,58.64266577791361,1.0,68.51481556173215,32.49845789903373,14.0,48.14143987699017,94.25158073952667,45.494146745394346,81.0109945450731,0.0,67.85521304516567,75.79832230972696,76.57848056552152,78.63426455278085
BEN,232.19335587921609,23.05728544239797,1496.2496865506985,0.012031895305699014,35.68163656655613,78.1434290260044,2.2570170852908507,57.93640157911754,0.0,4.0497893011193895,1.2252604342244215,40.38485081180723,44.083258499819244,0.8515841596873808,1.46424349774768,4.4860923653592835,75.3045983886135,0.4531059619736927,55.31534811336771,1.0,87.28768912556943,36.48956055493252,7.0,20.209760998930893,41.0093370048475,72.46154822158805,68.46843095725733,0.0,50.86120613779251,66.2902006729864,73.58296315873665,43.022617642220524
IVZ,59.29456659114096,74.58123163588147,190.26342847800836,0.00821432754901976,21.7987634357047,65.98914466618511,1.0,24.904548899693157,1.0,5.7274486212120115,8.90680047713303,46.42271960531844,39.55412888329696,0.8779754373793277,0.761055720292964,9.059208999067888,73.11247506066589,0.420936933413552,44.186371510399994,0.0,98.43737993106308,42.94014441705019,13.0,26.90205557659518,12.105934417407699,78.36437259017656,84.77374010445556,1.0,74.66407533960567,52.929073465836744,44.9296743525934,73.10799827021334
SF,50.0,13.96932269331694,161.0604621660689,0.011696471157049816,26.497093809627607,81.60857821924516,1.5408343872059362,43.13858657611992,1.0,8.854136246909105,6.523934750711256,43.62956816659462,45.54370156652335,0.8374128358033972,2.739455572571274,8.404454781503146,59.736556938887546,1.873555264872857,37.917949956418234,0.0,100.0,44.76307245633659,9.0,15.744944655083223,8.982849499663367,48.68828365650745,80.01345012353048,1.0,51.97123366218039,70.33530543372035,74.62014542788643,85.14273005206881
WBS,61.996712151029506,21.405579978810213,214.21511049722375,0.020993462810897843,27.446861026322523,63.34438249092881,1.0,59.55764271215766,1.0,46.16885337698792,2.1918665138174918,55.16529510120661,49.50169233259028,0.8078843318472991,0.08064944664415599,9.590388712598589,55.247246235718045,0.8087723730964419,72.00410974368484,1.0,94.13330619557387,47.964954182614676,5.0,22.665613917721444,26.97715636726625,50.97307009891918,47.19269863170936,1.0,58.61028023929546,62.98217300253033,20.073567641242008,77.81790584920991
PB,2185.8543500395053,10.0,10528.03862508217,0.016340381014029324,15.049010944784918,68.69134907947854,1.6464988369073372,31.067037058834536,1.0,22.715195009640777,2.4340491189046873,43.98314775716505,42.45231494333801,0.8493498006902529,0.19743184633364994,8.767452681715595,62.623051274230065,1.182430837107303,37.9130775378195,1.0,87.75489714173973,40.607177337433555,8.0,9.770286876295467,17.673514831249054,80.43804940076586,56.4188060539187,1.0,95.0,79.95950281315564,38.52320052010683,89.9091671193019
FNB,474.14492847054885,10.0,1752.1085152328544,0.008698332127764238,23.358966113505893,67.60410163647445,2.573799976996461,44.758161487314595,1.0,4.4921181339863105,3.245373227479836,39.8124507773634,34.96362034388455,0.8801045981022723,0.8459579431278557,8.11372869082688,75.79923263248423,1.9779401658699316,61.114405330214524,1.0,71.85364648925162,26.480614783274607,10.0,27.247851322901038,17.84965799870271,62.817327709978926,70.84240181287109,1.0,69.92855005097361,32.0019015167143,42.850995368574935,60.17169292161876
EWBC,1053.3234983543505,15.585629105220539,3257.2752277197505,0.011409715064936578,45.32264791370543,74.0862541813284,2.776198608360142,41.47199497873177,0.0,30.89693117347315,8.266393597732211,34.74324985928151,33.40296188495963,0.8876012351022669,1.2664439441847914,4.072679857195581,73.2341893332736,0.19670761576764445,58.68314832914128,1.0,86.9768849153161,30.288723378500006,8.0,28.31991012176184,21.392372100105685,71.20834944214045,88.72297563344483,1.0,68.72081086459814,81.53084901598923,68.23337152218772,41.517875637841286
CMA,539.8682924411718,22.119046020094242,1981.1039062093137,0.054001962240270984,25.87008974075743,69.37251026921406,7.874790425593465,49.771253317508624,0.0,1.9008275326486084,8.74062870996498,44.973755334762146,25.385610441715382,0.9153823631980635,1.428484880827617,5.14480440226405,70.25442546738348,0.42461968347894974,39.03453193381271,1.0,83.7588946766047,39.35549750867046,10.0,29.45266384865351,17.54603212612023,68.96151637558026,72.42735234189058,1.0,80.36009792737124,74.90320244495176,72.95422062087098,83.34486358297725
HBAN,1704.463365993214,81.74340836918402,12767.437483718013,0.05389595762588383,34.461893636867764,65.28714834344088,1.0,49.27962127668046,1.0,6.091953372809593,9.415134839963526,38.48016853425587,37.114103868291544,0.8466840508218895,0.37140473047581496,4.044558091634682,69.08400162183308,0.24740859774938936,33.165869683947506,0.0,98.35055438332797,43.88602925115682,10.0,44.13168076655368,20.07660011279987,62.3828853250791,65.69787077633598,0.0,78.37394962124036,74.2402601504639,55.56094790728016,87.35366027351978
ZION,162.48285390437238,10.0,1298.9361896704113,0.01192906934505721,17.403297673502696,59.82209687289118,30.798549696675273,59.14368348684479,1.0,36.23042818387622,6.7591667796992185,39.30346802879141,48.25064683601111,0.7443157994792051,0.24828439594330562,10.297496893142121,62.61548922853345,0.7928837530069867,49.93763203507352,0.0,56.94885402702065,35.10790645218248,7.0,11.780946698430695,13.868708535473717,52.492685829729155,76.22569117203606,0.0,60.421157654740774,95.0,51.07043774086196,90.0
CFR,257.09381265259805,19.340909709323974,613.2796676240858,0.039119135262541925,31.58148169182355,68.29818722088034,6.928477805908274,33.51333435399384,0.0,6.192580157265877,2.137270378483919,54.37471203451715,32.897164427571724,0.8396442488664687,0.4201500041146958,6.224979720824946,70.49269827234181,0.662866985007663,85.1605694730965,1.0,93.97630108798221,35.64283959390004,5.0,41.99464553236887,51.581275018484355,58.6608409661184,74.49886954409213,0.0,52.515391191294604,68.52531943703154,61.18754269023616,76.50366992713894
IBKR,135.1033256980655,11.666555711894866,553.6110593412493,0.03305346130265959,17.195028293913552,75.03449886899111,7.276311114624695,64.6219868226858,0.0,16.86960927652323,6.196371967442445,55.77591232280186,41.603328650753106,0.8575211062038625,0.20346510251334674,8.968428701582475,83.39557831012806,1.1724854369436037,58.59839175514654,0.0,87.96596321558457,44.26039500920088,5.0,34.030387600023865,33.274109159772735,61.59803972954572,66.4942217348536,1.0,75.97763262491225,63.15466312346885,63.11162628962446,67.08329384096164
SEIC,648.1407196955204,15.867209785098343,3528.2024994369085,0.03392294829739563,21.378140417620585,73.75764989824583,2.1856351520443478,37.078838415086835,1.0,31.648081183047122,14.771711979125024,52.25643535289845,25.479404302515892,0.8909247788788384,0.7358162605191184,6.064384716107437,65.94299308192053,0.37500447905677514,37.21261924374636,1.0,93.89737533670079,52.81399288266634,9.0,30.71855689732343,47.44003079458183,92.87372905661708,77.65176602323072,0.0,51.14557739453038,74.95790527450134,61.96512744349072,84.22705861121268
ALLY,88.08625401181475,54.26235516270392,232.73928104029818,0.008968446215963616,32.42001344524889,71.6312760436072,10.171121790924017,27.39298563977617,1.0,8.63753197237698,12.315376292815612,47.520144399421184,35.48075307256734,0.7879537401552014,0.06965517603524844,10.128693093889247,72.55861498012389,0.8281419766456288,64.26537733050438,1.0,100.0,24.179674207397177,13.0,27.542160001792624,17.773217770586616,60.202677868590726,62.3816177626314,1.0,76.86802224776166,72.81852428860992,72.22249498269179,71.24756015907411
LPLA,50.0,25.47601554956244,334.51869670142787,0.008838979956819792,30.50665467986716,73.06257140495217,1.0,53.72826636598454,0.0,35.48302174375813,1.179821624959065,35.50860792339834,28.93747546957838,0.9035008656656955,0.36513176405469305,6.168680790431818,71.59196766600853,0.8099770907908097,44.990437533762,1.0,93.50118826222185,46.17261805166906,10.0,29.07978164086654,24.117324050137615,88.82079673433024,86.61693449272661,1.0,59.000818878163756,53.45294962886208,39.550330474714265,65.98215671252451
HLNE,1557.442872366854,11.31875201096353,3195.427369654586,0.02082180048235016,52.12015194074023,81.97162923608502,6.973064308430663,25.096316962310425,1.0,8.240550595989722,3.3478199713888444,50.09690707011996,51.30747140415843,0.8032967640655746,0.9889433220666194,6.167577752190603,76.03137000417769,1.2775233803360488,79.19956491763804,1.0,99.7786782288444,26.073049652515422,11.0,5.726156868416202,37.91721924418072,86.80189299685723,80.39003144041408,1.0,61.577380713466866,74.68167559677075,75.00931371557756,69.25856024697693
STEP,294.79724109370426,55.529167287901295,910.8611345822286,0.012225717281656888,33.84745087298668,82.4956668683214,1.9960794297777058,42.771824186968445,1.0,28.98243746036913,2.6743040031788086,55.92347354401946,42.18479792782264,0.8485876343809111,0.004880296955722721,5.810270707126799,69.25416040388288,0.5309431927520876,58.13225060495775,0.0,93.62241765709844,40.96023847147774,14.0,56.871947372225726,16.180670402220134,56.49769176251462,64.31611511279341,0.0,64.51806839363121,79.45915169342095,74.46973092606727,69.95969690453106
CBSH,367.6278775267483,11.486026907662556,913.1944872530668,0.015226922159462562,45.22934293662506,82.51814757820345,1.0,39.278089069022386,0.0,3.671316451293242,8.043955705568475,49.14935872458994,21.99222974087636,0.8766952896950917,0.31957464898997007,7.747786561134824,72.99538588034477,1.1659085042805661,57.15346077829789,1.0,94.96687702218195,32.20108820304152,14.0,34.86979733556478,23.771340429662178,63.33828703867569,89.42669998282884,1.0,68.03212884974104,69.60091204191671,49.93215284750143,81.76244764287848
PNFP,340.0801484103708,43.405495680143225,828.9081948091338,0.005011649178699391,37.87494368931266,75.65962639946427,3.639448709344525,44.461084008037034,1.0,21.004414900350238,5.014196928331329,69.31900647120267,49.49523578707193,0.8320603423023899,1.9390093682703646,9.461708204794805,66.70318864412141,1.114959958097363,68.65269662413134,1.0,86.42026771096864,25.61601290397634,13.0,47.16507426398526,53.914434974188985,57.09509545524118,72.21701005526802,1.0,70.85496519172273,80.08457765061668,43.66074906126381,88.79352869331304
NOV,5816.478819931514,816.739744906678,23450.107893810655,0.09512666099015271,5.0,43.9728763557245,43.747419775178095,24.75945075794141,0.0,374.7401006303655,5.094056038063281,39.17680644254741,26.90453776590384,0.8404485557398604,0.19130436638393994,5.159676763473876,68.44259236897301,1.028196067591304,36.201759998906155,1.0,67.66778134547121,23.581694045974768,10.0,54.492820839227896,19.191119251019412,62.16393975638585,64.24626761196711,0.0,79.6636049382603,70.89176861670417,43.07742836323516,90.0
OII,23842.698415506842,77.95582577948632,93352.55184131242,0.14595894914176877,5.0,60.36218202087494,18.169830342821093,16.80709082045634,0.0,161.33773288378066,5.3849048774163615,26.52297215601131,30.1548270851362,0.9587861842099946,0.31177078125303814,7.128759716599211,65.01056549699553,1.768677427433674,64.52822288971187,0.0,74.58351413989872,26.674185410456683,12.0,55.4904746464624,26.3823249404928,72.4287466832591,61.22525363061264,1.0,66.3108440965484,87.81131283199642,39.79056602961647,76.20709644954944
HLX,76745.48882196087,430.19190876620786,181890.45405120944,0.19366278655020022,5.0,53.27058887071709,152.89071078085988,48.25945088707739,1.0,92.42282924390742,4.901447999015981,20.594927942098515,36.77032017148772,0.8588671177466115,0.6463660838699844,12.787771120859853,69.47091845725173,0.43817635018526585,52.45587896081793,1.0,76.53540630615501,34.79558885540998,14.0,26.099334564447908,8.573053708723018,66.08186229619541,54.114948119315,0.0,52.359430930361526,54.52000932743785,69.71132944260584,72.06905447414654
CHX,283.65461101959585,153.07081033531924,1191.443384046419,0.06168434612715391,45.580899247360776,80.63343156402209,27.80667473995389,73.39970098642885,1.0,9.588209103286864,6.233434483619091,50.016535033771,48.63732832143474,0.8713670188571947,1.4143928320876784,5.1548542033618325,84.00042732895571,0.8670593304838106,67.4489216852711,1.0,64.92750141544039,38.772376945842026,9.0,1.316496105497701,5.0,75.98059979203268,69.13812664181891,1.0,60.375559992189146,73.21300996041117,66.87112003395119,73.30804745284632
TRGP,36094.18245763908,262.9662385901637,246276.35734313013,0.3830466751180092,5.0,54.54147095816034,8.104710016922246,10.836840826823952,1.0,16.22071028822895,2.988338869300909,46.2914620817444,18.803853127738105,0.7901334273702384,0.0,11.92289150849113,61.82898881257015,1.0789408126966145,55.0892266616602,0.0,93.62990315375771,26.90253628405969,13.0,16.353287515332095,24.531137304380035,59.46220370280772,61.708612090241814,1.0,82.34466672040081,37.069226497363815,22.26082958238474,64.63082046773154
OVV,369.5091704937487,94.77196287350839,1673.5318254067965,0.48242654707172095,5.0,58.21674167125954,44.726661605120206,43.466703519238806,0.0,245.80214156207828,3.689063412010287,46.467416059816436,33.43730245530972,0.8174959355879875,0.5470061722302877,9.770516017600187,72.01403319191645,0.5849999462514873,59.86363416672225,1.0,84.96390087348601,33.476069750187825,12.0,15.833188808332958,44.29729363805762,74.97200752142578,76.38434957216452,0.0,68.58983942103241,74.52244799714099,55.01992117908561,85.73721310022952
AR,72007.10589821532,78.01581500555403,388097.8252766578,0.3226318066593555,5.0,48.393275968191745,50.737795363959705,50.092627732044335,0.0,48.836903464039466,1.0,43.76157280502128,32.86048920864376,0.8784162162366838,0.016622535881624483,7.621712554829256,68.43795339432283,0.9928193154562158,56.47316079343727,1.0,72.94811154519249,35.3377649203146,13.0,42.37909522273318,11.907768955842926,76.31247222438141,80.33418482958288,1.0,44.66876276042969,50.20875938829879,73.2208993237634,76.90253647276339
RRC,2997.527334008534,29.883972466489404,7353.532901566195,0.5144075804899366,8.529177808425196,55.316679513452996,19.512095905661337,33.32967219238657,0.0,43.63342460002076,9.004168913603813,34.14446722677102,19.73798635905323,0.9918957370359429,0.2949084657375097,6.93475506095739,66.9489404106718,2.2442212476749237,56.587469278498446,0.0,65.26082791354223,32.873509426395266,14.0,26.199589873766907,28.902676098440086,55.508928895461764,78.19250983055333,1.0,68.48803759997836,82.16507810985425,49.42590055831424,90.0
SM,13188.042394991144,39.59755899835257,58487.28724800571,0.43381692058728033,9.682271302070355,44.40053758419002,16.193617649538265,49.8436535192523,1.0,10.209423477347247,2.146725168061824,35.333951047201026,37.9351793242796,0.8600881554318083,3.2507027305138965,5.388007462299412,77.87065264748247,0.7827238366609778,61.89616014619962,1.0,67.06044609237419,18.40250169580177,9.0,29.531873406334846,29.47687443314602,74.94729433484541,64.07649225766207,0.0,57.891528701336256,54.6265136619579,61.52625653365299,69.91058660111248
CTRA,10891.109559882689,54.242184266646746,79827.83798699212,0.922445144111065,5.0,61.40061271430014,13.058134577644845,32.70805390128708,0.0,104.80944256466626,9.934607600607494,31.131387366736057,28.872388956561608,0.8556217697606612,1.3863167606257016,6.096437734581617,85.81702616789366,0.437830150371221,78.56305321031635,1.0,66.00993767440144,18.428566523816016,11.0,10.323717122034672,17.37465079113684,64.25274661917035,65.23142905283116,0.0,91.26431255560823,61.59763483282269,26.098867596682076,59.51943998479436
PTEN,932.6478853753501,61.1722060062163,5755.107929296635,0.10178331559091383,5.7538319016268495,76.42224704818273,48.703497398371105,40.90025231384675,1.0,219.87061490677362,4.044459089321039,38.13203948015482,16.381363676058253,0.7361992614951743,1.6620134232163264,7.857944310566238,76.13243394623736,0.8587551236058831,53.15944688089029,1.0,96.66601378014029,30.58094455253329,13.0,59.68430787838567,14.515244890387653,35.63921465885378,84.2075012782616,1.0,67.83250061525933,70.00319448616416,75.17657455224332,90.0
MTDR,5220.5646599930715,2663.340278844159,30468.514249208543,0.2566082242867965,5.0,45.90122447297964,26.217458225526947,49.6571587708394,0.0,102.3598878829022,5.497387637897851,23.170917044785426,32.48853833879931,0.900777194437682,1.9138574344478836,5.885543417840101,62.79916706705068,0.8685069652781373,44.729845946384216,0.0,68.61302501670437,13.582369558972823,8.0,20.435382732391936,16.99851758294839,81.75300138895322,66.3305772424618,1.0,76.29692899637764,66.14445298666728,50.04180777955288,88.04159956473245
CHRD,7217.928889314482,226.18534105453577,37370.365485275346,0.11059910528448405,5.0,52.93507409338178,7.849534115010195,55.76851258612941,0.0,243.71103020626117,1.778225470600682,29.353550100978982,41.90790339149159,0.7457146801421287,0.3181576098730963,11.938151234296203,73.66088818695094,0.307918319791925,77.00288879776434,1.0,75.76131595995271,12.462318110334191,10.0,24.167565107356552,8.940193052511967,75.9259699898032,95.25391589417082,0.0,55.79098172774613,65.62818853958825,52.25529308724401,70.87884041374679
DINO,17909.634938706804,268.73411895115737,86765.24048952213,0.060093567080671415,5.0,60.78644847420318,59.28326056129316,13.515085761654973,0.0,234.07894907174295,4.403690786006174,43.19026448760117,43.91759769775102,0.8249732174398147,8.255322992672262,6.848273962675891,67.60001442335887,2.051935868274698,40.93758226195547,0.0,71.767077583086,22.585858885218666,5.0,31.917952802322766,10.57801645168613,71.42094005823031,67.94529970752131,1.0,53.15397405562785,67.41721592729355,41.675859870719485,84.21625531390985
CLF,100.92982987728004,16.852126710056677,643.4722254410572,0.12790268226364188,15.432683584526647,62.452890481160395,66.10656848750787,45.02441782995886,1.0,63.536679497077046,8.552564681998492,31.143628643203197,26.76632441702815,0.8047058815379753,0.08714430178745301,8.30443414341228,71.91893016679549,0.18774539393142164,70.05250347887136,1.0,86.21965367599127,22.230120543482926,5.0,37.06623013614758,36.02760841521782,66.31342441061179,83.04284889106896,0.0,70.14817868208131,48.09983481299855,75.00544613269655,73.59840422077812
ATI,6880.005642363283,86.1106744671221,29761.168935797807,0.14424148827747507,27.294170745758137,59.945102400860605,2.9928881224605735,60.65252863291428,1.0,88.09336456152094,2.8393393711483506,46.99384459264248,40.00997037510079,0.8197497732968069,0.34086898934236276,1.8560053107966785,82.20079193830632,0.4988358564324882,61.82389196281306,1.0,82.170214522723,18.502302358438826,12.0,73.4217480543426,25.7695274437097,69.86677261228462,58.461951728999914,0.0,55.58152024264817,61.094097342766275,35.90186945425939,53.05320256127264
CMC,1000.0279193576716,59.32174040106159,6603.584727651976,0.2007060911556461,5.0,48.471115307625084,29.27859542450617,32.432066720449406,0.0,23.177050094335733,3.3491172044876425,37.17790692476608,8.140737565405976,0.7510322991073143,0.19260821450245758,7.146014843605992,67.19904616085027,0.5425816926624696,52.88540888373426,1.0,72.42502726860491,22.04918614880513,8.0,41.86244733088179,25.9448246148946,49.31667919384197,66.58151072759176,1.0,67.130636593941,81.0704074417288,61.69024860119624,79.89885901215736
SON,50.0,42.991818686581375,329.89122133567,0.008254443622794086,21.733362199365118,67.45051386213248,7.585770095371756,34.58268805787068,0.0,57.637610684709436,5.138712636582666,40.52397653448278,33.01655024438383,0.9705717973281448,0.5319853529807079,9.94922230403028,52.004956237940526,1.1532645895518714,59.09806316828584,0.0,74.33126871633787,25.92371756969688,5.0,30.18869594388029,17.015525278882443,88.00867882103039,80.58979199129904,0.0,55.35309727673573,52.66392324616443,60.920853005776635,90.0
SEE,975.7839987361835,11.708571237553876,4718.359731008146,0.015957579160020878,23.85105426234607,78.51148413586738,8.343860241811788,48.350799622124796,1.0,47.350671162581335,5.374576528002568,51.201648455706696,22.3783821474038,0.7437025730856103,1.1112662880072055,5.1009542289166685,59.383432587639135,0.31558639915039866,49.607038284384444,1.0,79.14279760781658,22.339995802967216,11.0,43.93155341589431,56.46654096700214,56.609939280761104,83.65508290940105,0.0,67.92595558705806,67.42137249437778,75.87183911868854,69.20838564703863
HXL,5791.497709217586,21.042345783242062,31972.585383181246,0.2650878981335462,10.247139636700219,55.96347443279319,2.778683927027859,61.154415016310026,0.0,50.22083309775147,5.267870782375436,31.775562899774442,30.396051377731848,0.7514350476222142,2.0758057860736963,10.126922016087846,68.92531302291833,0.4204345897350589,57.00258401117203,0.0,77.10238860864247,29.539335873191167,12.0,51.95263716336551,5.635952187665304,66.69475101133885,79.04921104047101,1.0,73.53043132835388,52.192546003220286,44.84406626442821,67.63260340481395
WOR,67.34813185784516,331.94529807771033,249.05364838007927,0.7375047434754881,18.265259447517874,53.57004148143306,8.278125906500806,28.144095784081777,0.0,38.58244659983783,5.8257304679454975,37.40256565415301,12.249232047650214,0.8777344248575025,3.458111389538898,13.36845542584362,56.73145863723977,1.4027117825986504,50.14627224172492,1.0,72.84540426190587,31.897615157704124,12.0,42.602762740355566,17.554179365086725,62.28785005019781,74.90366194395375,1.0,63.95313727630375,90.90794408848892,27.850875203729956,86.25967112804852
SLVM,25562.52647320694,704.219525204172,70493.80061284316,0.06883097941521377,16.28883557188064,58.95805109291556,24.896881280710573,29.373039142022137,0.0,120.23072131335095,9.138504922668824,41.68586013293304,5.0,0.9481432645914817,0.3475106588685586,12.197636288696721,75.61412061436562,2.2732805157121,36.333479887099195,1.0,72.54497710466916,34.67397702521931,7.0,34.19525629302977,16.121870763606243,58.493768456434246,91.0849195482289,1.0,60.55080781355299,48.5451600237967,60.79811669655648,71.65135136717909
TROX,1063.0921977110074,482.49063162322443,7291.347985344839,0.23532156554187916,5.0,57.939798107965146,15.266254372595435,12.014811162336947,1.0,165.6781277364364,8.463092242812621,36.0392992188459,12.507059440940225,0.960782189019011,0.5153020120628005,7.292215346614779,69.16310097560387,1.014269535882652,44.82880866494476,1.0,80.47819176758294,27.71217193175629,12.0,20.522883266885483,10.925171152457196,66.91779114610449,62.69640619054573,0.0,76.90982011858827,45.81978902885971,41.844945777932544,77.404449156793
IOSP,30954.752663284235,499.88501469372613,215220.6551798047,0.12144588492159522,6.071704908184689,49.05300083164091,21.15649924435599,34.21445251194275,0.0,331.3540385448872,2.00833031308159,31.207859331155028,23.460212535094996,0.9287513944257281,1.668271768207762,3.91589257732827,65.71306283638432,0.6046290233565718,70.82370449594549,1.0,74.20939063438091,21.57763717151891,5.0,20.02432387439947,56.97824298571019,66.92385635734026,71.25891038520774,1.0,72.87195832734176,61.333804103202354,51.03538970380286,90.0
CBT,396.3156522225319,891.9090263032872,3090.2135765088124,0.18781391780509044,13.549771809637335,47.09917806860514,4.327084672942593,24.95821924760888,1.0,156.42714267689178,8.912071312937337,34.04089659608901,22.595181640644196,0.9137098387060898,0.0,5.86055071033376,68.76670840010587,1.314797264591189,33.25199324222334,0.0,71.09913719747372,33.2565312487828,13.0,32.80722098499824,20.66451430915912,53.23741644783447,68.41716800240981,1.0,83.75389016266331,76.12775915479644,37.72841096401231,86.98271095379667
NGVT,1236.123195700701,361.1532001201254,7708.393069661832,0.06408853391481732,11.154908603968817,55.90906223921934,5.910045987940502,69.13129196729794,1.0,164.4466857040157,6.510478410983227,38.51625758948395,46.781277851867095,0.8071018731963608,0.32430310695137865,3.926501689511655,72.00089059780552,0.4332839748639824,54.23211488151779,1.0,81.03568271763623,30.645450484328986,6.0,7.949510783046136,12.459509818976946,45.506366474561055,69.40976580036536,0.0,65.81250370831752,34.03327741654162,81.60526290602685,75.62213399702323
AVNT,7519.307862765194,1553.0722302282315,33288.85677093545,0.04661405193245828,5.0,57.54704423619757,5.583036495795261,14.4534829684405,1.0,217.96754003496687,1.737062305657199,40.53927636355624,31.588211896246403,0.8200857662850282,0.18844744740113092,5.932980684932852,79.85381023397315,0.8472119366564064,63.11384678542593,0.0,62.91585169435079,24.989418490399586,9.0,5.197459652924481,26.636260582912453,62.37647393736093,85.50420437688149,0.0,71.03345962566878,69.75118178023418,56.87058087390101,90.0
KWR,1379.7326861882489,62.05675191371006,5166.179794946338,0.12385167220605607,10.029778106899382,64.96354698827936,53.86006082510055,37.8359159612874,0.0,223.72483550386423,2.135351023204403,37.29524376069318,26.52126239269013,0.9087310179562814,0.1210152726375113,9.31838168167545,67.59563008643924,0.769500936286899,52.95440099900044,0.0,80.72817537993544,24.904760528510558,12.0,24.576393741771213,5.355695474431678,53.11800433734453,81.38614701319352,1.0,67.91354363676237,70.18835630413838,43.44048689919474,67.06537046541897
CELH,55.409962901383636,18.491346750219574,312.5197231491297,0.04269345845130401,34.875781031974796,73.33615823768429,12.0512053057109,60.806361603455315,1.0,16.136960522796024,1.722031941379794,50.85921410015313,51.6320750225163,0.9829169497366473,0.7182241247937976,5.197804111556707,81.83204183739365,1.2200227621093929,56.38786049824636,1.0,96.82508172280747,23.317365893171427,6.0,14.013414390755111,13.409192634731857,47.895143770139406,69.0288220633236,0.0,55.74191166010384,64.93574607378179,32.91499185396986,75.2579394358896
FLO,135.43375819164598,10.0,736.9989760110817,0.042465501603978696,10.239232940836995,74.44597117712203,2.3175765349729844,17.92354485700342,1.0,62.4825448654438,10.936914450529791,62.211935670324685,46.29270077626604,0.8069120243379057,0.1783172148681169,4.349023832763398,66.29386731383457,1.4550873456271098,64.90421685269932,0.0,82.91640894730496,50.75328127484791,12.0,43.64769445000942,21.951426384902856,68.46086520984873,58.41005885124934,0.0,58.851668050445134,47.935959029054594,43.25509285728911,77.58924062436174
INGR,1475.7528412162408,101.44558678899887,10751.285265893532,0.048809260342587375,46.29831983646548,79.12573759297545,3.692941493981252,46.28051655770887,1.0,35.616497199529164,8.429501557176273,34.902594642243386,27.296575171998665,0.9474356796684014,1.0677212786013208,5.993709326089865,70.1470079614241,0.4528305443435933,71.30281384342082,0.0,84.78407566252703,42.51664475724801,13.0,38.36830582333418,13.331956305051264,49.67808107862389,72.19337161715347,1.0,57.62604690436283,63.800171514031724,59.22173468139073,66.34744684079101
SPB,16697.85140380887,33.93529591296593,95658.42630127889,0.03803674994186435,46.95652802544253,93.39012902335452,1.3475802437632811,45.2209745911313,1.0,41.30910628272048,2.9790626151605544,46.8196055320945,47.98195325259841,1.0424408337344835,1.3085595247660256,9.995247887618666,95.0,1.0794030730711184,64.02837081441206,1.0,93.53906154110513,29.82328153155598,14.0,16.834306185394986,18.410597985946985,53.99940048365757,80.54182246974706,1.0,54.11287291135828,62.45252197007185,75.60743176601848,74.9002486929569
IPAR,451.6100921786553,51.02033902186156,1152.4669844156012,0.02021419002285732,5.0,66.72575121483052,1.015314375651847,24.174343758574253,0.0,1.9682835379512549,5.375237816957,47.284504099940584,55.24999825516113,0.812880326098349,0.5461760343566368,7.247289698193635,68.60158078524634,0.6773362499954445,53.96115685813227,0.0,100.0,23.840255022047682,9.0,43.57878393300776,5.0,64.94299905525497,60.90075094207139,0.0,66.79592400579898,76.45052061359283,54.81818724762109,79.91872773976957
ELF,810.374611263665,61.80685254565156,6172.981864438962,0.018574322749217366,47.60902777529075,74.8574574098001,7.993589162103028,59.146884979374335,1.0,22.219315437859454,2.878576546121657,53.72805987489997,51.46937120353862,0.829721827629134,2.6227196834299717,12.452313107366908,61.52990432393383,1.6260340691736397,46.427667734185334,0.0,100.0,34.22970857905189,7.0,36.96900791835337,28.33601989075218,76.95249030222872,65.56503782347912,0.0,56.52184007258279,91.03735818088721,58.32638623048145,50.182376343104345
FRPT,374.05246632411274,10.0,2128.563410979532,0.0036536956207514643,26.096417139395896,83.25855050497164,1.0,65.66616764741582,1.0,34.89679397178318,6.218510310900778,49.73729626003749,33.838873051908536,0.76644099184639,0.42320905005834214,6.037805376734938,71.17518571590986,1.865740249393313,58.179663732086,1.0,97.62413795771212,41.12111340772185,6.0,18.977849564987054,31.814953421572326,70.64911829739367,63.1016212921961,1.0,66.7510459093732,80.34658301068545,77.3137550871218,66.72500603352952
SJM,3227.420358492682,10.0,13709.743817436416,0.11025716701297476,39.47529125528675,67.3937157650596,20.383227472347844,57.54813185119981,0.0,13.952743570428984,8.05907788866255,40.06067421440178,21.99528888871361,0.9644830128568599,0.023519383429090088,7.198716953071958,95.0,1.3075670265665649,80.74682083282845,1.0,97.69038280935878,36.595952982772786,11.0,36.09970482201596,19.325831448349078,69.56698769034669,54.158793104876615,1.0,47.080952098526765,72.00124615797543,73.88535459079293,63.01526269238425
CASY,2093.634243174782,208.70674683174954,13388.05560608803,0.17223817958068632,10.344699255879668,72.01409290435082,10.287695358255052,17.568473064314126,0.0,4.5750410593481154,1.0,31.708210916703905,37.61704350410993,0.7984074106895871,0.03986480107921908,9.062112877987381,62.272726650053606,0.8777936393401069,48.73212594580818,0.0,69.49454134540167,28.078249371132824,12.0,13.470673966428722,37.28503312165413,67.41239490866162,64.09681240820584,1.0,66.28004093733765,75.0315484352203,52.24528291683775,79.12895964103238
USFD,2335.680348911356,46.516901331907825,13056.07115964748,0.014666248596692228,20.30529792835034,60.13614755564565,1.8288568750612497,40.8995952845056,0.0,25.416388718120174,6.35448302669849,53.31798656919104,25.468307019724584,0.8351968630440931,1.4482685905122474,4.85971975880258,64.12650072332082,1.4833520707895036,59.44939661417163,1.0,76.0482627881622,31.126199879794058,6.0,8.728184428714181,9.807786672056084,79.68268829639493,69.41558437430734,1.0,55.75863995113302,55.36310387275134,57.879920291532315,90.0
NRG,175.37598145401134,51.36162586686172,1195.9906064144386,0.1897588826139432,38.90427199204632,76.10444078587292,6.126475475079728,58.83006770535775,1.0,123.03537991265782,2.1404375873427286,55.389290041787355,25.587513422790956,0.9159397198466472,1.6257264860744562,6.656029265569694,73.94252806966058,1.16009976248273,69.70138329171597,1.0,91.2962046097211,46.252440538200226,10.0,19.156035650321396,33.08621579674194,53.3662324495638,64.79029891530104,1.0,91.68635882365935,74.33348273059012,68.54318100393961,48.29095443812571
OGE,34182.454387596095,882.6767494542627,209034.51570725653,0.056538382282546845,39.641296506910074,84.96037048716732,53.41234998821146,67.1755420224068,1.0,59.907957211868414,3.574598535662739,52.3889459793067,45.644284266875815,0.8424828442252651,0.8365585640314226,11.046212190129548,72.77058290078796,0.6207676488269991,41.46645104771419,0.0,78.8331201099878,30.5878488243684,8.0,13.408868701769709,25.412478104470114,62.78657531457868,71.86381522665475,1.0,62.039949131571426,49.020741914108264,65.31315762842256,61.77996615141268
PNW,1241.1802800639994,313.7536777878143,2723.074557188117,0.06011309381952905,64.63346062680593,85.56149606925115,4.579537996747375,77.05040280754022,0.0,12.900860935770293,13.309545167155846,38.95171336663605,42.88670116760872,0.8227572091547557,0.7560472207372163,8.062350986282896,67.22560747141539,1.111555743188561,73.27741674643917,0.0,85.45896412557774,31.065468225551957,12.0,17.220250524941434,36.152572059372176,89.16627364397799,57.96124640092384,0.0,27.565694442820607,84.9950592609041,62.32785534843614,56.724319018368625
ATO,1080.068496069832,317.3836634451615,2171.8797163156055,0.052399299460124324,35.07634831859612,80.01020488797799,17.263460975417235,38.77617626605578,1.0,1.793060632853981,3.106241118426788,44.83287276343989,45.35708664169661,0.8039998675162466,0.828233552923896,9.897126085505032,87.17340673948556,1.7420677955928219,71.84355894560403,0.0,83.49007287010072,33.905277471719316,8.0,33.822554171413564,22.892052043952134,61.41528439911412,65.30079355561516,1.0,70.13982921466972,44.02262393718864,82.4659475002015,51.12201633336076
EVRG,1128.6508446399591,553.7221628708312,7203.594284039984,0.032436844816193584,46.6807343991029,67.42124889462873,53.74986496091974,24.409557371976266,1.0,44.597833672020705,6.704156956897692,37.39510917156108,24.732026400483058,0.853675304650037,0.6013031123887036,4.607889596593705,75.29504219530733,0.14900597814230626,50.37931485705526,0.0,72.22812596261069,31.472164456928688,13.0,13.536419038223249,7.800793162039181,72.21277537933142,80.42248234759784,0.0,73.85971014635611,72.41947832121306,42.383246684433104,74.28577605137868
AES,12942.672095696853,146.64191489697703,90354.80491196725,0.09387189671529679,43.99359381863881,94.32554216874593,1.0,39.28202019319389,0.0,130.05066831562038,3.634381169686918,47.747967986509835,31.10043298196719,0.9001628575079762,0.03692838094551949,9.692123504840199,55.98657424256804,0.3329844432746736,68.9614224756809,1.0,85.92718248938586,29.38039945292484,9.0,13.769028572883759,65.18752172666647,31.527283746041434,61.101564149795244,0.0,69.22066785053008,81.33295137809453,76.29369943326878,90.0
MDU,975.6851756024639,161.60365210111266,3106.4682473868625,0.22595757930079682,34.48451548790151,71.74526531627552,6.930116538040531,46.236522377656534,1.0,150.75058757474508,5.141632591978782,38.11322590325217,48.34984795382366,0.890706103519417,0.07502274879418379,11.467118101417812,70.79252911921832,0.280680782814579,77.30561066883213,1.0,88.91610556053695,19.980012823298424,12.0,19.215838177417414,24.23706030193285,82.29436735292103,84.18148773194913,1.0,78.89533576917124,70.95469510276267,81.02145747771098,83.01471496357765
AVA,927.8219790338816,538.9507670041697,3620.366760635012,0.10305856157521426,32.411660131707265,79.33969827359451,8.477640835138804,35.21393202278253,1.0,0.1427311209024077,8.230762306507934,48.8535383941605,29.55771221368064,0.904393184526762,0.1365065549228741,6.581566166949259,79.09362474776307,0.6933897487239925,61.52126429579196,1.0,84.27043810631567,17.6500823764003,7.0,58.92607529236175,5.28561000785783,70.98263937269178,56.56259913900898,0.0,73.40621051354142,45.90382807354711,46.175989247892296,87.88552174921055
INVH,296.7825515534763,142.82944873240135,2095.3560192392906,0.07564089849951243,51.76484291891376,97.16472258921324,14.542612505983335,86.66412088860216,0.0,4.795685857582864,6.923709889650713,41.80757636979984,42.01696742305723,0.9353519215654984,0.7093436338572355,6.880087789554655,82.65433205310904,1.354681651001705,69.1914393275007,1.0,83.70957226535124,31.91617640608521,9.0,29.430868081120757,22.525433396558043,58.0452438111486,53.73174338423975,1.0,71.87774543921344,50.95632842940649,64.02207834695785,70.17140344385803
ELS,5354.3501325042,17.213130179495174,41418.643984448565,0.02318082127498962,42.47236507824883,84.80849003901483,5.64816960718422,64.28369729174452,1.0,7.672822180201348,17.825286762744938,47.64661230543745,43.29913435410972,0.9041198673514875,0.0,8.802500633493114,84.40672549891966,1.1303572976694918,54.72876920534952,1.0,86.45632573507426,39.06785516436153,9.0,6.192832510822814,12.72566449673058,64.55234984246131,51.77278471802883,1.0,76.6038400704155,73.76633264359788,63.777817173531886,79.95337637568628
AMH,50.21595287164402,57.11201789609335,161.31869788443137,0.042217112060085896,29.947819081316787,62.654681384217604,3.9997335346437217,26.991362032155248,0.0,15.663840090802408,2.876863281612377,32.03221488528455,36.310741743234345,0.8189183425181265,1.5672251872145573,3.429493554172339,68.48070141067957,1.1760917970518208,44.868931173287606,1.0,77.44434864204945,31.195149193021667,14.0,28.501483066024495,7.758448298131965,53.63749904739217,79.72066078032528,0.0,63.615815782060686,76.39435695679447,56.08227425876526,81.26241144920404
SUI,133.03804576386494,10.72434097449977,954.4162039902558,0.0793432954071979,52.90222999082991,70.66999285643551,2.216043125394961,59.67327312627177,1.0,23.68627386456981,10.603074833806094,56.1914234581065,48.323982102703276,0.8332511956146262,0.29219992405713013,11.276757262461174,75.85471533743883,0.2246924295587898,59.405761107789004,1.0,79.86802973210928,20.761464876536404,6.0,38.12216001547414,5.0,49.02625130453941,71.47631083867192,1.0,59.67671724688337,87.99359790449108,60.193278835409814,60.10610163895343
KRC,976.2616083538762,17.283020647459438,3207.0755345322846,0.03902171255819012,23.987321985779975,71.52082691967917,3.1390175768067548,25.365916902345376,1.0,74.29851924016259,9.875685351102868,51.402886408873165,26.818865412843568,0.8349394024661674,0.22225059163364738,7.449338205202923,56.00391148884027,0.22911308866889,54.01066288092777,0.0,85.11441311543378,51.43942199401562,13.0,22.844769325472548,10.980347046623105,87.11990762888458,71.80675176070709,1.0,68.01688868749733,57.109718115370846,39.28611615180894,90.0
HIW,1450.6480728182287,65.86941345908964,5627.795643630414,0.10219907326972268,40.223110619854474,86.35537158212455,17.914271243746526,48.77876225467523,0.0,23.27389006025756,5.674453560936653,32.186369470504516,41.05391383278073,0.6991460588098192,3.991691600639632,5.993598971386177,68.51020671657574,0.4428157515306066,80.44598708123262,1.0,84.27468388608101,25.814518108295296,13.0,10.614830380448469,11.289017869543365,53.29214038639298,71.08708638215339,1.0,48.505967755421175,65.63976739368708,74.6036972398045,60.702602128576935
NNN,661.6389169285262,20.6074641788395,1998.7554890533704,0.022526760368863353,43.38828176855185,66.46318224384817,25.380117041051818,46.9510018047103,1.0,87.80166630600863,8.49252888991716,59.85023083535418,50.10925941927143,0.8507937040670327,0.0618663222309149,9.986326727630422,78.44251427580308,0.35221418320368225,51.730548752225836,1.0,84.2153443829919,24.94116861998405,11.0,32.9556262812623,29.502850171974302,63.797166012115106,68.3220978608769,1.0,61.05223139153097,75.97154841453668,67.0385724955828,41.448309678179626
STAG,3796.4263557228714,42.95490617808966,22405.680139962726,0.07860390769898293,20.985137598660344,56.24987586642774,2.9119973906159764,25.325602728694413,1.0,57.350373389640396,8.334058871831779,48.500224871307076,34.14344232642341,0.8597720739057333,1.8916171281893253,6.716448474555192,71.097995125563,0.5714026678109292,51.326550386464646,1.0,78.72322586486395,30.957978706196634,13.0,20.969550744626,10.086776475732156,69.62204524374296,55.813248115714096,0.0,62.90173187344972,70.20140602799621,63.56976719118972,84.3038226487134
IART,2989.3217098415057,241.4977376819759,18827.127465269772,0.024140016745259542,35.20738115377802,75.72747565280369,10.067771388444445,55.55693654773457,0.0,5.574115055368391,3.227699509329091,50.88203171497215,14.475022749563077,0.7633814205134933,0.1142161961357151,5.663196046977277,73.71612040848393,0.5097437823217568,41.062250131240795,1.0,87.44708574890659,35.25879728704296,12.0,5.365734399740578,8.163044206309202,84.71191779808576,78.09828297731148,1.0,67.641389753809,63.42344075660315,39.379768854359135,78.29619395626841
ZI,1708.015817937137,28.406105010451203,7729.221635701924,0.039404864737500316,29.39449831853054,74.97532221808603,4.71337493240146,43.596153982888765,0.0,3.247870307014896,2.522276596016746,36.57373280312529,24.884890293847604,0.807641403537607,0.24222519981177898,10.00631493740536,58.16602835493621,0.841824379438878,50.31104698404443,0.0,75.55792301255512,26.59098280968265,6.0,51.37477722540894,27.344777570955603,66.5752563359559,76.61146955825453,1.0,72.18975304266446,55.397735582088295,35.51358771078476,90.0
MTCH,179.77734118701474,19.73999793923518,1107.9807548074612,0.07416345030609876,51.34941985398906,67.83912723561538,1.757328432096987,58.903493061978935,1.0,23.662569142521544,7.181600394095611,47.745978003842346,5.0,0.9152844408657946,1.0131155712565758,9.630511968079167,89.09428269739786,0.3891973578229311,73.71195650734857,1.0,62.336172545648246,40.08697949657038,10.0,29.92389172962334,5.0894684830695285,47.454623437382715,78.19663118162424,1.0,63.959783668083915,60.0888969141506,70.1095131604989,44.41497939315566
MSGS,438.25922620809763,10.0,2360.3793401198277,0.03303688297114382,39.52614274933133,79.31928803405532,1.4963028179552382,74.4782037544824,0.0,15.140806459114946,3.981314635370766,37.5182751686337,29.932523667758613,0.8306308594513908,0.015480058957084875,3.9689690242579894,89.6730094719016,1.4694991939775035,78.41595426043057,0.0,64.99471851432048,29.820566598444046,11.0,29.2343607740592,40.99483337025812,60.76357129377989,80.020333565868,0.0,78.22219595982007,56.50183553109825,93.26391162202887,65.72364723842223
AAPL,1431.3117507456018,14.276210592888049,10878.893994639959,0.02041796578630747,40.3180539906778,78.93029228920263,5.7072485765821535,49.55195159693844,0.0,26.456765708897713,8.822627970181118,40.585707091526075,34.703023866545934,0.8683408277082441,2.040060253193666,6.050149830826444,68.64324271387991,0.34345605600185014,70.44601972911215,1.0,83.21463314770583,25.745785418607074,12.0,39.37609444847419,20.789016173682977,76.84229493214707,52.3469722495939,1.0,92.85957568796245,95.0,55.313012965696515,87.13470422514153
MSFT,308.80589633147383,83.66725803021164,2399.599337763661,0.08242239850547298,14.347718730155243,69.23807131173875,3.154196849723205,46.10634364009394,0.0,6.254723517739435,2.0576497019809956,51.86602151255196,60.0,0.8265564578734266,0.48904399268573273,12.549163129926125,68.09045981025722,0.2223778461941916,74.6686071945617,1.0,100.0,35.2940167339526,14.0,22.84426302459467,10.820419424783823,55.12708673262238,66.3486501034877,1.0,70.7097496171757,36.56751524350696,53.25441140983721,90.0
GOOGL,6495.4486603510495,552.6007468734075,49416.79996534175,0.06234785272092485,20.736989605391315,63.20510445115599,6.333739664582476,24.835312076470125,0.0,120.02621558974582,5.210784122056555,68.90953376818435,19.236002754707943,0.8467569004957368,0.21570169674823142,11.156459520393016,67.57291527638877,2.6343622959904196,50.86704650255899,1.0,84.88309245583996,42.089024199623445,5.0,37.8406908694314,39.13080143837054,69.43094485782758,68.75105185359774,1.0,65.8012614174665,75.10984626510324,44.98215990620109,90.0
AMZN,3409.4269657681198,45.274373645765856,14673.128212998427,0.0346500494915943,33.371175168305754,77.09790737838487,4.249013255252805,35.65913682189361,1.0,27.42458323744168,3.6914124256819747,32.50678075843477,34.071527147126545,0.9884408238992787,2.403765508366424,1.0143776468949217,62.79503656843849,0.6804347673463707,40.98607874557895,0.0,64.9119985175218,22.262331262900833,7.0,22.99257713620786,10.097185184568948,43.055312483864164,63.244844515196824,1.0,74.15829497307824,70.6453139712323,56.79476552327257,90.0
NVDA,1399.912856080829,10.0,11171.354500261674,0.03992611618967518,34.36419662271378,81.22495841826564,4.569582794814128,46.80757827224396,0.0,36.76744442906346,7.266103527338993,70.0,23.735497621992987,0.9884673182130188,0.9640374425331704,6.61510035327156,70.69909961710607,0.7537619835509146,40.60241603534582,1.0,88.8046782201983,49.390916634137824,10.0,33.63791306532111,9.773173467802502,85.63346816957406,63.845229709097076,0.0,68.91751062872828,84.75130563263627,43.634100348803585,71.205548378515
PAGEIND.NS,128.95487085226543,42.07874639219124,986.995516210643,0.021690476938565427,35.379538549612526,79.02343642988704,3.392529986621775,57.76479013891638,1.0,50.41837718648811,7.039265890497852,30.75254455251239,30.66890208911722,0.722356177871593,1.0608621033600207,11.412794349036128,74.30037686211195,0.7953984361587079,69.70885402475288,1.0,72.07853436876539,29.244903126567024,12.0,33.20097346940094,18.431123713444673,63.71417304669349,71.23098077211651,1.0,71.92595647683886,68.48973314722797,78.47259582943006,71.18050816084612
RELAXO.NS,8726.160920133867,605.0188558326316,65758.07024791528,0.07589683557117823,35.86995873963277,82.12907573251309,10.23492432457195,57.326707738757534,1.0,2.9245521307692672,10.115224399659308,53.749258851916984,26.594613079684166,0.7806683900960926,0.687644439497775,8.687314377572303,63.26268307796641,0.6605652173297987,57.643330138978364,1.0,73.00605069614485,32.8445980876244,5.0,36.25385126916547,23.591789924750326,45.01657739056401,78.57261056335642,1.0,65.79859875615777,33.79061490638766,75.7528644404086,83.43373054543447
WELSPUNIND.NS,7014.75593764287,54.6790986409783,48663.665653749624,0.0801080365543565,30.087633733823758,66.78600954322715,2.568419043983563,63.773837346282065,1.0,0.0453122881381229,4.173733635651526,26.520042156328312,22.331184740359816,0.9327094195817464,0.383748515502996,13.278240835248962,66.83780139015101,0.6513144512281356,72.58158977343477,1.0,71.94045568468408,40.31104001641476,9.0,25.04380493178468,5.0,76.92853325261588,79.67065569960883,1.0,59.032776967442466,73.65542723797357,53.69619488184959,89.56334192264643
ARVIND.NS,4682.323374314644,24.822250502388435,19861.516338315385,0.03453229241279598,35.9390866962264,78.31698433972562,3.8327234750783554,46.18907562438994,1.0,0.10819486814278362,13.70026491151825,34.85765538505113,40.36329790868317,0.8744128315941874,0.8168052061234798,11.438581925319705,89.89384240826146,0.42292772028983766,57.86066957961584,1.0,76.44714251857279,27.7126470060974,6.0,27.551816810374973,24.307188077401914,87.01858878838821,54.27251594677485,1.0,53.94485220853283,63.14726275494429,51.558740651245266,72.92244970460571
TRENT.NS,4026.940896878261,36.58555802163027,18162.711633016534,0.2015431435654553,32.938270949378555,67.22100020067151,8.57263957876043,38.22545130234505,1.0,16.26681808230664,1.4660927933429022,43.18077213457968,49.3984984270878,0.9481121086932283,1.692890635647988,8.42965669795196,70.29459927989944,0.8128663953396182,72.0067780544849,1.0,94.67259148426123,41.594744386835394,14.0,19.833481846062895,18.411868798742095,60.66901669051524,65.68304951259314,1.0,81.39429892448628,46.65025161271756,74.9141751944371,42.79077988716242
DIXON.NS,98.89007048519764,12.633233514459983,500.8224307369895,0.017946230987234326,44.25422150643217,69.85612068096323,1.5154916837756545,63.71268334655544,1.0,25.955677009163413,3.046268616114992,45.278239311383885,45.59193096992523,0.8066126589305892,0.6437798924292103,9.952772811996192,78.12805380424767,0.662607574746774,48.554514302706295,1.0,75.97854138780795,16.145221561192002,5.0,30.72717981222438,17.94031292875542,77.88198745452988,70.6590196179304,0.0,46.02683415165348,79.9306008127548,44.397778487956266,81.08561202155511
BATAINDIA.NS,3216.916547864584,109.09239380820122,11752.489967653828,0.03256785298931436,61.59877775548689,88.25970420792243,3.2726723687980575,69.89602177492489,1.0,3.9251551681012504,1.8754529508263609,55.083749607917774,60.0,0.8539736879632152,1.140997918356058,9.935480390604964,82.20158767209075,1.3562469721040311,59.08539549225605,1.0,66.10202888806869,33.97209433087516,14.0,34.565825064681825,8.347075301221063,61.260462687529454,84.85570993163623,0.0,43.45912942989644,60.697703913300344,73.39749327259584,53.89146596868608
VMART.NS,1218.0464134967021,281.5776655185185,5729.075163147856,0.01793634493747587,24.158709153788273,81.08376419637081,4.024365777487054,46.68182688381981,1.0,74.97542215108358,10.863937271870633,46.69112397093018,49.208848824383914,0.8659431135181381,1.4574638824335984,10.148250999294751,67.02164694238897,0.41306485731711107,37.08290683630777,1.0,68.6768892779287,34.708347258249425,10.0,23.357752469154438,7.851982379256972,62.09962465155264,72.09999545797187,1.0,60.724785222552825,65.16130147591578,71.88889074269129,77.38486113468808
RAJESHEXPO.NS,50.0,16.987716712504277,237.2706543021915,0.04721580029681933,25.072452770437035,59.43651067486931,14.373542805570276,30.452677397726355,0.0,51.8706917000516,13.758438519535625,29.830822353914105,10.584660554252604,0.9453622686656022,1.0169846471400275,8.570034774940103,78.37153288949567,0.4839225474931593,65.52825393942692,0.0,80.92731164544382,33.35333072792016,11.0,28.637393145074128,10.433744954618232,76.37344294027741,83.66478810590569,1.0,64.26587164704193,68.96281726397582,66.37191850159574,81.83158525086586
JUBLFOOD.NS,226.50562222893464,46.36992614516085,1684.2810622606385,0.037337051607052,13.024392942657371,72.0198883065326,22.631670058471798,35.77592951830593,0.0,1.5545500747029495,3.9753540412401023,47.8018152292145,25.985959820724272,0.8281566676057204,0.21040016293670144,3.651707113017103,64.15759889956037,0.22684775061802048,46.69016693454527,1.0,76.15473667767299,37.59760971394027,11.0,47.839097950818946,12.1282503396264,81.37071890844294,77.63266250796542,0.0,65.05992185560248,39.17802969265212,35.929273356145465,70.50484147088122
DEVYANI.NS,11901.887021457133,158.98609142148928,81719.45423355138,0.019209477033040653,39.66271486353578,63.243874834925236,4.7071633693578345,35.08835192883884,0.0,18.332998591869412,5.555291526053054,36.903008724970675,26.153012523001742,0.8534536363438346,0.7622071049255408,6.087288448803412,70.16951073526758,0.6240120185992406,44.53267941792665,0.0,72.30173722111243,27.286483628238653,6.0,25.08707011482548,25.451955610461564,33.3314898228985,69.28226873306828,0.0,71.52815903230864,84.57774876999726,48.802028667115586,60.224808329536316
SAPPHIRE.NS,7393.337083193129,22.03587645189022,39295.74080421178,0.02522154368850333,19.922881655233837,62.34886902376357,12.918723067060771,48.99517463642067,0.0,34.06477835255324,7.790494328916733,17.4641580495756,27.01631462615885,0.8417352235013066,3.250012389378977,9.799878568298368,72.4704354422487,1.2124560662595316,55.02720161377812,0.0,63.65762727944125,31.091496083382246,10.0,21.01624986535449,14.736085416578675,66.01870661613323,92.86552949044705,1.0,69.68720236239068,88.18468353911473,70.12131797934532,88.43668210240473
LAURUSLABS.NS,543.0752819553983,81.97636021577021,3650.3177818415393,0.016760846663147873,36.08651100952487,77.5098334808536,11.652144763374071,47.043568284731435,1.0,73.48720361219682,1.7199588340870502,43.603305877116384,45.311226150378346,0.8192987874876597,0.49492112992727877,11.483733860850922,68.10881896816915,0.9833748622979813,69.7052066610938,1.0,88.3953918222016,41.92067386144407,6.0,21.7478116993473,27.639207119767146,65.73304890915846,64.61275843475727,1.0,81.62698681234015,60.64408062853266,61.02133106703272,73.85928491635853
AJANTPHARM.NS,440.0840218233128,54.37979503368004,1737.8009214332592,0.06974807285676222,30.59846386001758,82.4099553698685,3.1809500732828235,22.93480152224398,0.0,3.9927175295298887,3.643939737955721,32.40351115685776,28.642326554704628,0.8222955968626152,1.9176865643410295,14.615305895008177,75.21432694213716,0.6250013786676006,65.14654901152721,0.0,84.44130990680237,14.46508724359306,12.0,28.543112272805573,11.573413892098003,72.41228124630662,84.60605912813463,1.0,80.25322366003472,65.98854692877661,73.16577482495437,75.85951399744553
GLENMARK.NS,369.69802950545835,24.381027986364398,1977.4426497690506,0.04859610522498424,38.11201984879467,67.16584295860574,17.276418982003143,40.677461233644564,0.0,19.452659007594935,7.6604504792377135,57.721637696085466,19.36074452926243,0.8901397476290241,0.07032594997298963,11.886971228797544,81.00134420294906,0.5756160947634487,63.56212340388916,1.0,96.69283547992342,29.03702880691367,7.0,7.402993208274627,9.74249705432723,63.4935110467349,71.02156430650247,1.0,50.167303641458254,77.55849462721301,76.58316993645725,66.00724946273418
TORNTPHARM.NS,944.6337202008548,10.0,5328.828867701911,0.0038001997715866173,17.864281247620337,63.20329043275862,1.0123156631098809,43.56168278091828,0.0,30.097332133402368,1.0,46.939431597570184,20.09102641499864,0.9074870423976912,1.0154970646466663,9.381556584680823,70.07469485080831,0.3072630195826972,39.31692101093806,1.0,82.20325503771981,40.10665869077736,12.0,48.362459462058744,8.998391053349653,62.81785912656483,80.89889894259463,1.0,67.89442174986829,63.67734550344009,45.6145740083813,90.0
ALKEM.NS,198.58124027481907,18.25145149247862,914.4903522064535,0.010173443608586711,13.319129470027717,51.256292114837976,7.044685580264163,37.397869582057965,0.0,21.944687060671864,5.214289370321827,41.31315078862574,44.44116053756205,0.6782769678197308,1.878760195201765,6.518697817740009,80.76991049728277,1.6333255503037694,22.435390755188642,0.0,89.07685569930715,28.843740492049502,11.0,46.95381386473839,26.41831356300713,55.33234178366908,68.89580466847461,0.0,70.64718096776254,75.7976438149403,54.6420097118833,64.5929535650569
IPCALAB.NS,130.1338299810462,10.838746896494387,384.9071875248981,0.04879887232850017,18.96702743491635,68.1213733696614,4.71305795207981,30.802509007817058,0.0,71.04707452262058,6.407070410107037,52.356937543703616,36.50597716115654,0.8157321997828498,1.2013334019138024,8.685833471422088,67.49069069264186,1.1517496029725074,29.782875679145366,0.0,85.69435025851946,42.564946342192066,7.0,29.269873504046526,19.33791535996505,67.36969405251594,53.70257025838757,1.0,67.13721441301192,88.1777315439777,66.82123305763226,73.14460212010587
NATCOPHARM.NS,1365.6801269101413,58.507932745281295,4662.246543796277,0.047444394850461404,30.16031060409263,67.18568096989523,5.113248882826181,26.779041926357987,0.0,78.19521953242283,10.291839269072524,42.13210825556761,51.966959255060374,0.8656648911592748,0.0,7.304081680930873,86.43452263892132,1.053249480205607,65.50466687830598,1.0,79.02101208262594,32.578688049629044,10.0,23.64122491398999,24.162570091888302,84.52533299457905,66.82109250940475,0.0,58.406643206809385,52.19183175233425,70.80199991213861,60.75384386819485
AUROPHARMA.NS,139.38590587353835,395.42197129632393,527.6147609645424,0.04837666199491499,28.715558009883875,82.81339482493051,1.0,61.161611538822314,1.0,16.47030125095412,4.604586812945886,51.627023185246266,41.97903644597917,0.7530645154470766,0.34665060604697795,7.969759138854163,72.63719712264776,0.7865187843094665,74.79602833256112,0.0,82.11836740804779,28.565501090128755,12.0,17.209576298459606,14.30320765187074,57.76155462090835,70.36407838298035,0.0,56.501736101022345,57.76728421513456,65.35056851529976,84.52878898011981
BIOCON.NS,341.83402050283627,202.74896709701116,1927.2265999259296,0.007892061308720943,22.844607512023927,59.504568377306974,1.0,37.72287944535875,0.0,20.406950222834396,7.789910871983613,49.22338782059659,43.265770035733865,0.9012836151445136,2.1490795931417663,7.574926471152723,64.28434571131727,0.6857603597567322,60.63557103132085,0.0,100.0,31.8371966609114,12.0,26.80546053361794,7.919501487589048,70.08908993804785,84.33957076673437,1.0,69.05283506815834,58.341867906401404,55.99246603232823,84.40319842895171
SYNGENE.NS,85.9862702338601,12.264030146525778,503.57957907005857,0.02226396828797384,15.56741194611729,72.29359074410824,23.691797969498758,43.143325872895986,1.0,10.397739226392936,11.598652225618181,48.77481604836317,30.470906700133213,0.8100716141125458,0.47733874055908243,12.263945724363452,75.3274574932173,1.0260827886570398,73.56526307912829,1.0,91.278287119232,19.795877029582876,13.0,7.474900505956496,8.919229493807673,55.69174377562843,74.01712298106668,1.0,53.04247894196391,43.129170240664976,35.27909502556367,66.52417580091995
LALPATHLAB.NS,13405.384903723998,12.725857861949136,94418.41748365558,0.013040273942034141,36.65892742308347,78.31585337399443,4.086176194351368,46.208832435071,0.0,39.807725815343986,1.0,27.195803451417927,25.213798699342338,0.8751570909382211,1.7173376750709186,8.959371502248226,84.89816703719495,0.782878694560271,81.00905552778627,1.0,84.70754207378828,41.74885468810479,8.0,45.7238971382021,49.82398369467979,48.55444901034936,49.41627810987097,1.0,54.151044404539675,75.66577834253084,76.78178281255603,68.24964020171697
METROPOLIS.NS,18127.927161658656,116.97348258681428,116721.70279281896,0.17230449926540964,22.494332586229767,78.44826132291549,9.697598861705247,41.36924616848535,0.0,15.96980749952853,4.218802135218973,43.68451067246293,27.886953611210544,0.7302580727579875,0.004660807021456645,6.641037356290544,61.201406657192344,1.8561898126789724,59.58770188315252,0.0,90.06294372592855,30.31894739373848,11.0,10.098570898616568,8.510746963577478,65.69363573447444,65.52761343941785,1.0,68.70972201374659,33.54665939560789,58.9827449673583,78.89853220090163
GRANULES.NS,50.0,132.3492812633317,193.0121256194243,0.016032915834066398,19.509322080487344,58.97544678936009,3.7091693309600546,35.77668752645177,1.0,31.73678387477976,3.137478793450409,36.584535877128495,31.220602961482694,0.9996113396027272,0.08559965741786896,5.8803924205210905,67.4287775837751,0.6263865755048122,58.29066342896269,1.0,100.0,22.960961131643902,8.0,34.23341317220754,18.271211898628952,74.66280354216512,74.0699744558583,1.0,73.27040158679108,44.13552478606708,58.45042607096204,63.97369388173223
SUVENPHAR.NS,2035.9680686787162,18.33134571196901,10317.827015406525,0.013835733152629344,29.049566451352305,68.70253343130526,1.88802091662483,34.29737532447305,0.0,116.53690878486185,6.2228525666463295,41.234291817036485,17.417868861812494,0.9641090975412088,0.24831135735364762,8.925850668322115,58.93463419671197,0.1414011063862931,51.28567802034307,1.0,84.2528189271683,31.349210940881562,12.0,50.40860222475902,5.0,43.76850606972424,69.58523341711414,1.0,67.23809374688084,70.22031213399404,70.96648332976704,79.11353776186974
PERSISTENT.NS,1816.8447403545263,10.0,12709.137990905921,0.04412306985607248,29.04918671961245,79.8602862045221,3.2947414160114366,55.62641939463484,1.0,1.4461889975577678,5.154144640650153,41.932639416915066,31.390880919887596,0.9639209685339486,1.1917418225411254,9.705484947568499,66.37797272586846,0.6644599666195579,31.350659726716533,0.0,82.93339113461688,41.071793302944776,9.0,22.795529507109233,30.21929272379288,54.86492869592269,68.31152395938176,1.0,69.65688028390129,50.232292763287724,35.29353197003356,60.906210169274146
LTTS.NS,866.590989991089,10.254386115946044,1791.1807691511854,0.012080551583625546,45.415131033212184,67.81270158037339,3.1155064473276353,25.80143971443896,0.0,23.667587596439287,2.5250475639260226,29.42766925886513,50.96339244368003,0.8835307087055625,0.9129252116549572,9.697598949335845,62.7391722046015,0.8090523334720644,57.76987852578523,1.0,81.1375320451003,41.74863598462794,12.0,40.887239667328984,21.112246820540364,52.9032887344809,81.91663469770879,1.0,55.93784482040552,48.70179021180057,74.85021070481156,70.69444173701844
CYIENT.NS,589.1884943324538,410.4939657200903,2099.3402772074423,0.05100019300572975,21.083787192967403,63.35169982128849,15.57673427592328,40.81028969543124,0.0,164.173014317678,8.490142782151544,11.052485077527837,12.064681577530253,0.8390486266665099,0.41745613733205555,11.031388642708013,84.89437120820763,0.995975813275537,36.40474442800928,0.0,68.46143014997939,21.363777921904088,14.0,26.043259567745608,11.452412037472934,78.32455175939917,66.54242540203151,1.0,62.72014555957242,53.41145589411453,74.59862184708417,65.9007521543045
MPHASIS.NS,708.69604156997,55.355591956860486,3872.3508548190102,0.03904638545831717,50.328351236485226,87.61683710496054,2.144540705782131,33.77836387355748,1.0,1.1360134173487684,3.7583394566685246,45.69404884350176,48.76727788428209,0.8225445930896579,0.42160195055662175,7.4208102855869145,76.04366519443434,1.2216211621261186,62.99604149925801,0.0,100.0,29.244744312766358,8.0,18.086766238480138,51.937576826481674,67.89180972667135,91.51340119491078,0.0,65.94848005840576,48.84644898419758,67.08577528996396,40.047177819071685
COFORGE.NS,3298.1292152779897,10.0,19912.478045129046,0.018317349527868575,57.64067205903759,80.02073150258917,1.6742371479174818,42.88054950452196,0.0,37.41649813337642,4.095736212914743,54.47313692852811,32.1581203156898,0.9344557816125623,3.240008865434519,7.891209322271144,69.09562690067493,0.08421217895125874,72.51604091683754,1.0,100.0,27.35913435310427,6.0,32.20209264140731,5.678958828593885,63.989820011516294,65.37866551485902,1.0,83.63287873593316,69.21326377426251,56.17735030102834,79.2528775133002
TATAELXSI.NS,285.4695198684024,10.0,2095.5434832765577,0.03157937663946555,18.785289637880247,55.42999474175414,1.0,40.38561920835454,0.0,18.07321755229917,2.881441467733596,56.041590543459556,38.12330339146903,0.8292328890333809,0.2043168567485131,10.602330446520654,61.74931178562825,1.1462470526149904,59.42532564511828,1.0,100.0,25.406404038131104,6.0,44.7301341295145,26.064873642478602,48.65073243652176,69.8457119802533,0.0,53.559682346750634,46.95891697837709,65.37029897307679,78.70939696401096
ROUTE.NS,812.1102979559408,20.825610947237344,2308.816493313573,0.0081041985324011,9.836329070670757,63.47607333375211,7.6397041899772375,24.136831907549144,0.0,20.58821658623443,6.365015914058445,33.414781657185706,36.02622907554245,0.7781520607022001,0.27766674123948365,5.792064511320012,70.47295994814938,1.2811358676889892,60.34567274678014,0.0,84.9973184431323,33.876301101512,7.0,33.44871082799298,26.094809956204923,69.76907657231098,49.74704097223224,0.0,72.72642454141483,65.02607982194066,58.13397473681715,80.41891692123778
BSOFT.NS,1706.646595542365,495.37303352913653,4942.972960127263,0.006497435493485116,51.199234492713316,77.06995424649853,6.903354462338149,53.641796379975375,0.0,18.755630928648245,6.978008642537699,50.00023870823266,38.19768232042526,0.7915784593181363,1.2183713338665854,11.739687873161522,72.22288186974846,0.507649050526734,49.29364221068829,0.0,100.0,20.583390496779344,11.0,32.93507322122937,42.53220744322479,56.97036214654558,74.40581917183954,1.0,62.36278767899791,59.430630060891296,48.896601675953086,86.36437054091135
HAPPSTMNDS.NS,293.68568375434296,30.736061054446694,1897.14932142676,0.0157175555380135,39.41229956323458,68.54637531650775,1.0,47.388004637795916,1.0,12.706433814977048,4.41612142121585,54.432833799545534,45.72832532564474,0.7502350991187943,0.7392270433396788,7.826010906483105,73.91218667921342,0.9726377540903395,58.93067016661364,1.0,86.9036876430807,35.90584823788642,6.0,36.202225067212446,88.76405370604009,47.315370504929085,89.28627697881241,1.0,69.61807717232456,51.179285651504884,59.23593158674992,75.72031821453943
MASTEK.NS,2488.850135237997,24.161666953351165,16560.62913465106,0.009042207505927513,31.52343062281306,83.26431738635716,18.91779411008957,39.92297526039857,0.0,23.306226791628703,2.7036821134847813,36.988497324788796,31.792808945183484,0.9947563758444368,0.39581079287106646,8.358080366282753,70.91099490920556,0.5401921899374105,74.93722692025955,1.0,100.0,43.65101062288446,14.0,29.75075377577232,20.99593830121481,58.1973849813984,72.70311209714022,0.0,69.70537120494403,64.4161043010624,64.53744727560833,70.00285035816226
KPITTECH.NS,533.2913479675594,246.3874105647538,4234.94698015372,0.03972317521402889,72.22131138197271,92.20801183621474,7.151456584857044,48.10561994797299,1.0,3.331881659432666,10.699212366602898,39.446560448302435,46.17957553900241,0.9024553824483077,0.22766911941956466,8.152194550365731,95.0,0.2508740644184052,87.1351939714987,1.0,94.25493257533041,28.874815400768018,6.0,48.60611238705192,18.53836170901915,61.18625700528374,71.29800556121603,1.0,71.51976735081386,62.768812070876066,79.83214920034717,38.33105819248581
NEWGEN.NS,50.0,11.018637874976035,297.2781496731631,0.02362793226177745,51.478107444733325,78.12920109214694,1.8077722125482083,73.17247461193898,0.0,0.39014884945068234,2.1521442269091287,55.72535540234698,27.81857272145758,0.7774030280096139,3.2602468994770395,4.944084202338493,63.0566072607384,0.9455309004151892,37.04075694867425,0.0,100.0,31.632929463204594,12.0,41.53360780342663,103.18501490978326,72.31438316365086,80.01710057977093,1.0,66.00114384256005,66.21253411697626,52.543829489513286,77.92759719948823
DABUR.NS,76.45966472348195,102.29997132743391,273.33616986345066,0.06026004267516164,39.34005786312487,64.39143561193269,10.382628231922673,74.02151372307335,1.0,28.247005024106382,5.480043932349099,42.331750248971076,21.079087186750176,0.8730239547708969,0.04835869259007804,5.0427602018186555,74.17931196371063,0.7432948663863084,71.94522253190328,1.0,98.8823625254777,38.392585467110706,6.0,36.49677265474792,27.27798502324456,77.32533384238344,60.44294649099376,0.0,66.66256080667003,29.49941889995491,59.187543728896266,84.6518136473525
MARICO.NS,869.402197835493,50.05672983255921,2340.922245473467,0.10898175515426148,52.92009537622991,77.07911706560479,24.47340641263315,60.935334103017034,1.0,116.67820791494486,14.62544118951067,44.29876707512823,36.038558746911434,0.8999321314504641,2.6910246824672863,6.65350604529372,77.24299369603719,0.49968553190978227,59.006648724597,1.0,72.15456718150443,32.4910774260947,8.0,56.86803758820248,15.386285094472942,50.681280224620174,77.35911757278308,1.0,83.29662596380457,59.1802544015875,49.96230098055903,63.94845639297389
GODREJCP.NS,4421.134675400233,349.43392464458447,29741.805538505247,0.06800264191517753,34.20824576452649,67.88099137032029,16.878463969092888,36.7424434344279,1.0,74.56020172970442,5.130268306295601,58.628999530371765,38.88125637085899,1.045658337066519,0.4335637424100273,7.965183834122087,67.11569471582104,0.26229121701713115,64.64900736360924,0.0,100.0,45.38773426834888,11.0,18.490915410986474,38.856006545594596,43.407856937469816,65.65070081431718,0.0,76.31278603053111,65.90535505275622,61.02019477206281,62.26482936777358
EMAMILTD.NS,278.56183743361436,59.71479531186509,1483.386961407103,0.04804727835922129,25.492766839743226,83.82191511284633,2.8859373141910987,60.30939213660338,0.0,10.88542790239299,9.944340439650857,32.03440757507529,29.66617341261341,1.0346873063284183,0.07885078760073307,5.365716031049656,55.54162861876737,1.0387716406987184,53.20084245021161,1.0,94.76592786728521,37.78352375199079,14.0,21.84794011903692,13.83598275460701,50.12061285556357,61.82128109864101,1.0,68.46612775980226,57.78373485812991,54.97238672588886,82.45746048298201
COLPAL.NS,2020.3313553650435,59.06867899099557,12803.830402843603,0.025696023196022464,44.020283385734324,79.72859346122043,4.723026582461652,39.391009017539666,1.0,41.79000503729578,4.768809747829078,23.631492630104443,27.891981271300057,0.8367382311246433,2.899673083152323,10.76359591863694,45.33713007880456,0.6216135720916307,77.68487022461358,0.0,78.67420241764482,32.91541619569236,11.0,25.46838872945906,28.118546171179265,69.18665546426824,83.62260057785414,1.0,78.94600937106392,56.647275798233146,54.73375880879312,64.70966958308507
TATACONSUM.NS,6059.166936285519,10.0,30630.721877949178,0.011170682739717986,26.921977517760283,72.6891976709666,11.900776774612826,47.13167386054469,0.0,32.68117742494651,8.74134146079258,42.969520331578096,48.99338805470188,0.897547014581069,0.4906775225411791,7.547308863883184,63.634277541863895,1.5448835713166458,51.57490033115867,1.0,74.70024597814528,33.18474727174472,11.0,6.419695471240037,19.524804051406125,65.39923226100697,72.21848509205442,1.0,86.7386950518812,74.49355382263069,47.12132355344978,77.60805307100443
ZYDUSWELL.NS,5981.473775745506,46.63615986261152,39199.4298403499,0.020029646089913235,27.937736858930613,62.55116502783207,12.32276702226527,39.58346508111741,0.0,77.65869746753386,4.281140488329106,48.73553059313959,23.228212431793438,0.8156964024100337,2.5673189228012876,6.378676697553082,58.03838025520493,0.3022985798574248,61.23063429182922,1.0,98.43136885225263,18.817479496067765,5.0,18.89412695181822,17.991468875669845,74.2168219271605,74.96527018313,1.0,83.6898115739804,38.64212043828893,61.369465435476535,88.46936128182391
JYOTHYLAB.NS,367.75123032429804,36.998104527521875,1513.144120157443,0.02896818661375317,28.823856989275296,65.31465158094524,15.738305379393202,33.204764252208406,1.0,77.15730634539332,8.774449495628556,35.833047571454216,43.54889743793554,0.9031559740081686,0.36403178034083344,11.516339308635756,71.9682855788947,0.48503668277935175,65.12725953009993,1.0,67.17248511879731,29.307023805008406,14.0,29.26299225716727,43.57207066057747,70.68379329786347,66.67690973102107,1.0,86.25465391328757,55.8132173608061,65.3944653636062,74.32476441252074
BIKAJI.NS,689.8812874783645,55.25227372911026,3317.4144466264474,0.050687789272199524,35.10412724577451,75.53749595520895,1.4652051365989784,60.94685863321061,1.0,31.584383690886025,5.043674733266828,70.0,52.57975187840685,0.7559455110221579,0.9807248714670633,6.679869551126813,72.82356242450143,0.3272195007554284,50.1423515932797,1.0,89.4538846797542,30.04712306067236,14.0,22.694105430421526,31.9366665464118,70.22311534410682,65.2597964675665,0.0,76.33430727577444,84.65365828286373,56.30016116053858,78.10525602981397
HONASA.NS,7728.275598558888,31.09491180942754,42494.70940446748,0.021292945415480605,54.93002917976704,87.98995002178656,10.259677084512978,67.25543504470926,1.0,37.98274848653213,5.835719509175708,46.75637702511123,33.765166775617466,0.880113201215289,0.0,7.571774246424076,73.70367734575561,0.6637610130733809,68.52267347298124,1.0,87.04123188746497,41.4623393012275,13.0,48.76165663070865,6.890930090400596,65.24392337565679,56.13469309617962,1.0,51.99750355026892,55.73063735903729,84.15132992172244,48.21057359304693
SRF.NS,848.0857308680464,3896.139948350168,2823.7528201948708,0.16187041829865614,5.0,61.75372451295411,18.51195801712101,33.77665685803878,0.0,156.02287965269446,3.2160843403681505,52.01885068608145,28.98367905652066,0.8552941546289047,0.7318558018120519,8.253056627085645,63.943741818185075,0.39796036477387886,40.05430368157386,0.0,86.1470077243424,26.777827050152958,14.0,28.076771880144317,11.746828438660307,76.58313552228148,82.07902498275098,0.0,70.92640100221966,95.0,28.60931832379619,90.0
UPL.NS,13462.501051344676,607.1028050229046,63629.952628897234,0.017363146140705013,5.0,54.528819707169816,12.096669606671483,47.74844772503466,1.0,79.66780517471092,3.805999526193392,41.79229404657637,14.252598990945168,0.9313300162778073,0.5571029832226647,7.595179428161784,61.179235990286536,2.7040634192240094,65.23441936666488,1.0,96.267203513092,31.038797049487982,7.0,61.9428369010266,10.313404717260225,67.63969447699122,77.51823040543344,1.0,69.45391099118386,65.86891549977324,61.577612761620315,71.91007955285829
AARTIIND.NS,1502.1021284407848,471.42606317159215,8101.416520116377,0.05289533290142055,5.0,48.28165284107267,12.51448996738813,42.424295039255625,1.0,82.78915921146773,8.734588708941619,25.780514539778412,21.365040234514648,0.9743829368095833,4.9865711002144515,9.160523054123654,70.60666822334089,0.9610788080690286,45.282772049410646,0.0,65.7206116444736,22.99055518551375,9.0,44.33588120814235,14.946977490638025,68.35562378088589,60.62420004834698,0.0,46.57664790621063,62.21714088228169,46.04251390701375,90.0
PIDILITIND.NS,637.8144465780215,204.10590620191303,2774.726653774039,0.03500869202271921,11.499700500645012,59.95512811801973,9.998364291855564,39.25711646021328,1.0,132.77527730080845,4.31461865294542,30.209304052366207,28.286545468753626,0.9050192525900741,2.0087785292474925,9.153111637905246,68.3514567505193,0.6718374733057615,58.9022006372781,1.0,63.00435088075995,24.83826463890488,10.0,23.374017842752014,24.328414538532776,57.38225468313325,69.557309292351,0.0,45.345752005240406,91.8527723714909,69.79757944205794,90.0
DEEPAKNTR.NS,3289.997103760684,28.180937142521923,23380.533172989275,0.1534009953862667,5.0,63.620240535417,4.154486001875762,61.95961434929097,0.0,75.4818243781069,4.017443721790304,32.90606437943067,32.93210416623468,0.7881685715561754,1.0208671288840296,5.176411677602354,82.13691477225429,1.2892083171462052,80.039568117123,1.0,93.98040191770849,34.53311809569342,7.0,27.86823375309986,24.434072012442194,66.45211532298175,69.15809651840804,1.0,56.93027489722925,72.91191701929574,72.34342528724757,90.0
NAVINFLUOR.NS,3097.0897289725335,109.31433913029895,16484.75368297615,0.05067205016108216,5.0,56.90999071680048,8.788271445371533,48.885450399422034,0.0,185.09475028704355,2.798678109541743,40.51910672706201,35.84933870550523,0.8329198867332894,0.02107253263901769,6.123035092248972,68.4781599422498,2.0468333840159616,62.15458789764811,0.0,74.87018834212161,31.691090572379768,6.0,20.735198631524213,18.16329795258368,57.003824730369196,82.83391932409381,1.0,69.72906905596602,61.58432520687304,62.92525370139764,71.75276747117545
CLEAN.NS,55770.495181970706,31.700063292855102,203285.86116013484,0.2239015381855155,12.951566946317364,47.957468573583014,7.894422750143406,32.93852210987205,0.0,114.96445721472134,5.777481449598945,35.003557948726886,29.96550215627407,0.8219323564216068,0.6383384259529304,4.2888650334400795,69.19043158616383,0.4319450403166274,39.31442291698052,1.0,83.37745541311432,42.79080373153041,8.0,38.96771622203598,6.731587120003987,48.86700121689314,68.88285683819394,0.0,66.16084213032592,45.907581611255644,48.08657048823989,90.0
ATUL.NS,3646.873720554576,117.63588756761396,22672.99662498797,0.14813862502562833,24.484489732032173,70.77011502022907,4.527521007825243,12.581687544299339,0.0,204.784204859246,6.867238500430201,26.253518295747273,25.968345352758817,0.8741260529907685,1.4083718384969177,8.655426569280253,74.71615438489233,0.35269789915388094,40.2769456345483,1.0,95.90133885996919,22.64562931539011,13.0,32.955461954975284,7.271099186826326,52.10330830150998,55.23916092744787,1.0,45.33403895958397,57.05451512964378,38.17910842560711,77.00189882953008
FINEORG.NS,2040.0837566473501,207.03760257979783,11658.839604666779,0.08992571334274732,25.377746633142763,61.38012299766973,24.453056511752674,35.515614428390464,1.0,264.9344738480752,3.2981414239971443,42.671204226320164,40.16191336673458,0.8147807599853092,0.0,5.068165378074052,65.18777390804429,1.4293175283831336,62.16863862677059,1.0,71.71212198766082,16.27423521873115,8.0,11.997898043556178,9.583657915302666,68.82530946978369,72.37107100125093,1.0,70.06109536413008,82.30502261110928,69.51447914301565,90.0
SUDARSCHEM.NS,224.58809069148344,84.21150292113285,1480.1857811575442,0.06669971434749875,12.991430667823103,39.8068125524445,4.025676298411204,32.554639340024494,1.0,277.3143223617695,8.623038165269556,38.63514816210414,30.51516134868964,0.8960472862432742,0.3923598059005592,10.067853080066508,69.34353719747034,1.2871951549313743,59.818129892802375,0.0,90.36396043328376,17.71651993313076,9.0,12.74509431990056,18.136084007114462,63.85592344827893,67.74051739645738,1.0,77.48269188878459,80.09454180072677,62.75264735214234,71.13909949402574
ANANTRAJ.NS,2534.1284393208457,62.83837116224979,17929.469176005758,0.05093495175886595,41.88668472562122,72.09708588680485,5.769764766559861,50.66218414521228,0.0,139.57744665923877,1.0,55.78481840126713,31.398032557330453,0.7429613005440271,0.3652267937043894,7.117612884838103,71.73324255053817,0.45876563765374434,73.0777817104079,0.0,70.68739165897158,33.16534949307719,13.0,19.092222914003347,20.542756761034333,95.0,41.32353107252613,1.0,57.58805268833454,56.96854438463092,63.82137872293673,56.991086613003276
GALAXYSURF.NS,9621.71174425886,288.68630695236175,67014.1231003852,0.32570456738753256,5.0,58.663796149987206,5.513185567325371,47.68312004239433,0.0,66.21439806351967,2.691495881240819,39.81785530757577,42.24308012429156,0.8789980760152565,0.42675920966651404,8.07122701561518,74.00795084872294,0.9865453726255085,84.00943084768488,1.0,65.34418620349454,15.960064577403642,12.0,45.99770898822557,9.786604923412453,51.07348960593438,70.88480147646962,1.0,68.47025375911379,43.239318319098295,74.57523622822644,90.0
ABB.NS,3566.1734449303844,13.447357537435188,8969.117595277943,0.19558647600452897,15.904089872694826,61.366400511237856,25.863850101944248,49.536099088255554,0.0,56.57812529045575,1.257417068002804,25.018956328219303,28.79440965668244,0.8812662191580485,1.1024602035974533,7.362252470773947,49.97346568125653,1.3531009465205528,42.9509744772658,1.0,78.48352858931155,29.079634801960296,8.0,12.874042644393286,34.79310574585764,58.49814315266791,65.30648576418862,1.0,72.90001659631757,84.34156656290625,49.773933937734206,67.80871931823903
CUMMINSIND.NS,1197.390974813934,397.9993629737668,9504.157771892455,0.10435406554646279,18.684219234293614,67.44530695114305,59.3813811592923,60.40528074547902,1.0,92.6523156524673,5.158162076540952,48.24231401254902,31.43662889246487,0.8360191874597144,0.0,6.9170390476903405,76.30402532600809,0.5365990634704575,93.78266027539684,1.0,89.16219307529602,26.539865753630597,11.0,15.290340057545599,61.850862348011404,82.10584225021775,67.24194452173217,1.0,61.123719173923305,60.635191149419065,42.62192019565679,73.019282063259
THERMAX.NS,34733.89864098463,64.47241630552092,227005.61996846524,0.21476558960944309,8.326061079061498,49.55348258314932,44.00706515734424,53.209673496151645,0.0,230.13810238878,8.423870498594987,35.54403556070946,59.911630207244336,0.8557244942852843,0.1464667572923478,3.2709478428595915,67.38977157977432,0.6844021662763393,51.87631247212718,0.0,81.82043324106867,24.53176892404817,12.0,52.802807055596034,10.74725424335206,63.705164126009116,70.10492968838462,1.0,93.98466882695801,83.9817309472943,67.12003815732625,90.0
SCHAEFFLER.NS,211.28131445470217,41.805496369698425,911.4091890886502,0.2717629964872656,14.66729056241179,53.96163501447,4.297754855944823,30.86645662451052,0.0,171.79845534293747,3.546394984121159,56.52757144678856,43.93326749133056,0.9501856826222532,0.772691289923453,6.935462850826711,75.49252791081854,2.4293976529597576,49.69409148633672,1.0,56.88323363914054,34.766483016443004,12.0,27.4209623848337,66.01644288463034,53.44777323957809,52.9004111785075,1.0,73.13050606612954,45.71377888246955,37.700703669163175,67.7792758944739
HONAUT.NS,1228.066037821138,375.3345701865576,2513.936563712222,0.04953004817690037,27.643662341614963,63.31471384969042,28.654655755332577,23.914781394980164,0.0,106.42824482958882,1.4350527751003805,32.354300060371386,28.097755100990295,0.8111833257268399,0.3808700007063417,8.476045117365299,65.04657146695811,1.6080408803180866,67.22154278088927,0.0,65.93412721370952,25.758772566652414,5.0,25.460089236612244,90.86521433923144,48.19286495469497,72.10896430163412,0.0,86.63863423319299,72.48156241562523,67.94301069833452,60.841062609256916
GRINDWELL.NS,7542.296252449193,461.62834213482637,21460.17640632221,0.08879284771693284,12.18504946120726,56.58449957781408,60.716046708798814,24.436233747373702,1.0,108.43856332518274,4.223906945844519,36.74104800301361,31.871528821879178,0.8059507139051871,0.058477347628088636,9.327030840829499,69.49944941713817,0.8987872643745208,42.98442336628764,0.0,68.24368878845844,25.200668474180596,7.0,13.582615478013151,22.761313817011665,76.82692498034054,88.81684786466852,1.0,61.655014911234,57.81203461234463,41.736375417978365,78.30084241105135
AIAENG.NS,1558.2058772654898,179.45836573850897,10941.79455495568,0.0694580947242203,27.71247559157731,62.09705091434003,7.66229626145556,33.953469211420945,1.0,96.90566769717705,16.686298316641277,44.49135271300618,32.6689002686719,0.7852061447126673,1.234796852080303,4.74557702858074,65.25340770845051,1.8697559165491386,50.62407188702123,0.0,78.55660315376008,41.453336630359175,14.0,42.60505909261416,70.26882977932415,55.35736869726038,64.66806234464005,1.0,87.00686885247443,67.44600371335132,66.81315014365067,90.0
ELGIEQUIP.NS,619.788502968581,457.5330601197279,2659.0531500035263,0.033874092959381444,5.0,49.738625381917714,1.1221157752623243,44.654346364325924,1.0,89.83827888678496,8.842913533636624,29.457007215310757,23.084288347894745,0.8692810292640327,0.47518510370242495,8.653739418751735,67.25485582905729,0.3382773330235528,41.76865022066161,0.0,69.7885095675005,32.20561476352494,8.0,30.910282505047824,13.72985203027846,45.87014405810504,63.9928333945924,0.0,63.655829348704195,72.29336622240677,58.20497651001078,67.71212235720762
TIINDIA.NS,1750.9704087841767,18.559958401168814,13410.645182733602,0.07270001977853618,5.0,61.26505783226435,39.522996483474415,36.84455419911532,0.0,40.6788924022057,9.342741874437893,32.54696416100002,20.34213081982461,0.8547579858818207,0.48199177219158984,9.637105814425997,82.4383768221241,0.7564052815739835,40.309979750921144,0.0,76.63568311575986,35.983950619764634,14.0,23.92999922655911,6.165336245567278,77.38835998967657,71.14663966779666,0.0,43.071248667239495,58.66273667198179,62.46869850723555,81.65404346518926
KAYNES.NS,50.0,162.32693319923567,314.5304016287401,0.0022847343990626628,37.142957273998256,86.18640132033816,2.40410389087148,26.17004725534208,1.0,4.378070977217906,2.494723360186638,41.555552164278595,55.37288438337076,0.9132580538220443,0.3642938755691537,3.939631328316696,77.94713534610499,1.7475143349079045,66.81197820187712,0.0,63.27725740244019,45.04520840289877,9.0,52.67074220649198,34.391937349339365,79.357996042402,45.59573577965069,1.0,64.7411169369085,83.86492207806559,47.74836906324796,75.13253080460325
MOTHERSON.NS,11670.095797780137,17.90944880380014,70493.50310215272,0.018092763542121526,27.641265302878193,64.86232609724163,1.3319032380684652,51.00013545838715,0.0,3.569373298537467,10.143668658074075,61.29986841736721,28.014455596460756,0.8225012013297597,0.0026941094004419297,9.689151575208486,72.12765560686557,0.3570757603571103,71.07018723154479,0.0,69.91866740342549,40.25278134033319,10.0,45.81443194711588,18.642366729687943,56.967053446078374,78.07861968436376,1.0,62.11362247911548,76.09973037917474,59.14987918842909,71.08772262531956
BALKRISIND.NS,5941.0864841924995,109.50822314295343,40826.71745773872,0.024585553182729356,10.590376745437133,62.42948678170562,6.984061007649001,23.550598518687522,0.0,21.42746017246439,5.9224642982055045,35.685214548739616,24.9573372801872,0.7980498185416957,0.7692340312410948,9.886528768824068,72.21283335201545,1.6331930643491082,54.1681347789378,1.0,72.22777696604905,22.281268992448293,10.0,54.79246972844358,10.136606747949099,82.13516091169656,62.32556118700961,1.0,88.63903592215841,92.2052580293533,49.083885115492,87.73769076727163
ENDURANCE.NS,505.53875684834566,98.7857712541371,1467.7028072528462,0.018848903867888924,24.94727967740891,72.72647067008562,2.495513262490945,35.32924472755982,1.0,48.833913590326546,2.0249847570963553,40.63098498078091,31.93239345261149,0.9079768870030184,0.0316841345551168,6.586107792476328,71.17689171153712,0.09477995291900473,55.442780169234524,1.0,84.69791324050006,22.695348047837957,12.0,25.85035520791301,9.019098921200861,74.48657042988418,57.90628725034037,1.0,60.54932051549776,53.738895840458724,53.38739432039137,69.07007275209389
EXIDEIND.NS,3322.7975812986947,317.94870343294417,14365.474516228061,0.026484044737608948,17.917411234496257,58.51708983430802,6.251169233880094,62.96651316688005,0.0,16.073383242849115,1.5456340347625015,44.88615471643178,24.878867390894577,0.8646770552754127,0.0,9.013229356592339,59.522739404420605,0.34723394318339773,37.00434487042013,0.0,93.14825883791735,25.209562804613757,8.0,8.12089594913444,31.826057726945734,56.1107994409394,79.23395536417283,1.0,63.33827443436791,58.30052338934597,60.28705471885529,73.74037216836886
SUNDRMFAST.NS,716.1252614375085,13.576156816524344,3845.445991255537,0.028647699411377948,23.668088095647594,79.87541051311632,1.0,23.826261596413424,0.0,9.906060572729709,7.0279371320704875,34.146672464760115,34.11541171432685,0.8572796060031175,1.8313807270531695,4.976932216323556,65.28735996189594,0.9407602590449535,75.98038491792727,0.0,53.886389073746415,32.85673960478723,9.0,67.10886049962863,5.683846820551584,65.66104438617772,55.59335453702067,0.0,68.07259007546743,68.33027915898724,52.543099648866935,69.1876375296806
SUPRAJIT.NS,2836.231486444525,207.43843276452267,9738.407576980051,0.06071155185681607,29.56906228188317,72.48212973916387,1.9835161315380203,59.79905887114914,1.0,51.85398467253605,5.846325900523745,34.31345287313508,49.96317813287818,0.8059662029833303,2.7191856892449495,7.723601759843245,79.6737204616831,0.6003316733696404,59.62656804296389,1.0,78.59727440991166,15.143853393724223,11.0,38.75474542714171,11.64186965525106,62.385215190098016,63.412217972785015,1.0,72.44872063701067,49.30345461159078,90.62982547572643,58.83081461421286
CRAFTSMAN.NS,1172.6887933818632,18.5810528894919,6576.263064437453,0.026448153591631718,22.693467965245457,80.15319631540422,39.54761901115418,50.50690449020494,1.0,76.97020143657623,1.4086025173790677,41.05505768989634,44.90321107510153,0.7869986876600767,0.700387737725066,6.465548552773356,74.4387592354435,0.5255852543995279,51.82645666602424,0.0,68.44244437772802,29.710890008394752,13.0,35.87073391497357,40.970486890831815,53.146964864729945,69.05473904437312,1.0,49.73100027310137,66.77984645979296,59.10107744362034,66.39967757794017
GABRIEL.NS,186.39608973980444,47.60869665128591,861.853785431801,0.08171818997610972,24.74753006342135,68.49624017809211,1.79078954500888,30.791961003255523,1.0,33.892855231540544,5.692470706150526,48.485309871107525,46.58173862141584,0.9488291132823463,0.0,7.826253960641715,69.91570948429077,0.7610984373859595,26.071283394588153,1.0,80.30512623765372,43.85858498830853,6.0,10.231752228374884,41.38078104350819,53.127540728828244,61.817192682000396,1.0,49.82725949182521,38.56834317206878,66.19458540361073,82.42484677610526
CHOLAFIN.NS,2543.8606282684427,13.154543002758391,5355.825683634375,0.024362954585645573,35.84031649917899,95.74911745800314,5.483113513289269,53.71180212136551,0.0,15.095411991109847,5.506927294277916,27.2076677038741,12.93010816926942,0.9121529173253601,0.20476969596226707,4.042689593206368,65.22586595224908,1.2966689879232205,53.26557947684168,1.0,95.82958582406772,25.44495628292615,6.0,62.1470705466749,70.92271402829442,80.31103256007736,96.7246143364015,1.0,50.480046655078354,68.81352101793811,67.65709540929875,70.83972558358721
MUTHOOTFIN.NS,77.32321758646354,48.855656281065805,187.7895089734276,0.0160102926746953,68.22803478732803,84.28042830112244,14.581955160097564,47.38204433628573,0.0,4.8606289209367946,2.6340194328911215,39.41548134972562,44.16100654252245,0.7788978973830474,0.8215059632519842,8.0370834699118,79.46246966136036,0.7966399770230281,48.26837990576988,1.0,92.5760442445765,51.09228434338782,9.0,27.84785966751469,36.23811117958624,84.57660077748362,54.602965163784546,1.0,74.46662978199068,54.37309877851609,77.76799252252353,50.45853209315605
MANAPPURAM.NS,62.29080847640016,55.51580204960309,341.7731216447612,0.03965140578579158,52.940958934296106,79.66043378783056,1.5908181186001855,34.40039389902216,1.0,13.592937696697408,5.444003411542183,49.14656768340561,29.89417369273942,0.9248498594476628,1.1863686823129385,7.479486855025085,75.65045590687826,0.3881352948434842,66.76541625255501,1.0,90.86705214833516,39.461338750810654,13.0,62.95879391715179,16.52866184475456,60.02300359753133,63.79700503905984,1.0,76.6790491229586,84.56474422992429,72.16676824455475,90.0
IIFL.NS,1180.7685297544474,66.73445410362115,2689.9319503042507,0.004105967513816148,37.3897152416705,60.9612302402544,2.7699500772763614,26.353252076035112,1.0,2.0748672224598343,1.9159357177546072,48.04504269661249,41.220228739943266,0.7271548864818626,0.08688524247954388,7.5509240681862115,69.39588015791375,0.2282515447800024,58.14185529893407,0.0,87.43463348415766,34.53407483442911,6.0,9.345180895091106,31.935590751395434,61.04550499509948,77.5046846669703,0.0,64.43349016956262,74.57662866369873,59.24489585543907,90.0
CANFINHOME.NS,2604.528984912664,19.927800310063283,14337.854935736723,0.01069352045219731,21.228930303425237,77.83288225606015,8.638200394677918,40.53167960616951,0.0,3.9266027549991094,14.169234296435368,60.88910646054023,51.49733570779447,0.7895588775651194,5.333286185627775,8.498449657047503,81.29141128826669,0.17491367316221887,46.5076941670878,1.0,100.0,35.510970472943406,11.0,31.18694008782994,43.56297853234242,92.33034048964491,79.85959285381121,0.0,58.36516475958942,40.716300180966776,64.96804854924892,83.74735812776
ABCAPITAL.NS,2279.939929111699,26.092784924318998,18106.141140250173,0.0049948684628127685,39.99779007557498,82.55089266581044,6.596544486821904,57.98436253604489,0.0,14.097697240472327,8.122789538237864,57.69616674649788,37.92766599338058,0.9138761105092661,0.861120092886656,5.41192972451145,82.91690903020395,1.455424489143131,35.79061232466832,1.0,91.74834170548701,24.765161092721797,7.0,18.237372904647017,92.00349010773915,73.87934719260124,74.24887584371558,1.0,52.50233261672548,56.71130045085215,88.8265341586489,60.845797507813735
MASFIN.NS,1550.7123715885887,43.9337563158412,11117.655110208827,0.011677114789644089,23.923956995395045,63.35296163223059,2.341336829845646,44.98951612657455,1.0,32.93505955263151,4.765175223150138,60.06229110453419,40.11390333788399,0.7616677152091258,4.125582805914609,10.326333298311479,61.52875783069484,0.48267176458687666,41.134171355465554,0.0,96.2156504929416,28.34077930964451,8.0,22.456917734469602,47.25027604921499,59.4796217764453,82.41496123716068,0.0,67.74098309920049,69.67450180111025,46.30084511100411,64.94456383601543
POONAWALLA.NS,120.674160486773,15.770465912469092,363.90862631617796,0.03402363342926077,16.198320488182766,77.64297206036574,4.539209148685953,37.386924345412766,0.0,1.5747690207607783,5.587796900316357,43.46196744025229,24.539595567728355,0.8330264662092275,0.1610734197319118,5.3755671043484,81.18325016733436,0.9580739080708961,60.43927838022712,1.0,100.0,35.861623543399595,6.0,49.45735130302094,58.63424667484889,68.94544430099945,70.0565264632953,1.0,55.88299856595415,62.947897310404585,78.98219414801801,87.21243390454107
OBEROIRLTY.NS,636.9226488157975,117.76612240802257,2192.0253792782523,0.022858151789307158,36.52046997017324,83.15885281460798,3.4980361956165926,43.91514144248637,1.0,65.8502993215057,2.954820570270966,46.68863834450737,20.149192120915224,0.8858487461752543,0.27450226327747007,10.928900004713237,76.64854709069424,0.13106063407938134,74.43781068127704,1.0,55.817244481975166,30.583600702991973,7.0,61.82484788142837,31.154552465369743,92.8312488215082,69.84318671088631,1.0,59.68373664337052,51.04587809792855,61.246814295134726,56.78672521999146
GODREJPROP.NS,960.781995931283,64.00672365509483,4219.711987613465,0.02939256845441075,31.286461678984725,61.94385479604428,9.878934243668047,40.8257371172223,0.0,28.025372807155815,3.596969573082081,38.227839631553046,20.777535980116,0.8808949145109883,0.5792473869598961,6.352622440245315,57.30101939245493,0.7651080493201033,49.5603887566657,1.0,84.75491019926032,39.697530461017536,7.0,20.177627326158284,41.855270230530195,81.32199314438382,65.05071539677702,0.0,75.71914995146037,83.75344862438938,43.89934106564086,82.94503240214283
PRESTIGE.NS,1029.1887487995486,27.024083271025066,4194.803448670178,0.059269037009446,38.42512150702353,50.78496806601458,1.8757396080148838,37.07646803535255,1.0,113.08729122640138,5.216083742769393,48.36047775980809,36.375547328379106,0.8402571698240041,0.7750778851120395,10.205918582239702,83.57314186580052,0.7005419059093836,56.250325789829716,1.0,97.72483521045801,27.951766764698277,10.0,23.56004505357314,22.719397017442883,74.25242231785587,69.7708988750952,1.0,62.671715141106574,50.33959766235244,50.25718610247471,71.05606066541421
BRIGADE.NS,1098.0211226679758,16.602670316627,6784.291782780657,0.07254499376424949,11.603968006211817,50.338182085353814,20.497686395642358,5.595190779957825,0.0,112.12143563168031,3.006873401589461,53.45711920786303,40.51495644220616,0.7773740205467002,1.8718497642013867,6.845634362473777,53.17331745132668,0.9882124322048734,35.874241754334264,0.0,71.0315789215735,19.87974295576417,12.0,58.153441658917586,36.98505235333624,77.8697740427973,72.7437612230093,1.0,85.37733074902111,84.77156648833933,47.455311468231734,90.0
