ticker,company_name,market_cap,total_revenue,ebitda,net_income,gross_profit,total_debt,total_cash,total_assets,roa,roe,debt_to_equity,current_ratio,quick_ratio,free_cashflow,operating_cashflow,trailing_pe,forward_pe,price_to_book,price_to_sales,enterprise_to_revenue,enterprise_to_ebitda,dividend_yield,payout_ratio,revenue_growth,earnings_growth,earnings_quarterly_growth,profit_margins,gross_margins,operating_margins,currency,sector,industry,country,price,beta,employees,52_week_high,52_week_low,50d_avg,200d_avg,avg_volume,avg_volume_10d
ZS,"Zscaler, Inc.",22279159808.0,3001123072.0,-68018000.0,-67630000.0,2299827968.0,1866436992.0,3512751104.0,,-0.014090001,-0.03556,84.995,1.901,1.746,1020966656.0,1114038016.0,,30.196573,10.131618,7.4236073,6.875,-303.344,,0.0,0.259,,,-0.02253,0.76632005,-0.061979998,USD,Technology,Software - Infrastructure,United States,138.56,1.115,7923.0,336.99,128.0,165.4546,250.97252,2727304.0,2851290.0
OKTA,"Okta, Inc.",14212091904.0,2919000064.0,249000000.0,235000000.0,2257999872.0,451000000.0,2552999936.0,,0.00999,0.03506,6.444,1.427,1.278,836124992.0,884000000.0,61.213745,18.956596,2.03203,4.868822,4.139,48.525,,0.0,0.116,1.708,1.739,0.08051,0.77355003,0.0657,USD,Technology,Software - Infrastructure,United States,80.19,0.762,6366.0,127.567,68.77,80.8154,88.35632,3314165.0,3966990.0
CRWD,"CrowdStrike Holdings, Inc.",101222457344.0,4812004864.0,-46664000.0,-162502000.0,3599789056.0,820076992.0,5230125056.0,,-0.015700001,-0.04137,18.336,1.773,1.592,1604615040.0,1612349056.0,,64.661835,22.835564,21.035402,20.128,-2075.618,,0.0,0.233,,,-0.033770002,0.74808997,0.0100300005,USD,Technology,Software - Infrastructure,United States,399.12,1.072,10698.0,566.9,298.0,413.469,463.91104,3936745.0,3943780.0
FTNT,"Fortinet, Inc.",61373280256.0,6799600128.0,2226299904.0,1853400064.0,5470700032.0,1061800000.0,3582500096.0,,0.12866001,1.3571601,85.802,1.172,1.048,1746974976.0,2590599936.0,34.103306,24.943481,49.537815,9.026013,8.61,26.297,,0.0,0.148,-0.011,-0.038,0.27257,0.80456,0.32766,USD,Technology,Software - Infrastructure,United States,82.53,0.998,15109.0,109.33,70.12,81.6516,85.1846,6775583.0,6920090.0
QLYS,"Qualys, Inc.",3168440064.0,669124992.0,236443008.0,198320000.0,554356992.0,52274000.0,445939008.0,,0.13412,0.38202,9.315,1.407,1.32,259132000.0,309400000.0,16.242647,11.070684,5.6262336,4.735199,4.123,11.667,,0.0,0.101,0.236,0.209,0.29639,0.82848,0.33566,USD,Technology,Software - Infrastructure,United States,88.36,0.612,2625.0,155.47,82.06,104.1826,128.389,684522.0,810490.0
VRNS,"Varonis Systems, Inc.",2656226560.0,623532032.0,-134205000.0,-129324000.0,491558016.0,521747008.0,920966016.0,,-0.052989997,-0.24531999,87.153,1.971,1.837,215746880.0,147431008.0,,54.311405,4.423719,4.2599683,3.603,-16.742,,0.0,0.094,,,-0.20741,0.78834,-0.17073,USD,Technology,Software - Infrastructure,United States,22.53,0.675,2658.0,63.9,20.06,25.1147,41.927925,3156909.0,2425390.0
ESTC,Elastic N.V.,5339239424.0,1677081984.0,-16481000.0,-84515000.0,1275694976.0,591676032.0,1248045952.0,,-0.0071799997,-0.10244001,74.802,1.818,1.633,387170752.0,261163008.0,,17.905098,6.6714945,3.1836483,2.736,-278.383,,0.0,0.177,,,-0.05039,0.76066,0.00233,USD,Technology,Software - Application,Netherlands,50.67,1.029,3921.0,96.07,47.49,57.6878,76.0265,2149272.0,2142590.0
DOCN,"DigitalOcean Holdings, Inc.",9356012544.0,901427008.0,284300000.0,259262000.0,539592000.0,1701208064.0,254475008.0,,0.05644,,,0.689,0.603,112400376.0,309604000.0,35.718254,51.589645,-288.4936,10.379113,10.791,34.215,,0.0,0.183,0.901,0.405,0.28761,0.59860003,0.16006,USD,Technology,Software - Infrastructure,United States,90.01,1.434,1462.0,91.53,25.45,66.8374,45.61065,3755550.0,5407730.0
PAYC,"Paycom Software, Inc.",6784200192.0,2051699968.0,634499968.0,453400000.0,1788700032.0,90300000.0,370000000.0,,0.05268,0.27417,5.215,1.088,0.092,260975008.0,678899968.0,15.292079,10.730799,3.8178225,3.306624,3.065,9.912,1.21,0.1856,0.102,0.021,0.002,0.22099,0.87181,0.28863,USD,Technology,Software - Application,United States,123.56,0.796,5770.0,267.76,104.9,128.0706,181.22185,1891831.0,2420110.0
MANH,"Manhattan Associates, Inc.",8108349952.0,1081392000.0,289054016.0,219948000.0,609052992.0,61063000.0,328747008.0,,0.22131,0.71656996,19.4,1.279,1.207,312002624.0,389470016.0,37.27424,22.873928,25.581747,7.4980674,7.199,26.934,,0.0,0.057,0.101,0.082,0.20339,0.56321,0.24784,USD,Technology,Software - Application,United States,134.56,1.047,4370.0,247.22,126.0,143.4982,181.8606,798573.0,556430.0
WK,Workiva Inc.,3410078464.0,884568000.0,-31451000.0,-26169000.0,694137984.0,797347968.0,891620992.0,,-0.01854,,,1.567,1.444,137754752.0,140070000.0,,17.868683,-618.5567,3.8550777,3.749,-105.428,,0.0,0.195,,,-0.029579999,0.78472,0.032899998,USD,Technology,Software - Application,United States,60.0,0.679,2860.0,97.095,56.065,65.0158,77.22845,956121.0,685030.0
GLOB,Globant S.A.,2107969920.0,2454876928.0,393580000.0,102918000.0,859291008.0,523775008.0,250336000.0,,0.04736,0.04956,24.23,1.644,1.552,291899008.0,301176000.0,20.895197,7.1568522,1.0018845,0.8586866,0.981,6.117,,0.0,-0.047,0.095,0.082,0.04192,0.35002998,0.19084999,USD,Technology,Information Technology Services,Luxembourg,47.85,1.218,28773.0,142.245,40.76,51.8638,65.05345,1441565.0,1062440.0
HUBS,"HubSpot, Inc.",12904027136.0,3131266048.0,30810000.0,45911000.0,2622778880.0,262304992.0,1703794048.0,,0.0020299999,0.0231,12.695,1.669,1.447,651586880.0,760716992.0,284.5,16.018976,6.223166,4.1210256,3.661,372.04,,0.0,0.204,9.681,9.922,0.01466,0.83761,0.05687,USD,Technology,Software - Application,United States,244.67,1.439,8882.0,682.565,207.2,259.4478,406.1626,1698463.0,1104600.0
ANSS,ANSS,,,,,,,,,,,,,,,,,,,,,,,,,,,,,,,,,US,,,,,,,,,
CDNS,"Cadence Design Systems, Inc.",76952379392.0,5296758784.0,1908109056.0,1108888064.0,4574510080.0,2666328064.0,3155529984.0,,0.10981,0.21855,48.707,2.856,2.507,1510117504.0,1728781056.0,68.48157,29.606054,13.838439,14.528202,14.255,39.57,,0.0,0.062,0.146,0.141,0.20934999,0.86364,0.32824,USD,Technology,Software - Application,United States,278.72,1.041,13800.0,376.45,221.56,292.8576,321.7707,2520726.0,2382930.0
NET,"Cloudflare, Inc.",74510704640.0,2167937024.0,-42443000.0,-102267000.0,1615411968.0,3518327040.0,4101251072.0,,-0.026919998,-0.08164,241.126,1.976,1.918,388025120.0,603113984.0,,146.82953,51.046543,34.369404,34.101,-1741.813,,0.0,0.336,,,-0.04717,0.74514,-0.07016,USD,Technology,Software - Infrastructure,United States,211.69,1.875,5156.0,260.0,89.42,192.1248,201.68166,4674863.0,3469060.0
BILL,"BILL Holdings, Inc.",3869052672.0,1551979008.0,-2262000.0,-24211000.0,1296822016.0,1887090048.0,2241499904.0,,-0.00509,-0.00636,49.571,1.654,0.687,122548376.0,385518016.0,,14.362037,1.0144166,2.49298,2.235,-1533.347,,0.0,0.144,,,-0.0156,0.83559,-0.042600002,USD,Technology,Software - Application,United States,38.63,1.325,2364.0,57.21,35.458,42.823,47.32785,2841222.0,2294420.0
FROG,JFrog Ltd.,6054419968.0,531840000.0,-61012000.0,-71819000.0,408387008.0,12456000.0,704414016.0,,-0.04325,-0.08648,1.404,2.142,2.023,174897120.0,145728992.0,,46.20736,6.821674,11.383912,10.083,-87.892,,0.0,0.252,,,-0.13504,0.76788,-0.13675,USD,Technology,Software - Application,United States,50.61,1.136,1800.0,70.43,27.0,46.7436,50.044327,3373921.0,3828870.0
CFLT,"Confluent, Inc.",11133729792.0,1166748032.0,-338046016.0,-295275008.0,866838976.0,1105371008.0,2053971968.0,,-0.0809,-0.27721,94.546,3.83,3.592,210338752.0,64274000.0,,47.630024,9.439537,9.542531,8.686,-29.981,,0.0,0.205,,,-0.25308,0.74294996,-0.27531,USD,Technology,Software - Infrastructure,United States,30.99,0.949,3241.0,31.0,15.64,30.5918,24.972,11663133.0,6891380.0
SMCI,"Super Micro Computer, Inc.",13943189504.0,28057104384.0,1096866048.0,872780032.0,2250259968.0,5263713792.0,4106275072.0,,0.03418,0.13193,75.28,1.697,0.981,103480000.0,548956032.0,16.948904,7.716516,1.9890355,0.49695754,0.537,13.736,,0.0,1.234,0.192,0.249,0.03111,0.0802,0.0374,USD,Technology,Computer Hardware,United States,23.22,1.629,6238.0,62.36,19.48,29.638,39.8813,37477539.0,71733740.0
MARA,"MARA Holdings, Inc.",3311843584.0,907092992.0,-352031008.0,-1311480064.0,435808992.0,3645352960.0,547132032.0,,-0.08999,-0.34464002,104.839,1.273,1.084,-401107008.0,-802724992.0,,-7.168724,0.9520166,3.651052,7.073,-18.224,,0.0,-0.056,,,-1.44581,0.48044997,-5.98828,USD,Financial Services,Capital Markets,United States,8.71,5.305,266.0,23.45,6.66,8.6316,13.6266,47644450.0,50050980.0
RBLX,Roblox Corporation,42600321024.0,4890550784.0,-1006521984.0,-1065057024.0,1161692032.0,1802704000.0,3055141888.0,,-0.09206,-3.67223,480.747,0.955,0.779,1018041600.0,1796358016.0,,-45.19651,107.91742,8.710741,8.451,-41.061,,0.0,0.432,,,-0.21778,0.23753999,-0.25345,USD,Communication Services,Electronic Gaming & Multimedia,United States,60.11,1.673,3065.0,150.59,50.1,63.642,99.48225,11986114.0,8658820.0
SAMSN,SAMSN,,,,,,,,,,,,,,,,,,,,,,,,,,,,,,,,,US,,,,,,,,,
TENB,"Tenable Holdings, Inc.",2098072192.0,999404992.0,32656000.0,-36118000.0,780467968.0,417180000.0,402180992.0,,0.00598,-0.09945,127.822,0.952,0.838,273022240.0,266750000.0,,8.458185,6.381125,2.0993214,2.036,62.308,,0.0,0.105,,,-0.036140002,0.78093004,0.05108,USD,Technology,Software - Infrastructure,United States,17.58,0.746,1995.0,35.69,15.85,20.3534,26.80305,2803118.0,3303370.0
CWAN,"Clearwater Analytics Holdings, ",7112855552.0,731368000.0,86555000.0,-38807000.0,492148000.0,860336000.0,91245000.0,,0.00029999999,-0.026300002,42.358,1.832,1.631,175079744.0,175896000.0,,26.802103,3.430878,9.725412,10.643,89.932,,0.0,0.72,,,-0.053060003,0.67291,-0.03101,USD,Technology,Software - Application,United States,23.8,0.638,3000.0,25.069,15.735,23.541,21.3383,9807301.0,4683150.0
RPD,"Rapid7, Inc.",353846016.0,859793984.0,57537000.0,23381000.0,604753984.0,968368000.0,474670016.0,,0.00448,0.27118,625.844,1.281,1.12,123466624.0,153827008.0,14.916666,3.3698347,2.2851064,0.41154745,0.986,14.73,,0.0,0.005,0.39,0.441,0.027190002,0.70337,0.010140001,USD,Technology,Software - Infrastructure,United States,5.37,0.905,2613.0,27.1,5.24,7.8678,15.927725,1883495.0,2751900.0
ILMN,"Illumina, Inc.",19476402176.0,4343000064.0,1139000064.0,850000000.0,2964000000.0,2552999936.0,1632999936.0,,0.083900005,0.33359,93.757,2.075,1.582,786000000.0,1079000064.0,23.372477,21.825247,7.1573853,4.4845505,4.696,17.907,,0.0,0.05,0.864,0.786,0.19572,0.68248004,0.19672,USD,Healthcare,Diagnostics & Research,United States,127.38,1.493,8600.0,155.53,68.7,127.6084,114.7693,2028111.0,1339600.0
ALGN,"Align Technology, Inc.",12240550912.0,4034963968.0,851347008.0,410351008.0,2816613120.0,114446000.0,1094908032.0,,0.06938,0.103870004,2.826,1.363,1.173,483692384.0,593222976.0,30.19469,13.881318,3.0067503,3.0336208,2.771,13.132,,0.0,0.053,0.356,0.308,0.1017,0.69805,0.22384001,USD,Healthcare,Medical Instruments & Supplies,United States,170.6,1.811,20290.0,208.31,122.0,176.8918,159.42125,1254777.0,1103070.0
INCY,Incyte Corporation,19091460096.0,5141241856.0,1439769984.0,1286649984.0,2718960128.0,54920000.0,3580603904.0,,0.13571,0.2987,1.063,3.316,3.039,609552000.0,1413497984.0,14.965679,11.091802,3.6842308,3.7133946,3.028,10.811,,0.0,0.278,0.436,0.487,0.25026,0.52884996,0.25572002,USD,Healthcare,Biotechnology,United States,95.93,0.857,2844.0,112.29,53.56,98.186,90.72375,1849365.0,1717140.0
BMRN,BioMarin Pharmaceutical Inc.,10673946624.0,3221253120.0,722888000.0,348900992.0,1701089024.0,642873024.0,1560609024.0,,0.05578,0.05941,10.561,5.209,3.253,402657984.0,827993984.0,30.833334,8.241758,1.753333,3.3136008,3.029,13.496,,0.0,0.17,,,0.10831001,0.52808,0.22485,USD,Healthcare,Biotechnology,United States,55.5,0.291,3221.0,66.28,50.76,58.3736,56.5309,2186611.0,2022650.0
ALKS,Alkermes plc,5806083584.0,1475899008.0,281120992.0,241664000.0,1279442048.0,69999000.0,588214976.0,,0.06988,0.14716,3.848,3.55,1.697,-363090624.0,520753984.0,24.363638,17.473118,3.171309,3.9339302,3.583,18.81,,0.0,-0.106,-0.67,-0.663,0.16374001,0.86689,0.1511,USD,Healthcare,Drug Manufacturers - Specialty & Generic,Ireland,34.84,0.39,2050.0,36.48,25.17,31.4148,29.7287,2406450.0,3891770.0
IONS,"Ionis Pharmaceuticals, Inc.",12354710528.0,943710976.0,-369236992.0,-381387008.0,12183000.0,2615865088.0,2680448000.0,,-0.07309,-0.70795,534.844,3.826,3.514,-154724496.0,-268583008.0,,-120.219894,24.97162,13.091625,13.023,-33.285,,0.0,-0.103,,,-0.40414003,0.01291,-1.0547299,USD,Healthcare,Biotechnology,United States,74.79,0.4,1402.0,86.74,23.95,78.5818,66.27495,2356780.0,2314420.0
EXAS,Exact Sciences Corporation,20026083328.0,3246990080.0,71456000.0,-207948992.0,2262839040.0,2534827008.0,964710976.0,,-0.01592,-0.08659001,105.572,2.427,1.97,281868512.0,491438016.0,,55.215794,8.336778,6.167584,6.651,302.231,,0.0,0.231,,,-0.06404,0.6969,-0.09279,USD,Healthcare,Diagnostics & Research,United States,104.91,1.442,7100.0,104.98,38.8118,103.1134,75.67735,2473639.0,3743537.0
TECH,Bio-Techne Corp,8312364032.0,1215577984.0,330536992.0,81060000.0,809633984.0,350895008.0,179544992.0,,0.06518,0.03966,17.449,4.539,2.593,260637504.0,249316992.0,100.24529,24.439274,4.1182857,6.8381987,6.979,25.666,0.6,0.6038,-0.004,0.091,0.089,0.06672,0.66605,0.1967,USD,Healthcare,Biotechnology,United States,53.13,1.486,3100.0,72.16,46.01,58.0788,57.709,2435201.0,2004020.0
DXCM,"DexCom, Inc.",24266811392.0,4662000128.0,1163600000.0,836300032.0,2801900032.0,1396400000.0,1998700032.0,,0.088870004,0.34497002,50.852,1.883,1.535,719537472.0,1440700032.0,29.770336,20.801365,8.719171,5.205236,5.007,20.062,,0.0,0.131,0.78,0.762,0.17939,0.60101,0.25643,USD,Healthcare,Medical Devices,United States,62.22,1.556,11000.0,89.98,54.11,69.3988,71.64195,5040203.0,3887100.0
VEEV,Veeva Systems Inc.,28599154688.0,3195311104.0,984968000.0,908905984.0,2413292032.0,95859000.0,6560814080.0,,0.07254,0.13933,1.329,4.885,4.808,1048066496.0,1415224960.0,31.922935,17.59624,3.9494236,8.950351,6.87,22.286,,0.0,0.16,0.232,0.248,0.28445,0.75526,0.29413,USD,Healthcare,Health Information Services,United States,173.98,1.103,7928.0,310.5,168.14,187.5056,249.31935,2181549.0,1924360.0
TFX,Teleflex Incorporated,5207267840.0,1992712960.0,469188000.0,58530000.0,1123453952.0,2822424064.0,404824000.0,,0.025940001,0.01581,90.324,2.544,0.985,12825875.0,340676992.0,89.9313,11.619489,1.6662422,2.613155,3.826,16.251,1.15,1.0382,,,,-0.45448002,0.56378,0.40557,USD,Healthcare,Medical Instruments & Supplies,United States,117.81,0.835,15500.0,138.93,100.18,110.2804,117.71505,985240.0,828050.0
STE,STERIS plc (Ireland),21465733120.0,5828015104.0,1574845952.0,708524032.0,2583096064.0,2053699968.0,423700000.0,,0.06606,0.10468,28.651,2.479,1.533,870695744.0,1266786944.0,30.503487,19.741398,2.998862,3.683198,3.962,14.664,1.12,0.33470002,0.092,0.121,0.112,0.12144,0.44322,0.18494,USD,Healthcare,Medical Devices,United States,218.71,1.07,17787.0,269.44,204.9,239.5204,244.47415,833173.0,813090.0
BIO,"Bio-Rad Laboratories, Inc.",7560398336.0,2583200000.0,431600000.0,759900032.0,1343600000.0,1384800000.0,1540700032.0,,0.01669,0.108380005,18.579,5.621,3.894,256550000.0,532200000.0,10.049891,24.698751,1.0138761,2.9267569,2.865,17.148,,0.0,0.039,,,0.29417,0.52013,0.088719994,USD,Healthcare,Medical Devices,United States,279.99,1.158,7450.0,343.12,211.43,279.6512,288.27505,291413.0,361250.0
HOLX,"Hologic, Inc.",16888477696.0,4126500096.0,1350700032.0,543800000.0,2491500032.0,2520300032.0,2366599936.0,,0.07434,0.108559996,48.051,4.04,3.102,848612480.0,1097699968.0,31.390041,15.590063,3.2172325,4.092688,4.13,12.617,,0.0,0.025,-0.092,-0.109,0.13178,0.60378,0.22990999,USD,Healthcare,Medical Instruments & Supplies,United States,75.65,0.703,7070.0,75.78,51.9,75.2674,71.2183,2812201.0,2785520.0
NTRA,"Natera, Inc.",29477263360.0,2306113024.0,-271427008.0,-208160000.0,1493180032.0,214376992.0,1076140032.0,,-0.09544,-0.14317,12.519,3.393,3.111,141016496.0,215300992.0,,-293.6658,16.966877,12.782228,12.409,-105.426,,0.0,0.398,,,-0.09026,0.64749,-0.03424,USD,Healthcare,Diagnostics & Research,United States,207.98,1.68,6135.0,256.36,125.38,208.6651,192.67418,1207434.0,1136640.0
MEDP,"Medpace Holdings, Inc.",14143528960.0,2530234112.0,563059008.0,451123008.0,1798105984.0,136852000.0,497048992.0,,0.16404,0.70235,29.811,0.736,0.687,472381376.0,713222976.0,32.656616,25.944857,30.79785,5.5898104,5.447,24.479,,0.0,0.32,0.269,0.155,0.17829001,0.71065,0.21634,USD,Healthcare,Diagnostics & Research,United States,498.34,1.391,6200.0,628.916,250.05,487.4052,496.3466,343696.0,296290.0
HRMY,"Harmony Biosciences Holdings, I",1604498688.0,868452992.0,233804000.0,158687008.0,670110976.0,169248000.0,775340032.0,,0.114750005,0.20752001,19.449,3.597,3.459,211456496.0,348199008.0,10.236162,4.78953,1.8401327,1.8475366,1.15,4.27,,0.0,0.211,-0.55,-0.546,0.18271999,0.77161,0.15817,USD,Healthcare,Biotechnology,United States,27.74,0.891,293.0,40.87,25.52,31.515,33.2636,874785.0,740800.0
PEN,"Penumbra, Inc.",12964334592.0,1403665024.0,206520000.0,177687008.0,942436992.0,219699008.0,544816000.0,,0.07041,0.13781999,15.389,6.644,4.013,92686248.0,238663008.0,72.92715,51.76677,9.078069,9.23606,9.004,61.201,,0.0,0.221,0.383,0.406,0.12659,0.67140996,0.1537,USD,Healthcare,Medical Devices,United States,330.36,0.839,4700.0,362.41,221.26,341.4166,287.1683,1052626.0,734090.0
RVMD,"Revolution Medicines, Inc.",19642947584.0,,-1174619008.0,-1131300992.0,-987331968.0,427148000.0,2025678976.0,,-0.30084,-0.58068,26.185,7.145,6.975,-523279008.0,-897740992.0,,-14.715664,11.969569,,,-15.362,,0.0,,,,0.0,0.0,0.0,USD,Healthcare,Biotechnology,United States,99.12,1.012,883.0,124.49,29.17,99.115,67.0402,3290373.0,2007740.0
PCVX,"Vaxcyte, Inc.",8477141504.0,,-907278976.0,-766627968.0,,117481000.0,1560958976.0,,-0.17725,-0.25591,4.375,7.909,7.813,-430852864.0,-655577024.0,,-8.010065,2.8490558,,,-7.67,,0.0,,,,0.0,0.0,0.0,USD,Healthcare,Biotechnology,United States,58.38,1.386,507.0,65.0,27.66,56.4196,43.548176,1419740.0,1647560.0
AZTA,"Azenta, Inc.",1042372352.0,595027008.0,37328000.0,26341000.0,265156992.0,54462000.0,409656000.0,,-0.00592,0.01534,3.176,2.919,2.229,108520128.0,63230000.0,39.017242,21.349056,0.60728854,1.7518067,1.155,18.409,,0.0,0.008,,,-0.10118,0.44562,-0.040999997,USD,Healthcare,Medical Instruments & Supplies,United States,22.63,1.465,3000.0,41.73,19.87,27.4364,31.0629,876245.0,1001290.0
NEOG,Neogen Corporation,2046919424.0,880318976.0,90364000.0,-602739008.0,404774016.0,795070976.0,145340000.0,,-0.00459,-0.25253,37.78,3.907,1.886,-924000.0,66202000.0,,29.103394,0.97260976,2.325202,3.063,29.842,,0.0,-0.028,,,-0.68468004,0.4598,-0.023929998,USD,Healthcare,Medical Devices,United States,9.41,1.967,2974.0,11.43,3.87,10.0958,7.03625,3393847.0,2317070.0
AVTR,"Avantor, Inc.",5388241920.0,6552200192.0,975500032.0,-530200000.0,2139399936.0,4131800064.0,365400000.0,,0.02955,-0.09204,74.246,1.778,1.044,507962496.0,623800000.0,,9.282105,0.9587379,0.8223561,1.397,9.385,,0.0,-0.014,-0.894,-0.895,-0.08092,0.32652,0.10170999,USD,Healthcare,Medical Instruments & Supplies,United States,7.9,0.997,13500.0,16.17,7.265,9.1638,11.7472,11637836.0,8119240.0
ENSG,"The Ensign Group, Inc.",11426134016.0,5057841152.0,528672992.0,343971008.0,826281024.0,2205785088.0,572387008.0,,0.052470002,0.16895,98.701,1.423,1.352,281247744.0,564270016.0,33.667805,23.865442,5.079045,2.259093,2.566,24.546,0.13,0.0432,0.202,0.184,0.198,0.06801,0.16337,0.091000006,USD,Healthcare,Medical Care Facilities,United States,196.62,0.816,46000.0,218.0,118.73,200.3584,177.06744,389111.0,423480.0
GMED,"Globus Medical, Inc.",11891448832.0,2938930944.0,877110976.0,537868032.0,2000583936.0,119440000.0,557243008.0,,0.071090005,0.122930005,2.612,4.264,2.61,327532128.0,753446976.0,22.42857,17.73961,2.5964208,4.0461817,3.897,13.058,,0.0,0.257,4.37,4.304,0.18301001,0.68072,0.24381,USD,Healthcare,Medical Devices,United States,87.92,1.092,6000.0,101.4,51.79,89.026,73.5915,1248998.0,1065500.0
OMCL,"Omnicell, Inc.",1551636736.0,1184845056.0,45560000.0,2052000.0,508043008.0,204344992.0,196520000.0,,0.00356,0.00166,16.589,1.427,0.898,94530872.0,127300000.0,853.75006,16.359282,1.2483094,1.3095694,1.316,34.229,,0.0,0.023,,,0.0017299999,0.42878,0.02204,USD,Healthcare,Health Information Services,United States,34.15,0.857,3580.0,55.0,22.66,39.588,35.9438,659062.0,535350.0
GNRC,Generac Holdlings Inc.,11389990912.0,4209146880.0,484025984.0,159554000.0,1611736960.0,1384946944.0,341412992.0,,0.03384,0.06283,52.479,2.026,0.777,91862752.0,437977984.0,71.885185,18.562654,4.326282,2.7060094,2.955,25.698,,0.0,-0.116,,,0.03791,0.38291,-0.00853,USD,Industrials,Specialty Industrial Machinery,United States,194.09,1.786,9400.0,241.09,99.5,201.944,174.2985,1198247.0,1246020.0
MTZ,"MasTec, Inc.",26530437120.0,14299170816.0,1083725056.0,399041984.0,1792733952.0,2799171072.0,396030016.0,,0.04343,0.13351,83.945,1.323,1.205,96627248.0,545713984.0,66.321495,31.360842,8.032345,1.8553829,2.004,26.443,,0.0,0.158,0.928,0.909,0.02791,0.12537,0.053850003,USD,Industrials,Engineering & Construction,United States,336.25,1.8,36000.0,341.4,99.7,283.5274,219.21754,994655.0,1097820.0
AWI,Armstrong World Industries Inc,7117420544.0,1620800000.0,440900000.0,308700000.0,658800000.0,496500000.0,112700000.0,,0.10634,0.37242,55.124,1.464,0.909,228287504.0,355500000.0,23.309322,17.750887,7.8634396,4.391301,4.598,16.903,0.78,0.1784,0.056,0.068,0.053,0.19046,0.40647,0.17435,USD,Industrials,Building Products & Equipment,United States,165.03,1.322,3800.0,206.08,122.37,178.8086,185.06966,574208.0,526270.0
GFF,Griffon Corporation,3326684416.0,2536643072.0,519503008.0,44646000.0,1060494016.0,1547897984.0,95280000.0,,0.13024999,0.26521,1421.355,2.555,1.08,228638880.0,319537984.0,70.71287,12.360378,30.547476,1.3114516,1.884,9.2,1.23,0.7525,0.026,-0.054,-0.091,0.0176,0.41807,0.17485,USD,Industrials,Building Products & Equipment,United States,71.42,1.304,5100.0,97.58,63.92,80.8172,77.07755,325181.0,301740.0
WWD,"Woodward, Inc.",22305605632.0,3790792960.0,676028032.0,488739008.0,1065355008.0,938115968.0,454244992.0,,0.077870004,0.20381,36.256,2.051,1.297,252776256.0,551214976.0,46.706028,36.141674,8.590309,5.884153,5.974,33.501,0.34,0.14109999,0.29,0.528,0.535,0.12893,0.28104,0.16055,USD,Industrials,Aerospace & Defense,United States,371.78,0.984,10200.0,403.31,146.82,369.3726,292.02335,648049.0,619290.0
FIX,"Comfort Systems USA, Inc.",49987055616.0,9101640704.0,1454573952.0,1022558016.0,2195898880.0,303920992.0,70540000.0,,0.14712,0.49238998,45.489,1.211,1.156,774215744.0,1186355968.0,49.020752,31.992275,20.324839,5.4920926,5.693,35.62,0.16,0.0675,0.01,0.388,0.382,0.112349994,0.24125999,0.07885,USD,Industrials,Engineering & Construction,United States,1417.19,1.598,22700.0,1500.0,281.52,1330.946,936.81464,440793.0,479600.0
ROAD,"Construction Partners, Inc.",5984413184.0,3060244992.0,459412992.0,122037000.0,484022016.0,1838279936.0,104093000.0,,0.0627,0.1371,189.68,1.592,1.179,86515376.0,333207008.0,47.914024,29.090658,6.1761446,1.955534,2.523,16.804,,0.0,0.441,,,0.03988,0.15816,0.07617,USD,Industrials,Engineering & Construction,United States,105.89,0.921,1639.0,141.9,64.793,121.1643,114.977974,567770.0,628130.0
DY,"Dycom Industries, Inc.",10434078720.0,5545911808.0,713433024.0,281188992.0,1140116992.0,2992005888.0,720185984.0,,0.06217,0.18152,160.935,2.738,2.582,276473888.0,642502976.0,36.37931,20.265102,5.6122446,1.8814,2.291,17.81,,0.0,0.344,-0.507,-0.501,0.0507,0.20558001,0.04658,USD,Industrials,Engineering & Construction,United States,348.15,1.382,19556.0,445.53,131.37,379.9236,313.6157,410326.0,439090.0
EME,"EMCOR Group, Inc.",33856421888.0,16986422272.0,1764573056.0,1272817024.0,3282988032.0,474556992.0,1111968000.0,,0.11599,0.3849,12.913,1.22,1.173,991140096.0,1302062976.0,26.809643,24.174131,9.164718,1.9931462,1.945,18.726,0.21,0.0355,0.197,0.53,0.488,0.07493,0.19327,0.09503999,USD,Industrials,Engineering & Construction,United States,756.3,1.112,44000.0,835.0,324.8,745.4246,653.53503,380636.0,380100.0
WSC,WillScot Holdings Corporation,3164035584.0,2281445888.0,600880000.0,-52990000.0,1204585984.0,3905441024.0,14611000.0,,0.05325,-0.05653,456.108,0.859,0.67,378834752.0,761985024.0,,13.32618,3.6796446,1.3868554,3.084,11.709,1.61,0.1736,-0.061,,,-0.02323,0.52799,0.27708,USD,Industrials,Rental & Leasing Services,United States,17.39,1.164,4700.0,31.88,14.91,20.0478,22.32025,2001131.0,2238350.0
GGG,Graco Inc.,14029153280.0,2236603904.0,723169024.0,521839008.0,1173182976.0,51596000.0,624083008.0,,0.12001,0.19925,1.944,3.15,2.178,517793888.0,683590976.0,27.474028,24.405369,5.2657127,6.272525,5.999,18.555,1.39,0.35709998,0.081,0.238,0.219,0.23332001,0.52454,0.27471,USD,Industrials,Specialty Industrial Machinery,United States,84.62,1.089,4400.0,95.69,72.06,89.2402,85.407,1041319.0,1022440.0
RBC,RBC Bearings Incorporated,17330667520.0,1790599936.0,537299968.0,268600000.0,796499968.0,1055600000.0,107600000.0,,0.05249,0.08663999,32.369,1.86,0.631,220350000.0,399700000.0,64.48353,39.30287,5.314336,9.678693,10.208,34.019,,0.0,0.17,0.17,0.164,0.15001,0.44482,0.22444001,USD,Industrials,Tools & Accessories,United States,548.11,1.491,5334.0,589.17,297.28,543.6372,444.5657,203009.0,189430.0
ITT,ITT Inc.,17357053952.0,3938500096.0,861200000.0,488100000.0,1392400000.0,867200000.0,1742899968.0,,0.08128,0.14291,21.196,2.584,1.958,444987488.0,668300032.0,31.620293,22.028088,4.0632625,4.4070215,3.998,18.284,0.8,0.2298,0.135,0.061,0.037,0.123909995,0.35354,0.18852,USD,Industrials,Specialty Industrial Machinery,United States,193.2,1.324,11600.0,209.7,105.64,192.844,177.93745,979024.0,1187080.0
WTS,"Watts Water Technologies, Inc.",9632571392.0,2438500096.0,528600000.0,340800000.0,1206000000.0,291900000.0,406200000.0,,0.11173,0.18246001,14.396,2.51,1.367,217324992.0,402000000.0,28.409048,22.644266,4.7508802,3.9502034,3.903,18.007,0.72,0.19569999,0.157,0.238,0.238,0.13976,0.49457002,0.18365,USD,Industrials,Specialty Industrial Machinery,United States,288.92,1.266,5700.0,345.17,177.59,308.4632,280.9339,193972.0,209870.0
ALLE,Allegion plc,12151682048.0,4067300096.0,1006300032.0,643800000.0,1838300032.0,2150299904.0,356200000.0,,0.11238,0.36084,104.0,1.842,1.091,505562496.0,783800000.0,18.985195,14.87311,5.8718724,2.9876533,3.429,13.858,1.47,0.2742,0.093,0.033,0.024,0.15829,0.45196998,0.21409,USD,Industrials,Security & Protection Services,Ireland,141.06,1.03,13300.0,183.11,116.57,158.0116,162.60345,915906.0,866980.0
SITE,"SiteOne Landscape Supply, Inc.",5634773504.0,4704799744.0,374100000.0,151800000.0,1635200000.0,980000000.0,190600000.0,,0.04725,0.09612001,58.222,2.474,1.106,209050000.0,300500000.0,37.60831,23.533562,3.3907647,1.1976649,1.371,17.236,,0.0,0.032,,,0.03226,0.34756002,-0.0050700004,USD,Industrials,Industrial Distribution,United States,126.74,1.573,7750.0,168.56,101.25,141.1268,133.68706,681573.0,672250.0
TTC,Toro Company (The),9036454912.0,4551699968.0,643000000.0,331200000.0,1512000000.0,1195299968.0,189000000.0,,0.084300004,0.22945999,84.224,1.688,0.656,579837504.0,736700032.0,27.75449,18.24085,6.3315344,1.9852923,2.195,15.54,1.68,0.45810002,0.042,0.327,0.286,0.07276,0.33218,0.09814,USD,Industrials,Tools & Accessories,United States,92.7,0.806,9227.0,105.19,62.34,96.0938,81.01175,941504.0,754850.0
AAON,"AAON, Inc.",6641746944.0,1442076032.0,226930000.0,107593000.0,385724000.0,417111008.0,13000.0,,0.06453,0.12514,46.605,2.627,1.78,-235688880.0,534000.0,63.06977,27.467928,7.426068,4.6056843,4.887,31.058,0.49,0.3101,0.425,0.261,0.297,0.07461,0.26748,0.105299994,USD,Industrials,Building Products & Equipment,United States,81.36,1.201,5897.0,116.04,62.0,91.9102,87.5779,917678.0,739870.0
ESAB,ESAB Corporation,5988915200.0,2842554880.0,550912000.0,251419008.0,1048342016.0,1345174016.0,185863008.0,,0.06632,0.12891,60.826,1.898,0.958,165628496.0,260567008.0,24.654137,15.124237,2.757625,2.1068776,2.525,13.031,0.41,0.092700005,0.075,-0.316,-0.299,0.079780005,0.3688,0.16799,USD,Industrials,Metal Fabrication,United States,98.37,1.31,10300.0,137.42,89.41,114.5966,116.3672,545808.0,895730.0
MWA,MUELLER WATER PRODUCTS,4324054016.0,1443600000.0,327000000.0,199600000.0,534300000.0,452300000.0,459600000.0,,0.10145,0.21552,44.422,4.019,2.331,150775008.0,226400000.0,21.771654,17.815722,4.2460074,2.995327,2.99,13.201,0.99,0.2134,0.046,0.227,0.224,0.13826999,0.37012002,0.18856001,USD,Industrials,Specialty Industrial Machinery,United States,27.65,1.156,3500.0,31.0,22.01,28.3548,25.8954,1139970.0,1268150.0
ZWS,Zurn Elkay Water Solutions Corp,7542754816.0,1695900032.0,375300000.0,192400000.0,764800000.0,553200000.0,300500000.0,,0.06724,0.120620005,34.504,3.129,1.922,283049984.0,346500000.0,40.19643,24.715622,4.6886063,4.4476414,4.577,20.682,0.98,0.3393,0.098,0.147,0.157,0.11675,0.45097,0.15938,USD,Industrials,Pollution & Treatment Controls,United States,45.02,0.811,2600.0,53.17,27.74,48.0048,45.4788,1023557.0,1065320.0
SPXC,"SPX Technologies, Inc.",9840210944.0,2265100032.0,467400000.0,245500000.0,919200000.0,577400000.0,364000000.0,,0.06834,0.13555999,25.806,2.48,1.705,165024992.0,333300000.0,39.067326,22.416592,4.3970222,4.344272,4.438,21.51,,0.0,0.194,0.271,0.364,0.10772,0.40581,0.11486,USD,Industrials,Building Products & Equipment,United States,197.29,1.342,4700.0,246.68,115.0,215.3214,199.2103,439203.0,685490.0
KMX,CarMax Inc,6054420992.0,27834193920.0,1057622016.0,457840000.0,3447569920.0,18043396096.0,204938000.0,,0.01721,0.07459,297.523,1.993,0.169,648438528.0,2484491008.0,13.518033,15.6470585,0.97261214,0.21751738,0.851,22.394,,0.0,-0.067,-0.472,-0.504,0.016449999,0.123859994,0.01832,USD,Consumer Cyclical,Auto & Truck Dealerships,United States,41.23,1.299,28000.0,81.79,30.26,43.3418,48.6737,3371109.0,3240870.0
FIVE,"Five Below, Inc.",13002574848.0,4764147200.0,649521984.0,358640992.0,1714685952.0,2032189056.0,932206976.0,,0.06163,0.17924999,92.655,2.009,0.977,347362368.0,586428032.0,36.381763,25.965359,5.927278,2.7292554,2.96,21.712,,0.0,0.243,0.263,0.271,0.075279996,0.35991,0.17986,USD,Consumer Cyclical,Specialty Retail,United States,235.39,1.066,7800.0,237.5,54.61,213.2844,169.1646,1120011.0,1201940.0
DKS,Dick's Sporting Goods Inc,17251536896.0,17215119360.0,1980056064.0,849238976.0,5885188096.0,7746642944.0,1353225984.0,,0.06689,0.19437,139.828,1.53,0.409,-583168128.0,1537342976.0,19.232698,11.853388,3.0749862,1.0021155,1.363,11.852,2.61,0.48650002,0.599,-0.61,-0.572,0.04933,0.34186,0.06962,USD,Consumer Cyclical,Specialty Retail,United States,191.75,1.238,31600.0,237.31,166.37,200.2482,211.58035,1187985.0,1129640.0
ASO,"Academy Sports and Outdoors, In",3824172544.0,6053413888.0,619649984.0,376768000.0,2105613056.0,1892450944.0,330320000.0,,0.06101,0.18047,87.154,1.893,0.354,57371248.0,434798016.0,10.351985,8.288841,1.7153198,0.6317382,0.868,8.48,1.05,0.0939,0.025,0.045,0.0,0.06224,0.34784,0.090050004,USD,Consumer Cyclical,Specialty Retail,United States,57.35,1.217,10350.0,62.445,33.34,57.1091,52.160976,1537800.0,1474740.0
BOOT,"Boot Barn Holdings, Inc.",4120168192.0,2168855040.0,365335008.0,218979008.0,831171968.0,704065984.0,200071008.0,,0.08262999,0.18451001,54.875,2.396,0.485,6181500.0,266136000.0,18.929974,15.938285,3.2071755,1.8996973,2.128,12.634,,0.0,0.16,0.148,0.143,0.10097,0.38323003,0.16266,USD,Consumer Cyclical,Apparel Retail,United States,135.16,1.755,3300.0,210.25,86.17,176.5692,178.60844,683860.0,801360.0
WSM,"Williams-Sonoma, Inc.",21443121152.0,7806816256.0,1648770944.0,1088436992.0,3603051008.0,1456904960.0,1019801024.0,,0.16537,0.51523995,69.957,1.388,0.587,867585280.0,1314888960.0,20.35819,17.77487,10.275464,2.7467177,2.803,13.271,1.69,0.29860002,-0.043,-0.073,-0.104,0.13942,0.46153,0.20326,USD,Consumer Cyclical,Specialty Retail,United States,180.17,1.578,19800.0,222.0,133.57,198.2196,191.02016,1187611.0,1484440.0
RH,RH,2130517888.0,3439536128.0,540598016.0,124787000.0,1518340992.0,3812788992.0,41191000.0,,0.05219,,6291.731,1.19,0.044,463744992.0,452240992.0,17.980982,11.357186,35.17049,0.6194201,1.716,10.92,,0.0,0.037,1.112,1.068,0.03628,0.44144002,0.114580005,USD,Consumer Cyclical,Specialty Retail,United States,113.46,2.105,,257.0,106.3,170.7188,189.40054,1257018.0,2300350.0
POOL,Pool Corporation,7465352192.0,5289396224.0,631166976.0,404424000.0,1572457984.0,1535031040.0,104963000.0,,0.10374,0.33058998,129.513,2.238,0.514,203107872.0,365849984.0,18.686003,17.05853,6.2626915,1.4113808,1.682,14.094,2.46,0.4562,-0.005,-0.129,-0.153,0.07683,0.29728,0.053239997,USD,Industrials,Industrial Distribution,United States,202.93,1.262,6000.0,345.0,195.49,229.9196,270.59146,836300.0,792830.0
DECK,Deckers Outdoor Corporation,14328173568.0,5374707200.0,1359971968.0,1039910976.0,3092856064.0,342881984.0,2086745984.0,,0.19903,0.39688,13.14,2.856,2.122,758731904.0,1013121024.0,13.964488,13.425778,5.362169,2.6658518,2.272,8.979,,0.0,0.071,0.11,0.053,0.19348,0.57545,0.31384,USD,Consumer Cyclical,Footwear & Accessories,United States,98.31,1.211,5500.0,133.43,78.91,107.8926,103.1855,2634911.0,2373760.0
YETI,"YETI Holdings, Inc.",2752220672.0,1868493952.0,264807008.0,165387008.0,1072684032.0,228462000.0,188342000.0,,0.10587,0.2379,35.133,1.975,0.986,90632248.0,254736992.0,17.911331,11.156352,4.1932883,1.472962,1.486,10.486,,0.0,0.068,0.19,0.095,0.08851,0.57409,0.12732,USD,Consumer Cyclical,Leisure,United States,36.36,1.798,1390.0,51.29,26.61,42.555,38.63785,1462904.0,1330840.0
GRMN,Garmin Ltd.,45743067136.0,7245518848.0,2064834944.0,1663886976.0,4256303104.0,195988000.0,2737848064.0,,0.11371,0.19783,2.184,3.633,2.331,790871488.0,1633358976.0,27.698135,23.366829,5.1017556,6.3132906,5.962,20.922,1.77,0.4016,0.166,0.212,0.213,0.22964,0.58744,0.28902,USD,Technology,Scientific & Technical Instruments,Switzerland,237.65,0.968,23000.0,261.69,169.26,228.2388,223.21594,971426.0,752290.0
LULU,lululemon athletica inc.,18267686912.0,11102600192.0,2706842880.0,1579182976.0,6284131840.0,1798440960.0,1807202048.0,,0.17206,0.34013,36.245,2.258,1.058,824078400.0,1602477056.0,11.734739,11.737783,3.6560857,1.6453521,1.621,6.647,,0.0,0.008,-0.185,-0.216,0.14224,0.56601,0.22311,USD,Consumer Cyclical,Apparel Retail,Canada,155.72,1.07,39000.0,340.25,143.96,171.4614,188.76535,2761649.0,2874650.0
FOXF,Fox Factory Holding Corp.,703209600.0,1467320960.0,154619008.0,-544579008.0,443247008.0,780312000.0,58008000.0,,0.01994,-0.58223,116.464,2.864,0.955,49567248.0,60918000.0,,9.807017,1.046033,0.4792473,0.97,9.204,,0.0,0.023,,,-0.37113997,0.30208,0.04531,USD,Consumer Cyclical,Auto Parts,United States,16.77,1.46,3700.0,31.18,13.08,17.8989,21.92745,681529.0,754190.0
CROX,"Crocs, Inc.",4343263744.0,4040646912.0,968012032.0,-81198000.0,2357054976.0,1613848960.0,130354000.0,,0.12361,-0.0519,124.787,1.265,0.662,443983872.0,710430976.0,,5.90219,3.2486796,1.0748931,1.407,5.874,,0.0,-0.032,-0.68,-0.715,-0.0201,0.58334,0.15402001,USD,Consumer Cyclical,Footwear & Accessories,United States,83.66,1.539,8010.0,122.84,73.21,85.655,87.4313,1277850.0,1084700.0
SIG,Signet Jewelers Limited,3452075008.0,6813599744.0,615299968.0,294400000.0,2694599936.0,1217299968.0,874800000.0,,0.05746,0.15422,61.911,1.601,0.473,364400000.0,678800000.0,11.984463,6.9816313,1.7434454,0.50664485,0.549,6.082,1.65,0.1808,-0.003,1.659,1.485,0.04321,0.39547002,0.15083,USD,Consumer Cyclical,Luxury Goods,Bermuda,84.85,1.25,27097.0,110.2,50.02,91.0026,90.0614,972657.0,1231980.0
SHAK,"Shake Shack, Inc.",3813722112.0,1445305984.0,174356000.0,45725000.0,581267008.0,902126016.0,360123008.0,,0.023570001,0.094919994,162.912,1.757,1.678,29684124.0,222355008.0,81.954124,51.37717,6.8452106,2.6386952,2.883,23.897,,0.0,0.219,0.287,0.358,0.03164,0.40218,0.05129,USD,Consumer Cyclical,Restaurants,United States,89.33,1.753,13873.0,144.65,72.93,91.4574,99.9814,1496239.0,1217660.0
WING,Wingstop Inc.,4237773056.0,696852992.0,217230000.0,174267008.0,339249984.0,1270406016.0,196572000.0,,0.17040001,,,3.263,2.652,104511248.0,153064992.0,24.558775,26.007622,-5.689398,6.081301,7.556,24.239,0.79,0.18360001,0.086,0.047,0.0,0.25008,0.48683,0.27186,USD,Consumer Cyclical,Restaurants,United States,152.51,2.025,345.0,388.14,142.24,229.1572,269.24738,989831.0,1452000.0
TXRH,"Texas Roadhouse, Inc.",10780487680.0,5878074880.0,681729024.0,405553984.0,971659008.0,976764032.0,134708992.0,,0.08811,0.29021,65.922,0.497,0.384,189807632.0,730067008.0,26.761904,21.350624,7.357017,1.8340167,1.975,17.026,1.84,0.4459,0.031,-0.259,-0.269,0.06899,0.16530001,0.06531,USD,Consumer Cyclical,Restaurants,United States,162.98,0.896,101000.0,199.99,148.73,177.3378,175.4325,1002006.0,1135570.0
TROW,"T. Rowe Price Group, Inc.",19663632384.0,7314800128.0,2844300032.0,2036499968.0,3750299904.0,469000000.0,3378200064.0,,0.106479995,0.18791,3.891,6.234,6.234,1867074944.0,1753400064.0,9.758658,8.918601,1.8147238,2.688198,2.454,6.31,5.77,0.5498,0.06,0.036,0.012,0.28533,0.5127,0.32217,USD,Financial Services,Asset Management,United States,90.17,1.523,7773.0,118.22,77.85,94.1554,101.3536,2375470.0,3363150.0
BEN,"Franklin Resources, Inc.",12200542208.0,8846199808.0,1702599936.0,562800000.0,3276199936.0,3538599936.0,2672100096.0,,0.023670001,0.04464,24.587,5.564,1.316,328337504.0,956200000.0,21.666666,8.044444,1.0026996,1.3791846,1.731,8.992,5.64,1.1944001,0.034,0.606,0.562,0.06972,0.37035,0.16523,USD,Financial Services,Asset Management,United States,23.4,1.473,9900.0,28.32,16.25,25.7596,24.38065,5545329.0,5434740.0
IVZ,Invesco Ltd,10710285312.0,6377099776.0,1280000000.0,-726300032.0,1822099968.0,2231800064.0,1037500032.0,,0.025969999,-0.01219,17.161,0.787,0.787,745699968.0,1525299968.0,,7.9755244,1.1026355,1.6794915,2.382,11.866,3.48,0.5646,0.062,,,-0.04417,0.28573,0.20378,USD,Financial Services,Asset Management,United States,24.14,1.634,7499.0,29.61,11.6,25.5028,23.36255,5722683.0,4714360.0
SF,Stifel Financial Corporation,11465141248.0,5491325952.0,,646497984.0,5228835840.0,2250888960.0,4661662208.0,,0.01685,0.11725,37.657,0.888,0.873,,1117028992.0,18.943733,10.070809,2.1343362,2.087864,1.774,,1.7,0.31350002,0.146,0.105,0.083,0.12452,0.9522,0.27427998,USD,Financial Services,Capital Markets,United States,74.07,1.104,8900.0,89.82667,48.84667,77.3022,77.50298,1590047.0,1652620.0
WBS,Webster Financial Corporation,11252667392.0,2675645952.0,,974860992.0,2675645952.0,4666250240.0,2432306944.0,,0.0123000005,0.10767999,,,,,1058136000.0,11.828814,9.409084,1.2218565,4.2055893,5.146,,2.29,0.2712,0.159,0.527,0.439,0.37479,0.0,0.46374,USD,Financial Services,Banks - Regional,United States,69.79,1.029,4498.0,74.0,39.78,69.567,62.0358,4503167.0,3458850.0
PB,"Prosperity Bancshares, Inc.",6807993344.0,1249793024.0,,542843008.0,1249793024.0,2180147968.0,1748704000.0,,0.01391,0.072119996,,,,,549513024.0,11.716784,9.25743,0.81888485,5.4472966,5.793,,3.52,0.4091,0.033,0.09,0.076,0.43435,0.0,0.58164,USD,Financial Services,Banks - Regional,United States,67.02,0.673,3941.0,77.2,61.07,69.547,68.739,1285144.0,1201880.0
FNB,F.N.B. Corporation,6025579008.0,1679000064.0,,565000000.0,1679000064.0,4398000128.0,2736999936.0,,0.01143,0.08652,,,,,482000000.0,10.8076935,8.657253,0.8912619,3.5887902,4.578,,2.85,0.3077,0.264,0.558,0.527,0.33651,0.0,0.38483003,USD,Financial Services,Banks - Regional,United States,16.86,0.896,4128.0,19.14,10.88,17.224,16.39675,7585390.0,9373610.0
EWBC,"East West Bancorp, Inc.",14999494656.0,2697061120.0,,1325187968.0,2697061120.0,3458183936.0,4781270016.0,,0.01694,0.15945,,,,,1501699968.0,11.448528,9.944016,1.6849607,5.561422,5.071,,2.93,0.2521,0.213,0.214,0.215,0.49135,0.0,0.66164,USD,Financial Services,Banks - Regional,United States,108.99,0.888,3350.0,123.82,68.27,111.8806,107.52975,1187475.0,1460340.0
CMA,CMA,,,,,,,,,,,,,,,,,,,,,,,,,,,,,,,,,US,,,,,,,,,
HBAN,Huntington Bancshares Incorpora,32166119424.0,7692000256.0,,2087000064.0,7692000256.0,19285999616.0,14387999744.0,,0.01038,0.10095,,,,,2481999872.0,11.359713,8.260312,1.145448,4.1817627,5.163,,3.93,0.44599998,0.103,-0.109,-0.021,0.28744,0.0,0.39784,USD,Financial Services,Banks - Regional,United States,15.79,0.974,20424.0,19.46,11.92,16.7876,16.8181,34918613.0,26363780.0
ZION,Zions Bancorporation N.A.,8596777984.0,3312999936.0,,884000000.0,3312999936.0,5093000192.0,4728999936.0,,0.01011,0.13515,,,,,1073000000.0,9.672213,8.901391,1.2064922,2.5948622,2.725,,3.1,0.2928,0.136,0.314,0.218,0.27136,0.0,0.38757,USD,Financial Services,Banks - Regional,United States,58.13,0.796,9195.0,66.18,39.42,58.6498,56.02905,1904844.0,1943840.0
CFR,"Cullen/Frost Bankers, Inc.",8757872640.0,2191042048.0,,635473024.0,2191042048.0,5173317120.0,9011485696.0,,0.01229,0.15311,,,,,273979008.0,13.968751,13.039355,1.9807034,3.9971266,2.312,,2.89,0.3982,0.095,0.085,0.074,0.296,0.0,0.34518,USD,Financial Services,Banks - Regional,United States,138.57,0.606,6008.0,148.97,100.31,138.6072,130.92245,565655.0,497670.0
IBKR,"Interactive Brokers Group, Inc.",115170893824.0,6208999936.0,,984000000.0,5745999872.0,25453000704.0,105503997952.0,,0.02466,0.23507999,124.331,1.106,1.106,,15811000320.0,30.513512,24.58124,5.6262455,18.549025,-5.6,,0.47,0.1363,0.152,0.303,0.309,0.15847999,0.92543,0.78801,USD,Financial Services,Capital Markets,United States,67.74,1.256,3182.0,79.18,32.82,71.1796,66.36946,5066478.0,5479920.0
SEIC,SEI Investments Company,9429058560.0,2297381120.0,667630976.0,715305024.0,1800557056.0,28562000.0,433580992.0,,0.13076,0.28957,1.056,3.288,3.116,314429760.0,607662016.0,13.678508,12.065031,3.8455012,4.104264,4.033,13.878,1.31,0.17940001,0.091,0.169,0.107,0.31136,0.78374,0.26352,USD,Financial Services,Asset Management,United States,77.01,0.938,4997.0,93.96,64.66,81.2098,84.50585,777190.0,813940.0
ALLY,Ally Financial Inc.,12314213376.0,7374000128.0,,742000000.0,7374000128.0,21888999424.0,10030000128.0,,0.00439,0.05796,,,,,3728999936.0,16.810127,6.289477,0.9329337,1.6699502,3.593,,3.01,0.50630003,0.12,2.654,2.028,0.11554,0.0,0.20402001,USD,Financial Services,Credit Services,United States,39.84,1.122,10300.0,47.27,29.52,40.1796,40.6617,3927214.0,3311030.0
LPLA,LPL Financial Holdings Inc.,23517149184.0,16586073088.0,,863024000.0,5118048256.0,7571097088.0,2865550080.0,,0.05426,0.20858,141.662,2.378,2.307,,-411404000.0,26.892859,10.138005,4.3991556,1.4178853,1.702,,0.41,0.1099,0.418,0.046,0.111,0.05203,0.30858,0.10067,USD,Financial Services,Capital Markets,United States,293.67,0.566,10099.0,403.58,262.83,325.3068,351.077,1005565.0,940720.0
HLNE,Hamilton Lane Incorporated,5256154112.0,763398976.0,336420992.0,233506000.0,459825984.0,370616000.0,338504000.0,,0.10857,0.31697,27.949,3.644,3.514,227907632.0,361224992.0,16.789661,14.697347,4.718229,6.8851995,6.051,13.731,2.29,0.3761,0.18,0.041,0.102,0.30587998,0.60234,0.43308997,USD,Financial Services,Asset Management,United States,94.19,1.338,760.0,179.19,90.47,115.181,133.2392,704244.0,662750.0
STEP,StepStone Group Inc.,5881093120.0,1782752000.0,-963206976.0,-546524992.0,-826902976.0,376743008.0,377452000.0,,-0.13149,-0.65119004,72.527,0.666,0.662,2396484352.0,23158000.0,,18.626286,-9.953458,3.2988846,2.619,-4.847,3.15,1.6721001,0.73,,,-0.30656,-0.46383998,-0.37707,USD,Financial Services,Asset Management,United States,47.05,1.308,1275.0,77.795,40.07,53.5754,60.3003,1288968.0,1077610.0
CBSH,"Commerce Bancshares, Inc.",7350174208.0,1711661056.0,,560865024.0,1711661056.0,3052690944.0,4489133056.0,,0.01758,0.1597,,,,,645136000.0,12.346535,11.430536,1.8117758,4.294176,3.455,,2.2,0.2626,0.065,0.05,0.033,0.33082,0.0,0.42567003,USD,Financial Services,Banks - Regional,United States,49.88,0.594,4577.0,63.190475,46.99,51.318,54.50059,1345518.0,1289290.0
PNFP,"Pinnacle Financial Partners, In",13144473600.0,1947606016.0,,626673024.0,1947606016.0,2946592000.0,3740374016.0,,0.01164,0.09526,,,,,759008000.0,11.156888,7.3696494,0.9860441,6.7490416,3.16,,1.39,0.119899996,0.14,0.127,0.122,0.32957,0.0,0.4352,USD,Financial Services,Banks - Regional,United States,87.47,0.999,3709.0,120.46,81.08,91.763,95.4128,1642785.0,1575720.0
NOV,NOV Inc.,6850059264.0,8743999488.0,1032000000.0,145000000.0,1863000064.0,2340000000.0,1552000000.0,,0.03736,0.02369,37.014,2.419,1.6,754124992.0,1251000064.0,48.15385,15.049163,1.08105,0.78340113,0.87,7.374,1.68,1.3077,-0.013,,,0.01658,0.21305999,0.12077,USD,Energy,Oil & Gas Equipment & Services,United States,18.78,0.943,31605.0,20.86,10.84,19.1156,15.38935,4985880.0,5076280.0
OII,"Oceaneering International, Inc.",3548006912.0,2784155904.0,406807008.0,353760992.0,568441984.0,873139008.0,695873984.0,,0.076079994,0.39373,81.097,1.985,1.603,218078368.0,318860992.0,10.189112,16.800133,3.3002322,1.2743564,1.335,9.139,,0.0,-0.063,2.196,2.167,0.12706,0.20417,0.09779,USD,Energy,Oil & Gas Equipment & Services,United States,35.56,1.19,11100.0,39.0,15.46,33.925,26.2296,1273527.0,1098920.0
HLX,"Helix Energy Solutions Group, I",1415515392.0,1291474048.0,217736992.0,30805000.0,159138000.0,629750016.0,445196000.0,,0.01995,0.01989,39.86,2.753,2.561,169580256.0,136748992.0,45.761906,17.633026,0.89528596,1.0960463,1.239,7.349,,0.0,-0.059,-0.569,-0.589,0.02387,0.12322,0.09076,USD,Energy,Oil & Gas Equipment & Services,United States,9.61,1.15,2212.0,10.75,5.52,8.9386,7.1295,2109870.0,1831080.0
CHX,CHX,,,,,,,,,,,,,,,,,,,,,,,,,,,,,,,,,US,,,,,,,,,
TRGP,"Targa Resources, Inc.",52532068352.0,17028299776.0,4846499840.0,1841400064.0,6520500224.0,17546299392.0,166100000.0,,0.086840004,0.51381,548.63,0.666,0.463,-264400000.0,3917400064.0,28.819576,22.035202,17.099777,3.0849862,4.113,14.452,1.64,0.44169998,-0.079,0.745,0.553,0.11293,0.38292,0.22621,USD,Energy,Oil & Gas Midstream,United States,244.39,0.811,3570.0,253.4,144.14,227.217,183.4767,1500654.0,1676410.0
OVV,Ovintiv Inc. (DE),16767792128.0,8663000064.0,4272999936.0,1242000000.0,4497999872.0,6424000000.0,320000000.0,,0.06514,0.1154,57.383,0.545,0.494,-1404749952.0,3652000000.0,12.380753,8.653084,1.339005,1.9355642,2.64,5.353,2.03,0.25100002,-0.06,,,0.14337,0.51922,0.23807,USD,Energy,Oil & Gas E&P,United States,59.18,0.599,1465.0,62.6,29.8,50.9892,42.5313,5094591.0,5329990.0
AR,Antero Resources Corporation,12479836160.0,5139509760.0,1694317056.0,634417984.0,3413979904.0,3526520064.0,,,0.043390002,0.09035,45.706,0.553,0.337,-467250.0,1630930048.0,19.92611,9.157613,1.6527069,2.4282153,,,,0.0,0.111,0.299,0.294,0.12344,0.66426,0.22196,USD,Energy,Oil & Gas E&P,United States,40.45,0.42,632.0,45.75,29.1,37.674,34.92695,6365809.0,6632540.0
RRC,Range Resources Corporation,10294860800.0,2988818944.0,1362567040.0,656726016.0,1483769984.0,1372626944.0,204000.0,,0.081520006,0.15942,31.783,0.672,0.543,342940992.0,1171324032.0,15.857664,9.845487,2.3688803,3.4444578,3.881,8.513,0.92,0.1314,0.163,0.941,0.888,0.22016001,0.49644002,0.33636,USD,Energy,Oil & Gas E&P,United States,43.45,0.517,564.0,48.31,30.32,40.375,37.54855,3499604.0,3733970.0
SM,SM Energy Company,7298557952.0,3027000064.0,2207000064.0,648000000.0,2735000064.0,2852999936.0,368000000.0,,0.07011,0.14325,59.314,0.694,0.598,206875008.0,2011000064.0,5.429078,4.9879537,0.72972524,2.4111521,3.232,4.433,2.68,0.17729999,-0.171,-0.423,-0.42,0.21406999,0.90352994,0.26882,USD,Energy,Oil & Gas E&P,United States,30.62,0.783,1241.0,33.25,17.45,24.2808,23.5401,7199211.0,7140740.0
CTRA,Coterra Energy Inc.,26243227648.0,6991000064.0,4832000000.0,1716000000.0,5182000128.0,4006000128.0,114000000.0,,0.0671,0.12275,26.984,1.188,0.978,1216499968.0,4020999936.0,15.428572,11.9555,1.7701291,3.7538588,4.311,6.238,2.55,0.39290002,0.234,0.206,0.239,0.2456,0.74124,0.33333,USD,Energy,Oil & Gas E&P,United States,34.56,0.27,1075.0,36.88,22.33,31.3842,26.47635,11705416.0,11031240.0
PTEN,"Patterson-UTI Energy, Inc.",4027292672.0,4826624000.0,900449984.0,-93635000.0,1170121984.0,1280470016.0,418507008.0,,-0.0043599997,-0.02777,39.708,1.642,1.383,409757760.0,961219008.0,,-44.79439,1.2504419,0.83439124,1.014,5.437,3.77,2.1333,-0.01,,,-0.0194,0.24243,-0.024360001,USD,Energy,Oil & Gas Drilling,United States,10.61,0.571,7900.0,11.75,5.1,9.0614,6.74025,11185693.0,10676080.0
MTDR,Matador Resources Company,7816625664.0,3656514048.0,2429745920.0,759220992.0,2915298048.0,3548670976.0,15314000.0,,0.06796,0.1503,59.178,0.792,0.528,-170397248.0,2425015040.0,10.328407,8.42976,1.3813853,2.137726,3.196,4.81,2.38,0.2155,-0.125,-0.096,-0.102,0.20763999,0.79728997,0.24063998,USD,Energy,Oil & Gas E&P,United States,62.9,0.906,483.0,66.84,35.19,52.5552,47.17385,1986501.0,2113240.0
CHRD,Chord Energy Corporation,8071639552.0,4585246208.0,2335627008.0,46195000.0,2336591104.0,1510419968.0,189531008.0,,0.04144,0.0053,18.693,1.06,0.9,622480256.0,2040657024.0,191.89189,14.969477,0.9975623,1.7603503,2.048,4.021,3.66,7.027,-0.194,-0.569,-0.599,0.0097,0.50958997,0.12948,USD,Energy,Oil & Gas E&P,United States,142.0,0.532,676.0,148.42,79.83,114.586,102.484,1039508.0,1194240.0
DINO,HF Sinclair Corporation,11142788096.0,26869000192.0,1494000000.0,574000000.0,2300999936.0,3326000128.0,978000000.0,,0.034649998,0.06303,35.961,1.936,0.87,1031750016.0,1315000064.0,19.714287,11.498018,1.2019002,0.41470796,0.497,8.942,3.29,0.6494,-0.006,,,0.02155,0.08564,-0.00014999999,USD,Energy,Oil & Gas Refining & Marketing,United States,60.72,0.691,5165.0,64.7,24.66,55.7434,50.6574,3026304.0,2724520.0
CLF,Cleveland-Cliffs Inc.,4791280128.0,18609999872.0,-135000000.0,-1472999936.0,-860000000.0,7965000192.0,57000000.0,,-0.037809998,-0.21576999,125.969,1.949,0.454,-130625000.0,-462000000.0,,11.428571,0.78256005,0.2574573,0.694,-95.602,,0.0,-0.003,,,-0.07942,-0.04621,-0.06492,USD,Basic Materials,Steel,United States,8.4,1.919,25000.0,16.7,5.63,10.8086,11.3073,18973254.0,18176720.0
ATI,ATI Inc.,20078970880.0,4587400192.0,811600000.0,404300000.0,1030600000.0,1838400000.0,416700000.0,,0.079619996,0.21621999,95.915,2.663,1.168,143862496.0,614300032.0,51.630283,29.035816,11.045575,4.3769827,4.711,26.63,,0.0,0.004,-0.265,-0.295,0.08813,0.22466,0.14536001,USD,Industrials,Metal Fabrication,United States,146.63,1.003,7600.0,168.14,39.23,144.0314,104.87305,2122709.0,2398910.0
CMC,Commercial Metals Company,6856778240.0,8386826752.0,1058310976.0,505220992.0,1487772032.0,3596049920.0,495036000.0,,0.05678,0.12002,81.609,2.384,1.296,144200128.0,840060992.0,13.823267,8.876573,1.556188,0.81756526,1.187,9.405,1.2,0.1611,0.215,2.773,2.652,0.06024,0.17739001,0.08224,USD,Industrials,Metal Fabrication,United States,61.79,1.468,12690.0,84.87,38.02,71.3846,62.58315,1329370.0,1649050.0
SON,Sonoco Products Company,5409079808.0,7518752768.0,1266822016.0,590662976.0,1591465984.0,4644094976.0,378398016.0,,0.039470002,0.19974001,127.872,1.047,0.554,999868096.0,689782016.0,9.247892,8.359743,1.4967657,0.71941185,1.289,7.652,3.87,0.35580003,0.297,,,0.13340001,0.21167,0.07716,USD,Consumer Cyclical,Packaging & Containers,United States,54.84,0.49,22000.0,58.44,38.65,52.7598,46.25505,1007985.0,952640.0
SEE,Sealed Air Corporation,6201483264.0,5359799808.0,1031699968.0,441200000.0,1596800000.0,4100100096.0,344000000.0,,0.07019,0.4739,331.321,0.913,0.485,332500000.0,628000000.0,14.073579,11.466315,5.0071397,1.1570363,1.858,9.652,1.9,0.2676,0.021,,,0.09431,0.29792,0.11542,USD,Consumer Cyclical,Packaging & Containers,United States,42.08,1.298,16100.0,44.27,22.78,41.9152,37.1625,3126324.0,4107930.0
HXL,Hexcel Corporation,6305581056.0,1893900032.0,326600000.0,109400000.0,434800000.0,1018700032.0,71000000.0,,0.047030002,0.07874,81.45,2.264,1.104,118425000.0,230500000.0,57.817516,25.947521,4.794214,3.329416,3.674,21.302,0.87,0.4964,0.037,8.166,7.0,0.05776,0.22958,0.13088,USD,Industrials,Aerospace & Defense,United States,79.21,1.048,5563.0,95.22,45.28,85.01,71.2737,1320844.0,1273790.0
WOR,"Worthington Enterprises, Inc.",2584569600.0,1327719936.0,135092992.0,111816000.0,369620992.0,357679008.0,5979000.0,,0.02893,0.11394,35.677,2.363,1.234,2984625.0,216932000.0,157.69696,12.990515,2.547484,1.9466226,2.188,21.508,1.46,2.1818,0.244,0.165,0.146,0.08422,0.27839002,0.08906999,USD,Industrials,Metal Fabrication,United States,52.04,1.212,3400.0,70.91,43.35,53.572,57.41125,202731.0,419510.0
SLVM,Sylvamo Corporation,1688189184.0,3351000064.0,428000000.0,132000000.0,735000000.0,915000000.0,135000000.0,,0.05799,0.14562,94.72,1.503,0.772,-16500000.0,268000000.0,13.1882715,7.217905,1.7428012,0.5037867,0.737,5.767,4.21,0.5556,-0.082,-0.572,-0.593,0.039389998,0.21934,0.08989,USD,Basic Materials,Paper & Paper Products,United States,42.73,0.87,6500.0,62.99,37.09,45.8304,46.36545,346027.0,452160.0
TROX,Tronox Holdings plc,1464329344.0,2897999872.0,279000000.0,-470000000.0,269000000.0,3441999872.0,206000000.0,,-0.00235,-0.29198,237.543,2.465,0.545,-221250000.0,60000000.0,,-65.655846,1.0265012,0.5052897,1.63,16.927,2.18,0.1558,0.08,,,-0.16218,0.092819996,-0.050679997,USD,Basic Materials,Chemicals,United States,9.18,0.905,5700.0,9.94,2.86,7.4258,5.13375,4074601.0,3786330.0
IOSP,Innospec Inc.,1836667648.0,1778000000.0,199600000.0,116600000.0,492400000.0,52700000.0,292500000.0,,0.05467,0.09149,3.954,2.79,1.763,17500000.0,138300000.0,15.800857,11.759362,1.378737,1.0329964,0.897,7.993,2.36,0.3662,-0.024,,,0.06558,0.27694,0.10316,USD,Basic Materials,Specialty Chemicals,United States,73.79,0.881,2450.0,95.55,65.51,77.2362,79.12915,229786.0,369840.0
CBT,Cabot Corporation,3965186304.0,3607000064.0,763000000.0,306000000.0,922000000.0,1126000000.0,230000000.0,,0.10221,0.21825,65.124,1.667,0.968,291624992.0,667000000.0,13.274476,11.069998,2.5173225,1.0993031,1.39,6.573,2.37,0.31120002,-0.111,-0.182,-0.215,0.086219996,0.25561002,0.15194,USD,Basic Materials,Specialty Chemicals,United States,75.93,0.831,4064.0,83.71,58.33,73.0878,72.51995,472216.0,426130.0
NGVT,Ingevity Corporation,2508899840.0,1167600000.0,358100000.0,-150300000.0,461500000.0,1242700032.0,78100000.0,,0.08908,-1.3365899,4184.175,1.331,0.691,306487488.0,331200000.0,,11.8879595,84.93428,2.1487665,3.146,10.258,,0.0,-0.146,,,-0.14310999,0.39526,0.1521,USD,Basic Materials,Specialty Chemicals,United States,71.09,1.275,1500.0,77.46,28.49,69.5648,57.4845,346470.0,360380.0
AVNT,Avient Corporation,3216263168.0,3260199936.0,543100032.0,81900000.0,1058200000.0,2000400000.0,510500000.0,,0.037720002,0.03545,83.829,1.655,1.117,335049984.0,301600000.0,39.404495,10.365037,1.3530614,0.9865233,1.446,8.682,3.11,1.2162,0.019,-0.653,-0.65,0.025120001,0.32458,0.13069001,USD,Basic Materials,Specialty Chemicals,United States,35.07,1.413,9000.0,44.85,27.48,37.7838,34.19955,875901.0,870430.0
KWR,Quaker Houghton,2090090112.0,1888633984.0,286785984.0,-2468000.0,685393984.0,905852992.0,179844992.0,,0.04468,-0.00176,65.808,2.423,1.57,91071128.0,136452992.0,,12.789031,1.5218681,1.1066676,1.493,9.831,1.69,0.3561,0.055,0.486,0.459,-0.00132,0.36290002,0.09,USD,Basic Materials,Specialty Chemicals,United States,120.57,1.424,4700.0,183.01,95.91,145.8786,136.7164,163368.0,185410.0
STLD,"Steel Dynamics, Inc.",26107807744.0,18176581632.0,2027376000.0,1185595008.0,2392183040.0,4382816768.0,769878016.0,,0.05884,0.13284001,49.077,3.055,1.156,-109405624.0,1449533952.0,22.581453,11.43021,2.9159048,1.4363431,1.634,14.647,1.13,0.25030002,0.14,0.347,0.283,0.06523,0.13161,0.07028,USD,Basic Materials,Steel,United States,180.2,1.4,14400.0,208.47,103.17,184.5702,155.9829,1316793.0,1301880.0
RS,"Reliance, Inc.",15967393792.0,14294299648.0,1325900032.0,739400000.0,4119399936.0,1739500032.0,216600000.0,,0.06421,0.10293,24.229,4.883,2.108,305600000.0,831400000.0,21.82845,15.96663,2.2034302,1.1170462,1.212,13.071,1.64,0.3433,0.119,0.151,0.106,0.05173,0.28818,0.05499,USD,Basic Materials,Steel,United States,305.38,0.874,15700.0,365.59,250.07,318.8798,299.8651,370259.0,323580.0
RPM,RPM International Inc.,12561588224.0,7582175232.0,1119517056.0,664006976.0,3122643968.0,2868122880.0,316592000.0,,0.07858,0.22830999,91.61,2.219,1.226,414667264.0,823891008.0,18.876686,16.652445,4.009577,1.6567262,1.992,13.488,2.2,0.39880002,0.035,-0.116,-0.12,0.087919995,0.41184,0.11547,USD,Basic Materials,Specialty Chemicals,United States,97.97,1.093,17800.0,129.12,92.92,107.4616,111.8843,1076477.0,1063350.0
FMC,FMC Corporation,2219549440.0,3467399936.0,413800000.0,-2203399936.0,1172300032.0,4198799872.0,584499968.0,,0.01407,-0.66613,200.048,1.321,0.785,94775000.0,-80200000.0,,7.9060006,1.0705024,0.64011925,1.69,14.16,1.8,2.2308,-0.115,,,-0.6457,0.33808997,0.09498999,USD,Basic Materials,Agricultural Inputs,United States,17.75,0.523,5500.0,44.78,12.17,15.0234,25.22135,4339868.0,4927030.0
CELH,"Celsius Holdings, Inc.",8785323008.0,2515269120.0,569673984.0,63837000.0,1289032960.0,695142016.0,398865984.0,,0.09806,0.05185,23.633,1.679,1.07,78625752.0,359441984.0,136.32,16.608755,7.410307,3.4927964,4.299,18.983,,0.0,1.172,,,0.042940002,0.51248,0.14220001,USD,Consumer Defensive,Beverages - Non-Alcoholic,United States,34.08,1.123,1497.0,66.74,32.36,45.608,49.6697,5620524.0,8112360.0
FLO,"Flowers Foods, Inc.",1743207552.0,5256479232.0,514752992.0,83825000.0,2568893952.0,1465965952.0,252683008.0,,0.06024,0.06178,111.007,0.747,0.399,221076128.0,446203008.0,20.599998,9.810107,1.2243685,0.33163026,0.562,5.744,12.01,2.4563,0.068,,,0.01595,0.48871,0.0828,USD,Consumer Defensive,Packaged Foods,United States,8.24,0.393,10300.0,18.86,7.86,9.7804,12.4264,5130290.0,5140170.0
INGR,Ingredion Incorporated,7163658240.0,7218999808.0,1262000000.0,729000000.0,1828000000.0,1971000064.0,1033000000.0,,0.08474,0.18101,45.816,2.663,1.685,357875008.0,944000000.0,10.094897,9.396651,1.6614115,0.9923339,1.117,6.39,2.91,0.2898,-0.024,0.801,0.737,0.10098,0.25322,0.13261,USD,Consumer Defensive,Packaged Foods,United States,112.76,0.692,11200.0,141.78,102.31,115.083,119.6131,676327.0,755110.0
SPB,"Spectrum Brands Holdings, Inc.",1716128256.0,2785799936.0,249100000.0,104800000.0,1015699968.0,697600000.0,126600000.0,,0.02661,0.053460002,36.729,2.215,1.292,241900000.0,343400000.0,17.427896,13.577153,0.90437347,0.6160271,0.819,9.158,2.55,0.44439998,-0.033,0.435,0.209,0.03762,0.3646,0.0452,USD,Consumer Defensive,Household & Personal Products,United States,73.72,0.626,3000.0,80.42,49.99,73.5392,60.5708,382270.0,399170.0
IPAR,"Interparfums, Inc.",2906024448.0,1488509056.0,295619008.0,168387008.0,880118976.0,207720992.0,296780992.0,,0.11276,0.2034,18.815,2.987,1.854,99275128.0,214900000.0,17.291986,16.260206,3.299108,1.9523056,2.042,10.284,3.53,0.6107,0.068,0.159,0.16,0.113120005,0.59128,0.07123,USD,Consumer Defensive,Household & Personal Products,United States,90.61,1.267,662.0,142.61,77.21,96.2386,101.6772,257272.0,352150.0
ELF,"e.l.f. Beauty, Inc.",3647384832.0,268364992.0,63762000.0,-621000.0,163570000.0,926145024.0,196820992.0,,0.04101,-0.00291,79.713,3.071,1.813,84486248.0,60654000.0,34.553673,16.678347,3.1085134,13.591135,14.082,59.269,,0.0,0.378,1.167,1.281,-0.0023100001,0.60951,0.13798,USD,Consumer Defensive,Household & Personal Products,United States,61.16,2.389,633.0,150.99,49.4,79.4986,101.9558,2297842.0,2661780.0
FRPT,"Freshpet, Inc.",2913996288.0,1102014976.0,183659008.0,139136992.0,449625984.0,494984000.0,277975008.0,,0.03502,0.12291,40.953,5.544,4.348,-3288750.0,160560992.0,22.5,29.49545,2.4066122,2.6442437,2.841,17.048,,0.0,0.086,0.792,0.866,0.12626,0.408,0.15632,USD,Consumer Defensive,Packaged Foods,United States,59.4,1.778,1288.0,89.8,46.76,71.5752,63.17025,1531637.0,1986450.0
SJM,The J.M. Smucker Company,10186107904.0,8926600192.0,1879200000.0,-1255699968.0,3053799936.0,7498299904.0,52800000.0,,0.04804,-0.20683001,143.204,0.844,0.296,884462528.0,1288300032.0,,9.4834795,1.9454293,1.141096,1.975,9.38,4.61,0.8606,0.07,,,-0.14068,0.3421,0.18778,USD,Consumer Defensive,Packaged Foods,United States,95.47,0.259,8000.0,119.39,93.3,105.5846,105.06325,2085327.0,1872960.0
CASY,"Caseys General Stores, Inc.",27556298752.0,16982079488.0,1389427968.0,650070976.0,4166704128.0,2895720960.0,465019008.0,,0.07129,0.17882,75.146,1.042,0.609,467817760.0,1312888064.0,42.700745,37.461758,7.1366034,1.6226693,1.761,21.525,0.31,0.1269,0.003,0.498,0.493,0.03828,0.24535999,0.04975,USD,Consumer Cyclical,Specialty Retail,United States,743.42,0.605,23338.0,746.57,397.8,668.2738,572.4081,432157.0,484890.0
USFD,US Foods Holding Corp.,20044662784.0,39424000000.0,1710000000.0,676000000.0,6864000000.0,5722999808.0,41000000.0,,0.05698,0.15303001,132.877,1.16,0.624,825374976.0,1368999936.0,30.581633,15.970855,4.6029797,0.50843805,0.647,14.919,,0.0,0.033,2.059,1.788,0.01715,0.17411,0.03571,USD,Consumer Defensive,Food Distribution,United States,89.91,0.98,30000.0,102.13,57.361,91.0494,80.82295,2900501.0,2700860.0
POST,"Post Holdings, Inc.",5232169472.0,8358000128.0,1422700032.0,319200000.0,2382599936.0,7462300160.0,279300000.0,,0.04196,0.08672,215.17,1.897,0.923,255550000.0,923600000.0,18.441175,12.297524,1.3915939,0.6260073,1.436,8.438,,0.0,0.101,-0.039,-0.146,0.03819,0.28507,0.106639996,USD,Consumer Defensive,Packaged Foods,United States,100.32,0.367,13180.0,118.93,94.13,102.6676,104.49025,845095.0,881620.0
HRL,Hormel Foods Corporation,12155779072.0,12144663552.0,1211613056.0,489423008.0,1895735040.0,250000000.0,574262976.0,,0.04428,0.061160002,4.244,2.662,1.301,381509632.0,885259008.0,24.820225,13.963073,1.5310507,1.0009153,0.974,9.765,5.3,1.3061999,-0.029,-0.051,-0.051,0.0403,0.15609999,0.11057,USD,Consumer Defensive,Packaged Foods,United States,22.09,0.358,20000.0,31.86,21.03,23.9162,25.20665,4738006.0,4844580.0
NRG,"NRG Energy, Inc.",32427720704.0,30712999936.0,2966000128.0,797000000.0,5952000000.0,16625999872.0,4707999744.0,,0.04571,0.41548002,989.054,1.637,1.093,1090875008.0,1912999936.0,37.98259,13.150575,28.192394,1.0558305,1.476,15.289,1.24,0.4389,0.137,-0.913,-0.897,0.02813,0.19379,0.04256,USD,Utilities,Utilities - Independent Power Producers,United States,152.69,1.338,16702.0,189.96,79.57,158.2476,159.3067,2618468.0,2450140.0
OGE,OGE Energy Corp,10057189376.0,3260100096.0,1303800064.0,470700000.0,1468600064.0,5690399744.0,200000.0,,0.03509,0.09788,114.327,0.784,0.422,-60162500.0,1137100032.0,21.01724,18.784622,2.0190475,3.0849328,4.83,12.078,3.49,0.7295,-0.046,-0.335,-0.321,0.14438,0.45048,0.18655,USD,Utilities,Utilities - Regulated Electric,United States,48.76,0.575,2248.0,49.55,40.8,46.5738,45.0247,1699518.0,2224070.0
PNW,Pinnacle West Capital Corporati,12416983040.0,5339938816.0,2049665024.0,616531008.0,2221454080.0,14299631616.0,6604000.0,,0.02405,0.09059,201.771,0.539,0.234,-601883904.0,1805095040.0,20.336632,18.238485,1.7621523,2.3253043,5.01,13.051,3.54,0.7119,0.03,,,0.11545999,0.41601002,0.109919995,USD,Utilities,Utilities - Regulated Electric,United States,102.7,0.476,6610.0,103.97,85.32,98.2282,91.91705,1333977.0,1244620.0
ATO,Atmos Energy Corporation,31262996480.0,4869341184.0,2391588096.0,1249393024.0,2815628032.0,9632877568.0,367023008.0,,0.03648,0.09237,67.443,1.13,0.759,-1871672832.0,2075491968.0,24.637548,21.397999,2.188774,6.420375,8.323,16.946,2.12,0.4707,0.142,0.094,0.145,0.25667998,0.57824004,0.38848,USD,Utilities,Utilities - Regulated Gas,United States,188.97,0.688,5487.0,190.13,141.59,179.3712,169.67975,1350344.0,1043300.0
EVRG,"Evergy, Inc.",19076737024.0,5961600000.0,2741400064.0,855600000.0,3115899904.0,15393200128.0,19800000.0,,0.02875,0.08569,149.917,0.491,0.066,-862124992.0,2045200000.0,22.633879,18.203312,1.866186,3.1999357,5.786,12.584,3.36,0.737,0.066,0.047,0.078,0.14352,0.52266,0.17736,USD,Utilities,Utilities - Regulated Electric,United States,82.84,0.599,4691.0,85.23,61.94,80.4202,75.07005,2193050.0,1811680.0
AES,The AES Corporation,10196924416.0,12232999936.0,3475000064.0,939000000.0,2251000064.0,30943000576.0,1556000000.0,,0.02544,0.01954,259.393,0.766,0.39,-3086125056.0,4305999872.0,10.916031,5.9904823,2.5065732,0.8335588,3.878,13.653,4.92,0.5373,0.047,-0.317,-0.315,0.07439,0.18400998,0.16575001,USD,Utilities,Utilities - Diversified,United States,14.3,1.008,8336.0,17.65,9.46,15.0102,13.8229,13407757.0,13821840.0
MDU,"MDU Resources Group, Inc.",4357441536.0,1875065984.0,498479008.0,191407008.0,611582016.0,2710614016.0,12712000.0,,0.02488,0.07007,97.753,0.835,0.396,-365005248.0,473364992.0,22.92473,20.055311,1.5714601,2.323887,3.763,14.154,2.58,0.5806,-0.003,0.394,0.384,0.10154,0.32617,0.20166,USD,Utilities,Utilities - Regulated Gas,United States,21.32,0.371,2096.0,21.49,15.04,20.58,18.83435,1952640.0,1909630.0
AVA,Avista Corporation,3400266496.0,1964000000.0,645000000.0,193000000.0,1272999936.0,3318000128.0,19000000.0,,0.0273,0.07283,122.481,0.83,0.317,-153000000.0,469000000.0,17.369747,14.613815,1.2542857,1.7312965,3.411,10.386,4.75,0.8235,0.0,0.028,0.06,0.09827,0.64817,0.20826,USD,Utilities,Utilities - Diversified,United States,41.34,0.21,,43.5,35.5,40.6598,38.81185,670767.0,701400.0
CMS,CMS Energy Corporation,24202377216.0,8538999808.0,3019000064.0,1061000000.0,3545999872.0,18922999808.0,509000000.0,,0.031519998,0.108559996,194.861,0.979,0.516,-1742375040.0,2235000064.0,22.260624,18.823948,2.6993234,2.834334,5.069,14.337,2.9,0.6156,0.123,0.066,0.091,0.12542,0.41527,0.21675,USD,Utilities,Utilities - Regulated Electric,United States,78.58,0.424,8350.0,78.88,67.71,75.3382,72.7921,3112826.0,2934810.0
DTE,DTE Energy Company,30796480512.0,15813999616.0,3616999936.0,1459000064.0,4792999936.0,26289999872.0,208000000.0,,0.02943,0.12177,213.601,0.804,0.436,-1746625024.0,3408999936.0,21.05832,17.813673,2.4997466,1.9474188,3.595,15.718,3.05,0.6309,0.289,0.255,0.264,0.09245,0.30309,0.15921,USD,Utilities,Utilities - Regulated Electric,United States,148.04,0.428,9650.0,154.63,123.69,143.1142,137.60295,1491485.0,1125350.0
WEC,"WEC Energy Group, Inc.",38295760896.0,9800099840.0,3867699968.0,1557500032.0,4153100032.0,22390499328.0,27600000.0,,0.030199999,0.11576,159.331,0.587,0.374,-2139337472.0,3379399936.0,24.444906,19.566338,2.8109686,3.907691,6.232,15.792,3.24,0.7422,0.111,-0.325,-0.302,0.15893,0.42378,0.21308,USD,Utilities,Utilities - Regulated Electric,United States,117.58,0.525,7151.0,118.53,100.61,114.0216,110.23485,2255581.0,2083710.0
INVH,Invitation Homes Inc.,15662675968.0,2717689088.0,1490493952.0,586963968.0,1582972032.0,8431642112.0,144324992.0,,0.02486,0.060939997,88.124,2.423,0.848,1086718208.0,1206230016.0,26.614584,35.681366,1.6375057,5.763233,8.792,16.032,4.7,1.2188,0.043,0.024,0.01,0.21632999,0.58247,0.26999,USD,Real Estate,REIT - Residential,United States,25.55,0.816,1725.0,35.799,24.25,25.9196,28.53855,7361729.0,7434930.0
ELS,"Equity Lifestyle Properties, In",12822078464.0,1537901952.0,742979968.0,386492000.0,818222976.0,3347784960.0,7932000.0,,0.058080003,0.22099,184.469,0.483,0.151,440619008.0,571148032.0,31.835821,29.375175,7.0621347,8.337383,10.279,21.276,3.39,1.0249,0.005,0.032,0.047,0.25131,0.53204,0.36082,USD,Real Estate,REIT - Residential,United States,63.99,0.77,3700.0,69.0,58.15,65.6552,62.417,1947385.0,1309740.0
AMH,American Homes 4 Rent,12073224192.0,1850233984.0,952006976.0,437697984.0,1039212992.0,5112930816.0,108516000.0,,0.02122,0.066,66.32,2.187,0.358,719992512.0,864326976.0,24.64407,42.3814,1.5159255,6.525242,8.787,17.079,4.23,1.0169001,0.042,0.002,0.005,0.24482,0.56167,0.25474,USD,Real Estate,REIT - Residential,United States,29.08,0.805,1598.0,39.49,27.22,29.818,32.55615,4464391.0,3178190.0
SUI,"Sun Communities, Inc.",16525767680.0,2298500096.0,1009000000.0,-76100000.0,1221699968.0,4308299776.0,569600000.0,,0.02155,8.0000005e-05,60.914,1.282,1.0,442062496.0,864200000.0,,45.223297,2.2944736,7.189805,8.604,19.601,3.28,4.5282,0.034,,,0.59221,0.53152,0.15542,USD,Real Estate,REIT - Residential,United States,129.25,0.894,3607.0,137.85,109.22,130.3056,126.899,846855.0,725370.0
KRC,Kilroy Realty Corporation,3404145920.0,1112667008.0,631120000.0,275196000.0,738977024.0,4717087232.0,179316000.0,,0.017819999,0.05382,83.67,0.79,0.629,419131872.0,566313024.0,12.262932,51.73386,0.62126046,3.059447,7.303,12.876,7.59,0.931,-0.05,-0.79,-0.791,0.24816,0.66415,0.23244,USD,Real Estate,REIT - Office,United States,28.45,1.101,241.0,45.03,27.07,31.1986,37.5627,2162408.0,2232250.0
HIW,"Highwoods Properties, Inc.",2406656512.0,808481024.0,469462016.0,157252992.0,547107968.0,3634000896.0,27358000.0,,0.02152,0.06684,149.2,2.378,1.881,284184736.0,359207008.0,14.77931,28.197369,1.0012615,2.9767632,7.478,12.878,9.33,1.3792999,-0.016,,,0.19742,0.67670995,0.26158002,USD,Real Estate,REIT - Office,United States,21.43,1.066,315.0,32.76,20.45,23.195,27.7746,1451644.0,1429420.0
NNN,"NNN REIT, Inc.",8137223168.0,926212992.0,837566592.0,389048992.0,888832000.0,4820424192.0,5046000.0,,0.03924,0.088879995,109.349,0.116,0.078,-1385543936.0,667131008.0,20.661837,20.16492,1.8428197,8.785478,13.97,15.448,5.61,1.1401,0.091,-0.022,-0.02,0.42083,0.95963997,0.62224996,USD,Real Estate,REIT - Retail,United States,42.77,0.834,85.0,46.03,35.8,43.5242,42.2036,1528611.0,1884420.0
STAG,"Stag Industrial, Inc.",7133445632.0,845184000.0,617089984.0,273350016.0,673358976.0,3292665088.0,28439000.0,,0.02829,0.07757,89.693,1.275,0.628,324051360.0,463388000.0,25.034245,41.534092,1.941567,8.440109,12.213,16.727,4.24,1.0206,0.108,0.579,0.638,0.32362,0.7967,0.37839,USD,Real Estate,REIT - Industrial,United States,36.55,1.045,93.0,39.98,28.61,37.9548,37.11795,1523759.0,1802530.0
CUBE,CubeSmart,8525087232.0,1125570048.0,709510016.0,333782016.0,804465024.0,3517945088.0,5782000.0,,0.04328,0.11552,126.45,0.092,0.053,492737984.0,608512000.0,25.4726,25.207405,3.1079726,7.5740175,10.679,16.942,5.7,1.4315,0.056,-0.217,-0.228,0.29654,0.71472,0.39488,USD,Real Estate,REIT - Industrial,United States,37.19,1.134,3121.0,44.13,34.24,38.489,39.18605,2468378.0,2488400.0
REXR,"Rexford Industrial Realty, Inc.",7898109952.0,1003132992.0,671353984.0,200168992.0,775408000.0,3261020928.0,167803008.0,,0.01879,0.025020001,36.898,1.739,1.305,186291632.0,542084992.0,38.511627,34.6799,0.9170704,7.8734426,11.216,16.759,5.25,2.0,0.021,,,0.21136999,0.77299005,0.37478,USD,Real Estate,REIT - Industrial,United States,33.12,1.276,256.0,44.38,29.68,36.7056,39.139,2701562.0,2665680.0
LAMR,Lamar Advertising Company,12933840896.0,2266419968.0,1024656000.0,586787008.0,1519561984.0,4918727168.0,64812000.0,,0.064569995,0.57224,479.979,0.579,0.513,537700224.0,864049024.0,22.121317,20.981756,12.785736,5.7067275,7.854,17.373,5.01,1.0745,0.023,,,0.25907,0.67047,0.32929,USD,Real Estate,REIT - Specialty,United States,127.64,1.232,3500.0,139.76,99.84,131.369,126.46,561718.0,716710.0
IART,Integra LifeSciences Holdings C,742741568.0,1635245056.0,297747008.0,-516473984.0,919417984.0,2034813056.0,263740992.0,,0.02388,-0.39902002,195.006,2.543,1.19,44463500.0,50384000.0,,3.7187777,0.71135324,0.4542081,1.537,8.443,,0.0,-0.017,,,-0.31584,0.56224996,0.1244,USD,Healthcare,Medical Devices,United States,9.53,1.065,4427.0,20.55,8.7,10.4652,12.62095,788318.0,884720.0
ZI,ZI,,,,,,,,,,,,,,,,,,,,,,,,,,,,,,,,,US,,,,,,,,,
MTCH,"Match Group, Inc.",7422046720.0,3487196928.0,1052698880.0,613446016.0,2541464064.0,4090991104.0,1031299008.0,,0.13261,,,1.418,1.326,873889920.0,1080380032.0,13.210084,7.800772,-28.844036,2.1283703,2.975,9.855,2.45,0.3193,0.021,0.406,0.324,0.17591,0.7288,0.30021998,USD,Communication Services,Internet Content & Information,United States,31.44,1.303,2200.0,39.2,26.39,30.9881,33.135876,5423168.0,10793210.0
MSGS,Madison Square Garden Sports Co,7810739200.0,1071032000.0,7435000.0,-16586000.0,351128992.0,1187889024.0,81302000.0,,0.00177,,,0.467,0.314,16631250.0,3477000.0,,1549.7135,-27.690931,7.2927227,8.326,1199.371,,0.0,0.128,6.449,6.419,-0.01546,0.32784,0.054980002,USD,Communication Services,Entertainment,United States,324.51,0.564,514.0,345.46,173.26,305.8524,241.68394,249086.0,275120.0
TTWO,"Take-Two Interactive Software, ",37011017728.0,6559099904.0,823000000.0,-3964900096.0,3888800000.0,3511300096.0,2359000064.0,,-0.0027,-0.86217004,100.449,1.137,1.011,1484974976.0,667900032.0,,25.62794,10.583531,5.642698,5.818,46.371,,0.0,0.249,,,-0.60449004,0.59289,-0.020480001,USD,Communication Services,Electronic Gaming & Multimedia,United States,199.87,0.965,12928.0,264.79,187.63,208.731,234.66885,2288024.0,2050960.0
EA,Electronic Arts Inc.,50951655424.0,7305999872.0,1344999936.0,680000000.0,5718000128.0,2241999872.0,2899000064.0,,0.048070002,0.10027,36.443,0.926,0.84,2209874944.0,2521999872.0,76.254684,22.037424,8.278779,6.973947,6.884,37.394,0.37,0.2846,0.01,-0.685,-0.7,0.09307,0.78264,0.08574,USD,Communication Services,Electronic Gaming & Multimedia,United States,203.6,0.725,14500.0,204.89,131.15,201.3152,188.14426,2587277.0,2528350.0
LYV,"Live Nation Entertainment, Inc.",36570398720.0,25201405952.0,1963015936.0,-54829000.0,6438049792.0,10404385792.0,7094199808.0,,0.038900003,0.36701,572.032,0.995,0.825,1107258368.0,1395315968.0,,68.66194,134.49913,1.4511254,1.629,20.911,,0.0,0.111,,,0.01968,0.25546,-0.00821,USD,Communication Services,Entertainment,United States,155.75,1.147,17700.0,175.25,113.2,153.2168,150.97455,3043081.0,3070570.0
WMG,Warner Music Group Corp.,13638459392.0,6880999936.0,1480999936.0,302000000.0,3156000000.0,4606000128.0,751000000.0,,0.07125,0.39843,555.609,0.7,0.493,731000000.0,786000000.0,45.80702,14.800497,18.90659,1.9820461,2.558,11.886,2.91,1.2982001,0.104,-0.259,-0.254,0.044320002,0.45865002,0.17772,USD,Communication Services,Entertainment,United States,26.11,1.279,5500.0,34.63,23.34,27.7026,30.0868,2463083.0,2751910.0
AAPL,Apple Inc.,3761492983808.0,435617005568.0,152901992448.0,117776998400.0,206157004800.0,90509000704.0,66907000832.0,,0.24377,1.5202099,102.63,0.974,0.845,106312753152.0,135471996928.0,32.35398,27.4732,42.667553,8.634863,8.679,24.727,0.41,0.1304,0.157,0.183,0.159,0.27037,0.47325,0.35374,USD,Technology,Consumer Electronics,United States,255.92,1.109,150000.0,288.62,169.21,260.363,249.1484,47817008.0,45259600.0
MSFT,Microsoft Corporation,2775695753216.0,305453006848.0,175258992640.0,119262003200.0,209498996736.0,123278000128.0,89461997568.0,,0.1486,0.34390998,31.539,1.386,1.239,53640626176.0,160506003456.0,23.370462,19.81789,7.0979753,9.087145,9.19,16.016,0.97,0.21280001,0.167,0.598,0.595,0.39044,0.68586,0.47094002,USD,Technology,Software - Infrastructure,United States,373.46,1.107,228000.0,555.45,344.79,403.6066,476.91504,36595126.0,37272580.0
GOOGL,Alphabet Inc.,3577929793536.0,402835996672.0,150175006720.0,132169998336.0,240300998656.0,66995998720.0,126843002880.0,,0.15427,0.35705003,16.133,2.005,1.847,38088376320.0,164713005056.0,27.38611,22.023607,8.609728,8.881852,8.733,23.427,0.28,0.076799996,0.18,0.311,0.298,0.32810003,0.59652,0.31568,USD,Communication Services,Internet Content & Information,United States,295.77,1.128,190820.0,349.0,140.53,310.421,264.99564,34406427.0,35335480.0
AMZN,"Amazon.com, Inc.",2251864408064.0,716923994112.0,145730994176.0,77669998592.0,360509997056.0,178546999296.0,123028996096.0,,0.06928,0.22286,43.435,1.051,0.844,23793125376.0,139514003456.0,29.256624,22.332802,5.476166,3.1410086,3.218,15.833,,0.0,0.136,0.05,0.059,0.108339995,0.50286,0.10533,USD,Consumer Cyclical,Internet Retail,United States,209.77,1.383,1576000.0,258.6,161.38,214.998,224.5496,50670081.0,46472030.0
NVDA,NVIDIA Corporation,4311464017920.0,215938007040.0,133230002176.0,120066998272.0,153462996992.0,11411999744.0,62556000256.0,,0.51188,1.01485,7.255,3.905,3.141,58128998400.0,102717997056.0,36.20204,15.957576,27.408838,19.966211,19.725,31.971,0.02,0.0082,0.732,0.956,0.945,0.55603004,0.71068,0.65024,USD,Technology,Semiconductors,United States,177.39,2.335,42000.0,212.19,86.62,182.651,179.8177,181054580.0,183987810.0
JNJ,Johnson & Johnson,585701851136.0,94193000448.0,33835999232.0,26804000768.0,64128000000.0,49332998144.0,20102000640.0,,0.086780004,0.35029998,60.499,1.028,0.689,16633249792.0,24529999872.0,22.03445,19.327713,7.1767306,6.218104,6.528,18.174,2.14,0.466,0.091,0.486,0.491,0.28456,0.68081003,0.23966,USD,Healthcare,Drug Manufacturers - General,United States,243.04,0.329,138200.0,251.71,141.5,238.9024,198.4114,8859431.0,8075070.0
JPM,JP Morgan Chase & Co.,794545750016.0,168235008000.0,,55680999424.0,168235008000.0,1025994981376.0,1287710048256.0,,0.01354,0.16134001,,,,,-147781992448.0,14.707938,12.63386,2.3199043,4.722832,3.286,,2.04,0.2897,0.025,-0.036,-0.07,0.3391,0.0,0.41062,USD,Financial Services,Banks - Diversified,United States,294.6,1.043,318512.0,337.25,202.16,299.0528,302.39734,11308637.0,11835810.0
XOM,Exxon Mobil Corporation,669557260288.0,323904995328.0,59385999360.0,28843999232.0,100567998464.0,50487001088.0,10680999936.0,,0.04902,0.110810004,18.936,1.153,0.764,12229749760.0,51969998848.0,23.983583,17.073013,2.588893,2.0671408,2.212,12.067,2.56,0.597,-0.013,-0.11,-0.146,0.089049995,0.31049,0.09527001,USD,Energy,Oil & Gas Integrated,United States,160.69,0.288,57900.0,176.41,97.8,151.6898,123.7926,22817144.0,29637650.0
PG,Procter & Gamble Company (The),334433288192.0,85259001856.0,24764999680.0,16161999872.0,43642998784.0,36638998528.0,10824999936.0,,0.10898,0.31562,68.719,0.724,0.466,13253374976.0,19069999104.0,21.171597,19.555733,6.3628683,3.9225569,4.216,14.515,2.95,0.6188,0.015,-0.054,-0.067,0.19299999,0.51189,0.26297,USD,Consumer Defensive,Household & Personal Products,United States,143.12,0.403,109000.0,171.65,137.62,153.5032,152.0056,11628472.0,14195090.0
UNH,UnitedHealth Group Incorporated,251662204928.0,447567003648.0,21624999936.0,12056000512.0,82916999168.0,83003998208.0,28120999936.0,,0.039,0.12538,81.618,0.788,0.704,13863249920.0,19697000448.0,20.956917,13.843702,2.6691954,0.5622895,0.702,14.526,3.19,0.65989995,0.123,-0.999,-0.998,0.02694,0.18526,0.00336,USD,Healthcare,Healthcare Plans,United States,277.26,0.408,390000.0,606.36,234.6,285.8392,312.5616,9768372.0,10913010.0
CAT,"Caterpillar, Inc.",335644295168.0,67589001216.0,13960999936.0,8883999744.0,19462000640.0,44058001408.0,9333000192.0,,0.07891,0.43526,206.67,1.436,0.871,5838750208.0,11738999808.0,38.1703,25.83023,15.654014,4.9659605,5.451,26.391,0.84,0.3105,0.18,-0.114,-0.139,0.13144,0.28795,0.16025,USD,Industrials,Farm & Heavy Construction Machinery,United States,717.22,1.519,118000.0,789.81,267.3,711.2692,549.66833,2841262.0,2610270.0
NEE,"NextEra Energy, Inc.",194080063488.0,27412000768.0,14138000384.0,6834999808.0,17068999680.0,97220001792.0,2812000000.0,,0.025710002,0.083739996,146.242,0.595,0.39,-15209124864.0,12485000192.0,28.227274,21.271883,3.5531738,7.080113,10.957,21.245,2.68,0.6867,0.207,0.26,0.276,0.24934,0.62268,0.24445999,USD,Utilities,Utilities - Regulated Electric,United States,93.15,0.733,17400.0,95.91,61.72,91.004,81.12495,10003598.0,10533510.0
KO,Coca-Cola Company (The),330214637568.0,47941001216.0,16078000128.0,13107000320.0,29543999488.0,47914000384.0,15806000128.0,,0.09147,0.43323,139.793,1.459,0.885,-1461250048.0,7408000000.0,25.236843,22.185274,10.259428,6.887938,7.596,22.65,2.69,0.6711,0.024,0.036,0.035,0.2734,0.61626,0.24656999,USD,Consumer Defensive,Beverages - Non-Alcoholic,United States,76.72,0.361,65900.0,82.0,65.35,77.083,71.29375,18507527.0,17467060.0
CVX,Chevron Corporation,397811384320.0,184654004224.0,37631000576.0,12298999808.0,77362003968.0,46742999040.0,6296999936.0,,0.03794,0.07231,24.323,1.155,0.724,13200749568.0,33938999296.0,30.010557,19.788637,2.1132176,2.154361,2.4,11.777,3.58,1.0317,-0.082,-0.238,-0.145,0.06661,0.41896,0.09462,USD,Energy,Oil & Gas Integrated,United States,198.97,0.587,43039.0,214.71,132.04,188.178,162.45285,12995490.0,16453190.0
HON,Honeywell International Inc.,145855791104.0,37441998848.0,8467999744.0,4424999936.0,13829000192.0,35562999808.0,12929999872.0,,0.05945,0.26136,236.613,1.298,0.878,4661000192.0,6408000000.0,33.10967,19.997246,10.4838705,3.895513,4.53,20.03,2.07,0.65989995,-0.033,-0.764,-0.77,0.1263,0.36933997,0.15413,USD,Industrials,Conglomerates,United States,229.45,0.915,101000.0,248.18,169.04807,233.635,210.97002,4384045.0,4124850.0
BRK-B,Berkshire Hathaway Inc. New,1029582356480.0,371443990528.0,110593998848.0,66967998464.0,97118003200.0,135370997760.0,373311012864.0,,0.051090002,0.09809,18.809,7.067,6.623,36799623168.0,45968998400.0,15.3835,21.922483,0.00095725973,2.7718375,-0.633,-2.125,,0.0,-0.007,-0.025,-0.025,0.18029,0.26146,0.32956,USD,Financial Services,Insurance - Diversified,United States,477.35,0.699,387800.0,542.07,455.19,489.3782,490.5959,4848970.0,4562750.0
META,"Meta Platforms, Inc.",1453128548352.0,200965996544.0,101891997696.0,60458000384.0,164790992896.0,85080997888.0,81592000512.0,,0.16212,0.30238,39.164,2.599,2.423,23432374272.0,115799998464.0,24.445107,15.972401,6.6901145,7.2307186,7.248,14.296,0.37,0.08939999,0.238,0.107,0.093,0.30084,0.81999,0.41314998,USD,Communication Services,Internet Content & Information,United States,574.46,1.309,78865.0,796.25,479.8,639.6422,685.05084,16123606.0,21691080.0
AVGO,Broadcom Inc.,1491367493632.0,68281999360.0,37218000896.0,24971999232.0,52389998592.0,66056998912.0,14174000128.0,,0.10663,0.33370999,82.704,1.902,1.671,25503750144.0,29684000768.0,61.315784,17.632153,18.651052,21.841297,22.571,41.409,0.83,0.47169998,0.295,0.316,0.335,0.36571997,0.76725996,0.44943002,USD,Technology,Semiconductors,United States,314.55,1.253,33000.0,414.61,138.1,324.8316,327.84634,26434185.0,24486780.0
ADBE,Adobe Inc.,99023159296.0,24452999168.0,9516000256.0,7208000000.0,21859999744.0,6670000128.0,6898999808.0,,0.18905,0.58774,58.34,0.912,0.789,9321374720.0,10506999808.0,14.164432,9.2168865,8.62642,4.04953,4.006,10.294,,0.0,0.12,0.111,0.043,0.29477,0.89396006,0.38762,USD,Technology,Software - Application,United States,242.92,1.518,31360.0,422.95,233.16,264.8574,327.7639,5866186.0,5172400.0
CRM,"Salesforce, Inc.",175387656192.0,41524998144.0,12547999744.0,7456999936.0,32255000576.0,17710999552.0,9564999680.0,,0.05179,0.123959996,29.947,0.76,0.644,16366999552.0,14995999744.0,23.96671,12.571755,2.9402153,4.2236643,4.357,14.418,0.94,0.2133,0.121,0.179,0.138,0.17958,0.77676004,0.19239001,USD,Technology,Software - Application,United States,187.18,1.288,83334.0,296.05,174.57,196.2042,237.29845,12935852.0,13157890.0
CSCO,"Cisco Systems, Inc.",312215470080.0,59053998080.0,16291000320.0,11075999744.0,38274998272.0,31740000256.0,15777000448.0,,0.06994,0.23754999,66.509,0.955,0.737,10129500160.0,13324999680.0,28.42446,17.505577,6.538684,5.2869487,5.556,20.139,2.13,0.5899,0.097,0.312,0.308,0.18756,0.64814,0.24868,USD,Technology,Communication Equipment,United States,79.02,0.819,86200.0,88.19,52.11,79.226,73.2569,24214954.0,28768990.0
INTC,Intel Corporation,252958507008.0,52852998144.0,12632999936.0,-267000000.0,19324999680.0,47109001216.0,37416001536.0,,0.0028400002,0.00022,37.282,2.017,1.307,-4504500224.0,9697000448.0,,50.779125,2.201538,4.7860765,5.173,21.643,,0.0,-0.041,,,-0.00505,0.36563998,0.051409997,USD,Technology,Semiconductors,United States,50.38,1.349,85100.0,54.6,17.67,46.1646,35.29255,108245804.0,98584500.0
AMD,"Advanced Micro Devices, Inc.",354614378496.0,34638999552.0,6744999936.0,4268999936.0,18183000064.0,4006000128.0,10552000512.0,,0.032,0.07082,6.359,2.85,1.784,4587250176.0,7709000192.0,83.333336,20.186607,5.627425,10.237432,10.048,51.604,,0.0,0.341,2.171,2.135,0.12515001,0.52493,0.17059,USD,Technology,Semiconductors,United States,217.5,1.963,31000.0,267.08,76.48,211.6366,196.88815,38402113.0,38599090.0
ORCL,Oracle Corporation,420995629056.0,64076001280.0,27441000448.0,16188000256.0,42985000960.0,162164998144.0,39132000256.0,,0.06335,0.57572,415.265,1.347,1.224,-22298499072.0,23513999360.0,26.232977,18.359694,12.547574,6.5702543,8.576,20.026,1.37,0.35909998,0.217,0.245,0.267,0.25298,0.67084,0.32676,USD,Technology,Software - Infrastructure,United States,146.38,1.597,162000.0,345.72,118.86,154.1754,218.2116,27336001.0,21867220.0
LLY,Eli Lilly and Company,837361664000.0,65179000832.0,31693000704.0,20640000000.0,54127001600.0,43865001984.0,7267999744.0,,0.19415002,1.01159,165.31,1.579,0.777,1951000064.0,16812999680.0,40.819374,22.241014,31.548811,12.847108,13.386,27.529,0.67,0.26139998,0.426,0.514,0.505,0.31667,0.83044,0.44896,USD,Healthcare,Drug Manufacturers - General,United States,935.58,0.504,50000.0,1133.95,623.78,997.3382,897.9207,3215547.0,3282010.0
ABBV,AbbVie Inc.,369388322816.0,61160001536.0,29254000640.0,4185999872.0,43803000832.0,68400001024.0,5256999936.0,,0.09807,62.25,,0.671,0.412,18337748992.0,19029999616.0,88.49153,12.958615,-112.88648,6.0397043,7.071,14.783,3.31,2.7679,0.1,,,0.0691,0.71620005,0.34108,USD,Healthcare,Drug Manufacturers - General,United States,208.84,0.364,57000.0,244.81,164.39,221.601,216.16444,7350606.0,8528000.0
MRK,"Merck & Company, Inc.",298838032384.0,65010999296.0,29105000448.0,18254000128.0,50196000768.0,50533998592.0,14565000192.0,,0.12042,0.36882,95.959,1.536,0.963,11886749696.0,16472000512.0,16.603022,12.405957,5.6858597,4.59673,5.151,11.505,2.81,0.45049998,0.05,-0.193,-0.208,0.28078,0.77212,0.32773998,USD,Healthcare,Drug Manufacturers - General,United States,120.87,0.275,73000.0,125.14,73.31,117.2484,96.38555,11879719.0,11246390.0
PFE,"Pfizer, Inc.",161094254592.0,62578999296.0,25717999616.0,7745999872.0,47438999552.0,67647000576.0,13596000256.0,,0.05683,0.08886,77.957,1.16,0.796,13430124544.0,11704000512.0,20.823528,10.031489,1.8620554,2.5742543,3.442,8.375,6.07,1.2647,-0.012,,,0.124180004,0.75807,0.23945,USD,Healthcare,Drug Manufacturers - General,United States,28.32,0.388,75000.0,28.75,20.92,27.0022,25.4579,45823226.0,40758630.0
TMO,Thermo Fisher Scientific Inc,182569648128.0,44556001280.0,11137999872.0,6704000000.0,18301999104.0,41358999552.0,10104999936.0,,0.05031,0.13024001,77.255,1.89,1.361,4390875136.0,7817999872.0,27.703495,18.268877,3.4620588,4.0975323,4.802,19.209,0.36,0.096999995,0.072,0.093,0.073,0.15045999,0.41076002,0.21170999,USD,Healthcare,Diagnostics & Research,United States,491.46,0.972,125000.0,643.99,385.46,521.6144,518.47125,2394478.0,1844160.0
BAC,Bank of America Corporation,354384576512.0,107421999104.0,,29055000576.0,107421999104.0,767072010240.0,770163015680.0,,0.00914,0.10217,,,,,12613000192.0,12.96063,9.941815,1.2845659,3.2989945,3.512,,2.27,0.28350002,0.072,0.212,0.157,0.28401,0.0,0.41627997,USD,Financial Services,Banks - Diversified,United States,49.38,1.237,213000.0,57.55,33.07,50.7336,50.841,42773165.0,41240270.0
WFC,Wells Fargo & Company,248702222336.0,80041000960.0,,20284999680.0,80041000960.0,443507998720.0,449211006976.0,,0.01047,0.11732,,,,,-19000999936.0,12.875399,10.168769,1.5152085,3.1071854,3.267,,2.23,0.2716,0.05,0.131,0.056,0.26659,0.0,0.29938,USD,Financial Services,Banks - Diversified,United States,80.6,1.056,205000.0,97.76,58.42,83.977,84.2153,17644978.0,17962530.0
GS,"Goldman Sachs Group, Inc. (The)",256109641728.0,59396001792.0,,16243999744.0,49229000704.0,747582980096.0,996629020672.0,,0.00986,0.13861,596.073,1.528,1.376,,-45154000896.0,16.80701,13.239729,2.421053,4.3119,0.55,,2.09,0.2728,0.152,0.173,0.123,0.28917998,0.82883,0.38319,USD,Financial Services,Capital Markets,United States,863.04,1.311,47400.0,984.7,439.38,877.0914,808.76526,2444649.0,2138520.0
MS,Morgan Stanley,263283097600.0,70296002560.0,,16248999936.0,61198999552.0,513408008192.0,600391024640.0,,0.012920001,0.15614,455.747,2.053,1.673,,-17888999424.0,16.23996,13.412369,2.5760095,3.7453494,2.661,,2.41,0.3771,0.11,0.207,0.184,0.23986,0.87059,0.38625,USD,Financial Services,Capital Markets,United States,165.81,1.182,83000.0,192.68,94.33,169.6984,161.21355,7598359.0,7632240.0
BLK,"BlackRock, Inc.",150340222976.0,24216000512.0,9685999616.0,5552999936.0,11310000128.0,14995999744.0,14257000448.0,,0.03467,0.107159995,24.367,2.039,1.46,7034250240.0,3927000064.0,27.396826,15.666712,2.6818569,6.208301,6.472,16.181,2.37,0.5902,0.234,-0.317,-0.325,0.22930999,0.46705002,0.36744,USD,Financial Services,Asset Management,United States,966.56,1.493,24900.0,1219.94,773.74,1034.1626,1083.3827,872019.0,824200.0
WMT,Walmart Inc.,1002848518144.0,713163014144.0,44027998208.0,21892999168.0,177768005632.0,68425998336.0,10727000064.0,,0.06834,0.21847,64.443,0.79,0.204,10554250240.0,41564999680.0,46.076923,38.295387,10.062395,1.4061981,1.496,24.237,0.79,0.3443,0.056,-0.19,-0.194,0.0307,0.24927,0.04567,USD,Consumer Defensive,Discount Stores,United States,125.79,0.661,2100000.0,134.69,79.81,124.4856,109.26165,31214570.0,21727720.0
HD,"Home Depot, Inc. (The)",320347176960.0,164683005952.0,25010999296.0,14156000256.0,54864998400.0,65908998144.0,1388999936.0,,0.12977,1.45541,514.392,1.061,0.215,8622749696.0,16325000192.0,22.618143,19.72048,25.002333,1.9452351,2.337,15.388,2.9,0.6465,-0.038,-0.142,-0.142,0.08596,0.33316,0.100760005,USD,Consumer Cyclical,Home Improvement Retail,United States,321.63,1.085,472400.0,426.75,318.66,362.1606,373.5502,4294903.0,4880210.0
MCD,McDonald's Corporation,219176468480.0,26884999168.0,14593999872.0,8562999808.0,15434000384.0,54829998080.0,774000000.0,,0.13508001,,,0.955,0.743,6296124928.0,10551000064.0,25.702093,21.377356,-121.92934,8.15237,10.126,18.655,2.42,0.6,0.097,0.082,0.073,0.3185,0.57407004,0.45071,USD,Consumer Cyclical,Restaurants,United States,307.14,0.532,150000.0,341.75,283.47,321.4554,308.6713,3333073.0,3539890.0
NKE,"Nike, Inc.",65418137600.0,46522998784.0,3864000000.0,2249999872.0,19036999680.0,11178000384.0,8056999936.0,,0.05195,0.16016,79.333,2.139,1.239,1313874944.0,1694000000.0,29.072369,22.637276,4.6432695,1.4061462,1.474,17.744,3.71,1.0658001,0.001,-0.348,-0.345,0.04836,0.40919998,0.06942,USD,Consumer Cyclical,Footwear & Accessories,United States,44.19,1.319,77800.0,80.17,43.17,58.8896,66.4837,18179052.0,31863450.0
COST,Costco Wholesale Corporation,450509701120.0,286265016320.0,13459999744.0,8549000192.0,37003001856.0,10227999744.0,11125999616.0,,0.08718,0.29650998,60.257,1.058,0.54,6690375168.0,15011000320.0,52.91762,45.199535,27.226784,1.5737505,1.566,33.31,0.51,0.27040002,0.215,0.455,0.456,0.029860001,0.12926,0.036730003,USD,Consumer Defensive,Discount Stores,United States,1014.96,0.978,341000.0,1067.08,844.06,988.212,948.4027,2211740.0,1794170.0
RTX,RTX Corporation,264093614080.0,88603000832.0,14734999552.0,6732000256.0,17788999680.0,39956000768.0,7434999808.0,,0.03877,0.109519996,59.513,1.026,0.667,6456249856.0,10567000064.0,39.558468,26.0886,4.0366616,2.9806397,3.361,20.209,1.39,0.53830004,0.121,0.083,0.094,0.07598,0.20076999,0.110240005,USD,Industrials,Aerospace & Defense,United States,196.21,0.428,180000.0,214.5,112.27,200.1924,174.3733,6297265.0,4992430.0
LMT,Lockheed Martin Corporation,143529492480.0,75048001536.0,8285000192.0,5016999936.0,7685000192.0,22770999296.0,4120999936.0,,0.07569,0.76865,338.804,1.087,0.901,5281625088.0,8557000192.0,28.980455,19.437387,21.220142,1.9125025,2.158,19.546,2.17,0.62119997,0.091,1.61,1.55,0.06685,0.1024,0.090100005,USD,Industrials,Aerospace & Defense,United States,622.79,0.24,123000.0,692.0,410.11,634.4694,513.3619,1865718.0,1790190.0
GE,GE Aerospace,296571469824.0,45854998528.0,10702999552.0,8600999936.0,14444000256.0,21557000192.0,11992000512.0,,0.0468,0.44692,114.07,1.041,0.69,5210999808.0,8536999936.0,34.97015,32.735924,15.787523,6.467593,6.644,28.466,0.67,0.17889999,0.176,0.374,0.338,0.18982,0.31499,0.19549,USD,Industrials,Aerospace & Defense,United States,281.16,1.428,57000.0,348.48,159.36,311.3418,293.65845,5764790.0,6319630.0
DE,Deere & Company,155503476736.0,46731001856.0,8588000256.0,4814000128.0,12266000384.0,48473001984.0,8830000128.0,,0.03961,0.19566,376.022,2.253,1.993,4200250112.0,7701000192.0,32.470955,24.804823,5.912662,3.3276298,4.176,22.724,1.13,0.3655,-0.111,-0.085,-0.098,0.10302,0.26248,0.17479,USD,Industrials,Farm & Heavy Construction Machinery,United States,575.71,0.992,73100.0,674.19,404.42,582.137,508.91095,1626309.0,1454870.0
NFLX,"Netflix, Inc.",418504835072.0,45183037440.0,13659992064.0,10981200896.0,21907707904.0,16975837184.0,9062359040.0,,0.15251,0.42762002,63.782,1.186,1.061,24817524736.0,10149272576.0,38.996048,25.603962,15.650381,9.262432,9.394,31.074,,0.0,0.176,0.327,0.294,0.24304001,0.48487,0.24535,USD,Communication Services,Entertainment,United States,98.66,1.669,16000.0,134.115,75.01,88.1666,107.12779,49556022.0,41274260.0
DIS,Walt Disney Company (The),171326914560.0,95715999744.0,19306000384.0,12252000256.0,35686998016.0,46640001024.0,5678000128.0,,0.04366,0.12024,40.909,0.669,0.545,3174500096.0,15630999552.0,14.228277,13.158576,1.581722,1.7899506,2.274,11.273,1.55,0.1841,0.052,-0.043,-0.06,0.128,0.37284002,0.15361,USD,Communication Services,Entertainment,United States,96.61,1.441,175560.0,124.69,80.1,103.3866,111.51815,11801780.0,11423560.0
PAGEIND.NS,PAGE INDUSTRIES LTD,379461664768.0,50922459136.0,10657140736.0,7490978816.0,30082560000.0,2681272064.0,5071473152.0,,,,19.029,,,,,50.58696,44.503002,26.912296,7.4517546,7.388,35.303,1.47,0.9306,0.056,-0.074,-0.074,0.14711,0.59075,0.21024,INR,Consumer Cyclical,Apparel Manufacturing,India,34000.0,-0.139,20658.0,50590.0,29805.0,32550.8,39492.227,24201.0,32549.0
RELAXO.NS,RELAXO FOOT LTD.,65968726016.0,26462099456.0,3089400064.0,1678200064.0,14998200320.0,2154700032.0,2407800064.0,,,,10.214,,,,,39.31751,33.125,3.1113148,2.4929514,2.521,21.593,1.12,0.44509998,0.002,-0.197,-0.196,0.06342,0.56678003,0.04528,INR,Consumer Cyclical,Footwear & Accessories,India,265.0,0.411,7355.0,526.0,236.5,327.9538,412.3757,109109.0,202346.0
WELSPUNIND.NS,WELSPUNIND.NS,,,,,,,,,,,,,,,,,,,,,,,,,,,,,,,,,India,,,,,,,,,
ARVIND.NS,ARVIND LIMITED,95016558592.0,89707896832.0,8980625408.0,4052699904.0,44047900672.0,15372499968.0,1017900032.0,,,,39.143,,,,,23.462784,18.29268,2.4728162,1.0591772,1.238,12.368,1.03,0.24270001,0.136,-0.058,-0.056,0.04518,0.49101,0.08515,INR,Consumer Cyclical,Textile Manufacturing,India,362.5,-0.198,25833.0,404.0,274.8,350.61,326.0105,670019.0,343765.0
TRENT.NS,TRENT LTD,1255901626368.0,192631603200.0,24822499328.0,16374700032.0,81478901760.0,23485700096.0,8786899968.0,,,,37.79,,,,,76.53596,58.674137,20.585596,6.519707,6.637,51.502,0.14,0.1086,0.148,0.031,0.031,0.08501001,0.42298,0.13364,INR,Consumer Cyclical,Apparel Retail,India,3532.9,0.207,27887.0,6261.0,3275.5,3795.208,4534.667,1036655.0,1208285.0
DIXON.NS,DIXON TECHNO (INDIA) LTD,600427462656.0,486548307968.0,18169874432.0,15830500352.0,35949600768.0,13891200000.0,6426299904.0,,,,29.663,,,,,35.98981,50.606903,13.191029,1.2340552,1.132,30.31,0.08,0.0291,0.021,0.476,0.678,0.03254,0.07389,0.029560002,INR,Technology,Consumer Electronics,India,9890.0,-0.248,1567.0,18471.0,9600.0,10612.89,14138.067,756070.0,695330.0
BATAINDIA.NS,BATA INDIA LTD,84699643904.0,34760830976.0,4171474944.0,1779110016.0,19109160960.0,13781459968.0,5664900096.0,,,,90.391,,,,,47.51262,33.32202,5.5609937,2.4366403,2.665,22.205,2.89,0.64980006,0.028,0.125,0.126,0.05118,0.54973,0.11437,INR,Consumer Cyclical,Footwear & Accessories,India,659.0,0.311,3961.0,1300.7,605.0,767.63,1014.3265,197421.0,361295.0
VMART.NS,VMART RETAIL LTD,42606141440.0,35985498112.0,2840474880.0,1312300032.0,12120699904.0,8012400128.0,290700000.0,,,,94.737,,,,,32.399757,28.438616,4.9938664,1.1839808,1.417,17.953,,0.0,0.097,0.232,0.228,0.03647,0.33682,0.11684,INR,Consumer Cyclical,Department Stores,India,533.3,0.275,10912.0,945.0,457.9,559.843,714.745,460193.0,2404099.0
RAJESHEXPO.NS,RAJESH EXPORTS LTD,25834274816.0,7411005915136.0,3600506112.0,1679452032.0,7589940224.0,8790209536.0,25921439744.0,,,,5.254,,,,,15.390845,1.7484,0.15583192,0.0034859336,0.001,2.811,,0.0,1.433,1.017,1.013,0.00023,0.00102,0.00043000001,INR,Consumer Cyclical,Luxury Goods,India,87.42,0.365,112.0,237.88,80.38,136.6288,174.8537,253030.0,384780.0
JUBLFOOD.NS,JUBILANT FOODWORKS LTD,290661662720.0,91414142976.0,13348015104.0,3156450048.0,48047001600.0,146060000.0,1179687040.0,,,,2.655,,,,,90.74949,55.117878,12.833208,3.1796138,3.226,22.091,0.27,0.2474,0.203,,-0.184,0.0434,0.5256,0.080299996,INR,Consumer Cyclical,Restaurants,India,441.95,0.046,25780.0,727.95,430.5,494.988,581.5485,2325321.0,2696084.0
DEVYANI.NS,DEVYANI INTERNATIONAL LTD,119434878976.0,53872078848.0,6262615040.0,-397760000.0,27361030144.0,33433339904.0,1655330048.0,,,,170.712,,,,,,112.60418,7.58456,2.2170088,2.99,25.718,,0.0,0.113,,,-0.00804,0.50789,0.041690003,INR,Consumer Cyclical,Restaurants,India,96.87,0.11,14802.0,191.0,91.55,117.366,147.3939,4553732.0,4679227.0
SAPPHIRE.NS,SAPPHIRE FOODS INDIA LTD,49228972032.0,30444349440.0,2988835072.0,-175670000.0,15902090240.0,13797279744.0,1331760000.0,,,,99.226,,,,,,77.55318,3.5079672,1.6170151,2.024,20.615,,0.0,0.076,,,-0.00577,0.52233005,0.039619997,INR,Consumer Cyclical,Restaurants,India,153.0,0.068,13494.0,368.0,139.91,188.438,261.9771,909239.0,1401669.0
LAURUSLABS.NS,LAURUS LABS LIMITED,565366030336.0,67216297984.0,16575699968.0,8433200128.0,38328598528.0,22117599232.0,633800000.0,,,,44.831,,,,,66.94373,56.291656,11.76735,8.411145,8.7,35.279,0.15,0.1025,0.257,1.719,1.727,0.12546,0.57023,0.20221001,INR,Healthcare,Drug Manufacturers - Specialty & Generic,India,1047.0,0.339,6167.0,1141.0,517.65,1008.038,950.94775,1927826.0,2385135.0
AJANTPHARM.NS,AJANTA PHARMA LIMITED,345990397952.0,52016300032.0,13795600384.0,10145599488.0,39671300096.0,2458899968.0,9400800256.0,,,,5.698,,,,,34.080276,27.847082,8.01283,6.6515765,6.571,24.778,2.01,0.3448,0.2,0.179,0.176,0.19504999,0.76267,0.24638,INR,Healthcare,Drug Manufacturers - Specialty & Generic,India,2768.0,0.238,9628.0,3228.0,2327.3,2899.756,2675.461,115155.0,93809.0
GLENMARK.NS,GLENMARK PHARMACEUTICALS,588308742144.0,165096865792.0,40297881600.0,10650869760.0,116738809856.0,12241770496.0,26902429696.0,,,,12.776,,,,,55.351925,25.712847,6.1372457,3.5634155,3.486,14.283,0.24,0.1325,0.151,0.158,0.159,0.06451,0.70709,0.18338,INR,Healthcare,Drug Manufacturers - Specialty & Generic,India,2084.0,0.286,15800.0,2297.9,1336.0,2074.396,2001.076,561271.0,739579.0
TORNTPHARM.NS,TORRENT PHARMACEUTICALS L,1350397329408.0,127420899328.0,41027276800.0,22722500608.0,96381902848.0,28220000256.0,7939999744.0,,,,33.4,,,,,59.57002,64.329796,15.9941,10.597926,10.745,33.372,0.88,0.4768,0.176,0.261,0.262,0.17833,0.75641,0.26703,INR,Healthcare,Drug Manufacturers - Specialty & Generic,India,3990.0,0.188,17059.0,4482.9,3101.6,4202.494,3796.6914,370926.0,434199.0
ALKEM.NS,ALKEM LABORATORIES LTD.,630227140608.0,142527004672.0,28353050624.0,23712000000.0,89673097216.0,23555999744.0,51520401408.0,,,,17.056,,,,,26.590324,27.580109,4.722001,4.4218087,4.248,21.353,0.97,0.22690001,0.107,0.016,0.016,0.16636999,0.62917,0.19615,INR,Healthcare,Drug Manufacturers - Specialty & Generic,India,5271.0,0.322,18785.0,5933.5,4611.85,5517.01,5431.2593,127095.0,136718.0
IPCALAB.NS,IPCA LABORATORIES LTD,377201557504.0,95061696512.0,18783899648.0,9098699776.0,63638798336.0,12789199872.0,12549799936.0,,,,14.425,,,,,41.299137,27.449615,4.563771,3.9679658,4.379,22.161,0.27,0.0558,0.066,0.236,0.315,0.09571,0.66945,0.17796,INR,Healthcare,Drug Manufacturers - Specialty & Generic,India,1481.4,0.15,16778.0,1624.0,1168.2,1498.442,1421.7605,240215.0,331943.0
NATCOPHARM.NS,NATCO PHARMA LTD.,183452631040.0,45625999360.0,17844000768.0,15571999744.0,37399998464.0,2607000064.0,32042999808.0,,,,3.012,,,,,11.7795925,26.05598,2.1206098,4.0207915,3.389,8.665,0.63,0.0575,0.363,0.139,0.139,0.3413,0.81971,0.17379999,INR,Healthcare,Drug Manufacturers - Specialty & Generic,India,1024.0,0.189,4199.0,1059.0,726.8,919.297,893.0148,1487404.0,774412.0
AUROPHARMA.NS,AUROBINDO PHARMA LTD,775950958592.0,331818598400.0,66858176512.0,34869600256.0,192370704384.0,77945004032.0,88924102656.0,,,,22.248,,,,,22.259247,17.598183,2.2141383,2.3384795,2.302,11.423,0.3,0.066599995,0.084,0.076,0.076,0.10509,0.57975,0.15135999,INR,Healthcare,Drug Manufacturers - Specialty & Generic,India,1336.0,-0.006,27707.0,1359.9,1010.0,1223.794,1157.189,1737546.0,1959887.0
BIOCON.NS,BIOCON LIMITED.,570004602880.0,168274001920.0,33480249344.0,6041999872.0,102429999104.0,165354995712.0,61034999808.0,,,,50.024,,,,,72.27926,38.319805,1.6929506,3.3873599,3.781,19.004,0.14,0.1025,0.092,4.095,4.729,0.03591,0.60871,0.07625,INR,Healthcare,Biotechnology,India,352.0,0.253,,424.95,299.0,377.281,375.69073,3398294.0,4694740.0
SYNGENE.NS,SYNGENE INTERNATIONAL LTD,158001348608.0,37202001920.0,9311250432.0,3520999936.0,25408000000.0,5816000000.0,10910999552.0,,,,12.283,,,,,45.080273,34.377575,3.3357942,4.2471194,3.709,14.82,0.32,0.143,-0.028,-0.874,-0.886,0.09465,0.68297,0.12943,INR,Healthcare,Diagnostics & Research,India,393.1,-0.157,6533.0,754.85,380.05,431.861,593.99677,1455052.0,1807237.0
LALPATHLAB.NS,DR. LAL PATH LABS LTD.,221273243648.0,26627950592.0,7150734848.0,5283380224.0,15578090496.0,1560000000.0,13016999936.0,,,,6.441,,,,,41.91018,37.41096,9.261045,8.309812,7.914,29.472,0.98,0.3952,0.106,-0.066,-0.064,0.19840999,0.58502996,0.20794001,INR,Healthcare,Diagnostics & Research,India,1325.2,0.096,4980.0,1770.0,1175.775,1382.076,1499.7758,291889.0,336216.0
METROPOLIS.NS,METROPOLIS HEALTHCARE LTD,87678918656.0,15664558080.0,2515742720.0,1682562048.0,12146064384.0,2008276992.0,795774976.0,,,,13.916,,,,,52.46898,34.548058,6.1155133,5.59728,5.662,35.258,0.24,0.1236,0.258,0.304,0.32,0.10741,0.77539,0.15513,INR,Healthcare,Diagnostics & Research,India,422.9,0.07,4823.0,565.75,328.75,463.785,488.0486,236957.0,530244.0
GRANULES.NS,GRANULES INDIA LIMITED,151180902400.0,50924630016.0,10274594816.0,5454839808.0,31520260096.0,18069409792.0,6190080000.0,,,,45.369,,,,,27.091473,20.269102,3.7187386,2.9687188,3.157,15.648,0.24,0.066700004,0.22,0.276,0.277,0.10712,0.61896,0.16900998,INR,Healthcare,Drug Manufacturers - Specialty & Generic,India,610.1,-0.08,4066.0,640.0,422.0,583.258,545.961,868200.0,1192263.0
SUVENPHAR.NS,SUVENPHAR.NS,,,,,,,,,,,,,,,,,,,,,,,,,,,,,,,,,India,,,,,,,,,
PERSISTENT.NS,PERSISTENT SYSTEMS LTD,817152655360.0,139346247680.0,25799790592.0,17316200448.0,42342871040.0,4299579904.0,22127949824.0,,0.15131,0.24966998,5.535,2.604,2.143,18078468096.0,17870620672.0,47.152393,35.312546,10.501134,5.8641887,5.728,30.936,0.84,0.3161,0.234,0.168,0.178,0.12427,0.30387,0.16750999,INR,Technology,Information Technology Services,India,5225.9,0.154,22205.0,6599.0,4148.95,5222.262,5626.027,774382.0,925825.0
LTTS.NS,L&T TECHNOLOGY SER. LTD.,354828779520.0,117515001856.0,17466560512.0,12579999744.0,52516311040.0,6300000256.0,23356999680.0,,,,10.149,,,,,28.248945,22.79864,5.731363,3.019434,2.875,19.34,1.67,0.4723,0.102,-0.062,-0.061,0.10705,0.44689,0.14609,INR,Technology,Information Technology Services,India,3347.5,-0.052,21028.0,4726.0,3010.0,3451.11,4071.7844,190094.0,153658.0
CYIENT.NS,CYIENT LIMITED,88552497152.0,72504999936.0,7294249984.0,5434999808.0,22306000896.0,4358000128.0,15928000512.0,,,,7.224,,,,,16.390762,12.184358,1.5911088,1.2213296,1.13,11.231,3.98,0.61259997,-0.04,-0.25,-0.249,0.07496,0.30765,0.0904,INR,Industrials,Conglomerates,India,802.0,0.47,11884.0,1376.0,750.3,949.72,1127.311,315393.0,422113.0
MPHASIS.NS,MPHASIS LIMITED,419751362560.0,153470205952.0,26785099776.0,17994539008.0,66155749376.0,24010629120.0,29759070208.0,,0.093439996,0.18705,23.617,1.302,1.068,16694787072.0,14768400384.0,23.33086,19.418903,4.126446,2.7350674,2.707,15.508,2.58,0.6046,0.124,0.032,0.034,0.11725,0.43106997,0.15211001,INR,Technology,Information Technology Services,India,2201.5,0.391,30157.0,3037.2,2013.0,2359.09,2698.789,620216.0,781207.0
COFORGE.NS,COFORGE LIMITED,405458157568.0,152722997248.0,22609000448.0,11331000320.0,63513001984.0,9715000320.0,5712000000.0,,,,10.888,,,,,36.05255,21.882929,5.870655,2.6548598,2.827,19.098,1.32,0.4662,0.262,0.155,0.161,0.07888,0.41587,0.13357,INR,Technology,Information Technology Services,India,1207.4,0.126,25620.0,1994.0,1008.1,1312.87,1648.711,3212435.0,3363990.0
TATAELXSI.NS,TATA ELXSI LIMITED,262954303488.0,37033816064.0,8006689792.0,5804975104.0,12155483136.0,1691011968.0,12692608000.0,,,,6.257,,,,,45.23631,31.148527,9.7302685,7.1003838,6.837,31.625,1.77,0.80480003,0.015,-0.453,-0.453,0.15675001,0.32823002,0.20917,INR,Technology,Software - Application,India,4221.0,0.353,11973.0,6735.0,3966.2,4674.748,5331.6743,380748.0,362126.0
ROUTE.NS,ROUTE MOBILE LIMITED,29079685120.0,44523098112.0,4912524800.0,1862800000.0,6940800000.0,209100000.0,10637200384.0,,,,0.814,,,,,15.610416,8.152236,1.1495341,0.653137,0.424,3.847,2.61,0.3721,-0.065,0.184,0.185,0.041840002,0.15589,0.11179,INR,Communication Services,Telecom Services,India,461.6,0.11,520.0,1158.0,410.7,511.681,720.453,427327.0,289994.0
BSOFT.NS,BIRLASOFT LIMITED,103074537472.0,52865568768.0,7557682688.0,4645300224.0,20422750208.0,1513539968.0,20278050816.0,,,,4.089,,,,,22.15015,16.632946,2.7810454,1.949748,1.61,11.262,1.75,0.39060003,0.013,0.027,0.025,0.087869994,0.38631,0.18621,INR,Technology,Information Technology Services,India,368.8,0.447,10882.0,474.0,325.0,387.141,392.8895,1668512.0,1388367.0
HAPPSTMNDS.NS,HAPPIEST MINDS TECHNO LTD,58883088384.0,22556000256.0,3598974976.0,1854599936.0,7320500224.0,4623399936.0,16506800128.0,,0.05313,0.116969995,28.275,1.732,1.649,,,31.839968,19.197548,3.6044364,2.6105287,2.094,13.125,1.59,0.50810003,0.107,-0.198,-0.196,0.08222,0.32455003,0.14472,INR,Technology,Information Technology Services,India,391.95,-0.086,6548.0,674.85,330.2,384.138,496.74774,3127597.0,5611657.0
MASTEK.NS,MASTEK LTD,46589001728.0,36661698560.0,5353399808.0,3789199872.0,16754400256.0,5440999936.0,7061400064.0,,,,20.327,,,,,12.363248,10.972805,1.739519,1.2707813,1.231,8.429,1.59,0.1891,0.042,0.144,0.144,0.103360005,0.45700002,0.14104,INR,Technology,Information Technology Services,India,1503.0,0.062,4332.0,2818.0,1334.2,1683.554,2146.476,115727.0,123272.0
KPITTECH.NS,KPIT TECHNOLOGIES LIMITED,189731307520.0,62722748416.0,11198757888.0,7190150144.0,22142920704.0,5291520000.0,11351940096.0,,,,16.215,,,,,26.494099,21.907108,5.797971,3.0249202,2.926,16.386,1.18,0.32369998,0.094,-0.287,-0.287,0.114630006,0.35303003,0.15604,INR,Technology,Software - Infrastructure,India,696.0,-0.196,12873.0,1434.5,624.9,809.84,1108.3585,1726737.0,1734216.0
NEWGEN.NS,NEWGEN SOFTWARE TECH LTD,62186119168.0,15516171264.0,3736272896.0,3026172928.0,7980610048.0,518316000.0,9821806592.0,,,,3.254,,,,,20.943575,15.885073,6.533154,4.0078263,3.397,14.109,1.14,0.23709999,0.05,-0.291,-0.294,0.19503,0.51434,0.24278,INR,Technology,Software - Infrastructure,India,441.7,0.602,4040.0,1377.15,401.05,499.384,798.23474,4478491.0,1178076.0
DABUR.NS,DABUR INDIA LTD,744240381952.0,129846902784.0,23975174144.0,18465599488.0,61444800512.0,13014299648.0,43557101568.0,,,,11.464,,,,,40.384983,34.77938,6.795362,5.731676,5.489,29.73,1.92,0.77,0.061,0.071,0.072,0.14220999,0.47320998,0.17336,INR,Consumer Defensive,Household & Personal Products,India,419.6,0.383,5341.0,577.0,403.35,482.302,505.23575,1816997.0,2055612.0
MARICO.NS,MARICO LIMITED,984647204864.0,130079997952.0,22017499136.0,17139999744.0,57849999360.0,5750000128.0,16890000384.0,,,,13.671,,,,,57.369812,46.847595,24.318575,7.569551,7.51,44.367,1.38,0.7943,0.266,0.121,0.12,0.13177,0.44472998,0.15324001,INR,Consumer Defensive,Household & Personal Products,India,760.15,0.149,1908.0,813.5,647.55,760.21,735.35,1842399.0,2253713.0
GODREJCP.NS,GODREJ CONSUMER PRODUCTS,1017872580608.0,151840194560.0,29827399680.0,18216900608.0,78349598720.0,41134899200.0,26787799040.0,,,,33.818,,,,,55.853455,39.35175,8.366415,6.703578,6.793,34.58,2.01,1.123,0.088,0.0,-0.001,0.119969994,0.516,0.19859,INR,Consumer Defensive,Household & Personal Products,India,994.75,0.355,2962.0,1309.0,967.05,1128.253,1178.1472,1342657.0,1860872.0
EMAMILTD.NS,EMAMI LIMITED,173961707520.0,38174584832.0,9782174720.0,7942681088.0,26044295168.0,719600000.0,8040200192.0,,,,2.457,,,,,21.895603,19.263325,5.93262,4.5570035,4.362,17.021,3.01,0.5495,0.098,0.146,0.145,0.20806,0.68224,0.29422,INR,Consumer Defensive,Household & Personal Products,India,398.5,0.123,3217.0,653.35,385.5,456.454,529.0325,610583.0,736803.0
COLPAL.NS,COLGATE PALMOLIVE LTD.,499175227392.0,59022000128.0,18533599232.0,13269900288.0,40605900800.0,599900032.0,13474700288.0,,,,3.791,,,,,37.570114,34.21433,31.550085,8.457443,8.211,26.148,2.79,1.0451,0.017,0.003,0.003,0.22483,0.68797994,0.27304,INR,Consumer Defensive,Household & Personal Products,India,1835.3,0.469,2198.0,2747.4,1782.0,2078.782,2196.0564,415061.0,465246.0
TATACONSUM.NS,TATA CONSUMER PRODUCT LTD,1034136256512.0,194650292224.0,26454724608.0,14680699904.0,79509700608.0,25761099776.0,22917500928.0,,,,11.869,,,,,70.60135,50.884377,5.0865774,5.312791,5.392,39.677,0.79,0.5563,0.15,0.376,0.379,0.07542,0.40847,0.10982,INR,Consumer Defensive,Packaged Foods,India,1044.9,0.357,10595.0,1220.9,1007.2,1111.746,1125.9525,1316659.0,1825717.0
ZYDUSWELL.NS,ZYDUS WELLNESS LIMITED,140736118784.0,33894000640.0,3550749952.0,2071000064.0,19305000960.0,30420000768.0,1480999936.0,,,,53.314,,,,,67.672806,36.6253,2.4558637,4.1522427,5.026,47.979,0.27,0.1842,1.089,,,0.061100002,0.56957,0.00497,INR,Consumer Defensive,Packaged Foods,India,440.55,-0.256,1247.0,530.9,326.82,410.803,433.3332,1497850.0,524372.0
JYOTHYLAB.NS,JYOTHY LABS LIMITED,76417335296.0,29172000768.0,4680674816.0,3419300096.0,13984799744.0,537400000.0,5808300032.0,,,,3.737,,,,,22.376345,19.92255,5.314096,2.6195438,2.437,15.189,1.68,0.3759,0.05,-0.071,-0.072,0.11721,0.47939,0.12869,INR,Consumer Defensive,Household & Personal Products,India,208.1,0.307,3035.0,399.9,196.15,234.8286,293.3559,579016.0,812844.0
BIKAJI.NS,BIKAJI FOODS INTERN LTD,156773548032.0,28890433536.0,3766514176.0,2466759936.0,9900390400.0,3097295104.0,3172989952.0,,,,19.446,,,,,63.51626,46.603153,10.462177,5.4264865,5.471,41.967,0.16,0.1016,0.105,1.175,1.177,0.08538,0.34269002,0.094069995,INR,Consumer Defensive,Packaged Foods,India,625.0,0.229,2589.0,818.7,592.55,635.199,712.957,166548.0,161929.0
HONASA.NS,HONASA CONSUMER LIMITED,98670305280.0,22684180480.0,1553332480.0,1557309952.0,15767189504.0,1421340032.0,5033339904.0,,,,11.184,,,,,63.55346,44.832207,7.7330236,4.349741,4.209,61.47,,0.0,0.162,0.949,0.929,0.06865,0.69507,0.09053001,INR,Consumer Defensive,Household & Personal Products,India,303.15,0.335,923.0,334.2,212.51,288.937,286.37726,977124.0,631752.0
SRF.NS,SRF LTD,717051658240.0,154846806016.0,34413400064.0,17792200704.0,73698697216.0,46049701888.0,6346699776.0,,,,34.719,,,,,40.370495,30.19667,5.4042583,4.6307163,4.88,21.959,0.41,0.1266,0.063,0.596,0.596,0.1149,0.47595,0.1625,INR,Industrials,Conglomerates,India,2419.0,0.026,7625.0,3325.0,2381.0,2653.094,2905.6604,513750.0,783025.0
UPL.NS,UPL LIMITED,499689750528.0,490770006016.0,72712503296.0,16209999872.0,244110000128.0,300219990016.0,47600001024.0,,,,79.613,,,,,28.244148,13.757462,1.518483,1.018175,1.653,11.16,1.01,0.2865,0.125,-0.517,-0.522,0.0358,0.49740002,0.1309,INR,Basic Materials,Agricultural Inputs,India,591.15,0.524,12000.0,812.2,565.15,665.123,705.3187,3286519.0,2943177.0
AARTIIND.NS,AARTI INDUSTRIES LTD,148489469952.0,80293199872.0,10759749632.0,3778700032.0,26415499264.0,39729999872.0,1690000000.0,,,,69.555,,,,,39.24184,25.635834,2.6075976,1.8493406,2.318,17.301,0.24,0.096099995,0.26,1.882,1.891,0.047059998,0.32898998,0.08844,INR,Basic Materials,Specialty Chemicals,India,408.9,0.505,5868.0,495.0,338.05,424.846,398.3675,1119382.0,891958.0
PIDILITIND.NS,PIDILITE INDUSTRIES LTD,1293580894208.0,141585907712.0,32238725120.0,22919899136.0,77433298944.0,4427700224.0,31852900352.0,,,,4.539,,,,,56.690456,47.481163,13.543177,9.136368,8.979,39.434,0.79,0.4449,0.101,0.118,0.119,0.16188,0.5469,0.21386999,INR,Basic Materials,Specialty Chemicals,India,1271.0,0.355,8153.0,1574.95,1268.7,1419.424,1476.3094,722516.0,921305.0
DEEPAKNTR.NS,DEEPAK NITRITE LTD,187540422656.0,79464300544.0,9267349504.0,5331400192.0,17502099456.0,12439000064.0,3388800000.0,,,,22.412,,,,,35.13928,26.30112,3.3979142,2.3600588,2.482,21.281,0.54,0.1919,0.038,0.018,0.017,0.067090005,0.22025,0.077649996,INR,Basic Materials,Chemicals,India,1375.0,0.166,1757.0,2174.0,1280.0,1522.83,1699.5785,156638.0,294479.0
NAVINFLUOR.NS,NAVIN FLUORINE INT. LTD,301396951040.0,30771300352.0,9346599936.0,5458899968.0,17421899776.0,11767199744.0,8641000448.0,,,,32.677,,,,,54.46619,39.674225,8.325394,9.794742,9.912,32.633,0.22,0.1249,0.472,1.145,1.218,0.1774,0.56617,0.30415002,INR,Basic Materials,Chemicals,India,5872.0,0.228,,6965.0,3670.6,6251.92,5536.468,215599.0,163610.0
CLEAN.NS,CLEAN SCIENCE & TECH LTD,75112136704.0,9709769728.0,3754292480.0,2454749952.0,6015059968.0,21350000.0,3833390080.0,,,,0.142,,,,,30.610918,25.92359,5.001982,7.735728,7.377,19.08,0.84,0.2599,-0.088,-0.301,-0.301,0.25281,0.61949,0.2409,INR,Basic Materials,Specialty Chemicals,India,706.5,0.027,458.0,1600.0,652.0,749.014,994.976,285238.0,263740.0
ATUL.NS,ATUL LTD,185424183296.0,60551098368.0,10243649536.0,5942499840.0,21056000000.0,1880300032.0,12411299840.0,,,,3.14,,,,,31.16279,24.720394,3.133458,3.0622761,2.899,17.135,0.4,0.123900004,0.111,0.478,0.478,0.09814,0.34774,0.10629,INR,Basic Materials,Specialty Chemicals,India,6298.0,0.183,3365.0,7788.0,4752.0,6339.76,6301.56,26777.0,43157.0
FINEORG.NS,FINE ORGANIC IND. LTD.,133827723264.0,23472637952.0,4646266880.0,3967021056.0,9173447680.0,163694000.0,11631548416.0,,,,0.661,,,,,33.682384,31.429794,5.402819,5.701435,5.212,26.33,0.25,0.085,0.081,-0.106,-0.106,0.16900998,0.39081,0.14527,INR,Basic Materials,Specialty Chemicals,India,4364.9,0.11,869.0,5494.0,3600.15,4340.056,4574.973,19125.0,26883.0
SUDARSCHEM.NS,SUDARSHAN CHEMICAL INDS L,60452577280.0,83486769152.0,4703392256.0,-604470016.0,41070030848.0,25280000000.0,12814999552.0,,,,64.493,,,,,,24.056307,1.7039361,0.72409767,0.913,16.211,0.59,0.6618,2.156,,,-0.0072399997,0.49193,-0.022349998,INR,Basic Materials,Specialty Chemicals,India,769.0,0.324,1350.0,1603.0,726.4,859.613,1118.1718,89315.0,174177.0
ANANTRAJ.NS,ANANT RAJ LIMITED,162033385472.0,24054441984.0,6268270080.0,5271686144.0,7161226240.0,5634699776.0,3772300032.0,,,,12.727,,,,,29.644268,19.620668,3.5109074,6.7361107,6.848,26.279,0.16,0.0481,0.2,0.282,0.308,0.21916,0.29771,0.24361,INR,Real Estate,Real Estate - Development,India,450.0,0.278,,743.65,376.15,501.132,563.034,3509235.0,2923405.0
GALAXYSURF.NS,GALAXY SURFACTANTS LTD,59368980480.0,50785099776.0,4665475072.0,2808199936.0,12939799552.0,2676400128.0,6517199872.0,,,,10.558,,,,,21.164053,17.947481,2.3425183,1.1690236,1.08,11.758,1.33,0.2778,0.276,-0.088,-0.087,0.0553,0.2548,0.06669,INR,Basic Materials,Specialty Chemicals,India,1674.5,0.358,1785.0,2750.1,1510.0,1817.546,2146.4275,16274.0,25281.0
ABB.NS,ABB INDIA LIMITED,1300769144832.0,132027301888.0,20430000128.0,16693999616.0,51483500544.0,848200000.0,58348699648.0,,0.091120005,0.22391,1.082,2.049,1.572,8779275264.0,12195099648.0,78.07173,57.31789,16.595963,9.852274,9.421,60.881,0.64,0.5493,0.057,-0.18,-0.181,0.12636,0.38994998,0.14243001,INR,Industrials,Specialty Industrial Machinery,India,6138.0,0.459,,6554.0,4637.5,5908.52,5406.4473,422879.0,305609.0
CUMMINSIND.NS,CUMMINS INDIA LTD,1289090891776.0,116023902208.0,27440500736.0,22417899520.0,42663399424.0,243500000.0,33650700288.0,,,,0.308,,,,,57.518864,46.77059,16.328249,11.110563,10.816,45.733,1.15,0.6368,-0.013,-0.13,-0.13,0.19322,0.36771,0.22917,INR,Industrials,Specialty Industrial Machinery,India,4650.4,0.449,3025.0,4987.0,2580.0,4538.32,4154.602,774799.0,1248914.0
THERMAX.NS,THERMAX LTD,371424428032.0,103319396352.0,9144349696.0,6819500032.0,48581701632.0,18108000256.0,25257699328.0,,,,35.784,,,,,54.373352,45.340508,7.3531084,3.594915,3.526,39.838,0.42,0.2313,0.051,0.761,0.762,0.066,0.47021,0.0765,INR,Industrials,Conglomerates,India,3297.2,0.007,5601.0,4091.8,2742.7,3073.544,3182.6545,147556.0,185487.0
SCHAEFFLER.NS,SCHAEFFLER INDIA LIMITED,588483264512.0,96858497024.0,17630199808.0,11503500288.0,37533097984.0,546700032.0,18456399872.0,,0.11753,0.20212999,0.904,2.592,1.661,6834800128.0,12900299776.0,51.03009,37.156284,9.741595,6.0757008,5.897,32.397,0.93,0.3804,0.275,0.355,0.359,0.118769996,0.3875,0.14393,INR,Consumer Cyclical,Auto Parts,India,3765.0,-0.025,,4467.7,2823.0,3942.006,3968.4004,98628.0,90428.0
HONAUT.NS,HONEYWELL AUTOMATION IND,238878687232.0,46157000704.0,5623499776.0,5052000256.0,17415999488.0,928000000.0,35124998144.0,,,,2.215,,,,,47.149216,37.412704,5.6992497,5.175351,4.409,36.189,0.39,0.1838,0.071,-0.082,-0.083,0.10945,0.37732,0.115430005,INR,Industrials,Electrical Equipment & Parts,India,27000.0,0.298,3140.0,41450.0,26220.0,30446.6,34959.125,5589.0,5485.0
GRINDWELL.NS,GRINDWELL NORTON LIMITED,155118714880.0,29404882944.0,5189769728.0,3890415104.0,15753270272.0,799411968.0,8379850240.0,,,,3.481,,,,,39.90316,33.436752,6.8005085,5.2752705,4.97,28.161,1.22,0.48380002,0.071,0.097,0.096,0.13231,0.53574,0.14868,INR,Industrials,Building Products & Equipment,India,1401.0,0.412,2429.0,1884.0,1329.0,1542.458,1593.9825,45691.0,63099.0
AIAENG.NS,AIA ENGINEERING LIMITED,342849683456.0,43106414592.0,11831905280.0,11621041152.0,26249920512.0,10218634240.0,52577759232.0,,,,13.852,,,,,29.48082,27.622177,4.653876,7.953565,6.98,25.431,0.44,0.1285,0.001,0.135,0.136,0.26959,0.60896,0.24579,INR,Industrials,Specialty Industrial Machinery,India,3673.9,0.168,1306.0,4206.1,3001.1,3787.176,3516.394,70424.0,104641.0
ELGIEQUIP.NS,ELGI EQUIPMENTS LTD,151264116736.0,38309998592.0,5314250240.0,4043000064.0,19193999360.0,5276000256.0,8602999808.0,,,,26.275,,,,,37.539185,31.103897,7.538084,3.9484239,3.87,27.898,0.46,0.1721,0.184,0.182,0.181,0.10553,0.50102,0.12218001,INR,Industrials,Specialty Industrial Machinery,India,479.0,-0.103,2138.0,608.4,401.0,490.455,494.26276,609523.0,509291.0
TIINDIA.NS,TUBE INVEST OF INDIA LTD,495727575040.0,212261502976.0,19845349376.0,5979200000.0,67296899072.0,31472199680.0,23999899648.0,,,,27.724,,,,,83.12885,40.1442,6.589075,2.3354568,2.562,27.398,0.16,0.113299996,0.207,-0.142,-0.143,0.028169999,0.31705,0.07277,INR,Industrials,Conglomerates,India,2561.2,-0.3,3219.0,3419.9,2164.9,2525.068,2820.4495,580730.0,350269.0
KAYNES.NS,KAYNES TECHNOLOGY IND LTD,237415956480.0,33681989632.0,5288027648.0,3886540032.0,11654020096.0,8853680128.0,10527110144.0,,,,18.899,,,,,59.901825,40.270603,4.9462194,7.048751,7.051,44.91,,0.0,0.216,0.089,0.153,0.115389995,0.346,0.12302,INR,Technology,Electronic Components,India,3539.0,-0.054,,7705.0,3294.9,3701.388,5290.3413,1698130.0,1680409.0
MOTHERSON.NS,SAMVRDHNA MTHRSN INTL LTD,1129114370048.0,1206135554048.0,101736603648.0,34129999872.0,530362695680.0,197774704640.0,69354102784.0,,,,49.937,,,,,33.01852,20.729506,3.0546515,0.9361422,1.062,12.585,0.55,0.1751,0.145,0.164,0.165,0.028299998,0.43972,0.05523,INR,Consumer Cyclical,Auto Parts,India,106.98,0.976,,136.15,71.5,120.2006,110.0269,18967578.0,25730239.0
BALKRISIND.NS,BALKRISHNA IND. LTD,399779921920.0,106426400768.0,22223400960.0,13121899520.0,53394698240.0,36819701760.0,14258400256.0,,,,35.269,,,,,30.501474,22.892498,3.8298993,3.756398,4.076,19.521,0.75,0.2357,0.069,-0.15,-0.15,0.1233,0.50171,0.16359,INR,Consumer Cyclical,Auto Parts,India,2068.0,0.321,3758.0,2817.5,2015.4,2357.262,2395.1575,207260.0,178332.0
ENDURANCE.NS,ENDURANCE TECHNO. LTD.,314381467648.0,134734200832.0,17245337600.0,9203930112.0,57762328576.0,12289000448.0,12425700352.0,,,,19.638,,,,,34.106518,26.475437,5.0229344,2.3333457,2.35,18.356,0.44,0.1528,0.262,0.202,0.202,0.06831,0.42870998,0.08293,INR,Consumer Cyclical,Auto Parts,India,2235.0,0.665,4370.0,3079.9,1700.0,2436.91,2651.725,81140.0,79782.0
EXIDEIND.NS,EXIDE INDUSTRIES LTD,254772822016.0,175956393984.0,17793574912.0,8258100224.0,56360001536.0,16446699520.0,8079900160.0,,,,11.151,,,,,30.796507,19.58763,1.732181,1.4479316,1.49,14.732,0.67,0.2058,0.046,0.245,0.237,0.04693,0.32031,0.0721,INR,Consumer Cyclical,Auto Parts,India,299.65,0.415,5133.0,431.0,287.0,319.839,367.1235,1647711.0,1763617.0
SUNDRMFAST.NS,SUNDRAM FASTENERS LTD,157449191424.0,61261099008.0,9522674688.0,5542099968.0,35719999488.0,7411800064.0,693000000.0,,,,18.193,,,,,28.382576,22.256432,3.8863504,2.5701332,2.687,17.287,1.0,0.3015,0.069,0.0,0.002,0.09047,0.58308,0.118590005,INR,Consumer Cyclical,Auto Parts,India,749.3,0.127,3185.0,1080.0,730.1,869.167,951.8705,160443.0,375228.0
SUPRAJIT.NS,SUPRAJIT ENGINEERING LTD,56514514944.0,36598181888.0,3163514880.0,1387970048.0,15678810112.0,9269890048.0,4075120128.0,,,,67.961,,,,,40.711464,21.374838,4.1479573,1.5441891,1.69,19.551,0.73,0.2967,0.177,-0.626,-0.625,0.037920002,0.4284,0.056799997,INR,Consumer Cyclical,Auto Parts,India,412.0,0.167,2188.0,517.65,350.0,423.203,449.058,179147.0,82118.0
CRAFTSMAN.NS,CRAFTSMAN AUTOMATION LTD,161979416576.0,75921203200.0,10789499904.0,3343300096.0,32969900032.0,33108199424.0,1770000000.0,,,,109.273,,,,,48.317085,27.862125,5.3457537,2.1335201,2.546,17.915,0.07,0.0356,0.305,7.284,7.284,0.04404,0.43425998,0.09592,INR,Consumer Cyclical,Auto Parts,India,6790.0,0.178,2893.0,8220.0,3700.0,7431.28,6958.1577,42806.0,30053.0
GABRIEL.NS,GABRIEL INDIA LTD,124682936320.0,45304930304.0,4213287424.0,2500280064.0,11559440384.0,1037609984.0,1207990016.0,,,,8.126,,,,,,0.29290208,9.75533,2.752083,2.773,29.815,0.55,0.2643,0.159,-0.089,-0.091,0.05519,0.25515,0.06906,INR,Consumer Cyclical,Auto Parts,India,868.0,0.618,3160.0,1388.0,465.0,917.258,1055.1498,340810.0,457095.0
CHOLAFIN.NS,CHOLAMANDALAM IN & FIN CO,1154595553280.0,124109398016.0,,48469499904.0,124006203392.0,1879017390080.0,111226798080.0,,,,724.311,,,,,23.562859,17.47778,4.39692,9.303047,23.443,,0.15,0.0348,0.196,0.181,0.185,0.39054,0.99917,0.51919,INR,Financial Services,Credit Services,India,1355.1,0.537,45194.0,1831.5,1299.4,1606.78,1613.8774,1798379.0,2687551.0
MUTHOOTFIN.NS,MUTHOOT FINANCE LIMITED,1276988096512.0,170489888768.0,,87185440768.0,170489888768.0,1392961912832.0,112524009472.0,,0.05766,0.26691,384.601,153.357,153.357,,,14.642347,10.983278,3.58288,7.4901104,15.031,,0.82,0.1197,0.765,0.975,1.018,0.51138,1.0,0.75657,INR,Financial Services,Credit Services,India,3179.0,0.544,31565.0,4149.5,1965.0,3478.054,3273.119,1016041.0,1699723.0
MANAPPURAM.NS,MANAPPURAM FINANCE LTD,240470048768.0,35225268224.0,,4081870080.0,34039719936.0,383664291840.0,27299201024.0,,,,301.609,,,,,54.35244,9.808429,1.7229195,6.826635,16.327,,0.78,0.53220004,-0.017,-0.143,-0.145,0.115880005,0.96634,0.28581,INR,Financial Services,Credit Services,India,256.0,0.626,24650.0,321.6,219.39,279.744,281.02985,5939052.0,5331939.0
IIFL.NS,IIFL FINANCE LIMITED,184761532416.0,66010398720.0,,12816600064.0,65753698304.0,586914725888.0,58676699136.0,,,,401.134,,,,,14.565873,7.993745,1.422948,2.7989762,11.055,,0.92,0.0,0.659,10.421,10.408,0.19416,0.99611,0.41535,INR,Financial Services,Credit Services,India,434.5,0.228,14782.0,675.0,306.0,491.768,510.837,2349590.0,1461803.0
CANFINHOME.NS,CAN FIN HOMES LTD,108974620672.0,15275438080.0,,9739959296.0,15080486912.0,359814135808.0,3048163072.0,,,,658.72,,,,,11.171886,9.842735,1.9915899,7.133977,30.526,,1.7,0.1777,0.282,0.249,0.248,0.63762003,0.98724,0.811,INR,Financial Services,Mortgage Finance,India,817.0,0.406,1108.0,971.5,615.0,867.079,839.8137,178595.0,133017.0
ABCAPITAL.NS,ADITYA BIRLA CAPITAL LTD.,783262220288.0,316110110720.0,,34999300096.0,85186002944.0,1571729440768.0,68482699264.0,,,,459.779,,,,,22.532026,14.804274,2.4300644,2.4778144,7.282,,,0.0,0.314,0.327,0.335,0.11071999,0.26948,0.15164,INR,Financial Services,Financial Conglomerates,India,299.0,0.637,66340.0,369.3,169.43,331.114,315.0915,6923698.0,5247193.0
MASFIN.NS,MAS FINANCIAL SERV LTD,53800927232.0,9280799744.0,,3505600000.0,8157599744.0,99100901376.0,16728699904.0,,,,347.367,,,,,15.338852,11.86,1.9134711,5.797014,14.702,,0.66,0.088,0.296,0.309,0.16,0.37772998,0.87898004,0.55834997,INR,Financial Services,Credit Services,India,296.5,0.212,1758.0,352.8,226.0,313.684,312.6645,163002.0,109255.0
POONAWALLA.NS,POONAWALLA FINCORP LTD,315923169280.0,25323499520.0,,3493499904.0,25308499968.0,359791591424.0,2275300096.0,,,,364.414,,,,,88.063065,25.10572,3.0931587,12.475494,26.661,,,0.0,1.419,6.708,7.02,0.13795,0.99941003,0.25529,INR,Financial Services,Credit Services,India,391.0,0.293,3594.0,570.4,318.0,425.152,456.209,1580382.0,1203507.0
OBEROIRLTY.NS,OBEROI REALTY LIMITED,549739724800.0,54093746176.0,30125502464.0,22373236736.0,33683492864.0,30270799872.0,31106000896.0,,,,18.083,,,,,24.588484,16.550745,3.2833776,10.162723,10.116,18.164,0.53,0.13,0.058,0.006,0.007,0.4136,0.62269,0.55242,INR,Real Estate,Real Estate - Development,India,1511.7,0.206,1470.0,2005.0,1391.2,1494.85,1635.2615,671555.0,801534.0
GODREJPROP.NS,GODREJ PROPERTIES LTD,454401982464.0,37950300160.0,-8275599872.0,15823500288.0,14797200384.0,163244097536.0,99034300416.0,,,,87.886,,,,,28.658815,17.720758,2.481299,11.973607,13.731,-62.969,,0.0,-0.486,0.137,0.2,0.41695,0.38991,-0.43003,INR,Real Estate,Real Estate - Development,India,1508.6,0.304,4199.0,2506.5,1434.0,1662.616,1983.448,1537601.0,1236704.0
PRESTIGE.NS,PRESTIGE ESTATE LTD,496416587776.0,101400002560.0,27739250688.0,9703999488.0,68704002048.0,145103994880.0,39424999424.0,,,0.06322,89.294,,,,,51.31345,27.916697,3.136464,4.895627,5.975,21.843,0.16,0.0802,1.341,11.61,11.576,0.095699996,0.67754996,0.16178,INR,Real Estate,Real Estate - Diversified,India,1152.5,0.254,9014.0,1814.0,1048.05,1378.91,1568.55,872673.0,1196236.0
BRIGADE.NS,BRIGADE ENTER. LTD,166323568640.0,57000099840.0,14526874624.0,7457200128.0,28452399104.0,53748998144.0,23596099584.0,,,,75.557,,,,,22.222221,15.841794,2.563542,2.9179523,3.589,14.081,0.36,0.08180001,0.076,-0.234,-0.21,0.13083,0.49916,0.21002,INR,Real Estate,Real Estate - Development,India,680.0,0.068,3043.0,1332.0,601.0,710.68,886.94574,809026.0,3377486.0
